ply
format ascii 1.0
element vertex 8293
property float x
property float y
property float z
property uchar red
property uchar green
property uchar blue
end_header
0.877783477306366 0.06961660087108612 0.5714523196220398 59 19 34
0.881348729133606 0.06836585700511932 0.5383371114730835 59 19 34
0.881348729133606 0.06836585700511932 0.5383371114730835 59 19 34
0.8642767071723938 0.14653882384300232 0.5425350666046143 92 11 18
0.8577806353569031 0.4172949492931366 0.5419688820838928 84 67 59
0.8499982953071594 0.454931378364563 0.5425089001655579 120 119 133
0.8475819826126099 0.4619717597961426 0.5403046607971191 23 23 48
0.8462949991226196 0.11663593351840973 0.50868821144104 36 10 19
0.8408530950546265 0.45358806848526 0.5288792848587036 126 128 143
0.8408530950546265 0.45358806848526 0.5288792848587036 126 128 143
0.8409355878829956 0.4458101689815521 0.523855984210968 25 31 59
0.845205545425415 0.05990759655833244 0.49149370193481445 23 11 13
0.8375146389007568 0.4524845480918884 0.5182653665542603 16 22 46
0.8427983522415161 0.10365059226751328 0.4947037398815155 128 121 127
0.8329609632492065 0.47084513306617737 0.5306049585342407 28 25 55
0.8329609632492065 0.47084513306617737 0.5306049585342407 28 25 55
0.8203668594360352 0.16695836186408997 0.49197739362716675 129 120 125
0.8203668594360352 0.16695836186408997 0.49197739362716675 129 120 125
0.8023892045021057 0.17001794278621674 0.47321817278862 23 2 7
0.8023892045021057 0.17001794278621674 0.47321817278862 23 2 7
0.7976287007331848 0.14260540902614594 0.4639304578304291 80 12 34
0.7920727729797363 0.16100122034549713 0.46322304010391235 128 114 114
0.7814778089523315 0.24081529676914215 0.47668156027793884 86 0 11
0.7814778089523315 0.24081529676914215 0.47668156027793884 86 0 11
0.7625816464424133 0.5747641921043396 0.5199862122535706 33 30 37
0.7625816464424133 0.5747641921043396 0.5199862122535706 33 30 37
0.7804992198944092 0.15883630514144897 0.46069952845573425 17 2 5
0.7749829292297363 0.24906232953071594 0.4697512686252594 77 55 34
0.7749829292297363 0.24906232953071594 0.4697512686252594 77 55 34
0.7735990881919861 0.23239919543266296 0.473702996969223 86 49 33
0.7750844359397888 0.10793989151716232 0.44933876395225525 124 112 116
0.7675416469573975 0.14604483544826508 0.45557737350463867 74 1 25
0.7628455758094788 0.17983423173427582 0.4508194327354431 16 2 0
0.7605615258216858 0.1684451401233673 0.44872963428497314 125 115 116
0.7392143607139587 0.1080375388264656 0.4327944815158844 122 112 113
0.7392143607139587 0.1080375388264656 0.4327944815158844 122 112 113
0.7356477975845337 0.17931963503360748 0.4372101128101349 9 5 4
0.7346990704536438 0.16641253232955933 0.431706041097641 124 112 114
0.7297036647796631 0.11851361393928528 0.4268733561038971 20 0 1
0.7297036647796631 0.11851361393928528 0.4268733561038971 20 0 1
0.729409396648407 0.10100343823432922 0.42078855633735657 80 50 58
0.7257953882217407 0.09432568401098251 0.42303141951560974 80 0 16
0.7222381234169006 0.24465684592723846 0.42728161811828613 77 45 30
0.7222381234169006 0.24465684592723846 0.42728161811828613 77 45 30
0.7202010154724121 0.23065461218357086 0.42842209339141846 81 48 29
0.7202010154724121 0.23065461218357086 0.42842209339141846 81 48 29
0.7208030819892883 0.19094309210777283 0.41439002752304077 86 0 14
0.7208030819892883 0.19094309210777283 0.41439002752304077 86 0 14
0.7158148884773254 0.10739163309335709 0.41766247153282166 123 111 113
0.7010040879249573 0.09909049421548843 0.4161771833896637 85 0 24
0.7010040879249573 0.09909049421548843 0.4161771833896637 85 0 24
0.5423881411552429 0.2621009349822998 0.43344825506210327 8 4 3
0.5484273433685303 0.28883641958236694 0.4167063534259796 65 3 9
0.5093892216682434 0.12978485226631165 0.45021915435791016 123 111 113
0.5093892216682434 0.12978485226631165 0.45021915435791016 123 111 113
0.5093932151794434 0.13491925597190857 0.433275043964386 81 0 25
0.5073884725570679 0.13499121367931366 0.4271696209907532 130 115 115
0.5067139267921448 0.13738110661506653 0.416603147983551 72 0 18
0.5064249038696289 0.1471310406923294 0.4136561155319214 129 105 111
0.8745000958442688 0.17571352422237396 0.48165449500083923 128 119 122
0.8745000958442688 0.17571352422237396 0.48165449500083923 128 119 122
0.863393247127533 0.17416025698184967 0.43522337079048157 18 3 4
0.863393247127533 0.17416025698184967 0.43522337079048157 18 3 4
0.8560345768928528 0.17446333169937134 0.446698933839798 125 109 110
0.8788138031959534 0.5066561102867126 0.41387560963630676 125 124 142
0.8788138031959534 0.5066561102867126 0.41387560963630676 125 124 142
0.8790892958641052 0.5052638649940491 0.41153913736343384 125 124 142
0.856740415096283 0.1149425208568573 0.4051036238670349 29 2 5
0.8497905135154724 0.1744384616613388 0.4310181140899658 121 112 113
0.8497905135154724 0.1744384616613388 0.4310181140899658 121 112 113
0.8384774327278137 0.23398974537849426 0.4256993234157562 83 46 28
0.8384774327278137 0.23398974537849426 0.4256993234157562 83 46 28
0.8388860821723938 0.2505863606929779 0.42320576310157776 78 47 26
0.8362718224525452 0.14327643811702728 0.38350215554237366 63 2 17
0.8272672295570374 0.17213952541351318 0.39736273884773254 121 110 114
0.8087103366851807 0.11254420131444931 0.378171443939209 120 108 110
0.8030731678009033 0.183309406042099 0.390453964471817 10 0 1
0.8029890656471252 0.17028740048408508 0.3797683119773865 119 110 111
0.8028345704078674 0.10375296324491501 0.36254918575286865 126 100 109
0.7987914681434631 0.10498298704624176 0.3645390570163727 52 19 30
0.7963718771934509 0.10010618716478348 0.36680740118026733 78 0 17
0.7926838397979736 0.24476446211338043 0.3743283152580261 79 51 31
0.7856116890907288 0.11198605597019196 0.36550694704055786 120 108 112
0.7923620343208313 0.1893143504858017 0.35136687755584717 81 0 8
0.7923620343208313 0.1893143504858017 0.35136687755584717 81 0 8
0.7725314497947693 0.10433752834796906 0.36262065172195435 71 4 27
0.7725314497947693 0.10433752834796906 0.36262065172195435 71 4 27
0.773433268070221 0.12390404939651489 0.3627113699913025 20 2 6
0.773433268070221 0.12390404939651489 0.3627113699913025 20 2 6
0.7750698328018188 0.12286369502544403 0.35624316334724426 20 2 6
0.7750698328018188 0.12286369502544403 0.35624316334724426 20 2 6
0.7742775082588196 0.16884316504001617 0.3629637062549591 122 110 112
0.7742775082588196 0.16884316504001617 0.3629637062549591 122 110 112
0.7766917943954468 0.22720403969287872 0.35925057530403137 74 46 25
0.7628500461578369 0.16156670451164246 0.3598587214946747 14 2 4
0.879227876663208 0.08935972303152084 0.4783248007297516 90 19 25
0.8531944155693054 0.030200237408280373 0.5686318278312683 39 9 14
0.8730062246322632 0.1632533222436905 0.3632570505142212 26 14 14
0.8730062246322632 0.1632533222436905 0.3632570505142212 26 14 14
0.8440065979957581 0.12264803051948547 0.49349191784858704 39 15 17
0.8440065979957581 0.12264803051948547 0.49349191784858704 39 15 17
0.8406191468238831 0.12379246205091476 0.5127886533737183 39 15 17
0.8550233244895935 0.16902519762516022 0.3957534730434418 125 113 115
0.8550233244895935 0.16902519762516022 0.3957534730434418 125 113 115
0.8200286626815796 0.10974906384944916 0.5616583228111267 78 7 18
0.83812016248703 0.1664571464061737 0.45202183723449707 38 13 16
0.8132302761077881 0.1844622790813446 0.4763734042644501 120 113 111
0.8184016942977905 0.2360091656446457 0.3828841745853424 78 5 4
0.7515984177589417 0.13889670372009277 0.6614215970039368 117 111 108
0.7328103184700012 0.1319943070411682 0.6932501196861267 133 104 110
0.7646040916442871 0.19999034702777863 0.5639169216156006 120 110 108
0.712838888168335 0.13202325999736786 0.7496512532234192 78 0 10
0.7012510895729065 0.14669227600097656 0.7319248914718628 120 108 110
0.7379770874977112 0.23357726633548737 0.5914772748947144 81 0 6
0.7379770874977112 0.23357726633548737 0.5914772748947144 81 0 6
0.7346053123474121 0.21268591284751892 0.5678873658180237 68 3 10
0.696433961391449 0.15769460797309875 0.6777340173721313 20 3 6
0.696433961391449 0.15769460797309875 0.6777340173721313 20 3 6
0.7194386720657349 0.2472197413444519 0.516548752784729 15 6 2
0.723035454750061 0.2572885751724243 0.48182550072669983 82 46 30
0.7104698419570923 0.2689715325832367 0.49254587292671204 75 0 5
0.6540760397911072 0.18712182343006134 0.5786053538322449 46 0 6
0.6472479104995728 0.1897164136171341 0.5997015833854675 46 0 6
0.6197563409805298 0.14934112131595612 0.6174362897872925 37 5 6
0.6197563409805298 0.14934112131595612 0.6174362897872925 37 5 6
0.5822296738624573 0.12951362133026123 0.7193746566772461 16 6 13
0.5822296738624573 0.12951362133026123 0.7193746566772461 16 6 13
0.572932243347168 0.13865743577480316 0.6938965916633606 122 117 121
0.5422747731208801 0.1299438625574112 0.6990031599998474 79 0 10
0.5435011386871338 0.15799133479595184 0.6851100325584412 117 110 118
0.5541622042655945 0.2186463177204132 0.6563975811004639 122 119 126
0.0072197807021439075 0.032960016280412674 1.114983320236206 137 158 167
0.10040231049060822 0.03357221558690071 0.7983606457710266 47 9 20
0.5698559284210205 0.3059399127960205 0.08836748450994492 91 0 15
0.48211777210235596 0.12633846700191498 0.9200433492660522 141 135 139
0.4802367091178894 0.13617835938930511 0.8238441348075867 134 145 141
0.46260830760002136 0.16230396926403046 0.8035604357719421 43 14 24
0.44203248620033264 0.14709031581878662 0.7267040610313416 60 11 27
0.44203248620033264 0.14709031581878662 0.7267040610313416 60 11 27
0.4400567412376404 0.15308471024036407 0.7251622676849365 87 12 31
0.4400567412376404 0.15308471024036407 0.7251622676849365 87 12 31
0.4392242729663849 0.12507209181785583 0.6762840747833252 141 143 156
0.461406409740448 0.10113752633333206 0.6243582963943481 16 15 23
0.4486727714538574 0.04364855960011482 0.6137291789054871 23 16 24
0.43069693446159363 0.13264626264572144 0.6478001475334167 32 12 23
0.4463365972042084 0.031129086390137672 0.5891286134719849 132 146 147
0.4138267934322357 0.17640139162540436 0.6230025291442871 71 17 23
0.4138267934322357 0.17640139162540436 0.6230025291442871 71 17 23
0.40964457392692566 0.057849302887916565 0.5599446296691895 90 7 23
0.3562784790992737 0.19906441867351532 0.632085919380188 140 146 158
0.35988110303878784 0.02465139701962471 0.5127361416816711 143 149 163
0.32371872663497925 0.18715660274028778 0.5822716951370239 144 151 167
0.32371872663497925 0.18715660274028778 0.5822716951370239 144 151 167
0.3381522297859192 0.15484674274921417 0.523368239402771 33 10 20
0.3215624690055847 0.015693916007876396 0.48521915078163147 142 149 165
0.2945864200592041 0.09323905408382416 0.48048868775367737 146 156 168
0.10125664621591568 0.041446901857852936 0.9965543746948242 140 140 154
0.05054250732064247 0.029167545959353447 0.9509103298187256 129 148 155
-0.05742960795760155 0.23471887409687042 1.1131985187530518 74 7 30
-0.05742960795760155 0.23471887409687042 1.1131985187530518 74 7 30
-0.06635449826717377 0.2411433309316635 1.0914629697799683 150 135 145
-0.036430466920137405 0.14606760442256927 1.0219959020614624 142 148 160
-0.0571451336145401 -0.03886673226952553 0.6620242595672607 142 100 109
0.02808023802936077 -0.05202454328536987 0.5051321983337402 74 44 54
-0.22871950268745422 -0.12124112993478775 0.906658947467804 83 6 26
-0.26944321393966675 -0.10135853290557861 0.9490237236022949 139 107 118
-0.323713093996048 -0.0817808210849762 1.0127363204956055 94 15 37
-0.43312394618988037 -0.03623540699481964 1.0950061082839966 97 10 27
-0.12313902378082275 0.22426427900791168 0.6497815251350403 163 116 126
-0.11478879302740097 0.21220767498016357 0.6331366300582886 83 9 22
-0.12057247757911682 0.23193754255771637 0.634120762348175 75 25 32
-0.10624687373638153 0.18833404779434204 0.6295518279075623 68 42 45
-0.10244818031787872 0.0970405861735344 0.658042848110199 140 111 119
-0.09883274883031845 0.06692194193601608 0.662179172039032 179 121 133
-0.10486239194869995 0.1588793247938156 0.6303049921989441 88 20 43
-0.12120398133993149 0.2177358716726303 0.6310874223709106 183 118 138
-0.12120398133993149 0.2177358716726303 0.6310874223709106 183 118 138
-0.11266595870256424 0.13271932303905487 0.6503059267997742 142 115 120
-0.11266595870256424 0.13271932303905487 0.6503059267997742 142 115 120
-0.09810672700405121 0.05409969389438629 0.6563992500305176 62 30 45
-0.124455526471138 0.19337187707424164 0.6411086320877075 80 27 45
-0.124455526471138 0.19337187707424164 0.6411086320877075 80 27 45
-0.11934109777212143 0.22315748035907745 0.6223982572555542 127 89 100
-0.08440593630075455 0.13667525351047516 0.6024641394615173 106 29 47
-0.10199639201164246 0.030689552426338196 0.6648069620132446 76 38 49
-0.10199639201164246 0.030689552426338196 0.6648069620132446 76 38 49
-0.09111618250608444 0.043928854167461395 0.6430153250694275 98 60 75
-0.09767848253250122 0.14673183858394623 0.6140827536582947 72 26 42
-0.11275428533554077 0.2181852161884308 0.608636736869812 172 131 142
-0.10045601427555084 0.07657365500926971 0.642295777797699 98 9 29
-0.10045601427555084 0.07657365500926971 0.642295777797699 98 9 29
-0.0997970700263977 0.10856636613607407 0.6289612650871277 103 11 32
-0.0997970700263977 0.10856636613607407 0.6289612650871277 103 11 32
-0.10374663770198822 0.17870740592479706 0.6082784533500671 187 145 157
-0.10661911219358444 0.22051319479942322 0.5956684947013855 99 67 71
-0.09683647751808167 0.15676696598529816 0.6053829789161682 184 147 155
-0.12006384879350662 0.22315840423107147 0.6125470399856567 83 50 57
-0.12006384879350662 0.22315840423107147 0.6125470399856567 83 50 57
-0.10679785162210464 0.03000386245548725 0.6604099869728088 154 114 125
-0.10614294558763504 0.21739356219768524 0.5896825790405273 172 135 140
-0.10085974633693695 0.16132685542106628 0.6026039123535156 77 18 32
-0.10085974633693695 0.16132685542106628 0.6026039123535156 77 18 32
-0.09641680121421814 0.14344727993011475 0.602588415145874 173 140 151
-0.07360374927520752 0.013934644870460033 0.6183226704597473 175 132 142
-0.07360374927520752 0.013934644870460033 0.6183226704597473 175 132 142
-0.1031615287065506 0.14896191656589508 0.6045039892196655 173 140 151
-0.08693306148052216 0.1310095638036728 0.585782527923584 92 15 35
-0.0698450356721878 -0.06572551280260086 0.6319609880447388 181 130 142
-0.09079611301422119 -0.05672091245651245 0.657119870185852 64 32 45
-0.09079611301422119 -0.05672091245651245 0.657119870185852 64 32 45
-0.09412755817174911 0.10519804805517197 0.5999805927276611 171 108 121
-0.08431768417358398 -0.028280405327677727 0.6317978501319885 86 22 36
-0.08030779659748077 -0.01785964146256447 0.6208944916725159 163 131 146
-0.10032032430171967 0.17693156003952026 0.5771313309669495 76 38 51
-0.08806580305099487 0.12195034325122833 0.5801758766174316 148 115 124
-0.08455653488636017 0.1346874088048935 0.5706765055656433 180 133 146
-0.07770425826311111 0.07608599960803986 0.5815274119377136 179 130 146
-0.0841502994298935 0.11419308930635452 0.5756386518478394 89 48 62
-0.09855426847934723 -0.0765782967209816 0.6637654900550842 93 9 33
-0.08265046775341034 0.08032303303480148 0.5851383805274963 88 57 67
-0.0769694596529007 0.00980539433658123 0.6021321415901184 195 129 145
-0.09080956131219864 0.10552304238080978 0.5859422087669373 76 4 23
-0.09080956131219864 0.10552304238080978 0.5859422087669373 76 4 23
-0.08138976246118546 -0.011228175833821297 0.6152126789093018 174 120 130
-0.08164504915475845 0.09507488459348679 0.5757536292076111 94 14 33
-0.0925004631280899 0.014870862476527691 0.6177229285240173 86 50 60
-0.09234408289194107 0.15039148926734924 0.5677611231803894 181 130 139
-0.0886281430721283 0.1431708037853241 0.5652353167533875 83 39 54
-0.0886281430721283 0.1431708037853241 0.5652353167533875 83 39 54
-0.09812511503696442 0.1047927737236023 0.589717447757721 86 19 36
-0.08319935202598572 0.15545707941055298 0.5512954592704773 92 18 40
-0.07836752384901047 0.05211113020777702 0.5814000368118286 176 119 130
-0.07898746430873871 0.03575849533081055 0.5869946479797363 168 149 155
-0.10555142909288406 0.20788978040218353 0.5608192682266235 177 148 152
-0.06113705411553383 0.01174873486161232 0.5698699951171875 146 110 120
-0.07424528151750565 -0.04951803758740425 0.6097190380096436 176 134 140
-0.07437490671873093 -0.014882241375744343 0.5966299772262573 170 115 126
-0.07437852770090103 -0.05899980664253235 0.6112654209136963 160 137 145
-0.08006204664707184 0.07850997149944305 0.5694433450698853 166 143 151
-0.09876441955566406 0.18859978020191193 0.5542120933532715 95 16 29
-0.09112447500228882 -0.1443990170955658 0.6632322669029236 157 123 137
-0.08438267558813095 -0.12362906336784363 0.6467223167419434 163 132 140
-0.08715226501226425 0.13093705475330353 0.5588416457176208 181 130 143
-0.08252689242362976 0.09874221682548523 0.5624815225601196 130 80 90
-0.08252689242362976 0.09874221682548523 0.5624815225601196 130 80 90
-0.09595777094364166 0.16547393798828125 0.5557793378829956 170 137 148
-0.07097820192575455 0.08268794417381287 0.5508266687393188 201 137 148
-0.08383211493492126 0.07377821207046509 0.5711613893508911 178 133 148
-0.06477198749780655 0.025070199742913246 0.5619645118713379 121 27 53
-0.08229716867208481 0.16482509672641754 0.5356916189193726 153 136 139
-0.08229716867208481 0.16482509672641754 0.5356916189193726 153 136 139
-0.09222469478845596 0.16011324524879456 0.5506085753440857 184 136 152
-0.08257795125246048 0.12016019970178604 0.5502529144287109 98 17 42
-0.07226934283971786 0.021658584475517273 0.5695191621780396 80 2 24
-0.10328488796949387 0.17572984099388123 0.5553276538848877 97 54 67
-0.07825781404972076 -0.007813491858541965 0.5873562693595886 102 7 29
-0.06573950499296188 -0.03481330722570419 0.5793147683143616 88 15 32
-0.09274815768003464 0.16713307797908783 0.5408732891082764 167 145 151
-0.06628421694040298 0.04702598229050636 0.5483994483947754 177 121 132
-0.07021602243185043 0.030329326167702675 0.5592843890190125 174 142 153
-0.10025492310523987 0.19246987998485565 0.540077805519104 98 47 62
-0.0702875629067421 -0.059067483991384506 0.5891268849372864 86 47 60
-0.05759427696466446 -0.11159395426511765 0.5881143808364868 95 11 27
-0.08612337708473206 0.14048337936401367 0.5367103815078735 195 134 147
-0.08612337708473206 0.14048337936401367 0.5367103815078735 195 134 147
-0.08077643811702728 0.12472360581159592 0.535056471824646 172 143 151
-0.0665469616651535 0.04915787652134895 0.5421661734580994 89 19 35
-0.06376879662275314 -0.06442312151193619 0.578502893447876 166 113 131
-0.09756675362586975 0.19208329916000366 0.5318875312805176 189 150 161
-0.0707516074180603 -0.07767841964960098 0.5916740894317627 93 10 28
-0.072758749127388 0.009377536363899708 0.5629656314849854 154 114 123
-0.06484407931566238 0.001857537659816444 0.5545587539672852 186 135 146
-0.06849238276481628 -0.0219984482973814 0.5667214393615723 140 105 114
-0.06849238276481628 -0.0219984482973814 0.5667214393615723 140 105 114
-0.061210889369249344 -0.03920929133892059 0.5629452466964722 176 120 131
-0.07034272700548172 0.014089851640164852 0.5558818578720093 153 113 122
-0.05947122722864151 -0.020423712208867073 0.5532264709472656 130 72 82
-0.10299839079380035 0.20709902048110962 0.5298039317131042 89 17 31
-0.061176758259534836 -0.01680470071732998 0.5526065826416016 95 23 37
-0.07440360635519028 0.12079020589590073 0.5210953950881958 190 143 154
-0.06900839507579803 0.04427620396018028 0.5409459471702576 177 125 135
-0.06015051528811455 -0.059856295585632324 0.565597414970398 70 2 25
-0.06922502815723419 -0.14437934756278992 0.6062713861465454 99 54 71
-0.04782320186495781 -0.0997219905257225 0.5617715120315552 158 111 123
-0.06998448818922043 0.07034613937139511 0.5306223034858704 66 30 42
-0.06885947287082672 0.006417414639145136 0.551173746585846 87 20 38
-0.06885947287082672 0.006417414639145136 0.551173746585846 87 20 38
-0.0935053899884224 0.16503383219242096 0.52726811170578 181 145 155
-0.07644292712211609 0.10119009763002396 0.5266157984733582 164 138 142
-0.05715370178222656 -0.027961188927292824 0.5457767248153687 86 50 60
-0.07484264671802521 0.11201217770576477 0.5196436643600464 95 18 40
-0.07484264671802521 0.11201217770576477 0.5196436643600464 95 18 40
-0.06837661564350128 0.09986048936843872 0.5151364803314209 168 137 143
-0.06556090712547302 -0.14388485252857208 0.5949410200119019 161 120 136
-0.06302312761545181 -0.03301975503563881 0.553138017654419 159 123 133
-0.09460260719060898 0.1606152504682541 0.5243731141090393 92 68 74
-0.08493908494710922 0.15060818195343018 0.5155764818191528 194 149 162
-0.09661281108856201 0.1872357577085495 0.5169190764427185 179 141 154
-0.04512730613350868 -0.0549401193857193 0.5346267819404602 163 113 122
-0.06817879527807236 -0.03946438059210777 0.5589850544929504 86 15 29
-0.07782769203186035 0.11772376298904419 0.5155274271965027 193 145 157
-0.062049198895692825 -0.1352226585149765 0.5832073092460632 75 32 49
-0.058653466403484344 -0.0162038691341877 0.5370321869850159 93 18 33
-0.06366486847400665 -0.07556001842021942 0.5638807415962219 175 124 133
-0.09154707938432693 0.15871167182922363 0.5179120302200317 144 122 127
-0.09154707938432693 0.15871167182922363 0.5179120302200317 144 122 127
-0.05600660666823387 -0.002659744815900922 0.5275164246559143 177 134 144
-0.06066367030143738 0.0659991204738617 0.5078473687171936 163 127 139
-0.055668286979198456 -0.10875699669122696 0.5625516176223755 167 106 124
-0.05300561338663101 -0.060848213732242584 0.5414488911628723 76 38 48
-0.060751158744096756 -0.09736581891775131 0.5636826753616333 149 128 131
-0.060751158744096756 -0.09736581891775131 0.5636826753616333 149 128 131
-0.045290231704711914 0.03770437091588974 0.49645593762397766 179 129 140
-0.05982570722699165 -0.07100843638181686 0.5528691411018372 70 32 45
-0.05982570722699165 -0.07100843638181686 0.5528691411018372 70 32 45
-0.09200527518987656 0.18739695847034454 0.5016767382621765 152 110 122
-0.08259745687246323 0.1397547572851181 0.5056071877479553 97 13 36
-0.05279727280139923 0.029113633558154106 0.503772497177124 81 27 45
-0.05590546503663063 -0.008143661543726921 0.5199777483940125 86 19 37
-0.05590546503663063 -0.008143661543726921 0.5199777483940125 86 19 37
-0.06066158041357994 0.0019427357474341989 0.5214664936065674 160 132 137
-0.06094891205430031 -0.06901172548532486 0.5452595949172974 169 123 136
-0.05787687003612518 0.013289092108607292 0.5119277834892273 91 16 36
-0.05787687003612518 0.013289092108607292 0.5119277834892273 91 16 36
-0.06521715968847275 0.06225674971938133 0.5040184259414673 93 54 67
-0.0910724401473999 0.17527785897254944 0.4979102909564972 97 17 32
-0.04033900797367096 -0.04699542745947838 0.5095716118812561 95 14 31
-0.04443046450614929 -0.0751350075006485 0.5241458415985107 99 18 37
-0.0396457202732563 -0.09046614915132523 0.523032009601593 167 118 130
-0.051904283463954926 -0.03031383641064167 0.5180976986885071 88 7 33
-0.0478946715593338 -0.01743902824819088 0.5079106092453003 97 12 31
-0.04569751024246216 0.020739765837788582 0.49155953526496887 95 56 69
-0.06451857835054398 0.06742177158594131 0.4968707263469696 179 123 136
-0.05565602704882622 0.07516584545373917 0.48154863715171814 103 13 31
-0.04799246788024902 0.03436187654733658 0.485490620136261 183 131 140
-0.04094585031270981 -0.08108028769493103 0.5157653093338013 95 14 33
-0.045989926904439926 -0.02434087172150612 0.5024164319038391 85 1 19
-0.04895330220460892 -0.06599561870098114 0.5178683996200562 86 58 66
-0.037832923233509064 -0.010950922966003418 0.4844393730163574 81 23 39
-0.054392535239458084 0.044307347387075424 0.4855619966983795 96 16 35
-0.08419585227966309 0.14928962290287018 0.4864184260368347 172 147 153
-0.05465569719672203 0.03086819127202034 0.4896024167537689 87 59 60
-0.05465569719672203 0.03086819127202034 0.4896024167537689 87 59 60
-0.05406348034739494 0.09881804883480072 0.46527719497680664 100 19 42
-0.05406348034739494 0.09881804883480072 0.46527719497680664 100 19 42
-0.04449280723929405 -0.05850543826818466 0.5064960718154907 144 90 100
-0.04308721795678139 -0.03779985383152962 0.49579817056655884 140 107 116
-0.07269180566072464 0.09526865929365158 0.4869078993797302 99 51 61
-0.04044105485081673 0.024588527157902718 0.4709354043006897 177 151 162
-0.05022647604346275 -0.031041862443089485 0.5019667148590088 85 52 61
-0.02175142802298069 -0.0973062813282013 0.48807284235954285 151 116 123
-0.08887577056884766 0.14513058960437775 0.4896058738231659 73 41 52
-0.05944831296801567 0.024845115840435028 0.49328505992889404 173 147 158
-0.03869108483195305 -0.09481804072856903 0.508013129234314 152 117 124
-0.03715210407972336 -0.13613201677799225 0.5188646912574768 156 124 135
-0.08933918923139572 0.1601400226354599 0.48290789127349854 89 21 32
-0.042180921882390976 -0.053240276873111725 0.4961996078491211 155 93 106
-0.049934059381484985 -0.1175084039568901 0.5280032753944397 96 12 28
-0.038401663303375244 -0.12713560461997986 0.5165843963623047 182 131 143
-0.06651979684829712 0.10614282637834549 0.47071245312690735 190 140 152
-0.04670390114188194 -0.14632989466190338 0.5317134857177734 164 132 143
-0.061077915132045746 0.0920858159661293 0.4670369029045105 182 129 142
-0.10116344690322876 0.17267274856567383 0.48896268010139465 98 43 51
-0.049128975719213486 0.018909664824604988 0.47603940963745117 93 67 78
-0.043676577508449554 -0.03566022217273712 0.487639844417572 101 68 77
-0.043676577508449554 -0.03566022217273712 0.487639844417572 101 68 77
-0.045795515179634094 0.01464751735329628 0.47302424907684326 83 31 43
-0.053083281964063644 0.07945547997951508 0.4597790241241455 161 116 123
-0.10395553708076477 0.18571524322032928 0.48731935024261475 201 142 148
-0.11405239254236221 0.19248516857624054 0.49735310673713684 93 21 32
-0.07957953959703445 0.14240650832653046 0.4707137644290924 177 149 158
-0.08029093593358994 0.1505766212940216 0.46827971935272217 181 134 147
-0.047757238149642944 0.007106776814907789 0.4768444895744324 97 15 37
-0.07835602760314941 0.13490808010101318 0.47122350335121155 179 125 143
-0.06736994534730911 0.09833374619483948 0.46891582012176514 95 18 40
-0.062251340597867966 0.11027666926383972 0.4579218626022339 165 132 139
-0.062251340597867966 0.11027666926383972 0.4579218626022339 165 132 139
-0.10197744518518448 0.18193136155605316 0.4828006327152252 85 43 53
-0.06548108160495758 0.12746454775333405 0.4548875093460083 107 33 47
-0.07311023026704788 0.13630414009094238 0.460693895816803 82 50 61
-0.07311023026704788 0.13630414009094238 0.460693895816803 82 50 61
-0.04480208083987236 -0.10593461990356445 0.5077036023139954 170 124 138
-0.04480208083987236 -0.10593461990356445 0.5077036023139954 170 124 138
-0.038055192679166794 -0.051875628530979156 0.47967028617858887 97 13 34
-0.04379123076796532 -0.0911523625254631 0.49993064999580383 155 120 127
-0.03779286891222 -0.060420744121074677 0.48207858204841614 86 20 34
-0.07361036539077759 0.11805171519517899 0.4633690416812897 183 138 147
-0.051550984382629395 0.04785853251814842 0.4595821797847748 193 149 157
-0.03183476999402046 -0.038630492985248566 0.464230477809906 102 66 76
-0.05064664036035538 0.019722729921340942 0.46623650193214417 77 45 58
-0.04687386006116867 0.027642162516713142 0.45961910486221313 180 131 137
-0.051209114491939545 0.07637578994035721 0.44790998101234436 179 126 136
-0.06742267310619354 0.10188721120357513 0.4593653380870819 193 138 153
-0.030464565381407738 -0.022914141416549683 0.45525652170181274 104 13 31
-0.032875917851924896 -0.07480498403310776 0.47575637698173523 178 142 154
-0.032875917851924896 -0.07480498403310776 0.47575637698173523 178 142 154
-0.09800294041633606 0.16047470271587372 0.4749777019023895 97 19 32
-0.09800294041633606 0.16047470271587372 0.4749777019023895 97 19 32
-0.03888194262981415 -0.03779177367687225 0.4681452810764313 160 124 134
-0.07297378033399582 0.11120743304491043 0.4587678909301758 68 35 42
-0.03542470186948776 -0.12933321297168732 0.4935804009437561 170 129 139
-0.06392072141170502 0.0883793756365776 0.45495590567588806 201 143 157
-0.07975158840417862 0.13596947491168976 0.4583372175693512 200 147 165
-0.0871489942073822 0.14696070551872253 0.4635416269302368 195 130 148
-0.03197798132896423 -0.05674473196268082 0.462961882352829 170 100 118
-0.049594487994909286 0.06484175473451614 0.4436420798301697 98 16 28
-0.04668356105685234 0.07837759703397751 0.4352891445159912 59 20 26
-0.03101603128015995 0.0028710595797747374 0.44092974066734314 94 21 40
-0.024141326546669006 -0.040486399084329605 0.4473881721496582 78 42 52
-0.032822493463754654 -0.13591259717941284 0.48889246582984924 169 115 130
-0.030893925577402115 -0.01109240297228098 0.44355159997940063 157 124 129
-0.02213105373084545 -0.09077364206314087 0.4583142399787903 79 22 35
-0.029906967654824257 -0.09763939678668976 0.4681214392185211 149 120 124
-0.101288340985775 0.16639697551727295 0.4664081931114197 173 139 149
-0.08017440140247345 0.13756035268306732 0.4502798318862915 85 23 40
-0.05138861760497093 0.054420579224824905 0.44263172149658203 170 132 143
-0.06493636965751648 0.10742142796516418 0.4410843253135681 74 13 28
-0.06858231127262115 0.11144184321165085 0.4435015916824341 75 14 29
-0.060447320342063904 0.08398208022117615 0.4419243633747101 180 124 138
-0.03397773951292038 -0.14134366810321808 0.4842319190502167 92 23 44
-0.03211088478565216 -0.0414099358022213 0.447905033826828 67 27 36
-0.03211088478565216 -0.0414099358022213 0.447905033826828 67 27 36
-0.02522406168282032 -0.016590939834713936 0.43118903040885925 170 115 128
-0.03414825722575188 0.030182763934135437 0.4250953793525696 105 12 31
-0.03931603953242302 0.07220014184713364 0.41678813099861145 87 58 62
-0.030916841700673103 -0.10175392031669617 0.46374058723449707 124 104 106
-0.06402520090341568 0.10946345329284668 0.43288829922676086 177 116 131
-0.06402520090341568 0.10946345329284668 0.43288829922676086 177 116 131
-0.030378887429833412 -0.011208188720047474 0.4310767650604248 79 19 34
-0.04879100248217583 0.04885039106011391 0.4332783818244934 165 127 138
-0.021067684516310692 -0.04712405800819397 0.43092581629753113 186 138 146
-0.03491203486919403 -0.002028652234002948 0.43260514736175537 100 12 37
-0.02419370785355568 -0.09266741573810577 0.44933751225471497 80 27 40
-0.02488769218325615 -0.037910137325525284 0.4311330318450928 149 109 118
-0.02488769218325615 -0.037910137325525284 0.4311330318450928 149 109 118
-0.029990484938025475 0.011897075921297073 0.4197765290737152 154 122 133
-0.029990484938025475 0.011897075921297073 0.4197765290737152 154 122 133
-0.11014232039451599 0.17512615025043488 0.46160268783569336 179 144 153
-0.047952067106962204 0.07212679088115692 0.42041757702827454 122 94 98
-0.03278348594903946 0.004560843575745821 0.42421409487724304 177 128 140
-0.09468870609998703 0.1349984109401703 0.4552513659000397 91 59 67
-0.11205005645751953 0.17071984708309174 0.46441149711608887 155 123 134
-0.05861090496182442 0.09162557125091553 0.4247088134288788 74 27 39
-0.05861090496182442 0.09162557125091553 0.4247088134288788 74 27 39
-0.017554650083184242 -0.091464564204216 0.4353507161140442 170 101 119
-0.017554650083184242 -0.091464564204216 0.4353507161140442 170 101 119
-0.09769575297832489 0.15143707394599915 0.45044630765914917 104 17 34
-0.07572874426841736 0.12677255272865295 0.43209749460220337 192 142 157
-0.07572874426841736 0.12677255272865295 0.43209749460220337 192 142 157
-0.023577183485031128 -0.01588667370378971 0.4165024757385254 162 126 133
-0.12094708532094955 0.18248558044433594 0.46697261929512024 185 112 124
-0.08278162777423859 0.13241545855998993 0.4365178048610687 129 98 106
-0.08278162777423859 0.13241545855998993 0.4365178048610687 129 98 106
-0.03756976127624512 0.050165239721536636 0.4093550741672516 88 17 30
-0.06290499120950699 0.0963842049241066 0.42326614260673523 164 139 143
-0.02726372890174389 0.039995208382606506 0.3976050019264221 145 119 124
-0.02726372890174389 0.039995208382606506 0.3976050019264221 145 119 124
-0.15010066330432892 0.20660054683685303 0.48876437544822693 103 17 28
-0.07830706238746643 0.12236624956130981 0.43044790625572205 86 22 42
-0.07830706238746643 0.12236624956130981 0.43044790625572205 86 22 42
-0.012512944638729095 -0.1138123869895935 0.4291421175003052 77 30 40
-0.030878322198987007 0.0017187828198075294 0.41180306673049927 184 133 145
-0.1090509444475174 0.16649577021598816 0.4496880769729614 90 54 64
-0.06933571398258209 0.11434740573167801 0.4196249544620514 100 17 33
-0.06363749504089355 0.10838916897773743 0.4145660996437073 101 18 34
-0.02158292941749096 -0.05045446753501892 0.4159502387046814 173 126 134
-0.023995954543352127 -0.1410914659500122 0.448419451713562 157 132 138
-0.04202377796173096 0.06301969289779663 0.4023207724094391 171 128 138
-0.11518346518278122 0.17079977691173553 0.45257094502449036 170 134 144
-0.030251696705818176 0.015982577577233315 0.4020610451698303 177 128 134
-0.055436260998249054 0.10158009827136993 0.4031831920146942 175 109 126
-0.04684613645076752 0.07581320405006409 0.4003123939037323 105 20 39
-0.011981051415205002 -0.06886424124240875 0.4065168797969818 99 41 51
-0.021968405693769455 -0.11792632192373276 0.434228777885437 164 101 112
-0.045554086565971375 0.06797102093696594 0.4009506404399872 89 21 38
-0.045554086565971375 0.06797102093696594 0.4009506404399872 89 21 38
-0.12428918480873108 0.1704517900943756 0.45869356393814087 186 134 141
-0.12428918480873108 0.1704517900943756 0.45869356393814087 186 134 141
-0.027864862233400345 0.03225471079349518 0.39024102687835693 173 141 146
-0.015926091000437737 -0.13264672458171844 0.4298781752586365 170 127 134
-0.05878999084234238 0.09278488904237747 0.40600335597991943 173 136 143
-0.02170705609023571 -0.09146255254745483 0.42259055376052856 105 12 33
-0.013363863341510296 -0.05821748077869415 0.40116819739341736 157 93 110
-0.09902960062026978 0.1580415815114975 0.43075522780418396 85 23 30
-0.024974552914500237 0.013981065712869167 0.3901437819004059 93 25 35
-0.02191031351685524 -0.0007647799793630838 0.39098432660102844 182 140 150
-0.0065658497624099255 -0.04417235404253006 0.38635018467903137 173 124 135
-0.018153762444853783 -0.04020891711115837 0.39846155047416687 98 37 51
-1.2956026694155298e-05 -0.10623637586832047 0.3975222408771515 131 98 107
-1.2956026694155298e-05 -0.10623637586832047 0.3975222408771515 131 98 107
-0.08075059950351715 0.12119433283805847 0.4177188277244568 189 135 149
-0.019495755434036255 -0.12973439693450928 0.42727234959602356 88 23 35
-0.006587930489331484 -0.07644758373498917 0.3938246965408325 151 118 125
-0.05047793313860893 0.06062721461057663 0.40041470527648926 178 132 142
-0.01624400168657303 -0.06767784059047699 0.40213969349861145 74 15 25
-0.01635747216641903 -0.13832040131092072 0.4250407814979553 69 38 46
-0.015768947079777718 -0.11254806816577911 0.41527682542800903 156 123 132
-0.08286946266889572 0.12444034963846207 0.41636016964912415 67 33 40
-0.08286946266889572 0.12444034963846207 0.41636016964912415 67 33 40
-0.04488970711827278 0.06458671391010284 0.39094066619873047 191 152 159
-0.0801614448428154 0.12776164710521698 0.4118938148021698 71 20 24
-0.0801614448428154 0.12776164710521698 0.4118938148021698 71 20 24
-0.09190148860216141 0.12848789989948273 0.4211127460002899 172 138 143
-0.07931038737297058 0.1226482167840004 0.4084538519382477 167 129 137
-0.010794669389724731 -0.1327037513256073 0.41137051582336426 177 131 137
-0.010794669389724731 -0.1327037513256073 0.41137051582336426 177 131 137
-0.01951170712709427 -0.0727260485291481 0.4017553925514221 160 122 129
-0.036749422550201416 0.04722234606742859 0.3825789988040924 99 19 32
-0.036749422550201416 0.04722234606742859 0.3825789988040924 99 19 32
-0.01354852132499218 -0.004361032973974943 0.3718034327030182 176 133 145
-0.08605846017599106 0.1204753890633583 0.41505900025367737 181 128 141
-0.019987666979432106 -0.14089880883693695 0.4225289225578308 178 147 155
-0.06422058492898941 0.1047450602054596 0.3938603699207306 100 18 32
-0.06422058492898941 0.1047450602054596 0.3938603699207306 100 18 32
-0.09089600294828415 0.1262122094631195 0.4163039028644562 89 37 49
-0.0003090639365836978 -0.11277098953723907 0.38814952969551086 155 119 129
-0.055864229798316956 0.08863966912031174 0.38593822717666626 171 132 135
-0.012848756276071072 -0.15511499345302582 0.41457968950271606 88 27 42
-0.0878438800573349 0.12175791710615158 0.411747545003891 174 122 134
-0.01956687495112419 0.016753828153014183 0.36573973298072815 100 18 30
-0.003988923970609903 -0.14334985613822937 0.3993232846260071 63 19 34
-0.017306465655565262 -0.02388891763985157 0.37552645802497864 76 40 50
-0.05887483432888985 0.09251315146684647 0.3855520784854889 84 30 38
-0.02683207020163536 -0.012353173457086086 0.38247090578079224 88 11 27
-0.00820959359407425 -0.060769058763980865 0.37589117884635925 82 23 41
-0.0396420992910862 0.04995085671544075 0.3741975724697113 104 26 39
-0.010796967893838882 -0.030092308297753334 0.36587122082710266 180 144 154
-0.04135236516594887 0.05348176509141922 0.372199684381485 151 104 113
-0.0273227971047163 0.027923792600631714 0.36415526270866394 110 80 87
-0.0074371774680912495 -0.13445541262626648 0.3932333290576935 178 119 128
-0.0074371774680912495 -0.13445541262626648 0.3932333290576935 178 119 128
-0.006537429988384247 -0.1498987227678299 0.39713922142982483 182 143 151
-0.002979607554152608 -0.10363074392080307 0.3777107298374176 178 123 132
-0.08020944148302078 0.10756229609251022 0.39815980195999146 174 92 106
-0.001755541656166315 -0.09157270938158035 0.37141090631484985 149 69 88
-0.0010938787600025535 -0.11013756692409515 0.37596648931503296 70 34 44
-0.03415334224700928 0.029227469116449356 0.36795881390571594 177 155 160
-0.012723863124847412 -0.06818045675754547 0.37445953488349915 101 17 32
-0.09503614902496338 0.1233895942568779 0.40673086047172546 144 93 102
-0.09503614902496338 0.1233895942568779 0.40673086047172546 144 93 102
-0.012179083190858364 -0.0028549842536449432 0.35209932923316956 183 141 151
-0.012179083190858364 -0.0028549842536449432 0.35209932923316956 183 141 151
-0.009469184093177319 -0.03483039140701294 0.3593187630176544 91 28 37
-0.010748696513473988 -0.08624514192342758 0.37677937746047974 161 120 126
-0.0018478359561413527 -0.14480581879615784 0.3838522434234619 80 29 46
-0.2191009670495987 0.2189289629459381 0.5141754150390625 107 20 37
-0.08732132613658905 0.11309505999088287 0.398218035697937 188 137 146
-0.1281844973564148 0.15031491219997406 0.43277984857559204 105 18 27
-0.01389359775930643 0.00042844569543376565 0.3501979112625122 79 37 47
-0.0021136433351784945 -0.1581375151872635 0.3869949281215668 91 22 40
-0.07388027757406235 0.0921672061085701 0.3881954550743103 181 121 129
-0.01908513344824314 -0.006852939259260893 0.35689717531204224 97 55 65
-0.017168546095490456 -0.003454080782830715 0.35339877009391785 187 145 155
-0.05662452429533005 0.06802305579185486 0.37409573793411255 96 18 34
0.014718116261065006 -0.09637992084026337 0.34536853432655334 102 15 31
0.014718116261065006 -0.09637992084026337 0.34536853432655334 102 15 31
0.0029970912728458643 -0.11120271682739258 0.36337003111839294 152 119 126
-0.009967921301722527 -0.04967145621776581 0.35748499631881714 190 139 146
-0.0628107488155365 0.08224497735500336 0.37535831332206726 100 23 39
-0.0628107488155365 0.08224497735500336 0.37535831332206726 100 23 39
-0.009361078031361103 -0.04188038408756256 0.3539300262928009 106 14 33
-0.009361078031361103 -0.04188038408756256 0.3539300262928009 106 14 33
-0.03227631747722626 0.007486317772418261 0.3630918860435486 96 21 34
-0.03488152474164963 0.019600674510002136 0.36149704456329346 93 40 56
-0.015426030382514 0.01103171706199646 0.34172481298446655 101 21 34
-0.0013863645726814866 -0.08442003279924393 0.35641568899154663 135 96 101
-0.0013863645726814866 -0.08442003279924393 0.35641568899154663 135 96 101
-0.0011764907976612449 -0.02942597307264805 0.338081955909729 142 106 114
-0.013310645706951618 -0.0075716376304626465 0.34405675530433655 192 132 147
-0.033675987273454666 0.038589801639318466 0.3518739938735962 102 21 38
-0.012067006900906563 -0.15335583686828613 0.38844621181488037 184 143 151
0.00038080968079157174 -0.07856559753417969 0.349253386259079 180 120 132
-0.0806879773736 0.09856629371643066 0.3841456472873688 110 15 33
-0.0806879773736 0.09856629371643066 0.3841456472873688 110 15 33
-0.006548087578266859 -0.01729756034910679 0.3371357321739197 101 14 31
-0.049337178468704224 0.04866555333137512 0.3640635907649994 172 129 134
-0.003763725748285651 -0.10741923004388809 0.36158502101898193 180 110 123
0.0047476873733103275 -0.1448824107646942 0.3639737367630005 162 132 138
-0.014990192838013172 -0.0034900319296866655 0.34054282307624817 84 24 36
-0.07894713431596756 0.08810357004404068 0.3821968734264374 200 146 151
-0.07894713431596756 0.08810357004404068 0.3821968734264374 200 146 151
-0.06690332293510437 0.07784849405288696 0.371813029050827 184 143 151
-0.058426667004823685 0.06930278241634369 0.3649783134460449 192 145 153
-0.033833131194114685 0.016915030777454376 0.35296431183815 89 27 43
-0.07517072558403015 0.0825129896402359 0.37575286626815796 76 34 42
0.006536036729812622 -0.08527806401252747 0.3371069133281708 64 30 34
-0.06800500303506851 0.08277770131826401 0.366534024477005 112 65 67
0.00424588518217206 -0.08998230844736099 0.34019210934638977 185 136 143
-0.024907125160098076 0.01719537004828453 0.33829447627067566 187 136 149
0.004207435064017773 -0.06358931958675385 0.33132678270339966 169 121 131
-0.03640720248222351 0.04757241904735565 0.34118980169296265 132 105 110
-0.006469027604907751 -0.02722962200641632 0.33130156993865967 174 128 135
-0.0037435952108353376 -0.05106266215443611 0.3341766893863678 87 25 36
-0.005101609509438276 -0.10111816972494125 0.35099688172340393 99 17 29
-0.005101609509438276 -0.10111816972494125 0.35099688172340393 99 17 29
-0.004783072508871555 -0.0331207774579525 0.3274376690387726 90 26 42
-0.003926930017769337 -0.13895298540592194 0.3590866029262543 193 142 145
-0.012305369600653648 -0.013712828978896141 0.32853963971138 191 135 148
0.00520358607172966 -0.08770696818828583 0.33098727464675903 77 37 40
-0.07079479843378067 0.07038608938455582 0.3644876480102539 71 29 39
-0.01170333195477724 -0.003024884033948183 0.3211595118045807 210 150 160
0.0075067635625600815 -0.11549290269613266 0.33270227909088135 117 80 87
-0.016637280583381653 -0.011064745485782623 0.32639485597610474 78 22 35
-0.06774887442588806 0.05923693627119064 0.35806646943092346 103 22 41
0.004795471206307411 -0.11122490465641022 0.3309142589569092 163 126 133
-0.07386641949415207 0.07241352647542953 0.35952919721603394 162 120 130
-0.07386641949415207 0.07241352647542953 0.35952919721603394 162 120 130
-0.024227630347013474 -0.005568647291511297 0.3274206817150116 176 127 134
0.004000347573310137 -0.1513395458459854 0.3419111371040344 177 145 150
-0.0312388613820076 0.015805363655090332 0.3268602788448334 59 32 37
0.0004663473227992654 -0.14102812111377716 0.3388175964355469 195 137 145
0.0004663473227992654 -0.14102812111377716 0.3388175964355469 195 137 145
0.0052250404842197895 -0.1552567332983017 0.33795836567878723 174 128 138
-0.11779584735631943 0.09360111504793167 0.3944070339202881 107 16 31
-0.11779584735631943 0.09360111504793167 0.3944070339202881 107 16 31
-0.11796678602695465 0.10249485820531845 0.3912881016731262 187 129 138
-0.0789274200797081 0.0744653046131134 0.35701489448547363 79 36 46
-0.0002559163549449295 -0.14942733943462372 0.3377998471260071 90 34 47
-0.0002559163549449295 -0.14942733943462372 0.3377998471260071 90 34 47
-0.03782261162996292 0.01979253813624382 0.32497385144233704 170 112 126
-0.12814965844154358 0.10749848932027817 0.39486557245254517 175 136 137
-0.06217924505472183 0.045928310602903366 0.3391331434249878 97 47 56
-0.09474045783281326 0.07077353447675705 0.3646395802497864 186 143 153
-0.0871630609035492 0.067274309694767 0.3564758896827698 174 131 141
-0.08417363464832306 0.0594690702855587 0.3556768596172333 195 136 148
-0.10462410002946854 0.07831606268882751 0.3710862994194031 178 135 145
-0.0639549195766449 0.03974189981818199 0.3381728529930115 168 139 143
-0.09066411852836609 0.06305139511823654 0.35858193039894104 90 43 52
-0.09066411852836609 0.06305139511823654 0.35858193039894104 90 43 52
-0.06979453563690186 0.04546071216464043 0.3386654555797577 158 102 111
-0.09968764334917068 0.06726176291704178 0.363173246383667 109 58 67
-0.09074192494153976 0.06247064471244812 0.354640930891037 201 147 160
-0.09074192494153976 0.06247064471244812 0.354640930891037 201 147 160
-0.03912128135561943 0.011510751210153103 0.31478193402290344 168 107 115
-0.03912128135561943 0.011510751210153103 0.31478193402290344 168 107 115
-0.10366576910018921 0.0620429553091526 0.36439019441604614 104 50 63
-0.10366576910018921 0.0620429553091526 0.36439019441604614 104 50 63
-0.11443076282739639 0.06848941743373871 0.3734172284603119 202 151 160
-0.14437492191791534 0.08861076086759567 0.39756467938423157 99 21 34
-0.1703769713640213 0.10784749686717987 0.4188299775123596 95 30 40
-0.07974455505609512 0.043147239834070206 0.3422429859638214 173 125 131
-0.04372923821210861 0.0069272625260055065 0.3139394521713257 167 123 130
-0.046696726232767105 0.013316337950527668 0.31492164731025696 198 136 145
-0.10172515362501144 0.05099848285317421 0.35963770747184753 102 25 41
-0.07625318318605423 0.035300686955451965 0.3350885510444641 170 130 139
-0.05092213302850723 0.0008724399376660585 0.3125782907009125 184 122 141
-0.05358431488275528 -0.005198429338634014 0.3129408359527588 85 32 44
-0.14127704501152039 0.06305434554815292 0.37876367568969727 173 132 140
-0.06702326983213425 0.0016968041891232133 0.31676775217056274 152 117 123
-0.17229126393795013 0.06281393766403198 0.39841288328170776 188 143 148
-0.12306449562311172 0.030603967607021332 0.3576034903526306 95 62 68
-0.08763840049505234 0.0058203754015266895 0.3251766264438629 192 115 125
-0.17211684584617615 0.056968215852975845 0.39503365755081177 85 40 45
-0.17211684584617615 0.056968215852975845 0.39503365755081177 85 40 45
-0.17211684584617615 0.056968215852975845 0.39503365755081177 85 40 45
-0.18321751058101654 0.051112957298755646 0.3997481167316437 201 151 158
-0.14426779747009277 0.030004236847162247 0.36645907163619995 81 38 40
-0.06103493645787239 0.02211488038301468 1.1266504526138306 146 144 155
-0.06103493645787239 0.02211488038301468 1.1266504526138306 146 144 155
-0.06168057769536972 -0.0018259204225614667 1.125047206878662 95 11 27
-0.11624809354543686 0.13104531168937683 1.1175068616867065 143 149 163
-0.10496917366981506 0.09786837548017502 1.098679780960083 87 14 43
-0.06217019259929657 0.025996731594204903 1.0253053903579712 142 149 159
-0.17664435505867004 0.2441849708557129 1.1134052276611328 151 151 161
-0.17664435505867004 0.2441849708557129 1.1134052276611328 151 151 161
-0.19497476518154144 0.24006852507591248 1.0729607343673706 143 113 125
-0.19987283647060394 0.2312132567167282 1.0598129034042358 175 140 154
-0.20036502182483673 0.23579804599285126 1.0468415021896362 159 118 132
-0.19990599155426025 0.23655015230178833 1.0409742593765259 167 126 140
-0.2141849249601364 0.24578046798706055 1.0579134225845337 165 124 138
-0.17964987456798553 0.06826695799827576 0.7792651057243347 77 14 28
-0.3570893406867981 0.2977735996246338 0.9387909770011902 178 114 130
-0.3570893406867981 0.2977735996246338 0.9387909770011902 178 114 130
-0.15622203052043915 0.018136337399482727 0.7625226974487305 166 113 127
-0.17362727224826813 0.04235968738794327 0.7775305509567261 184 131 144
-0.40609991550445557 0.340724378824234 0.987153172492981 87 5 18
-0.20079591870307922 0.06334789842367172 0.8032948970794678 175 141 155
-0.20079591870307922 0.06334789842367172 0.8032948970794678 175 141 155
-0.3242335617542267 0.24822838604450226 0.9061802625656128 176 148 158
-0.3242335617542267 0.24822838604450226 0.9061802625656128 176 148 158
-0.3242335617542267 0.24822838604450226 0.9061802625656128 176 148 158
-0.23379060626029968 0.12024816125631332 0.8257879614830017 155 125 130
-0.31321871280670166 0.2368013560771942 0.8916323184967041 83 14 32
-0.2089116871356964 0.08319422602653503 0.8038647174835205 166 116 133
-0.3791711628437042 0.3164723813533783 0.9499549269676208 83 29 45
-0.2678673267364502 0.16525088250637054 0.8489959836006165 150 121 131
-0.27197980880737305 0.15488195419311523 0.8566369414329529 92 13 32
-0.2020842730998993 0.06777900457382202 0.7895683646202087 67 32 46
-0.2020842730998993 0.06777900457382202 0.7895683646202087 67 32 46
-0.30465394258499146 0.20820051431655884 0.8781211376190186 86 18 36
-0.37197345495224 0.2951762080192566 0.9362480044364929 186 134 144
-0.37197345495224 0.2951762080192566 0.9362480044364929 186 134 144
-0.2036629617214203 0.049684491008520126 0.7940002679824829 94 14 36
-0.3505414128303528 0.25697019696235657 0.917735755443573 83 21 46
-0.3505414128303528 0.25697019696235657 0.917735755443573 83 21 46
-0.3932333290576935 0.3096860647201538 0.9538213610649109 128 95 104
-0.3035040497779846 0.1862010955810547 0.8733686208724976 102 12 34
-0.23688583076000214 0.09769944846630096 0.8144206404685974 93 10 26
-0.23688583076000214 0.09769944846630096 0.8144206404685974 93 10 26
-0.30215078592300415 0.19506941735744476 0.8658535480499268 75 12 29
-0.25624769926071167 0.13842567801475525 0.8241496682167053 93 8 29
-0.25624769926071167 0.13842567801475525 0.8241496682167053 93 8 29
-0.32010072469711304 0.21879905462265015 0.880469799041748 163 122 132
-0.16147799789905548 -0.003163238288834691 0.7457144260406494 142 101 111
-0.3802460730075836 0.3016756772994995 0.9306842684745789 180 133 143
-0.358172208070755 0.2475544661283493 0.9176704287528992 178 140 156
-0.2092258334159851 0.04060683026909828 0.7909486293792725 164 111 124
-0.36631014943122864 0.2691478729248047 0.9195022583007812 191 128 141
-0.188934326171875 0.030268827453255653 0.7668280005455017 84 43 59
-0.3844108283519745 0.30864080786705017 0.9282397627830505 118 85 94
-0.21695013344287872 0.06751160323619843 0.7876575589179993 66 30 42
-0.21695013344287872 0.06751160323619843 0.7876575589179993 66 30 42
-0.31122180819511414 0.19350340962409973 0.8649105429649353 196 154 164
-0.1835738718509674 0.009861760772764683 0.7594332098960876 100 7 28
-0.2402011901140213 0.10675699263811111 0.7994426488876343 174 126 138
-0.4085325598716736 0.31432369351387024 0.942130982875824 84 42 52
-0.19256354868412018 -0.01178507599979639 0.7693331241607666 123 100 110
-0.19256354868412018 -0.01178507599979639 0.7693331241607666 123 100 110
-0.32896068692207336 0.1845562756061554 0.8796147108078003 101 12 38
-0.39467087388038635 0.30354103446006775 0.9222792983055115 187 136 149
-0.29865598678588867 0.15686532855033875 0.8449748754501343 111 71 82
-0.2346695214509964 0.047513432800769806 0.7973974347114563 102 8 32
-0.18890228867530823 -0.005225612781941891 0.7503929734230042 181 128 142
-0.40999090671539307 0.30788734555244446 0.9300628304481506 95 26 45
-0.257799357175827 0.10427870601415634 0.8016428351402283 168 120 136
-0.32161659002304077 0.18825028836727142 0.855330765247345 191 136 152
-0.3756280243396759 0.2515029311180115 0.9032869935035706 63 30 46
-0.3195601999759674 0.16138222813606262 0.8595611453056335 72 32 43
-0.3075162470340729 0.14635439217090607 0.8480791449546814 73 18 27
-0.3075162470340729 0.14635439217090607 0.8480791449546814 73 18 27
-0.28552889823913574 0.13181069493293762 0.8226102590560913 98 15 33
-0.4093322157859802 0.29723721742630005 0.9254064559936523 188 133 149
-0.18179862201213837 -0.003179000224918127 0.7335147261619568 88 23 40
-0.25047293305397034 0.07459788024425507 0.7915598154067993 174 121 137
-0.2345239371061325 0.05289195105433464 0.7776837944984436 181 141 157
-0.30687248706817627 0.11606702208518982 0.8483949899673462 146 121 128
-0.4294026494026184 0.31510335206985474 0.9383341670036316 173 130 143
-0.19327640533447266 -0.008626569993793964 0.7447826862335205 164 110 123
-0.3197004795074463 0.17550963163375854 0.8436034917831421 98 12 37
-0.3197004795074463 0.17550963163375854 0.8436034917831421 98 12 37
-0.21030299365520477 0.014902979135513306 0.7572953104972839 75 30 42
-0.23644880950450897 0.025828978046774864 0.7856976985931396 151 115 125
-0.27559801936149597 0.11033709347248077 0.8076974749565125 146 121 128
-0.43362367153167725 0.3073749542236328 0.9410706758499146 175 143 151
-0.3023880124092102 0.1389663964509964 0.8299132585525513 160 99 110
-0.43491411209106445 0.3134366273880005 0.9387961626052856 93 63 71
-0.43491411209106445 0.3134366273880005 0.9387961626052856 93 63 71
-0.337327778339386 0.18588469922542572 0.854647159576416 187 139 153
-0.39301472902297974 0.27224037051200867 0.8955954313278198 107 9 32
-0.30211594700813293 0.13910982012748718 0.8242191672325134 130 75 83
-0.431315541267395 0.29867324233055115 0.9325725436210632 96 67 74
-0.2314128279685974 0.041207827627658844 0.7646991610527039 98 15 35
-0.21900220215320587 0.023126576095819473 0.7549572587013245 78 42 52
-0.2210863083600998 0.031206456944346428 0.7545908689498901 170 117 127
-0.19362454116344452 -0.0008395557524636388 0.7291868329048157 96 13 31
-0.38158097863197327 0.23351091146469116 0.8878756165504456 180 139 149
-0.435611367225647 0.3025478720664978 0.9319181442260742 169 136 147
-0.38664692640304565 0.24433951079845428 0.8893112540245056 167 156 164
-0.3418557047843933 0.17424079775810242 0.8557690382003784 97 20 46
-0.46987879276275635 0.3287715017795563 0.9625148773193359 104 20 33
-0.20855991542339325 0.011121323332190514 0.7377195954322815 77 25 37
-0.20855991542339325 0.011121323332190514 0.7377195954322815 77 25 37
-0.2454586923122406 0.04872908443212509 0.7707138657569885 173 131 147
-0.4556429088115692 0.31474703550338745 0.9442907571792603 155 120 131
-0.294916033744812 0.11146379262208939 0.8099532127380371 76 15 33
-0.294916033744812 0.11146379262208939 0.8099532127380371 76 15 33
-0.19402562081813812 -0.02681809477508068 0.7264187335968018 169 127 139
-0.20189425349235535 -0.013390055857598782 0.7316427826881409 170 116 127
-0.3634061813354492 0.18552637100219727 0.8639540672302246 185 149 163
-0.38140377402305603 0.20920586585998535 0.8785280585289001 189 131 147
-0.38140377402305603 0.20920586585998535 0.8785280585289001 189 131 147
-0.4141499102115631 0.24903851747512817 0.9014802575111389 73 25 46
-0.4141499102115631 0.24903851747512817 0.9014802575111389 73 25 46
-0.3182860314846039 0.1423783302307129 0.8175323605537415 164 124 135
-0.282975435256958 0.07049951702356339 0.7948301434516907 181 129 142
-0.2611328363418579 0.04685160517692566 0.7751994132995605 178 133 150
-0.22764039039611816 0.007780745159834623 0.7429245710372925 74 10 24
-0.3060396611690521 0.10617003589868546 0.8073251843452454 58 33 40
-0.37301257252693176 0.1921793520450592 0.861670732498169 83 39 54
-0.37301257252693176 0.1921793520450592 0.861670732498169 83 39 54
-0.2066911906003952 -0.021314965561032295 0.7250175476074219 69 31 38
-0.2066911906003952 -0.021314965561032295 0.7250175476074219 69 31 38
-0.4453108310699463 0.28018978238105774 0.9196362495422363 184 116 133
-0.336524099111557 0.15003909170627594 0.8279687762260437 165 138 145
-0.35507628321647644 0.1683524250984192 0.842764139175415 96 18 42
-0.3465208411216736 0.1520589292049408 0.8370399475097656 154 128 135
-0.3614627718925476 0.18030303716659546 0.8449169397354126 111 69 83
-0.462382972240448 0.2970806658267975 0.9287028312683105 79 47 58
-0.462382972240448 0.2970806658267975 0.9287028312683105 79 47 58
-0.21454058587551117 -0.008750610053539276 0.7234523296356201 93 18 35
-0.4362650215625763 0.2583004832267761 0.9077667593955994 74 21 31
-0.4362650215625763 0.2583004832267761 0.9077667593955994 74 21 31
-0.4093780517578125 0.22996175289154053 0.8834167718887329 168 130 143
-0.4093780517578125 0.22996175289154053 0.8834167718887329 168 130 143
-0.314639687538147 0.10199592262506485 0.8082634806632996 103 70 81
-0.23620501160621643 0.00928208976984024 0.7415614128112793 189 145 158
-0.21417713165283203 -0.019377347081899643 0.7222811579704285 129 85 92
-0.4750903248786926 0.3087826669216156 0.9341297745704651 167 135 146
-0.4012065827846527 0.23659177124500275 0.8671507239341736 118 86 99
-0.34285345673561096 0.14127464592456818 0.8266461491584778 166 117 131
-0.3144407570362091 0.10352619737386703 0.8015695214271545 157 132 138
-0.3144407570362091 0.10352619737386703 0.8015695214271545 157 132 138
-0.26453638076782227 0.042425934225320816 0.7587674260139465 171 130 148
-0.441784143447876 0.25620731711387634 0.9021669626235962 174 117 128
-0.4750893712043762 0.28247320652008057 0.9336318373680115 170 96 114
-0.475503534078598 0.2964056134223938 0.9265487790107727 151 116 123
-0.28529638051986694 0.05349919572472572 0.7745261192321777 84 26 44
-0.2768912613391876 0.032094746828079224 0.767423152923584 93 19 36
-0.22748129069805145 -0.024055447429418564 0.7257656455039978 90 20 31
-0.48805779218673706 0.3067367672920227 0.9322721362113953 168 133 140
-0.24017708003520966 -0.007949025370180607 0.7340297698974609 107 7 28
-0.31538403034210205 0.09284388273954391 0.791896402835846 180 129 144
-0.37370648980140686 0.14056329429149628 0.8436203598976135 84 48 58
-0.37370648980140686 0.14056329429149628 0.8436203598976135 84 48 58
-0.2760944068431854 0.023409752175211906 0.7627963423728943 171 121 130
-0.3127858638763428 0.06479353457689285 0.7896183729171753 161 131 139
-0.36985284090042114 0.12522046267986298 0.8373837471008301 99 15 30
-0.47446244955062866 0.25484684109687805 0.9157278537750244 179 140 146
-0.34064188599586487 0.10334112495183945 0.8047173023223877 80 19 34
-0.3160099685192108 0.059301093220710754 0.7884458899497986 76 40 48
-0.3160099685192108 0.059301093220710754 0.7884458899497986 76 40 48
-0.4584237337112427 0.24020151793956757 0.8983319401741028 183 150 161
-0.39330658316612244 0.1629796326160431 0.8435060977935791 100 17 35
-0.39330658316612244 0.1629796326160431 0.8435060977935791 100 17 35
-0.4423764944076538 0.21261955797672272 0.8855183124542236 99 18 37
-0.2960902750492096 0.048257507383823395 0.7635746598243713 150 131 137
-0.5084162950515747 0.29082220792770386 0.9366929531097412 94 11 31
-0.5084162950515747 0.29082220792770386 0.9366929531097412 94 11 31
-0.4613643288612366 0.23347145318984985 0.8989293575286865 71 38 49
-0.23383043706417084 -0.014854783192276955 0.7072924375534058 100 11 33
-0.48118215799331665 0.2597891390323639 0.9099815487861633 105 17 39
-0.3947448432445526 0.15053202211856842 0.8422425389289856 160 125 136
-0.39162829518318176 0.14367106556892395 0.8401879668235779 165 132 143
-0.43732908368110657 0.20019303262233734 0.8757411241531372 185 131 145
-0.3381885886192322 0.08974802494049072 0.7935865521430969 187 129 144
-0.42345765233039856 0.17631752789020538 0.8653654456138611 187 139 155
-0.23331359028816223 -0.030492255464196205 0.7069185376167297 117 96 102
-0.23331359028816223 -0.030492255464196205 0.7069185376167297 117 96 102
-0.4118945896625519 0.15526114404201508 0.8556087017059326 187 129 139
-0.49332964420318604 0.2766343355178833 0.913030207157135 87 31 40
-0.5240083932876587 0.3030420243740082 0.9396721124649048 192 146 154
-0.3062586784362793 0.027462627738714218 0.7710924744606018 104 12 33
-0.48546338081359863 0.2688852548599243 0.904516339302063 200 144 153
-0.48546338081359863 0.2688852548599243 0.904516339302063 200 144 153
-0.3686823546886444 0.13163182139396667 0.8099682331085205 173 140 151
-0.4757147431373596 0.2358636111021042 0.9016097187995911 176 145 156
-0.46480560302734375 0.22262108325958252 0.8924149870872498 194 147 154
-0.42960506677627563 0.1662779152393341 0.8682743906974792 102 19 39
-0.4835323691368103 0.2492142915725708 0.9052145481109619 177 130 136
-0.33513736724853516 0.05394236743450165 0.7918504476547241 180 145 153
-0.33513736724853516 0.05394236743450165 0.7918504476547241 180 145 153
-0.23255448043346405 -0.05039616674184799 0.704179048538208 103 10 31
-0.43884244561195374 0.18628354370594025 0.8703829050064087 170 147 151
-0.43884244561195374 0.18628354370594025 0.8703829050064087 170 147 151
-0.4676876962184906 0.2268201857805252 0.8884043097496033 75 50 56
-0.47908565402030945 0.240692138671875 0.8966595530509949 68 39 47
-0.47961798310279846 0.23450344800949097 0.8972620368003845 179 148 156
-0.46741047501564026 0.2201361209154129 0.8873581886291504 191 142 148
-0.536903977394104 0.29585909843444824 0.9435250759124756 91 8 30
-0.4049302339553833 0.14278802275657654 0.8380607962608337 162 126 138
-0.23636522889137268 -0.06433535367250443 0.7060670256614685 158 116 128
-0.45184123516082764 0.19616881012916565 0.8745657205581665 180 137 146
-0.3646077513694763 0.06083761155605316 0.8150691390037537 170 130 139
-0.36075422167778015 0.07806948572397232 0.8037917017936707 201 128 141
-0.28012844920158386 -0.012300948612391949 0.738586962223053 96 13 29
-0.4344397485256195 0.17162130773067474 0.8594430088996887 194 141 154
-0.4225335717201233 0.13638019561767578 0.8554843068122864 172 119 137
-0.5187113285064697 0.2664298415184021 0.925079345703125 99 15 34
-0.5187113285064697 0.2664298415184021 0.925079345703125 99 15 34
-0.4737129509449005 0.22051119804382324 0.8859050273895264 103 34 47
-0.5062958002090454 0.24732965230941772 0.9119388461112976 180 128 136
-0.49667730927467346 0.23115947842597961 0.9056128263473511 198 143 159
-0.2683742642402649 -0.03523566573858261 0.7245813608169556 86 61 72
-0.4433934688568115 0.17195932567119598 0.8614322543144226 69 15 29
-0.31481173634529114 0.02392420545220375 0.7576950192451477 100 19 38
-0.4158344864845276 0.13967575132846832 0.8372193574905396 84 19 41
-0.2408469021320343 -0.07299730181694031 0.7019491195678711 178 136 148
-0.46682146191596985 0.19543686509132385 0.8772467970848083 193 131 142
-0.30589646100997925 0.004903836641460657 0.7514280080795288 152 122 130
-0.49760791659355164 0.23317623138427734 0.8939136862754822 76 9 27
-0.40500393509864807 0.10272945463657379 0.828349769115448 190 135 148
-0.3394485414028168 0.03229315206408501 0.7731795310974121 181 134 152
-0.2877846360206604 -0.036337509751319885 0.7349057793617249 74 48 57
-0.4312899112701416 0.14247950911521912 0.842806339263916 110 60 77
-0.3251055181026459 -0.00161540019325912 0.7648555040359497 184 127 143
-0.3251055181026459 -0.00161540019325912 0.7648555040359497 184 127 143
-0.2541159689426422 -0.0744202509522438 0.7066366672515869 77 20 37
-0.2541159689426422 -0.0744202509522438 0.7066366672515869 77 20 37
-0.5556098222732544 0.2743433117866516 0.9383385181427002 86 28 42
-0.3708546459674835 0.05325588211417198 0.7960154414176941 177 129 141
-0.5930861830711365 0.31256723403930664 0.9679544568061829 104 16 28
-0.48546740412712097 0.1937878280878067 0.8807308673858643 199 130 141
-0.33117255568504333 0.00556265888735652 0.7634247541427612 89 20 41
-0.2973712682723999 -0.04370354488492012 0.7397341728210449 173 122 139
-0.3585500419139862 0.019981849938631058 0.7888694405555725 99 20 39
-0.4650062322616577 0.1673162430524826 0.8634961247444153 188 147 155
-0.5188864469528198 0.22459231317043304 0.9061337113380432 61 23 30
-0.5188864469528198 0.22459231317043304 0.9061337113380432 61 23 30
-0.5627478957176208 0.295343816280365 0.9322969317436218 181 133 147
-0.579117476940155 0.3053830564022064 0.9474850296974182 77 2 13
-0.579117476940155 0.3053830564022064 0.9474850296974182 77 2 13
-0.5457027554512024 0.2834145128726959 0.9158594012260437 171 144 149
-0.37885770201683044 0.04185095801949501 0.8005267977714539 142 125 133
-0.37885770201683044 0.04185095801949501 0.8005267977714539 142 125 133
-0.5311189889907837 0.24697643518447876 0.9074588418006897 88 22 32
-0.4465189576148987 0.1351567804813385 0.8462417721748352 156 120 130
-0.41083595156669617 0.0901714637875557 0.8195891380310059 61 40 47
-0.5531126260757446 0.2615303695201874 0.9249589443206787 109 13 34
-0.5531126260757446 0.2615303695201874 0.9249589443206787 109 13 34
-0.474569171667099 0.1664648801088333 0.8655359148979187 76 40 50
-0.474569171667099 0.1664648801088333 0.8655359148979187 76 40 50
-0.46920621395111084 0.14758263528347015 0.8651252388954163 168 125 135
-0.26355212926864624 -0.08074983954429626 0.7041475772857666 123 90 101
-0.5307409167289734 0.22616735100746155 0.908494770526886 173 140 149
-0.5307409167289734 0.22616735100746155 0.908494770526886 173 140 149
-0.5597898960113525 0.24915580451488495 0.9324939250946045 181 121 129
-0.5236977338790894 0.23046399652957916 0.8966065645217896 125 92 101
-0.5236977338790894 0.23046399652957916 0.8966065645217896 125 92 101
-0.4816240668296814 0.14584878087043762 0.8732137084007263 142 106 116
-0.5142341256141663 0.17958931624889374 0.8987265229225159 166 130 140
-0.3191252648830414 -0.006998368073254824 0.7363892793655396 174 128 141
-0.41320425271987915 0.07108834385871887 0.8153457045555115 194 111 127
-0.5832425355911255 0.28692013025283813 0.9370150566101074 71 46 50
-0.598137617111206 0.2757842242717743 0.9566179513931274 100 23 40
-0.32292333245277405 -0.03265693038702011 0.7442758679389954 178 112 124
-0.47441577911376953 0.14488069713115692 0.8583999872207642 165 127 137
-0.3721122145652771 0.026241067796945572 0.7801052927970886 180 130 149
-0.5102477073669434 0.20466919243335724 0.8783025145530701 102 16 35
-0.5925773978233337 0.2790991961956024 0.9463123083114624 170 132 134
-0.6088557243347168 0.29814863204956055 0.9578048586845398 176 129 136
-0.30139848589897156 -0.05458732694387436 0.7209213376045227 108 29 47
-0.40455952286720276 0.049910254776477814 0.8019508123397827 180 123 136
-0.6055901050567627 0.2932293117046356 0.9495403170585632 187 133 142
-0.6055901050567627 0.2932293117046356 0.9495403170585632 187 133 142
-0.5382965207099915 0.19438545405864716 0.9041482210159302 176 112 126
-0.49099797010421753 0.1481975018978119 0.8644062876701355 100 19 38
-0.470625102519989 0.13332206010818481 0.8461079001426697 89 19 38
-0.470625102519989 0.13332206010818481 0.8461079001426697 89 19 38
-0.38926389813423157 0.042461514472961426 0.7838412523269653 187 151 157
-0.30803990364074707 -0.05827946588397026 0.7225860953330994 166 93 112
-0.436933308839798 0.07836072891950607 0.8228158950805664 182 140 154
-0.5983788967132568 0.28155988454818726 0.9388788938522339 90 25 37
-0.5248584747314453 0.17737983167171478 0.889164924621582 167 115 131
-0.5248584747314453 0.17737983167171478 0.889164924621582 167 115 131
-0.5697392821311951 0.23762483894824982 0.9201904535293579 143 108 115
-0.6036840677261353 0.29191145300865173 0.9402441382408142 183 116 129
-0.41940101981163025 0.04899086058139801 0.808673620223999 90 33 46
-0.41940101981163025 0.04899086058139801 0.808673620223999 90 33 46
-0.5921867489814758 0.24520067870616913 0.9385030269622803 160 103 109
-0.39552000164985657 0.02549659088253975 0.7892507314682007 178 144 158
-0.39552000164985657 0.02549659088253975 0.7892507314682007 178 144 158
-0.5780636072158813 0.22516430914402008 0.9267545938491821 180 145 152
-0.3268492817878723 -0.046416349709033966 0.7334738969802856 166 130 142
-0.3271559178829193 -0.07219468057155609 0.7406417727470398 97 37 53
-0.32335197925567627 -0.0845218226313591 0.7391850352287292 149 123 129
-0.5061720013618469 0.1262454092502594 0.8746647834777832 177 119 125
-0.5845996737480164 0.23163244128227234 0.9280737042427063 70 36 43
-0.5845996737480164 0.23163244128227234 0.9280737042427063 70 36 43
-0.5854925513267517 0.2388129085302353 0.9262971878051758 62 27 34
-0.5854925513267517 0.2388129085302353 0.9262971878051758 62 27 34
-0.32720911502838135 -0.052833981812000275 0.73142409324646 174 138 150
-0.3937731385231018 -0.023949161171913147 0.7944686412811279 103 17 38
-0.46214908361434937 0.07669984549283981 0.8351972699165344 177 118 138
-0.32214149832725525 -0.07888517528772354 0.7294700741767883 172 138 145
-0.6042693257331848 0.22829419374465942 0.9406010508537292 161 122 130
-0.4081055819988251 0.02181883342564106 0.7875710129737854 178 142 154
-0.35401806235313416 -0.05492153763771057 0.7516679167747498 168 134 148
-0.5934815406799316 0.23854605853557587 0.9230044484138489 172 111 122
-0.5396871566772461 0.16596552729606628 0.8859490752220154 79 39 50
-0.5302436947822571 0.19495214521884918 0.8667723536491394 111 13 36
-0.5302436947822571 0.19495214521884918 0.8667723536491394 111 13 36
-0.6135010719299316 0.22660405933856964 0.9464559555053711 181 129 141
-0.47708749771118164 0.08295422047376633 0.8396252989768982 184 148 160
-0.47708749771118164 0.08295422047376633 0.8396252989768982 184 148 160
-0.36660394072532654 -0.04250498116016388 0.7573752999305725 88 48 59
-0.43600019812583923 0.010494302958250046 0.8118066191673279 114 20 44
-0.5718240737915039 0.18492279946804047 0.9046127200126648 72 20 27
-0.5718240737915039 0.18492279946804047 0.9046127200126648 72 20 27
-0.5577812790870667 0.16118812561035156 0.8955662250518799 196 151 161
-0.5231353044509888 0.11871413886547089 0.8678762316703796 81 31 40
-0.49843472242355347 0.09164167940616608 0.84870845079422 95 41 47
-0.5278960466384888 0.11428236961364746 0.8730597496032715 91 28 41
-0.49796441197395325 0.07446147501468658 0.851821780204773 177 147 159
-0.40490028262138367 -0.01637043058872223 0.7794127464294434 176 134 144
-0.3094930946826935 -0.12176738679409027 0.7070999145507812 178 123 137
-0.28334295749664307 -0.13546346127986908 0.6831642389297485 167 122 137
-0.3709201216697693 -0.058591969311237335 0.7516654133796692 158 124 138
-0.3859488368034363 -0.0391261912882328 0.7614646553993225 82 15 27
-0.5512071251869202 0.13197819888591766 0.8858249187469482 67 29 36
-0.5512071251869202 0.13197819888591766 0.8858249187469482 67 29 36
-0.5481634140014648 0.12659189105033875 0.8839145302772522 76 51 54
-0.5481634140014648 0.12659189105033875 0.8839145302772522 76 51 54
-0.629250168800354 0.2353544682264328 0.9379578828811646 149 99 108
-0.629250168800354 0.2353544682264328 0.9379578828811646 149 99 108
-0.3433031439781189 -0.08589991182088852 0.7283554673194885 148 98 104
-0.5609598159790039 0.25081899762153625 0.8600766062736511 107 17 27
-0.34573623538017273 -0.09817978739738464 0.73331218957901 152 107 120
-0.34573623538017273 -0.09817978739738464 0.73331218957901 152 107 120
-0.508132815361023 0.08864143490791321 0.8504346609115601 185 134 139
-0.5566428303718567 0.13759833574295044 0.8872742056846619 192 128 144
-0.3394404649734497 -0.09806779026985168 0.7261341214179993 152 107 120
-0.3394404649734497 -0.09806779026985168 0.7261341214179993 152 107 120
-0.5693525075912476 0.1572130173444748 0.8936135768890381 197 123 140
-0.6271184682846069 0.2137308418750763 0.9377310872077942 83 20 31
-0.5919280648231506 0.18440347909927368 0.9088192582130432 192 138 146
-0.4221409857273102 -0.023509614169597626 0.7894803285598755 85 25 41
-0.46071988344192505 0.02790115959942341 0.8137567043304443 178 145 154
-0.46071988344192505 0.02790115959942341 0.8137567043304443 178 145 154
-0.30687347054481506 -0.13096168637275696 0.6977507472038269 158 130 135
-0.47838589549064636 0.033876173198223114 0.825934112071991 89 53 59
-0.4676637351512909 0.015415551140904427 0.8198389410972595 185 133 143
-0.45418432354927063 0.020686423406004906 0.8036723136901855 94 61 70
-0.327487051486969 -0.13443703949451447 0.7151273488998413 141 114 118
-0.6033289432525635 0.1510649174451828 0.9212744235992432 108 14 40
-0.6130369305610657 0.17433643341064453 0.9229740500450134 100 20 41
-0.31854280829429626 -0.11391904205083847 0.697608470916748 99 16 34
-0.31854280829429626 -0.11391904205083847 0.697608470916748 99 16 34
-0.3990430533885956 -0.04617465287446976 0.7618033289909363 181 123 130
-0.3814390003681183 -0.06259455531835556 0.7480189204216003 163 125 136
-0.3814390003681183 -0.06259455531835556 0.7480189204216003 163 125 136
-0.4211530089378357 -0.033957917243242264 0.780380129814148 107 14 32
-0.4211530089378357 -0.033957917243242264 0.780380129814148 107 14 32
-0.5894388556480408 0.13639429211616516 0.9043387174606323 183 113 132
-0.48947152495384216 0.05165997892618179 0.8213639855384827 107 15 36
-0.48312628269195557 -0.012716542929410934 0.8324611783027649 120 100 102
-0.35877668857574463 -0.10433198511600494 0.7295835018157959 173 138 145
-0.5556042194366455 0.10036911815404892 0.8746429085731506 106 16 34
-0.37526148557662964 -0.10007762163877487 0.7427024841308594 95 60 67
-0.6657754778862 0.18853148818016052 0.9596401453018188 179 118 125
-0.47785428166389465 0.00652355095371604 0.8167502284049988 98 20 36
-0.5549838542938232 0.0812564417719841 0.8750563859939575 90 60 70
-0.5549838542938232 0.0812564417719841 0.8750563859939575 90 60 70
-0.436063289642334 -0.05674762278795242 0.7909648418426514 179 147 158
-0.621208131313324 0.16740159690380096 0.9180247187614441 194 142 154
-0.6120653748512268 0.15344040095806122 0.9117059111595154 198 136 152
-0.6120653748512268 0.15344040095806122 0.9117059111595154 198 136 152
-0.5054595470428467 0.029870303347706795 0.8365688920021057 89 19 39
-0.3711526393890381 -0.11011647433042526 0.7367275357246399 102 22 40
-0.648581862449646 0.177239328622818 0.9382341504096985 69 25 35
-0.648581862449646 0.177239328622818 0.9382341504096985 69 25 35
-0.5840278267860413 0.11372530460357666 0.8878413438796997 168 127 136
-0.6274052858352661 0.17564710974693298 0.9138425588607788 88 45 55
-0.38463094830513 -0.10681706666946411 0.7430537343025208 165 125 136
-0.41787484288215637 -0.0671776607632637 0.7636533975601196 179 136 143
-0.46464860439300537 -0.025877606123685837 0.7994608879089355 187 130 144
-0.3710697293281555 -0.12154632806777954 0.730722188949585 104 15 33
-0.3710697293281555 -0.12154632806777954 0.730722188949585 104 15 33
-0.6006581783294678 0.12028013169765472 0.8968367576599121 132 103 108
-0.33965805172920227 -0.14452727138996124 0.7050188779830933 183 123 139
-0.4836392104625702 -0.009026321582496166 0.8133464455604553 179 131 141
-0.43787267804145813 -0.07406742125749588 0.7844746708869934 94 37 46
-0.5655930638313293 0.07439902424812317 0.8684056401252747 101 18 44
-0.5821899771690369 0.05900124832987785 0.8888888359069824 103 28 43
-0.48879098892211914 -0.01891685463488102 0.8152213096618652 86 21 37
-0.45994237065315247 -0.044604744762182236 0.793112576007843 171 95 108
-0.6043201684951782 0.1087382584810257 0.8960179686546326 95 40 54
-0.6620878577232361 0.16046030819416046 0.9393219351768494 59 20 29
-0.5231308341026306 0.014303144998848438 0.8391866087913513 194 146 158
-0.4824468493461609 -0.034198153764009476 0.8110074996948242 99 20 41
-0.501530110836029 -0.003753627883270383 0.8207051753997803 92 20 32
-0.593429446220398 0.08540288358926773 0.8875479698181152 101 18 34
-0.6459183096885681 0.15020053088665009 0.9221459627151489 199 148 161
-0.6231945753097534 0.1118883490562439 0.9084547758102417 169 122 133
-0.34147998690605164 -0.14810161292552948 0.6957169771194458 174 133 143
-0.539377748966217 0.03285767510533333 0.8438886404037476 189 134 143
-0.3734032213687897 -0.1445126235485077 0.7252358198165894 117 89 98
-0.6689204573631287 0.15876847505569458 0.9381476640701294 177 137 148
-0.33875155448913574 -0.1746443510055542 0.6983412504196167 79 19 31
-0.6548120379447937 0.14107345044612885 0.9267265796661377 96 19 41
-0.6548120379447937 0.14107345044612885 0.9267265796661377 96 19 41
-0.5404068231582642 0.019030572846531868 0.8453929424285889 95 23 45
-0.6124169826507568 0.09000781923532486 0.8979294896125793 183 107 120
-0.5292426347732544 0.005093388259410858 0.8376531600952148 193 143 149
-0.5292426347732544 0.005093388259410858 0.8376531600952148 193 143 149
-0.508272647857666 -0.014327369630336761 0.8217118382453918 173 124 132
-0.40264901518821716 -0.11135785281658173 0.7424007654190063 181 127 141
-0.4563823938369751 -0.0632496252655983 0.7828747034072876 89 22 40
-0.6850380301475525 0.16576313972473145 0.9484286308288574 151 109 119
-0.6850380301475525 0.16576313972473145 0.9484286308288574 151 109 119
-0.5989591479301453 0.06302046030759811 0.8898588418960571 99 51 61
-0.3756673038005829 -0.13819216191768646 0.7207662463188171 164 114 123
-0.6175440549850464 0.0722009614109993 0.9027469158172607 163 123 134
-0.520782470703125 -0.01994614116847515 0.8289648294448853 94 63 65
-0.4875876009464264 -0.05767770856618881 0.8060466051101685 163 115 127
-0.3935033082962036 -0.14642482995986938 0.7351520657539368 158 130 139
-0.6823827028274536 0.1377347707748413 0.9445175528526306 99 23 41
-0.6823827028274536 0.1377347707748413 0.9445175528526306 99 23 41
-0.44306233525276184 -0.08832889050245285 0.7672823071479797 106 15 33
-0.4379243552684784 -0.10720976442098618 0.767316460609436 76 22 36
-0.4379243552684784 -0.10720976442098618 0.767316460609436 76 22 36
-0.5392441153526306 -0.014753233641386032 0.8416905999183655 163 114 123
-0.5197752714157104 -0.04567865654826164 0.830414354801178 105 14 31
-0.5197752714157104 -0.04567865654826164 0.830414354801178 105 14 31
-0.5479300618171692 0.005495882593095303 0.8421345949172974 89 16 31
-0.4301546514034271 -0.13476808369159698 0.7588104605674744 183 108 125
-0.4301546514034271 -0.13476808369159698 0.7588104605674744 183 108 125
-0.5387492775917053 -0.0275805052369833 0.8361722826957703 95 26 47
-0.4909083843231201 -0.07079946994781494 0.7995017170906067 118 93 97
-0.4909083843231201 -0.07079946994781494 0.7995017170906067 118 93 97
-0.48742544651031494 -0.08147471398115158 0.7962427735328674 106 55 67
-0.6318244338035583 0.058288443833589554 0.8993015885353088 198 139 151
-0.4600638449192047 -0.11393198370933533 0.7771826386451721 124 88 98
-0.48434749245643616 -0.07722697407007217 0.7896667122840881 168 132 139
-0.3851533532142639 -0.18537043035030365 0.7177432179450989 197 137 149
-0.647098183631897 0.12488460540771484 0.8884821534156799 103 26 44
-0.647098183631897 0.12488460540771484 0.8884821534156799 103 26 44
-0.6722909808158875 0.1105135977268219 0.9155877232551575 169 138 146
-0.5600045323371887 -0.04746848717331886 0.8459960222244263 181 117 128
-0.5600045323371887 -0.04746848717331886 0.8459960222244263 181 117 128
-0.6121026873588562 0.019416384398937225 0.877321720123291 95 63 74
-0.6837159395217896 0.019763804972171783 0.9456179738044739 162 130 141
-0.583292543888092 -0.031302310526371 0.8605000972747803 93 55 66
-0.4946051836013794 -0.09641075879335403 0.7912471890449524 108 15 33
-0.4946051836013794 -0.09641075879335403 0.7912471890449524 108 15 33
-0.5407838225364685 -0.08223957568407059 0.8309932351112366 185 148 158
-0.5736918449401855 -0.045354705303907394 0.8515723943710327 84 36 46
-0.5712570548057556 -0.03388058394193649 0.845969021320343 136 98 109
-0.6414541006088257 0.02467176504433155 0.897479236125946 184 153 159
-0.6735600829124451 0.04156388342380524 0.9213528633117676 80 12 27
-0.4073740541934967 -0.1894773691892624 0.7260767221450806 180 119 132
-0.5840906500816345 -0.04960206151008606 0.8560630083084106 169 106 117
-0.6045796871185303 -0.0584622323513031 0.8774449229240417 107 18 38
-0.6239850521087646 -0.018696973100304604 0.8844744563102722 104 20 36
-0.6677201390266418 0.014461809769272804 0.917411208152771 166 134 145
-0.41598716378211975 -0.19108912348747253 0.729185163974762 90 28 41
-0.5825267434120178 -0.07189260423183441 0.8561715483665466 164 112 125
-0.46553727984428406 -0.16329018771648407 0.7681194543838501 115 75 86
-0.5257828235626221 -0.11314211785793304 0.8109657168388367 159 120 129
-0.6643834710121155 0.020746521651744843 0.9059984683990479 188 128 146
-0.5927311778068542 -0.08251918852329254 0.860019326210022 130 103 110
-0.4268483519554138 -0.21705976128578186 0.7370579838752747 186 144 156
-0.6992255449295044 -0.004451895132660866 0.9396916627883911 98 24 43
-0.6408987641334534 -0.03789472579956055 0.8925164937973022 83 32 47
-0.6408987641334534 -0.03789472579956055 0.8925164937973022 83 32 47
-0.5289428234100342 -0.12441591918468475 0.8086167573928833 180 144 154
-0.5695960521697998 -0.11107280850410461 0.843582034111023 89 11 24
-0.49639755487442017 -0.17011649906635284 0.7893599271774292 168 126 140
-0.6279802322387695 -0.04698432609438896 0.8812194466590881 78 27 42
-0.6887304782867432 0.015004119835793972 0.9224262833595276 167 119 133
-0.4691935181617737 -0.18593677878379822 0.7660878300666809 109 15 41
-0.4859394133090973 -0.1724887192249298 0.7780948877334595 168 126 140
-0.6815178990364075 -0.016838623210787773 0.9177203178405762 110 14 34
-0.626669704914093 -0.05582438409328461 0.8755406737327576 153 92 102
-0.6259493231773376 -0.07037129253149033 0.8781324028968811 146 88 103
-0.6634926795959473 -0.03252292051911354 0.9030221700668335 171 113 123
-0.5899211168289185 -0.11209471523761749 0.8533614873886108 193 113 127
-0.5671420693397522 -0.1278521716594696 0.8357486724853516 168 137 144
-0.6037730574607849 -0.09305998682975769 0.8604244589805603 189 139 154
-0.5829036831855774 -0.12027869373559952 0.8471192717552185 172 122 135
-0.4579279124736786 -0.22320160269737244 0.752281904220581 195 155 164
-0.5862956643104553 -0.05023384094238281 0.8254024982452393 189 153 163
-0.5021489262580872 -0.22022531926631927 0.7917160987854004 165 139 148
-0.6181801557540894 -0.11792945861816406 0.8716907501220703 101 19 33
-0.5670102834701538 -0.16797661781311035 0.8306819796562195 178 125 135
-0.5322089791297913 -0.18933595716953278 0.8009540438652039 93 33 49
-0.5438888072967529 -0.17824795842170715 0.8052697777748108 161 123 134
-0.7053466439247131 -0.055484723299741745 0.9217329025268555 184 134 145
-0.5027374029159546 -0.23778004944324493 0.780959963798523 93 26 44
-0.5710585713386536 -0.1985083967447281 0.8302118182182312 148 82 102
-0.5152280926704407 -0.23612390458583832 0.7856701016426086 193 143 156
-0.5416209101676941 -0.22555787861347198 0.8067366480827332 199 154 170
-0.5525761246681213 -0.2332945168018341 0.8118922710418701 98 41 60
-0.5525761246681213 -0.2332945168018341 0.8118922710418701 98 41 60
-0.6670893430709839 -0.13515250384807587 0.8884794116020203 72 4 17
-0.6928890943527222 -0.16077390313148499 0.9069034457206726 93 39 55
-0.6327667236328125 -0.19329231977462769 0.85992431640625 175 148 153
-0.6327667236328125 -0.19329231977462769 0.85992431640625 175 148 153
-0.614561140537262 -0.22868412733078003 0.8494694828987122 171 144 151
-0.6426793336868286 -0.236976757645607 0.8709018230438232 94 43 56
-0.6426793336868286 -0.236976757645607 0.8709018230438232 94 43 56
-0.6865978837013245 -0.24175459146499634 0.8968192934989929 166 111 125
-0.37303444743156433 0.5242691040039062 0.8803154230117798 136 131 125
-0.34045282006263733 0.5446998476982117 0.7894577383995056 67 25 31
-0.3570365607738495 0.5598583817481995 0.7551895976066589 114 71 79
-0.45394930243492126 0.5627681612968445 0.8411155343055725 162 110 122
-0.41714611649513245 0.5042954087257385 0.801298975944519 123 94 98
-0.41714611649513245 0.5042954087257385 0.801298975944519 123 94 98
-0.4306189715862274 0.5586338043212891 0.7911804914474487 146 125 122
-0.5166869759559631 0.4761630594730377 0.9221715927124023 149 127 130
-0.6607755422592163 0.21256549656391144 0.925969660282135 124 79 86
-0.602260172367096 0.1307704597711563 0.8237540125846863 156 125 125
-0.0681840181350708 -0.037915900349617004 0.7562582492828369 151 104 112
-0.058406535536050797 -0.04666025936603546 0.7448030710220337 123 72 79
-0.07449513673782349 -0.020829200744628906 0.755763590335846 164 102 112
-0.12658672034740448 0.07719272375106812 0.7809635996818542 73 12 20
-0.12658672034740448 0.07719272375106812 0.7809635996818542 73 12 20
-0.037838563323020935 -0.10031275451183319 0.7345308661460876 63 18 25
-0.11460908502340317 0.032533254474401474 0.7826753258705139 152 100 105
-0.07788445800542831 -0.03758261352777481 0.7597671151161194 70 27 34
-0.07788445800542831 -0.03758261352777481 0.7597671151161194 70 27 34
-0.09065798670053482 0.007662133779376745 0.7566667199134827 154 115 118
-0.07656538486480713 -0.025089161470532417 0.750572919845581 84 33 40
-0.08742162585258484 -0.03094242513179779 0.7679791450500488 150 122 121
-0.13399310410022736 0.07079728692770004 0.7866570353507996 165 128 132
-0.13399310410022736 0.07079728692770004 0.7866570353507996 165 128 132
-0.10974737256765366 0.037053875625133514 0.766784131526947 68 23 28
-0.10974737256765366 0.037053875625133514 0.766784131526947 68 23 28
-0.13501663506031036 0.08745267987251282 0.7770159244537354 160 96 104
-0.0739060565829277 -0.03223276883363724 0.7440757155418396 148 119 119
-0.234231099486351 0.2684544026851654 0.8318756222724915 145 84 89
-0.08183298259973526 -0.041540686041116714 0.7572548985481262 145 88 101
-0.04207664728164673 -0.08457483351230621 0.7197444438934326 86 10 23
-0.20648333430290222 0.22573097050189972 0.809476912021637 163 108 114
-0.20648333430290222 0.22573097050189972 0.809476912021637 163 108 114
-0.16249442100524902 0.15498888492584229 0.7746158242225647 132 88 90
-0.21100428700447083 0.22829987108707428 0.8092353343963623 93 54 59
-0.12432456761598587 0.057157933712005615 0.7641452550888062 104 7 27
-0.1973971128463745 0.19316785037517548 0.800177276134491 83 21 34
-0.1973971128463745 0.19316785037517548 0.800177276134491 83 21 34
-0.04799636825919151 -0.09390147775411606 0.7211555242538452 154 118 120
-0.12701886892318726 0.03157804161310196 0.7738582491874695 81 14 26
-0.0606914646923542 -0.07783586531877518 0.7278756499290466 129 78 87
-0.22220177948474884 0.23121562600135803 0.8114038705825806 82 26 37
-0.23730725049972534 0.2857091724872589 0.8056409358978271 94 8 20
-0.15601111948490143 0.13256502151489258 0.7608218789100647 97 4 22
-0.12180288136005402 0.04759224131703377 0.750860333442688 138 91 96
-0.12180288136005402 0.04759224131703377 0.750860333442688 138 91 96
-0.24187377095222473 0.271165132522583 0.8151277899742126 154 97 104
-0.08151639252901077 -0.04443028196692467 0.7345142960548401 156 113 123
-0.08283233642578125 -0.035579241812229156 0.7314579486846924 75 40 46
-0.22327183187007904 0.2218751758337021 0.8047721982002258 167 122 127
-0.24900543689727783 0.27053993940353394 0.81845623254776 167 114 120
-0.14499765634536743 0.10651549696922302 0.7481080889701843 170 107 120
-0.22870515286922455 0.2400050163269043 0.8023456335067749 158 113 116
-0.22870515286922455 0.2400050163269043 0.8023456335067749 158 113 116
-0.2518533766269684 0.2764156758785248 0.8161202669143677 119 91 91
-0.25075840950012207 0.20204265415668488 0.8453251123428345 133 94 95
-0.06430675089359283 -0.05429215356707573 0.705781877040863 85 7 23
-0.2261110246181488 0.19465097784996033 0.813334047794342 133 94 95
-0.2261110246181488 0.19465097784996033 0.813334047794342 133 94 95
-0.12883146107196808 0.03796544298529625 0.751030445098877 87 19 32
-0.1820775270462036 0.1973741054534912 0.7508511543273926 93 8 23
-0.1820775270462036 0.1973741054534912 0.7508511543273926 93 8 23
-0.24721471965312958 0.2830815613269806 0.8008350729942322 96 7 18
-0.22437964379787445 0.22500814497470856 0.7945142388343811 79 36 38
-0.08067000657320023 0.011833700351417065 0.6943454742431641 78 4 15
-0.06844905763864517 -0.07395212352275848 0.7129946351051331 158 101 112
-0.1671435385942459 0.13354827463626862 0.7520027160644531 173 96 110
-0.13663962483406067 0.05346115306019783 0.7465161681175232 93 7 20
-0.13663962483406067 0.05346115306019783 0.7465161681175232 93 7 20
-0.2620145380496979 0.28583773970603943 0.8111051917076111 99 7 19
-0.13060212135314941 0.03198370710015297 0.7463397979736328 157 103 113
-0.06927845627069473 -0.09792955219745636 0.7214049100875854 157 121 123
-0.055963002145290375 -0.10654737800359726 0.7073320150375366 68 31 34
-0.055963002145290375 -0.10654737800359726 0.7073320150375366 68 31 34
-0.23523136973381042 0.2610199749469757 0.7854461073875427 162 108 114
-0.08503451198339462 -0.06958361715078354 0.729270875453949 88 42 52
-0.12741228938102722 0.03678450733423233 0.7357293963432312 99 50 56
-0.15388089418411255 0.10266842693090439 0.7413635849952698 168 115 128
-0.08737565577030182 -0.03826900199055672 0.7128397226333618 158 126 129
-0.09260982275009155 -0.028787992894649506 0.7155358195304871 164 124 128
-0.2130305916070938 0.17674894630908966 0.7841771245002747 164 99 113
-0.11231628805398941 0.005899901036173105 0.7241026759147644 143 94 98
-0.11231628805398941 0.005899901036173105 0.7241026759147644 143 94 98
-0.20681893825531006 0.1521281599998474 0.784013569355011 106 72 70
-0.0973898246884346 -0.03408138081431389 0.7201690673828125 98 66 69
-0.22713914513587952 0.22204680740833282 0.7791065573692322 64 25 28
-0.14300423860549927 0.058767952024936676 0.7384891510009766 156 113 120
-0.14300423860549927 0.058767952024936676 0.7384891510009766 156 113 120
-0.32062551379203796 0.38063693046569824 0.8324405550956726 144 133 131
-0.32062551379203796 0.38063693046569824 0.8324405550956726 144 133 131
-0.249163419008255 0.2678219676017761 0.787296712398529 71 16 25
-0.249163419008255 0.2678219676017761 0.787296712398529 71 16 25
-0.04928256571292877 -0.11890138685703278 0.691132128238678 86 9 23
-0.20879675447940826 0.18290850520133972 0.764273464679718 70 24 27
-0.20879675447940826 0.18290850520133972 0.764273464679718 70 24 27
-0.10362125933170319 -0.0364338718354702 0.7219200730323792 150 118 119
-0.15961121022701263 0.030792811885476112 0.7652572989463806 155 101 111
-0.11656948179006577 0.012884531170129776 0.7136685848236084 96 3 22
-0.11087635159492493 -0.0014013188192620873 0.7121983170509338 78 6 26
-0.19747667014598846 0.18528901040554047 0.743819534778595 162 111 114
-0.20586827397346497 0.19283267855644226 0.7504234313964844 94 7 23
-0.14044952392578125 0.06277380138635635 0.7216466069221497 151 136 133
-0.06345165520906448 -0.08886434882879257 0.6868317723274231 90 1 19
-0.1388736367225647 0.04829370230436325 0.7245983481407166 86 8 22
-0.18944643437862396 0.13288098573684692 0.7534851431846619 137 63 75
-0.18944643437862396 0.13288098573684692 0.7534851431846619 137 63 75
-0.2626062035560608 0.26509541273117065 0.7882305383682251 146 112 110
-0.2626062035560608 0.26509541273117065 0.7882305383682251 146 112 110
-0.24227039515972137 0.2403435856103897 0.7705285549163818 104 1 20
-0.17566415667533875 0.10519013553857803 0.7424847483634949 147 103 110
-0.1029042899608612 -0.03275267407298088 0.7076197862625122 153 94 104
-0.20221202075481415 0.1581500619649887 0.7516471743583679 85 10 27
-0.15502840280532837 0.07364221662282944 0.7248971462249756 145 85 95
-0.11085030436515808 -0.018347682431340218 0.7065170407295227 165 104 115
-0.0892271101474762 -0.06637147068977356 0.69915771484375 156 108 114
-0.12038955837488174 -0.009390287101268768 0.7143866419792175 141 114 113
-0.17323161661624908 0.10686860978603363 0.7319102883338928 86 34 44
-0.21522028744220734 0.1756274551153183 0.7558479905128479 79 23 32
-0.10494326055049896 -0.03996656462550163 0.7068157196044922 88 17 33
-0.07438793033361435 -0.10155347734689713 0.69153892993927 143 101 103
-0.1500694453716278 0.038586124777793884 0.7268999218940735 151 93 104
-0.13409578800201416 -0.014574474655091763 0.7291610836982727 84 30 38
-0.06599890440702438 -0.1117829754948616 0.6821492314338684 78 36 40
-0.06599890440702438 -0.1117829754948616 0.6821492314338684 78 36 40
-0.3570348620414734 0.4341927468776703 0.8187411427497864 74 18 29
-0.21250523626804352 0.16550368070602417 0.7462060451507568 170 128 135
-0.21250523626804352 0.16550368070602417 0.7462060451507568 170 128 135
-0.22314199805259705 0.18431006371974945 0.7513471245765686 163 96 107
-0.19503842294216156 0.11173384636640549 0.7460612058639526 169 115 125
-0.19061847031116486 0.13271160423755646 0.7305766344070435 152 98 105
-0.3505260646343231 0.4290584623813629 0.8074597716331482 86 27 39
-0.10518984496593475 -0.04469555988907814 0.6978206038475037 152 107 114
-0.0823071300983429 -0.08816954493522644 0.6866375207901001 151 80 98
-0.0823071300983429 -0.08816954493522644 0.6866375207901001 151 80 98
-0.09611380100250244 -0.07707513123750687 0.6971014142036438 143 107 107
-0.09611380100250244 -0.07707513123750687 0.6971014142036438 143 107 107
-0.1874038428068161 0.10286977887153625 0.7352247834205627 61 34 35
-0.15477749705314636 0.04359574615955353 0.7193014025688171 87 11 23
-0.07236867398023605 -0.12100640684366226 0.6854938268661499 140 98 102
-0.26911094784736633 0.25284722447395325 0.7745975852012634 157 116 120
-0.24632464349269867 0.1977403610944748 0.7680413126945496 100 0 21
-0.22242552042007446 0.1716638207435608 0.7460389137268066 77 26 33
-0.25022608041763306 0.22385865449905396 0.7582733035087585 151 102 108
-0.0799715667963028 -0.08627364039421082 0.6743743419647217 95 33 46
-0.27084317803382874 0.26301589608192444 0.7647691369056702 166 108 115
-0.15114326775074005 0.034409478306770325 0.710498571395874 150 108 112
-0.2616715431213379 0.2394125908613205 0.7609211802482605 144 72 86
-0.11246200650930405 -0.0361778661608696 0.6906591653823853 146 102 104
-0.13391217589378357 -0.014135466888546944 0.7055034041404724 161 104 111
-0.07898349314928055 -0.06972159445285797 0.6589168906211853 145 98 101
-0.1732477843761444 0.05032336711883545 0.7255087494850159 158 115 124
-0.2276720106601715 0.13485673069953918 0.7566118240356445 158 103 109
-0.2413610965013504 0.21803568303585052 0.7380689978599548 79 17 21
-0.2413610965013504 0.21803568303585052 0.7380689978599548 79 17 21
-0.2425747811794281 0.15038175880908966 0.7674413919448853 167 109 116
-0.14068761467933655 -0.026258038356900215 0.714509904384613 103 1 20
-0.16259555518627167 0.026431066915392876 0.7193610072135925 154 112 116
-0.2560693919658661 0.2598838210105896 0.7366393804550171 99 6 17
-0.26096969842910767 0.2618020176887512 0.7419637441635132 99 6 17
-0.24473342299461365 0.20909003913402557 0.7438910007476807 130 91 96
-0.2730417847633362 0.2424471080303192 0.7644825577735901 86 19 31
-0.16940931975841522 0.057494137436151505 0.7120295763015747 73 4 22
-0.14080923795700073 -0.008064689114689827 0.7040425539016724 89 15 32
-0.09974399209022522 -0.06186076998710632 0.6731851100921631 91 6 22
-0.09974399209022522 -0.06186076998710632 0.6731851100921631 91 6 22
-0.1437186300754547 0.005296350456774235 0.6992096900939941 94 2 17
-0.27631881833076477 0.23919449746608734 0.761110782623291 164 87 103
-0.27631881833076477 0.23919449746608734 0.761110782623291 164 87 103
-0.2458433210849762 0.19003188610076904 0.7438659071922302 96 5 23
-0.2458433210849762 0.19003188610076904 0.7438659071922302 96 5 23
-0.3752894997596741 0.4278954565525055 0.79926598072052 163 131 134
-0.08630267530679703 -0.0792630985379219 0.6515449285507202 136 100 102
-0.1729086935520172 0.04489488899707794 0.7028423547744751 166 129 133
-0.14396339654922485 -0.053266946226358414 0.7071219086647034 154 110 115
-0.18759065866470337 0.07579658925533295 0.7049076557159424 97 5 20
-0.26158684492111206 0.20878905057907104 0.7390905618667603 102 63 68
-0.24151837825775146 0.20862321555614471 0.7141185998916626 161 118 123
-0.2548239529132843 0.1990225613117218 0.7331711649894714 67 33 36
-0.3906673192977905 0.43522852659225464 0.7989535331726074 128 78 89
-0.1122637614607811 -0.07036026567220688 0.6720584630966187 131 93 92
-0.17172175645828247 0.052151747047901154 0.6925398707389832 151 115 119
-0.1374792605638504 -0.014082720503211021 0.6784639358520508 118 78 79
-0.1374792605638504 -0.014082720503211021 0.6784639358520508 118 78 79
-0.14740078151226044 -0.011944866739213467 0.6893307566642761 108 68 69
-0.14740078151226044 -0.011944866739213467 0.6893307566642761 108 68 69
-0.23050493001937866 0.145272359251976 0.7226676344871521 99 9 27
-0.23050493001937866 0.145272359251976 0.7226676344871521 99 9 27
-0.10606353729963303 -0.08719312399625778 0.6691720485687256 158 100 109
-0.1026666909456253 -0.06044885143637657 0.6532325744628906 88 17 31
-0.2583596706390381 0.20317785441875458 0.7309231162071228 174 135 140
-0.37037163972854614 0.41415342688560486 0.776646614074707 80 30 41
-0.2839539647102356 0.18959932029247284 0.7642577290534973 95 9 20
-0.20685222744941711 0.08726732432842255 0.7127535939216614 177 110 125
-0.2741716206073761 0.20090557634830475 0.7462576031684875 77 44 45
-0.21609114110469818 0.10085555911064148 0.7164796590805054 177 116 124
-0.18770921230316162 0.058458101004362106 0.7004255652427673 104 69 67
-0.1787971407175064 0.03394012898206711 0.6990073323249817 89 6 22
-0.39672085642814636 0.42527368664741516 0.7982019186019897 169 120 131
-0.27955880761146545 0.23846669495105743 0.7342503070831299 85 7 25
-0.10925935953855515 -0.12444216012954712 0.6808039546012878 79 39 39
-0.2729073464870453 0.21849408745765686 0.7337405681610107 88 10 23
-0.3885252773761749 0.42132097482681274 0.7857287526130676 170 125 135
-0.23260533809661865 0.13625670969486237 0.7170371413230896 165 104 112
-0.09654956310987473 -0.11147433519363403 0.656978964805603 158 106 108
-0.30611810088157654 0.2409341186285019 0.7599454522132874 86 20 34
-0.2261362373828888 0.13047058880329132 0.7095708847045898 82 56 52
-0.09770870953798294 -0.11889654397964478 0.6576524376869202 156 122 119
-0.25558626651763916 0.19675204157829285 0.7145607471466064 163 127 129
-0.39129841327667236 0.41046392917633057 0.7877422571182251 96 50 58
-0.39129841327667236 0.41046392917633057 0.7877422571182251 96 50 58
-0.2849843204021454 0.22781836986541748 0.7368471026420593 173 111 124
-0.2849843204021454 0.22781836986541748 0.7368471026420593 173 111 124
-0.13578855991363525 -0.05048779025673866 0.6739523410797119 104 58 61
-0.13413842022418976 -0.06846614927053452 0.6793644428253174 99 3 20
-0.13413842022418976 -0.06846614927053452 0.6793644428253174 99 3 20
-0.2766874432563782 0.20101261138916016 0.7372903823852539 170 134 136
-0.1698893904685974 0.0009679383947513998 0.6918275356292725 97 5 20
-0.13145233690738678 -0.09117572009563446 0.6838488578796387 148 98 105
-0.18558163940906525 0.04031271114945412 0.6927768588066101 158 121 128
-0.2599791884422302 0.16295123100280762 0.7302872538566589 156 125 125
-0.2599791884422302 0.16295123100280762 0.7302872538566589 156 125 125
-0.16144651174545288 -0.037137024104595184 0.6947112679481506 156 82 93
-0.18399390578269958 0.024667752906680107 0.694831371307373 157 102 107
-0.27776071429252625 0.19522936642169952 0.735134482383728 83 48 52
-0.4070303738117218 0.4206125736236572 0.7941182851791382 81 38 47
-0.2649226784706116 0.19617588818073273 0.7180835604667664 176 123 131
-0.16366185247898102 -0.019035732373595238 0.6864568591117859 110 65 68
-0.2509978711605072 0.1228916347026825 0.7293147444725037 166 100 110
-0.2509978711605072 0.1228916347026825 0.7293147444725037 166 100 110
-0.25267380475997925 0.15010486543178558 0.7195245623588562 168 117 126
-0.31539157032966614 0.24660083651542664 0.7537660002708435 84 14 25
-0.39595338702201843 0.4056105613708496 0.7791716456413269 63 43 39
-0.1893763691186905 0.030728159472346306 0.690308690071106 96 9 28
-0.1951860934495926 0.07643267512321472 0.6773432493209839 98 5 29
-0.26606225967407227 0.1629950851202011 0.7228928804397583 100 49 52
-0.24436146020889282 0.12522947788238525 0.7122293710708618 88 22 32
-0.20761719346046448 0.10202217847108841 0.678875744342804 98 6 19
-0.1294545978307724 -0.09319130331277847 0.6672418117523193 154 108 114
-0.2772522270679474 0.20381028950214386 0.717711865901947 159 106 114
-0.12417258322238922 -0.0858689621090889 0.6573401093482971 117 81 83
-0.271938294172287 0.17900598049163818 0.7200689911842346 100 5 22
-0.271938294172287 0.17900598049163818 0.7200689911842346 100 5 22
-0.1429649442434311 -0.052827563136816025 0.6640787720680237 81 7 20
-0.1429649442434311 -0.052827563136816025 0.6640787720680237 81 7 20
-0.16904975473880768 -0.019864024594426155 0.6808801293373108 97 47 50
-0.16904975473880768 -0.019864024594426155 0.6808801293373108 97 47 50
-0.10506829619407654 -0.13137277960777283 0.6520240306854248 137 94 94
-0.30716127157211304 0.22791016101837158 0.7376251220703125 84 18 28
-0.2508361339569092 0.1407746970653534 0.7059008479118347 106 1 28
-0.30547043681144714 0.235568568110466 0.729631245136261 101 70 67
-0.2940118908882141 0.23618066310882568 0.715659499168396 99 58 59
-0.1593884527683258 -0.026742013171315193 0.6642775535583496 160 109 116
-0.2308884561061859 0.06710099428892136 0.7084159851074219 100 6 22
-0.2914985418319702 0.22489556670188904 0.713444173336029 167 118 122
-0.23521728813648224 0.12665483355522156 0.688355565071106 163 105 113
-0.19259001314640045 0.014640695415437222 0.6844369769096375 84 14 24
-0.13839760422706604 -0.0756513923406601 0.6567443013191223 148 84 90
-0.24412031471729279 0.11827605962753296 0.6977980732917786 115 73 75
-0.27964240312576294 0.1653384566307068 0.7167929410934448 166 89 102
-0.2854765057563782 0.20096786320209503 0.7083916068077087 158 109 116
-0.26245057582855225 0.1439722180366516 0.7050514221191406 168 112 123
-0.20690196752548218 0.0345771387219429 0.6855781674385071 173 129 138
-0.20490576326847076 0.04272127524018288 0.6799677610397339 156 121 127
-0.1373857855796814 -0.12968756258487701 0.6716586947441101 156 122 121
-0.1614757627248764 -0.046775393187999725 0.6649997234344482 97 9 25
-0.16343240439891815 -0.05730852857232094 0.6701192259788513 129 98 96
-0.16343240439891815 -0.05730852857232094 0.6701192259788513 129 98 96
-0.4415271282196045 0.4860895872116089 0.7645213007926941 174 128 134
-0.2579021751880646 0.11900198459625244 0.7044365406036377 119 77 79
-0.28200486302375793 0.1379862278699875 0.7215922474861145 93 9 24
-0.294132798910141 0.16204071044921875 0.7256335616111755 84 36 36
-0.22230027616024017 0.051606614142656326 0.6878343820571899 158 101 105
-0.22230027616024017 0.051606614142656326 0.6878343820571899 158 101 105
-0.19316509366035461 0.009671284817159176 0.6702209115028381 91 55 55
-0.3121090829372406 0.23369790613651276 0.7140132784843445 111 76 74
-0.15279704332351685 -0.051589567214250565 0.6487110257148743 156 98 106
-0.33747461438179016 0.2518000602722168 0.7350022792816162 167 93 98
-0.33747461438179016 0.2518000602722168 0.7350022792816162 167 93 98
-0.30617842078208923 0.194696843624115 0.7217218279838562 141 99 101
-0.30617842078208923 0.194696843624115 0.7217218279838562 141 99 101
-0.13416850566864014 -0.10459671169519424 0.6464859843254089 155 76 89
-0.23921778798103333 0.07990413904190063 0.6886829137802124 145 102 109
-0.23921778798103333 0.07990413904190063 0.6886829137802124 145 102 109
-0.2771701514720917 0.14128106832504272 0.7064523696899414 166 108 116
-0.2771701514720917 0.14128106832504272 0.7064523696899414 166 108 116
-0.27625083923339844 0.14775854349136353 0.7025651335716248 151 107 107
-0.32245469093322754 0.23300233483314514 0.7203653454780579 155 127 123
-0.3140161335468292 0.23732084035873413 0.7027642130851746 91 15 24
-0.240760937333107 0.0678292065858841 0.6882416605949402 88 21 30
-0.33834657073020935 0.2355685830116272 0.7298018932342529 103 58 58
-0.17820757627487183 -0.03972525894641876 0.65985506772995 158 74 90
-0.17820757627487183 -0.03972525894641876 0.65985506772995 158 74 90
-0.4541287422180176 0.4907040297985077 0.7536479830741882 163 135 134
-0.19938677549362183 0.01965109258890152 0.6583676934242249 105 12 33
-0.19938677549362183 0.01965109258890152 0.6583676934242249 105 12 33
-0.30489370226860046 0.19024024903774261 0.7067591547966003 82 40 42
-0.1636122614145279 -0.054442085325717926 0.6471114754676819 160 103 110
-0.33815237879753113 0.2383398860692978 0.7240495681762695 180 120 125
-0.19825708866119385 -0.023050881922245026 0.6713942885398865 148 97 102
-0.26356759667396545 0.12379510700702667 0.6841017603874207 94 13 30
-0.26952430605888367 0.07426270097494125 0.7115328311920166 155 112 119
-0.25452038645744324 0.08508659899234772 0.6888839602470398 160 105 108
-0.2232218235731125 0.029252536594867706 0.6753276586532593 181 133 139
-0.22424368560314178 0.047509029507637024 0.6681705713272095 88 21 28
-0.2604053318500519 0.15158657729625702 0.6664134860038757 181 119 124
-0.2960323393344879 0.17612026631832123 0.6952835917472839 93 18 31
-0.15676674246788025 -0.06150543689727783 0.6358817219734192 134 104 102
-0.4556353986263275 0.4730418920516968 0.7511271238327026 179 127 132
-0.30668899416923523 0.19138911366462708 0.6994990110397339 148 106 108
-0.20416337251663208 0.034886378794908524 0.6470780968666077 137 101 103
-0.2805939018726349 0.14926797151565552 0.6856863498687744 90 27 36
-0.3350348472595215 0.22637765109539032 0.714598536491394 92 16 25
-0.21155665814876556 -0.029124518856406212 0.6807200312614441 81 38 43
-0.24940985441207886 0.04689982160925865 0.688231885433197 173 117 120
-0.15715695917606354 -0.06892134994268417 0.6320727467536926 169 116 124
-0.22832636535167694 0.030010119080543518 0.6707273125648499 88 51 53
-0.20605285465717316 -0.013081305660307407 0.6632739901542664 103 6 26
-0.2723718285560608 0.11617216467857361 0.6829460263252258 154 97 104
-0.2723718285560608 0.11617216467857361 0.6829460263252258 154 97 104
-0.19525867700576782 -0.0433688722550869 0.6610973477363586 159 87 98
-0.2833285927772522 0.13258039951324463 0.6866896152496338 179 128 133
-0.19498088955879211 -0.037849728018045425 0.6579200625419617 162 115 123
-0.32737183570861816 0.1827884018421173 0.7079989910125732 151 104 107
-0.2940996587276459 0.1369527280330658 0.6887392401695251 91 40 45
-0.2812711000442505 0.07532093673944473 0.6987519860267639 167 126 132
-0.3494884669780731 0.1928793340921402 0.7246273159980774 95 38 41
-0.2143016755580902 0.01412881724536419 0.6471996307373047 99 11 32
-0.31182894110679626 0.16333706676959991 0.692918062210083 103 12 27
-0.2976228594779968 0.09319543838500977 0.7052574753761292 112 10 28
-0.1938999742269516 -0.02806512452661991 0.6399576663970947 150 93 99
-0.15916819870471954 -0.1053808256983757 0.6330411434173584 160 108 117
-0.2894138991832733 0.14192980527877808 0.6750206351280212 160 117 118
-0.25674310326576233 0.031478095799684525 0.6838452219963074 162 126 126
-0.3683605194091797 0.2642313838005066 0.7098267674446106 177 128 131
-0.16538724303245544 -0.10004813224077225 0.6351141333580017 75 46 48
-0.3678930103778839 0.24823738634586334 0.7151500582695007 174 125 128
-0.2270469218492508 -0.00643810722976923 0.6639776825904846 153 112 118
-0.1898939162492752 -0.08009886741638184 0.6531941890716553 149 61 75
-0.22407273948192596 -0.013020752929151058 0.6633047461509705 148 91 97
-0.20189467072486877 -0.052345920354127884 0.6528365612030029 102 11 26
-0.3133231997489929 0.14179930090904236 0.693473219871521 141 113 109
-0.26492518186569214 0.09174064546823502 0.6609963178634644 98 26 36
-0.3774244487285614 0.25397080183029175 0.7162468433380127 168 139 135
-0.3395739197731018 0.1691007912158966 0.7056599855422974 159 69 86
-0.29281240701675415 0.10568305850028992 0.6798503994941711 96 51 54
-0.2541073262691498 0.029028110206127167 0.6689330339431763 176 135 139
-0.2678426504135132 0.07481669634580612 0.6642316579818726 158 120 113
-0.2719022035598755 0.04006484895944595 0.681571364402771 179 120 124
-0.25696656107902527 0.02937379851937294 0.6696270704269409 174 133 137
-0.4903528094291687 0.46681874990463257 0.7445414066314697 82 32 37
-0.3006250262260437 0.09868067502975464 0.6878902912139893 168 107 114
-0.3006250262260437 0.09868067502975464 0.6878902912139893 168 107 114
-0.3211507201194763 0.1296464204788208 0.6965363025665283 164 103 114
-0.1686943620443344 -0.10348287969827652 0.6250702142715454 148 106 108
-0.1686943620443344 -0.10348287969827652 0.6250702142715454 148 106 108
-0.37634772062301636 0.24125047028064728 0.7074304819107056 177 135 137
-0.3182457983493805 0.14611133933067322 0.6793898940086365 197 134 142
-0.29725325107574463 0.11649399250745773 0.6662559509277344 101 14 31
-0.29725325107574463 0.11649399250745773 0.6662559509277344 101 14 31
-0.19712142646312714 -0.0784665122628212 0.6373117566108704 174 129 132
-0.2693093419075012 0.0350860096514225 0.6640940308570862 168 110 114
-0.39150235056877136 0.2652894854545593 0.7009010910987854 110 16 32
-0.3651900589466095 0.1626933515071869 0.7132711410522461 107 13 29
-0.3651900589466095 0.1626933515071869 0.7132711410522461 107 13 29
-0.34015288949012756 0.14946866035461426 0.6917170286178589 79 16 24
-0.31337419152259827 0.09620539844036102 0.6836748123168945 185 128 134
-0.38750243186950684 0.23767155408859253 0.7017694115638733 179 140 141
-0.38750243186950684 0.23767155408859253 0.7017694115638733 179 140 141
-0.17659670114517212 -0.10687083005905151 0.6167063117027283 90 30 40
-0.26839378476142883 0.027394263073801994 0.658842921257019 99 22 35
-0.3479793071746826 0.1350969821214676 0.6980366110801697 176 121 127
-0.22236241400241852 -0.06921980530023575 0.6459875702857971 167 103 111
-0.25163954496383667 -0.04778074845671654 0.6660624742507935 167 122 127
-0.19786089658737183 -0.080234095454216 0.621799111366272 161 101 109
-0.36684703826904297 0.1798783391714096 0.6950392127037048 166 107 111
-0.29132720828056335 0.06767269968986511 0.659868061542511 162 105 109
-0.29132720828056335 0.06767269968986511 0.659868061542511 162 105 109
-0.34415462613105774 0.1377173215150833 0.6863652467727661 97 38 44
-0.3954719305038452 0.24795500934123993 0.6959667801856995 92 43 44
-0.3954719305038452 0.24795500934123993 0.6959667801856995 92 43 44
-0.3472292423248291 0.12787668406963348 0.6935192346572876 81 41 42
-0.2586139440536499 -0.014853617176413536 0.6570295691490173 166 120 128
-0.2586139440536499 -0.014853617176413536 0.6570295691490173 166 120 128
-0.2675098478794098 -0.0019025311339646578 0.6588568687438965 171 112 118
-0.30700454115867615 0.056883104145526886 0.6765748858451843 180 121 134
-0.33047905564308167 0.09780146926641464 0.6839460730552673 163 114 117
-0.3452330529689789 0.13621975481510162 0.6802994012832642 164 108 111
-0.22888876497745514 -0.0574803352355957 0.6364591717720032 161 83 97
-0.26244765520095825 -0.010266168974339962 0.651756763458252 93 26 40
-0.26912015676498413 0.013378207571804523 0.6490190625190735 133 81 86
-0.2866687476634979 0.03228176012635231 0.660081148147583 97 36 41
-0.2866687476634979 0.03228176012635231 0.660081148147583 97 36 41
-0.41912126541137695 0.2387736588716507 0.7155016660690308 163 133 131
-0.3400785028934479 0.11917944997549057 0.68011474609375 177 124 130
-0.31634360551834106 0.06342146545648575 0.6774598956108093 103 19 35
-0.28158509731292725 0.0026425570249557495 0.6638189554214478 103 18 31
-0.30576691031455994 0.038206156343221664 0.6706615686416626 108 22 35
-0.22333967685699463 -0.07492649555206299 0.6281685829162598 165 106 112
-0.2757004201412201 -0.017919855192303658 0.6585350036621094 179 124 131
-0.3274364769458771 0.1006087139248848 0.6649351119995117 178 133 136
-0.4243229031562805 0.2592078447341919 0.7004840970039368 113 17 38
-0.3212352693080902 0.079941026866436 0.6648817658424377 100 23 36
-0.34345054626464844 0.09619509428739548 0.6811351776123047 89 45 48
-0.416708379983902 0.23927699029445648 0.6991841197013855 107 16 34
-0.30501168966293335 0.04397641122341156 0.6604499220848083 156 83 98
-0.33674073219299316 0.10723361372947693 0.6646479964256287 103 18 34
-0.26226919889450073 -0.041722480207681656 0.6462925672531128 172 108 115
-0.3206232786178589 0.0658576712012291 0.662748396396637 116 32 45
-0.34151437878608704 0.048201173543930054 0.6901900768280029 97 21 34
-0.21949537098407745 -0.08101239800453186 0.6160346865653992 104 31 46
-0.21949537098407745 -0.08101239800453186 0.6160346865653992 104 31 46
-0.22900690138339996 -0.06624168902635574 0.6197146773338318 113 11 32
-0.4582096040248871 0.23131480813026428 0.7325672507286072 104 19 30
-0.4285121560096741 0.23142403364181519 0.7021793723106384 171 146 142
-0.3047582805156708 0.014415672048926353 0.6617519855499268 172 123 127
-0.2701449394226074 -0.021365627646446228 0.64066481590271 173 111 118
-0.2701449394226074 -0.021365627646446228 0.64066481590271 173 111 118
-0.3080427050590515 0.04802443087100983 0.6511598825454712 178 125 130
-0.3321976065635681 0.05606355890631676 0.6720214486122131 93 48 51
-0.308458536863327 0.06021573767066002 0.6459589004516602 168 123 126
-0.3612155020236969 0.15513673424720764 0.6618245244026184 169 120 124
-0.3684159815311432 0.16865895688533783 0.6635141372680664 179 118 119
-0.3241201639175415 0.05410481244325638 0.661045491695404 140 95 98
-0.3241201639175415 0.05410481244325638 0.661045491695404 140 95 98
-0.22406648099422455 -0.08900099992752075 0.6157115697860718 170 111 123
-0.24964989721775055 -0.05699962377548218 0.6286057829856873 177 128 131
-0.378140389919281 0.12080847471952438 0.6864488124847412 80 29 36
-0.25025674700737 0.045413922518491745 0.586446225643158 140 95 98
-0.4019725024700165 0.17528049647808075 0.6860464811325073 96 22 26
-0.23872071504592896 -0.045640937983989716 0.6083741188049316 166 114 116
-0.28174349665641785 0.015145552344620228 0.6274709105491638 145 103 107
-0.2987862527370453 0.009643922559916973 0.6452357172966003 164 126 127
-0.27188172936439514 -0.0032005109824240208 0.6233745217323303 110 14 31
-0.45995670557022095 0.25747019052505493 0.707252025604248 117 17 37
-0.31092604994773865 0.03258458524942398 0.646101176738739 113 14 32
-0.33433395624160767 0.15107600390911102 0.6235247254371643 167 122 127
-0.37597644329071045 0.12836146354675293 0.6726289391517639 156 108 108
-0.40265610814094543 0.15764932334423065 0.6871212720870972 174 129 134
-0.392843097448349 0.1614251285791397 0.6749286651611328 101 56 61
-0.22674085199832916 -0.08552965521812439 0.6059678196907043 152 116 117
-0.22674085199832916 -0.08552965521812439 0.6059678196907043 152 116 117
-0.2875645160675049 -0.014273625798523426 0.6354723572731018 162 113 117
-0.3626537621021271 0.11852101236581802 0.6563601493835449 166 115 122
-0.29166850447654724 -0.06084240600466728 0.6552218794822693 176 125 130
-0.43038061261177063 0.22104614973068237 0.6819356679916382 179 145 143
-0.4344978332519531 0.2398306131362915 0.6781727075576782 187 127 132
-0.29663485288619995 0.060245394706726074 0.6113278269767761 110 16 30
-0.2880476415157318 0.01865282654762268 0.6187533736228943 161 120 124
-0.41787484288215637 0.1729198396205902 0.6865798234939575 95 23 23
-0.2485399842262268 -0.0563473105430603 0.6069402694702148 100 55 58
-0.43555063009262085 0.2259632647037506 0.677827775478363 148 118 116
-0.36710602045059204 0.11806517839431763 0.6512591242790222 89 38 45
-0.2802557945251465 -0.05545201152563095 0.6332253217697144 150 108 110
-0.279394268989563 -0.0252847857773304 0.6193856596946716 147 101 104
-0.26944613456726074 -0.007626900915056467 0.6022493243217468 112 15 32
-0.3897821307182312 0.058183636516332626 0.6946594715118408 167 93 105
-0.44100943207740784 0.2454058825969696 0.6718169450759888 109 23 36
-0.3326629102230072 0.01319029089063406 0.6545334458351135 167 129 128
-0.3459279239177704 0.03183301165699959 0.6573734283447266 101 42 48
-0.4734436571598053 0.24279192090034485 0.6983106136322021 192 132 136
-0.2337152361869812 -0.09499334543943405 0.5947558879852295 163 109 115
-0.37943974137306213 0.03373146057128906 0.6830319762229919 158 87 98
-0.3754480481147766 0.10738246887922287 0.6495119333267212 84 29 36
-0.264496386051178 -0.054724812507629395 0.6041600704193115 168 107 116
-0.4593934714794159 0.22911475598812103 0.6824138164520264 92 21 33
-0.4593934714794159 0.22911475598812103 0.6824138164520264 92 21 33
-0.37101778388023376 0.09373600780963898 0.6477063298225403 114 8 31
-0.36336982250213623 0.05088762566447258 0.6564406752586365 174 105 113
-0.36336982250213623 0.05088762566447258 0.6564406752586365 174 105 113
-0.3541176915168762 0.04132780060172081 0.6510000228881836 176 114 125
-0.41276809573173523 0.15915024280548096 0.6622287034988403 182 130 134
-0.24416948854923248 -0.04489218071103096 0.5774668455123901 117 16 34
-0.3261737525463104 0.007074602413922548 0.6350641846656799 96 63 62
-0.4056192934513092 0.13624979555606842 0.6596277356147766 168 101 111
-0.40332508087158203 0.1459079086780548 0.6510894298553467 167 117 120
-0.4719092845916748 0.21833619475364685 0.6883341073989868 193 129 135
-0.39967983961105347 0.10223419219255447 0.6626855134963989 180 131 137
-0.34553632140159607 0.022828349843621254 0.6398404240608215 120 12 36
-0.34553632140159607 0.022828349843621254 0.6398404240608215 120 12 36
-0.40432673692703247 0.1131809800863266 0.6596201062202454 175 133 134
-0.3865955173969269 0.13229428231716156 0.6343954801559448 112 38 51
-0.4443719983100891 0.14804254472255707 0.6833442449569702 197 145 150
-0.3929935693740845 0.09028120338916779 0.6561894416809082 109 21 37
-0.2938075065612793 0.06459679454565048 0.5705763697624207 160 130 130
-0.34871000051498413 -0.002026327420026064 0.6450002193450928 186 128 138
-0.43089592456817627 0.1503058224916458 0.6640262603759766 99 44 49
-0.43089592456817627 0.1503058224916458 0.6640262603759766 99 44 49
-0.4106462299823761 0.11747089773416519 0.6566188335418701 154 112 113
-0.26030433177948 -0.05423753336071968 0.5796559453010559 155 95 102
-0.46390119194984436 0.21828289330005646 0.6666193604469299 109 16 34
-0.46390119194984436 0.21828289330005646 0.6666193604469299 109 16 34
-0.3313184082508087 0.003977134358137846 0.6232303380966187 77 37 38
-0.46847301721572876 0.23568621277809143 0.6630937457084656 103 21 35
-0.3802732527256012 0.07980775088071823 0.6396180987358093 188 125 133
-0.40555980801582336 0.15555241703987122 0.6317638158798218 183 93 102
-0.39751437306404114 0.10362005978822708 0.6425569653511047 181 141 141
-0.3181702792644501 0.012123343534767628 0.6024021506309509 180 96 111
-0.4080965220928192 0.10523178428411484 0.6505426168441772 168 133 131
-0.392817884683609 0.09701966494321823 0.6395813226699829 135 87 90
-0.34180372953414917 0.021420296281576157 0.6192929744720459 113 26 42
-0.3575136959552765 0.21744899451732635 0.5593303442001343 178 158 159
-0.2983226180076599 -0.01840263605117798 0.5926480293273926 115 16 36
-0.2983226180076599 -0.01840263605117798 0.5926480293273926 115 16 36
-0.35084566473960876 0.0019970587454736233 0.6341277956962585 171 133 135
-0.3927067220211029 0.07203972339630127 0.6442137360572815 103 32 46
-0.4664364159107208 0.20691536366939545 0.6610352396965027 181 141 142
-0.37517330050468445 0.08016891777515411 0.6225850582122803 118 10 33
-0.4702986776828766 0.22286862134933472 0.656791090965271 197 148 152
-0.4702986776828766 0.22286862134933472 0.656791090965271 197 148 152
-0.3910529315471649 0.09074445813894272 0.6311493515968323 113 68 71
-0.3826415538787842 0.052955202758312225 0.632482647895813 177 107 117
-0.3871687948703766 0.06139041855931282 0.6337642669677734 164 122 123
-0.3871687948703766 0.06139041855931282 0.6337642669677734 164 122 123
-0.5071030259132385 0.26075437664985657 0.6680048704147339 167 110 125
-0.4618081748485565 0.19985844194889069 0.6492865085601807 185 121 130
-0.4485289454460144 0.1560010462999344 0.6509628295898438 175 104 109
-0.4485289454460144 0.1560010462999344 0.6509628295898438 175 104 109
-0.4049634039402008 0.08775054663419724 0.6365731358528137 186 128 135
-0.3354686498641968 0.02662082202732563 0.595387876033783 155 120 126
-0.3354686498641968 0.02662082202732563 0.595387876033783 155 120 126
-0.3076554238796234 -0.024933436885476112 0.5888850688934326 162 98 108
-0.4806140661239624 0.21204446256160736 0.6582375764846802 98 27 39
-0.4806140661239624 0.21204446256160736 0.6582375764846802 98 27 39
-0.421190470457077 0.1438170224428177 0.6285549998283386 183 138 139
-0.2930401861667633 -0.032144736498594284 0.5773285031318665 170 134 134
-0.4049374759197235 0.1288265883922577 0.6189023852348328 193 131 140
-0.4044199287891388 0.10199640691280365 0.6283802390098572 92 28 34
-0.40514394640922546 0.09215105324983597 0.6327716708183289 100 39 47
-0.2884076237678528 -0.03857820853590965 0.5747742652893066 155 129 128
-0.4120557904243469 0.10846128314733505 0.6327276229858398 205 133 142
-0.33306455612182617 0.015552951022982597 0.595201313495636 159 114 119
-0.33306455612182617 0.015552951022982597 0.595201313495636 159 114 119
-0.48630064725875854 0.22937482595443726 0.6543351411819458 110 23 40
-0.42994582653045654 0.1255570948123932 0.6397969126701355 94 23 31
-0.3115064203739166 -0.0010428731329739094 0.5791332125663757 194 128 134
-0.5102337598800659 0.26772502064704895 0.6587968468666077 190 160 166
-0.3604052662849426 0.05998343974351883 0.5992982387542725 107 62 65
-0.4080466628074646 0.09049992263317108 0.6298901438713074 92 29 38
-0.4080466628074646 0.09049992263317108 0.6298901438713074 92 29 38
-0.3538411557674408 -0.004873570986092091 0.6160247325897217 91 35 44
-0.2981429100036621 -0.02231765165925026 0.5697624683380127 184 123 134
-0.38287559151649475 0.075556680560112 0.609581708908081 109 24 43
-0.3923617899417877 0.09433375298976898 0.6095883250236511 95 28 36
-0.45270344614982605 0.12478531897068024 0.6530377268791199 159 81 89
-0.48127689957618713 0.20010676980018616 0.6499423384666443 188 154 153
-0.48127689957618713 0.20010676980018616 0.6499423384666443 188 154 153
-0.33237606287002563 -0.0020437240600585938 0.5900347232818604 182 116 123
-0.49100297689437866 0.21822361648082733 0.6503841280937195 197 148 149
-0.49100297689437866 0.21822361648082733 0.6503841280937195 197 148 149
-0.3351305425167084 0.006904467474669218 0.5867915749549866 121 17 41
-0.31688234210014343 -0.009804802015423775 0.575137734413147 98 42 51
-0.510492742061615 0.2439975142478943 0.6539679169654846 170 167 162
-0.4351547062397003 0.10540241003036499 0.6380728483200073 202 129 138
-0.45321401953697205 0.1356077343225479 0.6427536010742188 140 108 111
-0.4941951632499695 0.2550853192806244 0.6334659457206726 97 60 68
-0.3135834336280823 0.035550035536289215 0.5527262091636658 117 16 30
-0.3135834336280823 0.035550035536289215 0.5527262091636658 117 16 30
-0.33405575156211853 0.02162197232246399 0.5752918124198914 112 23 46
-0.3598879873752594 0.06363312900066376 0.5779309272766113 105 13 31
-0.3598879873752594 0.06363312900066376 0.5779309272766113 105 13 31
-0.3782472312450409 0.05778586491942406 0.5969637036323547 106 16 34
-0.37294501066207886 0.0916905477643013 0.5789051055908203 178 119 121
-0.3532682955265045 0.008071493357419968 0.5915010571479797 161 89 101
-0.49027159810066223 0.22051791846752167 0.6333617568016052 117 30 51
-0.49299708008766174 0.3053388297557831 0.6032183766365051 193 163 169
-0.3157190680503845 -0.026848524808883667 0.5686574578285217 192 124 142
-0.4511612355709076 0.14097850024700165 0.6237372756004333 105 26 32
-0.43142321705818176 0.10838702321052551 0.6154308915138245 123 16 34
-0.3174830377101898 0.012919999659061432 0.5469877123832703 167 105 115
-0.3798374831676483 0.07942112535238266 0.5722436308860779 183 141 143
-0.4616144001483917 0.12730930745601654 0.6176074743270874 114 68 71
-0.42719873785972595 0.3072499930858612 0.4853009283542633 105 64 73
-0.42719873785972595 0.3072499930858612 0.4853009283542633 105 64 73
0.4232739508152008 0.014700033701956272 0.04358626902103424 158 113 120
0.4179459512233734 -0.053508467972278595 0.017451560124754906 84 43 49
0.4179459512233734 -0.053508467972278595 0.017451560124754906 84 43 49
0.4199538826942444 -0.062040578573942184 0.017691072076559067 141 99 101
0.40784910321235657 -0.020566141232848167 0.01774481125175953 94 10 25
0.40784910321235657 -0.020566141232848167 0.01774481125175953 94 10 25
0.4114324152469635 -0.0334453284740448 0.017961371690034866 153 100 106
0.41349515318870544 -0.04021114483475685 0.017618419602513313 151 110 114
0.417116641998291 -0.051710646599531174 0.016953030601143837 150 109 113
0.4203678369522095 -0.06776020675897598 0.018047884106636047 94 11 27
0.41784733533859253 -0.05729934200644493 0.016772203147411346 95 12 30
0.4098140299320221 -0.029810575768351555 0.016339290887117386 79 24 30
0.4105689823627472 -0.033795908093452454 0.016576748341321945 182 108 121
0.40636390447616577 -0.02009570598602295 0.016543906182050705 163 121 125
0.38946694135665894 0.032317161560058594 0.017283305525779724 97 11 26
0.4194163978099823 -0.07052305340766907 0.017117001116275787 160 104 109
0.4162349998950958 -0.060130245983600616 0.016903052106499672 135 81 86
0.3905353248119354 0.020774411037564278 0.016508694738149643 88 37 44
0.40646156668663025 -0.03066987358033657 0.014349844306707382 84 42 46
0.4129955768585205 -0.052933093160390854 0.014222861267626286 71 28 37
0.4129955768585205 -0.052933093160390854 0.014222861267626286 71 28 37
0.4070611596107483 -0.032382458448410034 0.013605499640107155 172 106 118
0.4067186713218689 -0.03583785146474838 0.014704394154250622 102 5 22
0.40247660875320435 -0.021137891337275505 0.014044820331037045 71 30 34
0.40247660875320435 -0.021137891337275505 0.014044820331037045 71 30 34
0.40745577216148376 -0.039266034960746765 0.014396444894373417 160 103 109
0.41282206773757935 -0.05848145857453346 0.014821172691881657 93 6 22
0.3888634443283081 0.021077100187540054 0.015219535678625107 79 14 26
0.3906487226486206 0.013764414004981518 0.014144985936582088 161 98 106
0.3850042223930359 0.029683051630854607 0.014061154797673225 85 19 25
0.38769084215164185 0.01875440403819084 0.01446115504950285 161 118 121
0.3915296792984009 0.007748931646347046 0.013167886063456535 180 124 131
0.38589826226234436 0.023944923654198647 0.014214816503226757 182 116 122
0.3890029788017273 0.013612957671284676 0.013317089527845383 86 22 30
0.38285624980926514 0.03288255259394646 0.01361894328147173 132 102 99
0.38285624980926514 0.03288255259394646 0.01361894328147173 132 102 99
0.4018142521381378 -0.026988141238689423 0.01201626192778349 94 7 24
0.4018142521381378 -0.026988141238689423 0.01201626192778349 94 7 24
0.40878501534461975 -0.05362387374043465 0.012599144130945206 151 112 115
0.3860938549041748 0.020090805366635323 0.01323022786527872 77 36 40
0.3902698755264282 0.004910969641059637 0.012795957736670971 97 13 29
0.3822042644023895 0.027246633544564247 0.01436691079288721 100 8 21
0.40420204401016235 -0.040466636419296265 0.011889453046023846 154 97 103
0.40992534160614014 -0.06370238959789276 0.01292140781879425 80 35 40
0.39874693751335144 -0.0251130573451519 0.011106380261480808 163 122 128
0.40699973702430725 -0.0532446913421154 0.011073154397308826 161 122 125
0.38846132159233093 0.006721282843500376 0.011453754268586636 186 119 130
0.39698073267936707 -0.01985294558107853 0.010790837928652763 178 111 120
0.39698073267936707 -0.01985294558107853 0.010790837928652763 178 111 120
0.40290123224258423 -0.04256962984800339 0.01073981449007988 85 11 24
0.40164798498153687 -0.03826635703444481 0.010504725389182568 99 8 25
0.4004487097263336 -0.034266743808984756 0.010238117538392544 156 103 109
0.3784307837486267 0.03250547870993614 0.011924908496439457 86 10 25
0.4061429500579834 -0.055535878986120224 0.009995992295444012 165 103 114
0.39717063307762146 -0.027936700731515884 0.010853389278054237 98 20 34
0.4046810269355774 -0.05206805095076561 0.010266362689435482 172 95 109
0.38453245162963867 0.01158659067004919 0.010460319928824902 157 112 115
0.38216307759284973 0.013776542618870735 0.012251699343323708 88 8 21
0.3839274048805237 0.014142350293695927 0.009400920942425728 87 7 20
0.40416276454925537 -0.054184749722480774 0.009826031513512135 82 20 31
0.38569486141204834 0.0029282383620738983 0.009581400081515312 92 11 26
0.38976946473121643 -0.011036082170903683 0.009454973973333836 73 12 20
0.37689006328582764 0.030855923891067505 0.009522574953734875 163 118 123
0.37689006328582764 0.030855923891067505 0.009522574953734875 163 118 123
0.3786921203136444 0.025214124470949173 0.00939855258911848 101 8 19
0.3796437680721283 0.019043326377868652 0.009391343221068382 162 129 130
0.40278762578964233 -0.055665481835603714 0.00891423411667347 150 104 107
0.3833804726600647 0.007608446292579174 0.008929593488574028 84 32 39
0.39914295077323914 -0.0440090112388134 0.008518343791365623 80 38 40
0.4048737585544586 -0.06548194587230682 0.009555105119943619 154 115 116
0.4048737585544586 -0.06548194587230682 0.009555105119943619 154 115 116
0.3794190585613251 0.0174034982919693 0.008876237086951733 85 55 57
0.40229955315589905 -0.057488031685352325 0.008590681478381157 73 27 30
0.40229955315589905 -0.057488031685352325 0.008590681478381157 73 27 30
0.3828005790710449 0.00506722554564476 0.007887747138738632 165 132 133
0.3838985562324524 0.0006808683974668384 0.008191447705030441 174 123 128
0.38981592655181885 -0.014529815874993801 0.006445205304771662 179 109 124
0.3876406252384186 -0.012567735277116299 0.007680695038288832 75 43 47
0.3942813575267792 -0.03587063401937485 0.008115732111036777 167 110 119
0.3942813575267792 -0.03587063401937485 0.008115732111036777 167 110 119
0.3996880054473877 -0.05301373824477196 0.007870785892009735 161 96 102
0.4015350043773651 -0.06389576196670532 0.008657969534397125 146 95 99
0.37825894355773926 0.012905698269605637 0.007734678220003843 95 11 27
0.3769305944442749 0.015957867726683617 0.008078187704086304 78 16 29
0.3803112804889679 0.0067450073547661304 0.007315139751881361 74 14 24
0.3735678791999817 0.027902409434318542 0.007534452248364687 170 128 132
0.397386759519577 -0.0502411313354969 0.006795436143875122 106 2 25
0.39992761611938477 -0.06091857701539993 0.007419275585561991 100 6 27
0.39992761611938477 -0.06091857701539993 0.007419275585561991 100 6 27
0.39511674642562866 -0.0447113960981369 0.0066603380255401134 83 13 24
0.3724842965602875 0.025311024859547615 0.007275436073541641 161 93 102
0.3712947368621826 0.027522798627614975 0.007811683230102062 160 118 122
0.3883034884929657 -0.02518441155552864 0.0067081572487950325 81 13 26
0.39289137721061707 -0.04055981710553169 0.006926668342202902 98 4 22
0.3825158178806305 -0.004752330482006073 0.005720712710171938 150 105 108
0.37312445044517517 0.020710770040750504 0.007041252218186855 84 24 28
0.3743491470813751 0.017446819692850113 0.006155192386358976 124 83 89
0.3679857850074768 0.033353082835674286 0.0075692106038331985 94 10 18
0.3710876405239105 0.025454064831137657 0.004511831793934107 58 1 4
0.3738988935947418 0.012018606998026371 0.0061759501695632935 91 10 22
0.3738988935947418 0.012018606998026371 0.0061759501695632935 91 10 22
0.3946315348148346 -0.05406871438026428 0.005534104071557522 157 108 111
0.3946315348148346 -0.05406871438026428 0.005534104071557522 157 108 111
0.3718309998512268 0.01798146963119507 0.005738196428865194 80 39 40
0.3971165120601654 -0.06350336223840714 0.005589062813669443 120 73 76
0.3868088722229004 -0.02896827645599842 0.004599459003657103 158 120 122
0.36732056736946106 0.028652993962168694 0.00621826620772481 129 82 88
0.3948459327220917 -0.06042972952127457 0.006590647157281637 91 16 32
0.3904418647289276 -0.046150658279657364 0.006152893882244825 114 69 72
0.3904418647289276 -0.046150658279657364 0.006152893882244825 114 69 72
0.38230428099632263 -0.01963893137872219 0.005300791002810001 102 5 24
0.3851197063922882 -0.02647266536951065 0.004031309392303228 151 114 117
0.36713898181915283 0.022830821573734283 0.005773094017058611 102 7 21
0.3691064715385437 0.017551012337207794 0.00506744347512722 83 42 41
0.3695899546146393 0.015118438750505447 0.0050809914246201515 74 29 34
0.37455999851226807 0.0 0.0045263203792274 101 10 27
0.37455999851226807 0.0 0.0045263203792274 101 10 27
0.38454532623291016 -0.03210596367716789 0.003965310286730528 99 6 25
0.39081332087516785 -0.05514616146683693 0.005144065245985985 152 91 98
0.3933808505535126 -0.0593416765332222 0.0035574741195887327 164 111 115
0.3913578987121582 -0.0573776476085186 0.004208653699606657 87 47 48
0.3679533302783966 0.014633702114224434 0.004132275935262442 67 22 27
0.38861387968063354 -0.04921882227063179 0.0033447446767240763 175 122 127
0.3791119456291199 -0.018766772001981735 0.0030412182677537203 78 16 25
0.3791119456291199 -0.018766772001981735 0.0030412182677537203 78 16 25
0.3664606511592865 0.017092367634177208 0.004296455532312393 95 55 53
0.3664606511592865 0.017092367634177208 0.004296455532312393 95 55 53
0.36340123414993286 0.026280270889401436 0.004224639851599932 101 9 32
0.38934120535850525 -0.053490810096263885 0.003314513945952058 157 91 99
0.34921494126319885 0.07226552069187164 0.0026731209363788366 168 113 126
0.34921494126319885 0.07226552069187164 0.0026731209363788366 168 113 126
0.3711816668510437 -0.0002476251102052629 0.0038457459304481745 100 9 26
0.3711816668510437 -0.0002476251102052629 0.0038457459304481745 100 9 26
0.38255128264427185 -0.034840844571590424 0.0032743571791797876 166 115 120
0.364702969789505 0.015791764482855797 0.005050482228398323 156 119 120
0.365825891494751 0.015035479329526424 0.0032946618739515543 156 119 120
0.3639081120491028 0.022533148527145386 0.00268019107170403 194 127 136
0.3639081120491028 0.022533148527145386 0.00268019107170403 194 127 136
0.3774454891681671 -0.020158231258392334 0.002778615104034543 172 100 111
0.3606623411178589 0.02881428599357605 0.0037769952323287725 177 110 114
0.3691590130329132 0.0043986341916024685 0.0029330425895750523 147 114 110
0.3691590130329132 0.0043986341916024685 0.0029330425895750523 147 114 110
0.3908196687698364 -0.06427254527807236 0.0033222457859665155 155 81 92
0.36491549015045166 0.012098891660571098 0.0038418450858443975 176 115 122
0.38100993633270264 -0.0330401286482811 0.001815689611248672 93 10 26
0.37238433957099915 -0.007394193205982447 0.002006303519010544 164 103 113
0.3693346083164215 0.0011464995332062244 0.0021085585467517376 185 127 134
0.34744295477867126 0.06862201541662216 0.0022010270040482283 60 17 21
0.38493213057518005 -0.048154737800359726 0.0017052151961252093 71 22 26
0.3723335862159729 -0.011037169955670834 0.00225229375064373 101 9 24
0.35948628187179565 0.026563072577118874 0.0027222633361816406 101 14 33
0.3457289934158325 0.07355543226003647 0.0007761426386423409 77 53 51
0.3699922263622284 -0.005817380268126726 0.00202995166182518 78 15 26
0.36660638451576233 0.004535710904747248 0.0018077139975503087 86 34 36
0.36291956901550293 0.013577576726675034 0.0020421764347702265 190 118 130
0.3615526854991913 0.017025025561451912 0.0022292027715593576 176 117 123
0.3879531919956207 -0.06528627127408981 0.002267861971631646 173 109 115
0.3635086417198181 0.00964261218905449 0.002472023945301771 96 4 19
0.3635086417198181 0.00964261218905449 0.002472023945301771 96 4 19
0.34549766778945923 0.0675855427980423 0.0006707182037644088 80 39 43
0.3790300190448761 -0.037875108420848846 0.0013392770197242498 86 19 30
0.36675775051116943 -0.0009133759303949773 0.0017010357696563005 107 7 28
0.37280431389808655 -0.022668978199362755 0.0021858070977032185 101 7 23
0.3691558539867401 -0.008221876807510853 0.0007253981893882155 169 115 122
0.36675775051116943 -0.004102208651602268 0.0017918325029313564 173 110 118
0.36434081196784973 0.003864975180476904 0.0013873048592358828 79 12 19
0.36061805486679077 0.014462966471910477 0.001436482067219913 87 11 24
0.3851586580276489 -0.05949292704463005 0.00022585976694244891 148 103 106
0.37003597617149353 -0.013780021108686924 0.0002388854481978342 97 8 22
0.3571155369281769 0.023246364668011665 0.0012554459972307086 161 119 121
0.37452900409698486 -0.029202207922935486 0.0008335044258274138 166 125 129
0.3690091073513031 -0.0122628603130579 0.00039550711517222226 103 9 23
0.3637961149215698 5.73138750041835e-05 0.0008254591375589371 183 129 136
0.3836512863636017 -0.05996159836649895 0.0003920591261703521 78 33 36
0.3832133710384369 -0.057748693972826004 3.099694731645286e-05 156 107 110
0.35847070813179016 0.016366222873330116 0.0003267565625719726 184 102 114
0.3782269060611725 -0.04086169973015785 -0.001454522949643433 156 101 110
0.3746584951877594 -0.03678404912352562 0.0011942879064008594 177 111 118
0.3760187327861786 -0.039017293602228165 0.0002858684747479856 82 43 40
0.36511239409446716 -0.00738925626501441 0.0006379102123901248 110 65 68
0.36275815963745117 -0.0009653045563027263 -6.882018351461738e-05 69 25 26
0.3635231852531433 -0.0029401169158518314 -0.0005053547210991383 98 18 31
0.3609384000301361 0.0037609809078276157 -0.00022582494420930743 91 17 26
0.36663466691970825 -0.018302680924534798 0.0005984848830848932 151 106 111
0.36663466691970825 -0.018302680924534798 0.0005984848830848932 151 106 111
0.36247318983078003 -0.005994676612317562 0.0004680538841057569 130 85 88
0.35401806235313416 0.019256848841905594 0.0003119894827250391 108 5 22
0.3570430278778076 0.01328281220048666 -0.0010175704956054688 184 133 140
0.3570430278778076 0.01328281220048666 -0.0010175704956054688 184 133 140
0.35101720690727234 0.02874653786420822 -0.00022606873244512826 165 102 105
0.35985344648361206 0.0010469501139596105 0.0 160 116 117
0.37927716970443726 -0.058590199798345566 0.00018284715770278126 156 108 111
0.37138354778289795 -0.03572741895914078 -0.00011423593969084322 101 11 29
0.37138354778289795 -0.03572741895914078 -0.00011423593969084322 101 11 29
0.3670516908168793 -0.022096462547779083 -0.00046993460273370147 84 16 29
0.36902177333831787 -0.02864704094827175 -0.0008479580283164978 176 124 128
0.3563936948776245 0.010014211758971214 -0.001192058902233839 85 26 35
0.3694174289703369 -0.033289674669504166 -0.0011117802932858467 182 129 135
0.36524146795272827 -0.021169357001781464 -0.0011063123820349574 163 118 123
0.3509144186973572 0.024055544286966324 -0.0019492899300530553 102 56 58
0.36397337913513184 -0.01706264540553093 -0.001488097244873643 172 110 117
0.36397337913513184 -0.01706264540553093 -0.001488097244873643 172 110 117
0.35948434472084045 -0.005164816044270992 -0.0010099083883687854 93 11 23
0.35398101806640625 0.004716427065432072 0.0008171004010364413 170 109 112
0.3488382399082184 0.02556747756898403 -0.001329977996647358 186 126 128
0.3564317226409912 0.0009308313019573689 -0.0011794512392953038 169 110 117
0.3564317226409912 0.0009308313019573689 -0.0011794512392953038 169 110 117
0.3704301416873932 -0.045836612582206726 6.408357148757204e-05 102 8 24
0.37441182136535645 -0.05530569329857826 -0.0012539832387119532 183 104 117
0.3734353184700012 -0.05343526229262352 -0.001090535195544362 160 113 119
0.35181158781051636 0.010143676772713661 -0.0026420194189995527 177 118 124
0.35385096073150635 -0.002550180070102215 -0.0004980756202712655 185 132 138
0.3772801160812378 -0.0728888064622879 -0.0018708223942667246 86 40 42
0.36953312158584595 -0.05023624375462532 -0.0017968128668144345 152 91 98
0.36453843116760254 -0.03722069784998894 -0.0010783454636111856 95 6 24
0.3603993356227875 -0.020566105842590332 -0.003425684990361333 171 130 136
0.3487299978733063 0.0104643190279603 -0.00261610746383667 150 105 106
0.35500383377075195 -0.00628846837207675 -0.004183682147413492 115 17 36
0.35500383377075195 -0.00628846837207675 -0.004183682147413492 115 17 36
0.35630670189857483 -0.015401039272546768 -0.002353678224608302 109 9 27
0.3548714220523834 -0.014021326787769794 -0.003315036417916417 100 14 30
0.3741675615310669 -0.07400641590356827 -0.0027385628782212734 142 96 98
0.3741675615310669 -0.07400641590356827 -0.0027385628782212734 142 96 98
0.3390233516693115 0.033398933708667755 -0.0043791718780994415 183 127 128
0.34087249636650085 0.02821262739598751 -0.004496786277741194 168 130 129
0.36532917618751526 -0.046088408678770065 -0.0037971260026097298 97 14 28
0.36532917618751526 -0.046088408678770065 -0.0037971260026097298 97 14 28
0.35011592507362366 -0.0008755853632465005 -0.004000451881438494 168 117 122
0.3591858446598053 -0.03319115936756134 -0.0020645707845687866 167 137 135
0.37241828441619873 -0.0705053061246872 -0.0032617493998259306 99 6 17
0.3600429594516754 -0.03328145667910576 -0.003751117968931794 167 136 134
0.3554050624370575 -0.019391683861613274 -0.003927417565137148 177 117 119
0.3594324290752411 -0.030529756098985672 -0.004379833582788706 191 131 133
0.3688158690929413 -0.06414853036403656 -0.0025507700629532337 139 105 101
0.3688158690929413 -0.06414853036403656 -0.0025507700629532337 139 105 101
0.33952251076698303 0.02945137768983841 -0.00565105676651001 159 127 125
0.3716251850128174 -0.07273037731647491 -0.003700443310663104 166 109 115
0.3368372619152069 0.03491683304309845 -0.005948418285697699 110 23 39
0.3581053614616394 -0.03247658535838127 -0.00483078695833683 91 35 41
0.3435264825820923 0.009263942018151283 -0.004945858847349882 182 130 134
0.3435264825820923 0.009263942018151283 -0.004945858847349882 182 130 134
0.35799795389175415 -0.03634055331349373 -0.004110055509954691 93 34 41
0.3475615680217743 -0.006861912086606026 -0.004545023199170828 113 19 37
0.3475615680217743 -0.006861912086606026 -0.004545023199170828 113 19 37
0.3475615680217743 -0.006861912086606026 -0.004545023199170828 113 19 37
0.3475615680217743 -0.006861912086606026 -0.004545023199170828 113 19 37
0.3707022964954376 -0.07524099200963974 -0.0041883839294314384 96 16 29
0.35243284702301025 -0.022338829934597015 -0.004214261192828417 149 108 114
0.3457529544830322 -0.0022335106041282415 -0.005287661217153072 108 14 32
0.3457529544830322 -0.0022335106041282415 -0.005287661217153072 108 14 32
0.359306275844574 -0.04374833032488823 -0.004600538872182369 138 108 104
0.35465988516807556 -0.028069430962204933 -0.005616089329123497 112 9 30
0.35705381631851196 -0.038615770637989044 -0.0046975696459412575 107 12 34
0.36801865696907043 -0.07058306783437729 -0.005026799160987139 110 12 27
0.36801865696907043 -0.07058306783437729 -0.005026799160987139 110 12 27
0.36562061309814453 -0.06299836933612823 -0.005524422042071819 177 110 117
0.34271442890167236 0.003532850882038474 -0.0062807477079331875 109 12 31
0.34271442890167236 0.003532850882038474 -0.0062807477079331875 109 12 31
0.3331064283847809 0.03338705375790596 -0.007593346294015646 105 13 27
0.3626146614551544 -0.05654379352927208 -0.005898544564843178 169 119 126
0.3573950529098511 -0.046504728496074677 -0.005249002017080784 186 125 132
0.33420225977897644 0.025523778051137924 -0.007383507210761309 186 130 137
0.33420225977897644 0.025523778051137924 -0.007383507210761309 186 130 137
0.34270626306533813 -0.0005135784740559757 -0.006894173566251993 184 121 126
0.35619887709617615 -0.042747028172016144 -0.00622289814054966 182 117 123
0.35365030169487 -0.03824456408619881 -0.005429898854345083 159 98 105
0.3609955906867981 -0.05942824110388756 -0.005547095090150833 191 97 114
0.3664320409297943 -0.07644625008106232 -0.005531944800168276 137 97 97
0.34289810061454773 -0.005447349976748228 -0.006830786354839802 87 38 41
0.3496271073818207 -0.025551708415150642 -0.00653352914378047 177 114 122
0.34140390157699585 -0.0021417737007141113 -0.006514060311019421 92 42 43
0.34324911236763 -0.013444374315440655 -0.0050535122863948345 133 97 93
0.3531929850578308 -0.03774942085146904 -0.0067124757915735245 113 64 67
0.33143892884254456 0.02849150076508522 -0.008525971323251724 97 29 40
0.33143892884254456 0.02849150076508522 -0.008525971323251724 97 29 40
0.3531118333339691 -0.04138530418276787 -0.0060294982977211475 101 9 24
0.34738102555274963 -0.023678094148635864 -0.006805814802646637 102 24 40
0.3612714409828186 -0.07151886820793152 -0.0041822888888418674 112 13 31
0.3413982093334198 -0.007328589912503958 -0.007156602572649717 189 128 136
0.3572095036506653 -0.055679745972156525 -0.006804143078625202 98 19 35
0.33116140961647034 0.024089377373456955 -0.009187285788357258 196 130 137
0.33116140961647034 0.024089377373456955 -0.009187285788357258 196 130 137
0.3494280278682709 -0.036464791744947433 -0.007014748174697161 102 24 40
0.3510054349899292 -0.03977015241980553 -0.00757251912727952 198 122 135
0.3510054349899292 -0.03977015241980553 -0.00757251912727952 198 122 135
0.3409721851348877 -0.01215449720621109 -0.00733150914311409 187 125 134
0.34349310398101807 -0.01842874102294445 -0.00810183584690094 106 21 37
0.35991403460502625 -0.0669051855802536 -0.0075460500083863735 101 25 38
0.35991403460502625 -0.0669051855802536 -0.0075460500083863735 101 25 38
0.3412500321865082 -0.014241819269955158 -0.007651474326848984 80 41 42
0.35778382420539856 -0.06213318556547165 -0.007407851982861757 114 13 34
0.3379977345466614 -0.010080235078930855 -0.007328095845878124 108 20 36
0.3271807134151459 0.030514447018504143 -0.011033066548407078 108 21 30
0.3283432722091675 0.025202538818120956 -0.010511900298297405 113 19 33
0.3283432722091675 0.025202538818120956 -0.010511900298297405 113 19 33
0.33966201543807983 -0.012909246608614922 -0.008374016731977463 174 104 115
0.3518339991569519 -0.04837682843208313 -0.008042802102863789 168 122 124
0.3455629348754883 -0.03442317619919777 -0.006905039772391319 173 127 132
0.34953996539115906 -0.04461944103240967 -0.007355122361332178 169 114 117
0.3358133137226105 -0.0022819063160568476 -0.008849941194057465 98 28 33
0.3358133137226105 -0.0022819063160568476 -0.008849941194057465 98 28 33
0.35437604784965515 -0.05926420912146568 -0.007832544855773449 184 138 141
0.361637681722641 -0.07788614183664322 -0.008699449710547924 197 141 147
0.361637681722641 -0.07788614183664322 -0.008699449710547924 197 141 147
0.35305771231651306 -0.0578220933675766 -0.007966876961290836 111 66 69
0.35305771231651306 -0.0578220933675766 -0.007966876961290836 111 66 69
0.3421434462070465 -0.026015909388661385 -0.008785579353570938 144 98 101
0.3421434462070465 -0.026015909388661385 -0.008785579353570938 144 98 101
0.32716524600982666 0.02233707346022129 -0.011761808767914772 181 140 138
0.33422669768333435 -0.004585674032568932 -0.009602540172636509 96 25 37
0.34398746490478516 -0.03683474287390709 -0.00779078621417284 163 121 123
0.3562804162502289 -0.06826255470514297 -0.00937323272228241 153 106 112
0.3562804162502289 -0.06826255470514297 -0.00937323272228241 153 106 112
0.33200570940971375 8.934477955335751e-05 -0.009679023176431656 115 15 33
0.33578044176101685 -0.00789177231490612 -0.010739048942923546 100 31 42
0.3332946300506592 -0.005905947647988796 -0.009632806293666363 177 125 129
0.3415793776512146 -0.03202245384454727 -0.008700947277247906 123 13 31
0.34004849195480347 -0.028485747054219246 -0.009034913033246994 190 125 135
0.33183553814888 -0.004909578710794449 -0.01022080797702074 125 72 76
0.32951968908309937 0.0025079664774239063 -0.011257011443376541 196 130 136
0.3282823860645294 0.006322034168988466 -0.011769888922572136 174 124 127
0.3358220160007477 -0.0223221518099308 -0.009328269399702549 114 16 29
0.3378538191318512 -0.02702605165541172 -0.010026292875409126 115 18 38
0.32981544733047485 -0.004262473899871111 -0.010339989326894283 189 129 131
0.3497641086578369 -0.06074497476220131 -0.01036109495908022 182 132 141
0.33437380194664 -0.01747467927634716 -0.011173771694302559 162 123 124
0.3447938561439514 -0.049341216683387756 -0.010394634678959846 160 114 117
0.3306954801082611 -0.0064492737874388695 -0.011831952258944511 99 48 53
0.3417993485927582 -0.04353228583931923 -0.009581295773386955 121 16 33
0.32698461413383484 0.006458105053752661 -0.013136714696884155 114 21 32
0.329105019569397 -0.006988720968365669 -0.01144898310303688 99 48 53
0.340119868516922 -0.03833307698369026 -0.011231900192797184 181 142 145
0.32565057277679443 0.00501616345718503 -0.013841807842254639 191 118 127
0.3254833221435547 0.0024362707044929266 -0.013098647817969322 105 32 41
0.33836355805397034 -0.03753697872161865 -0.011557089164853096 103 64 67
0.345730185508728 -0.0584939643740654 -0.011371003463864326 171 115 120
0.3306255340576172 -0.012166682630777359 -0.013306884095072746 202 136 145
0.32612472772598267 -0.002403403865173459 -0.012812222354114056 114 20 34
0.34489181637763977 -0.05536017194390297 -0.012432282790541649 120 15 35
0.34489181637763977 -0.05536017194390297 -0.012432282790541649 120 15 35
0.33628174662590027 -0.03318898379802704 -0.01247191708534956 180 108 119
0.3430466949939728 -0.05153866484761238 -0.012696418911218643 172 125 128
0.3430466949939728 -0.05153866484761238 -0.012696418911218643 172 125 128
0.34730398654937744 -0.065976582467556 -0.011963149532675743 116 17 37
0.34730398654937744 -0.065976582467556 -0.011963149532675743 116 17 37
0.32976600527763367 -0.016719350591301918 -0.012565500102937222 191 127 135
0.3276433050632477 -0.010293887928128242 -0.012998168356716633 89 19 30
0.33717426657676697 -0.039771657437086105 -0.012274999171495438 98 53 56
0.33717426657676697 -0.039771657437086105 -0.012274999171495438 98 53 56
0.3288591504096985 -0.01435193233191967 -0.013413353823125362 122 24 44
0.32302531599998474 0.0036071976646780968 -0.014999596402049065 191 127 133
0.3440556526184082 -0.060899220407009125 -0.012482400983572006 166 129 130
0.3340396583080292 -0.03206966072320938 -0.013125813566148281 117 19 40
0.3340396583080292 -0.03206966072320938 -0.013125813566148281 117 19 40
0.3401532471179962 -0.050736237317323685 -0.012639579363167286 110 27 42
0.3412034511566162 -0.05324744060635567 -0.012805778533220291 108 15 33
0.33462485671043396 -0.03526751324534416 -0.014043671078979969 120 17 34
0.3221682608127594 0.0004844818322453648 -0.01507259625941515 143 106 105
0.3276091516017914 -0.019874434918165207 -0.013374172151088715 166 127 128
0.3417746126651764 -0.05829024314880371 -0.013892343267798424 132 81 84
0.3417746126651764 -0.05829024314880371 -0.013892343267798424 132 81 84
0.3264380991458893 -0.01600993424654007 -0.014742949046194553 115 21 39
0.3438046872615814 -0.06354479491710663 -0.014613736420869827 199 136 145
0.33861279487609863 -0.050053127110004425 -0.014484385028481483 165 110 116
0.32310813665390015 -0.008448720909655094 -0.01620948687195778 158 97 104
0.3209402859210968 0.0004291553341317922 -0.017451245337724686 108 46 51
0.34182241559028625 -0.06287404894828796 -0.015127171762287617 107 28 45
0.3258194923400879 -0.018535304814577103 -0.01551501639187336 189 122 131
0.33194664120674133 -0.03764370083808899 -0.014967205934226513 212 124 136
0.33528247475624084 -0.0470963679254055 -0.015170114114880562 120 19 35
0.3310348391532898 -0.035334378480911255 -0.01572806015610695 116 28 40
0.3229775130748749 -0.011848545633256435 -0.016714250668883324 170 144 140
0.3246218264102936 -0.012140992097556591 -0.018726440146565437 170 144 140
0.34279802441596985 -0.0680546760559082 -0.01655801199376583 123 14 33
0.3242153227329254 -0.01796017214655876 -0.017767101526260376 129 6 32
0.33796194195747375 -0.05822421982884407 -0.016851820051670074 117 19 32
0.330047607421875 -0.03918164595961571 -0.016537567600607872 126 18 41
0.330047607421875 -0.03918164595961571 -0.016537567600607872 126 18 41
0.330047607421875 -0.03918164595961571 -0.016537567600607872 126 18 41
0.3232513964176178 -0.021097728982567787 -0.018116844817996025 138 95 99
0.3287181556224823 -0.033443208783864975 -0.019000152125954628 144 108 110
0.3287181556224823 -0.033443208783864975 -0.019000152125954628 144 108 110
0.3287181556224823 -0.033443208783864975 -0.019000152125954628 144 108 110
0.32806602120399475 -0.03680622577667236 -0.01772976480424404 161 101 108
0.32961031794548035 -0.04160667955875397 -0.01793573796749115 191 131 138
0.3224411606788635 -0.016822554171085358 -0.019974466413259506 193 144 147
0.33172911405563354 -0.044845204800367355 -0.018916914239525795 198 146 154
0.32182735204696655 -0.015463237650692463 -0.02055908925831318 88 34 42
0.3207104206085205 -0.012371166609227657 -0.02064932882785797 89 33 36
0.32264888286590576 -0.02115662395954132 -0.019906725734472275 187 136 140
0.3235394358634949 -0.023569922894239426 -0.0199428778141737 87 38 41
0.3313140273094177 -0.04675166681408882 -0.019150260835886 86 44 48
0.3304399251937866 -0.04355667531490326 -0.019542181864380836 86 41 44
0.32855600118637085 -0.04227488860487938 -0.019594527781009674 193 118 123
0.32228896021842957 -0.019590459764003754 -0.021816382184624672 117 30 46
0.3299034833908081 -0.04618952423334122 -0.02007828839123249 186 120 132
0.3269146978855133 -0.03947994112968445 -0.01986232027411461 118 24 40
0.3283858895301819 -0.04442733898758888 -0.019627057015895844 103 37 49
0.33109691739082336 -0.05052844434976578 -0.02004227787256241 116 16 38
0.3301742374897003 -0.048147644847631454 -0.020261310040950775 99 28 40
0.33304211497306824 -0.05528123304247856 -0.02097904682159424 179 146 147
0.31987038254737854 -0.029270626604557037 -0.01792501099407673 120 19 35
0.31987038254737854 -0.029270626604557037 -0.01792501099407673 120 19 35
0.3248275816440582 -0.03467663377523422 -0.021252620965242386 119 19 40
0.32898402214050293 -0.046948906034231186 -0.022738002240657806 210 171 174
0.329274982213974 -0.04991867393255234 -0.021998567506670952 212 150 161
0.33182501792907715 -0.056625090539455414 -0.024868709966540337 84 34 37
0.3237614333629608 -0.037620026618242264 -0.02624807506799698 202 145 152
0.484303742647171 -0.03328244015574455 -0.018694989383220673 109 81 78
0.48224255442619324 -0.027760053053498268 -0.020590296015143394 82 66 66
0.480927050113678 -0.021726254373788834 -0.0202472060918808 97 76 75
0.47590529918670654 -0.00998232513666153 -0.023539602756500244 160 142 138
0.47427070140838623 -0.01025555469095707 -0.02392055280506611 67 47 39
0.47146955132484436 -0.011227213777601719 -0.02598682977259159 157 145 147
0.4783812463283539 -0.049286093562841415 -0.02564210258424282 147 138 141
0.4783812463283539 -0.049286093562841415 -0.02564210258424282 147 138 141
0.4570574164390564 0.0487007312476635 -0.027272053062915802 163 143 145
0.4692343473434448 -0.015634257346391678 -0.02977876551449299 79 42 49
0.4532528221607208 0.05233720317482948 -0.03053533472120762 170 161 173
0.4729004204273224 -0.04633233696222305 -0.028590817004442215 146 137 138
0.4639818072319031 -0.007183910347521305 -0.03183671832084656 40 30 31
0.4639818072319031 -0.007183910347521305 -0.03183671832084656 40 30 31
0.46239906549453735 -0.012994466349482536 -0.03280274569988251 59 23 29
0.46071240305900574 -0.009495672769844532 -0.03345430642366409 145 141 142
0.4468909204006195 0.05543284863233566 -0.0345475934445858 78 76 97
0.4581625163555145 -0.009017079137265682 -0.03608960658311844 32 0 5
0.4433061182498932 0.05261443555355072 -0.037140507251024246 47 46 77
0.4408821761608124 0.05689852684736252 -0.03766407445073128 129 126 150
0.4407900869846344 0.05695919692516327 -0.03755095601081848 129 126 150
0.45474985241889954 -0.008571594022214413 -0.03688904643058777 157 104 114
0.44011929631233215 0.05883583799004555 -0.03830135986208916 50 48 69
0.45277732610702515 -0.008290035650134087 -0.0378243550658226 94 40 50
0.4427701234817505 -0.04836028441786766 -0.043246522545814514 85 8 24
0.44447851181030273 -0.05844558775424957 -0.04216201230883598 162 116 122
0.4461798667907715 -0.06924191117286682 -0.04165508970618248 152 109 118
0.4461798667907715 -0.06924191117286682 -0.04165508970618248 152 109 118
0.445739209651947 -0.06719370186328888 -0.04211081564426422 143 100 108
0.44342753291130066 -0.05704374238848686 -0.0435638390481472 68 19 25
0.4460635483264923 -0.07193116843700409 -0.04171502962708473 85 13 27
0.44184231758117676 -0.05072859302163124 -0.04419475048780441 154 100 110
0.4439425766468048 -0.06328864395618439 -0.04276296868920326 89 17 31
0.43696632981300354 -0.03357183188199997 -0.044699616730213165 88 9 22
0.4419420659542084 -0.05674305185675621 -0.0438869372010231 148 91 100
0.44485053420066833 -0.07405734807252884 -0.041654322296381 157 115 117
0.43716099858283997 -0.03542444482445717 -0.04612474516034126 164 118 121
0.43716099858283997 -0.03542444482445717 -0.04612474516034126 164 118 121
0.4389553368091583 -0.044256046414375305 -0.0451369509100914 149 98 105
0.43466222286224365 -0.0268647950142622 -0.045814044773578644 155 69 85
0.4379105865955353 -0.04360632225871086 -0.04505649954080582 149 98 105
0.4353744685649872 -0.03148253262042999 -0.046333540230989456 172 109 120
0.43286991119384766 -0.024125121533870697 -0.04663657769560814 147 108 111
0.4308214783668518 -0.014869172126054764 -0.047406867146492004 176 104 116
0.43815821409225464 -0.04832080751657486 -0.04558543115854263 133 88 94
0.436021089553833 -0.039401985704898834 -0.04585033282637596 70 21 25
0.44047948718070984 -0.061853569000959396 -0.04417594149708748 153 112 118
0.42585283517837524 0.0011143445735797286 -0.04871048033237457 93 12 25
0.43557611107826233 -0.04300181195139885 -0.04637878015637398 146 93 103
0.4372612535953522 -0.05180014669895172 -0.045336343348026276 159 115 125
0.42952626943588257 -0.015853969380259514 -0.04819850996136665 140 105 106
0.42800554633140564 -0.010282277129590511 -0.0483720563352108 169 113 122
0.4357175827026367 -0.04595743864774704 -0.046396367251873016 92 9 25
0.425474613904953 -0.0015110598178580403 -0.048762306571006775 172 121 130
0.4309161305427551 -0.02576300874352455 -0.047650422900915146 77 14 31
0.4248141348361969 0.0013865147484466434 -0.04952385649085045 93 42 49
0.44002100825309753 -0.06894899904727936 -0.04387478530406952 148 97 106
0.42203909158706665 0.011809997260570526 -0.05043788254261017 82 15 24
0.4308042526245117 -0.028555290773510933 -0.047184839844703674 98 7 24
0.4219573736190796 0.010176748037338257 -0.049628060311079025 168 102 111
0.42389264702796936 0.0021690395660698414 -0.04953942447900772 140 89 96
0.42621198296546936 -0.00837284792214632 -0.04884383827447891 79 22 31
0.4287566542625427 -0.02043343335390091 -0.047967564314603806 94 6 20
0.4313356578350067 -0.03199025243520737 -0.04726588353514671 156 102 108
0.4313356578350067 -0.03199025243520737 -0.04726588353514671 156 102 108
0.43354105949401855 -0.04249143227934837 -0.04709324240684509 86 16 28
0.42795127630233765 -0.01755581423640251 -0.04909888282418251 151 98 106
0.4381095767021179 -0.10591703653335571 -0.0216208565980196 198 230 245
0.4265812933444977 -0.01254794467240572 -0.048889461904764175 94 11 29
0.42538759112358093 -0.010086622089147568 -0.04888932406902313 74 27 33
0.43578508496284485 -0.05795029550790787 -0.045666616410017014 157 107 111
0.42296871542930603 -0.0004857095191255212 -0.049738604575395584 79 26 36
0.43633705377578735 -0.060253970324993134 -0.04586322233080864 144 122 120
0.4391728937625885 -0.0751839429140091 -0.04422546923160553 83 27 36
0.43258145451545715 -0.04373207688331604 -0.0476507693529129 149 96 104
0.4242710769176483 -0.006341380998492241 -0.050155915319919586 165 109 116
0.42431941628456116 -0.0063358694314956665 -0.05024486407637596 165 109 116
0.4378946125507355 -0.06965487450361252 -0.044889047741889954 143 98 103
0.4315086901187897 -0.03865401819348335 -0.0481695681810379 94 13 30
0.4315086901187897 -0.03865401819348335 -0.0481695681810379 94 13 30
0.42448848485946655 -0.010969246737658978 -0.04998442158102989 173 117 125
0.4217751622200012 -0.002266303403303027 -0.04972463846206665 169 121 132
0.43759629130363464 -0.0730145275592804 -0.045185431838035583 94 7 23
0.43759629130363464 -0.0730145275592804 -0.045185431838035583 94 7 23
0.4332693815231323 -0.05260747671127319 -0.04740843549370766 164 87 108
0.4233720898628235 -0.008953992277383804 -0.050198789685964584 121 82 87
0.4233720898628235 -0.008953992277383804 -0.050198789685964584 121 82 87
0.42232462763786316 -0.005086187273263931 -0.050221528857946396 90 8 23
0.42232462763786316 -0.005086187273263931 -0.050221528857946396 90 8 23
0.4223894774913788 -0.006139291450381279 -0.049914903938770294 69 7 16
0.4256834387779236 -0.01996515318751335 -0.04940637946128845 170 90 103
0.4206903576850891 0.0017237806459888816 -0.050568174570798874 164 108 119
0.4206903576850891 0.0017237806459888816 -0.050568174570798874 164 108 119
0.4249819815158844 -0.018095670267939568 -0.049268703907728195 162 106 115
0.41827070713043213 0.00893695279955864 -0.051200058311223984 129 84 87
0.4289873540401459 -0.037063248455524445 -0.048962078988552094 158 126 131
0.4233866035938263 -0.013195035979151726 -0.05015852674841881 99 11 33
0.4203105866909027 -0.0010194446658715606 -0.05054083466529846 76 25 35
0.4203105866909027 -0.0010194446658715606 -0.05054083466529846 76 25 35
0.43228939175605774 -0.054014354944229126 -0.04762914031744003 76 12 29
0.4315759241580963 -0.051163334399461746 -0.047599535435438156 94 21 38
0.43458059430122375 -0.06485884636640549 -0.04673176258802414 91 7 23
0.43458059430122375 -0.06485884636640549 -0.04673176258802414 91 7 23
0.4218933582305908 -0.009261345490813255 -0.050620172172784805 77 32 35
0.42980873584747314 -0.04439117759466171 -0.048561904579401016 141 95 101
0.43504172563552856 -0.07031545042991638 -0.04573320597410202 140 96 101
0.4326888918876648 -0.05892341956496239 -0.047224752604961395 164 103 111
0.42786240577697754 -0.037633080035448074 -0.049733102321624756 81 32 40
0.42786240577697754 -0.037633080035448074 -0.049733102321624756 81 32 40
0.426930695772171 -0.035875044763088226 -0.04916359484195709 144 112 117
0.42753732204437256 -0.03939572349190712 -0.04876028746366501 91 19 31
0.4347587823867798 -0.07156216353178024 -0.04669567942619324 87 37 44
0.4309627413749695 -0.0553182028234005 -0.0479174479842186 150 91 103
0.4259880483150482 -0.0333181694149971 -0.04940732195973396 79 21 27
0.4157509505748749 0.00947971735149622 -0.0512533113360405 100 45 50
0.4312500059604645 -0.05773134157061577 -0.04823382571339607 92 10 22
0.41546905040740967 0.008493505418300629 -0.0513102188706398 169 114 119
0.4042220413684845 0.05572425574064255 -0.05360563099384308 145 127 127
0.4177480638027191 -0.0011611556401476264 -0.051401086151599884 76 33 40
0.4341009557247162 -0.07289905846118927 -0.046819109469652176 152 77 90
0.4341009557247162 -0.07289905846118927 -0.046819109469652176 152 77 90
0.4261789619922638 -0.03779902681708336 -0.04949951171875 158 121 128
0.4227912425994873 -0.024137254804372787 -0.0502786822617054 179 103 120
0.4217715561389923 -0.020354460924863815 -0.050662070512771606 117 58 65
0.40610527992248535 0.04459056630730629 -0.0530790314078331 76 33 42
0.42442119121551514 -0.03321956470608711 -0.049913302063941956 151 90 95
0.43237704038619995 -0.06991656869649887 -0.046846240758895874 144 108 108
0.43237704038619995 -0.06991656869649887 -0.046846240758895874 144 108 108
0.4184553623199463 -0.007645255420356989 -0.05153646320104599 164 107 113
0.42608973383903503 -0.04192228242754936 -0.04964390769600868 158 98 106
0.4180462658405304 -0.005599143449217081 -0.05263037607073784 100 9 26
0.4193172752857208 -0.012224989011883736 -0.051691725850105286 164 111 124
0.40362662076950073 0.05244702473282814 -0.05380481109023094 70 27 37
0.4287241995334625 -0.05382071062922478 -0.048857420682907104 138 100 103
0.4039062261581421 0.05076761543750763 -0.0538041852414608 82 27 41
0.43249690532684326 -0.07231836766004562 -0.0469481498003006 90 33 42
0.42821598052978516 -0.05224739760160446 -0.04889660328626633 88 43 48
0.40533411502838135 0.04358413815498352 -0.05316230654716492 157 107 116
0.40528276562690735 0.04360868036746979 -0.05310915783047676 157 107 116
0.40528276562690735 0.04360868036746979 -0.05310915783047676 157 107 116
0.417950838804245 -0.006604289170354605 -0.0529099777340889 94 13 26
0.4307544529438019 -0.06333938241004944 -0.04882931336760521 81 27 35
0.42186298966407776 -0.025593353435397148 -0.0508870929479599 74 13 26
0.42953386902809143 -0.06082577630877495 -0.048411864787340164 80 44 44
0.42953386902809143 -0.06082577630877495 -0.048411864787340164 80 44 44
0.4193611741065979 -0.014654156751930714 -0.05223347619175911 101 18 36
0.404307097196579 0.04465554282069206 -0.05349407717585564 73 39 40
0.42430639266967773 -0.03835908696055412 -0.05037303268909454 161 122 129
0.403302937746048 0.04815805330872536 -0.05388077348470688 63 37 38
0.4053877294063568 0.04075673967599869 -0.05457102879881859 155 125 125
0.4306671917438507 -0.06827325373888016 -0.04828749597072601 138 98 99
0.4027034640312195 0.050230275839567184 -0.05430630221962929 77 43 44
0.42277634143829346 -0.03384355455636978 -0.05086901783943176 175 117 122
0.40435871481895447 0.042978059500455856 -0.054349835962057114 160 126 127
0.42907992005348206 -0.061702191829681396 -0.049121346324682236 131 88 90
0.41712456941604614 -0.010662171989679337 -0.0521148182451725 74 23 28
0.41712456941604614 -0.010662171989679337 -0.0521148182451725 74 23 28
0.40184929966926575 0.051937177777290344 -0.054274920374155045 153 119 120
0.42617303133010864 -0.05171435698866844 -0.048799119889736176 125 77 81
0.40729352831840515 0.029777158051729202 -0.05372293293476105 141 130 128
0.4126659631729126 0.00781380943953991 -0.05310870334506035 153 123 121
0.4126659631729126 0.00781380943953991 -0.05310870334506035 153 123 121
0.41496148705482483 -0.0019888959359377623 -0.05294208601117134 160 119 123
0.42113035917282104 -0.02821292169392109 -0.051721956580877304 154 105 113
0.40146011114120483 0.05040943622589111 -0.05501449480652809 153 119 120
0.4026375710964203 0.04393502697348595 -0.05457799509167671 70 36 37
0.4165070652961731 -0.012623848393559456 -0.05273095890879631 172 123 127
0.4132975935935974 0.0001523791579529643 -0.053067851811647415 68 28 36
0.4132975935935974 0.0001523791579529643 -0.053067851811647415 68 28 36
0.3986372947692871 0.058972571045160294 -0.05469822138547897 145 116 120
0.4284321963787079 -0.06618508696556091 -0.048925962299108505 94 12 24
0.4025680720806122 0.04032672941684723 -0.05385911092162132 151 125 126
0.39876142144203186 0.05749046429991722 -0.05532742291688919 59 34 37
0.40930506587028503 0.011185877025127411 -0.05304684862494469 95 3 16
0.4232589900493622 -0.044828880578279495 -0.05165630578994751 142 116 112
0.41064098477363586 0.00691359443590045 -0.05434948951005936 139 108 106
0.3992658853530884 0.05129265785217285 -0.055146630853414536 135 90 95
0.39810094237327576 0.056552499532699585 -0.05561952665448189 148 126 128
0.399925172328949 0.04668615758419037 -0.0541524663567543 146 126 125
0.4146398901939392 -0.01140429638326168 -0.053356610238552094 65 14 19
0.4199158251285553 -0.03458395227789879 -0.051909785717725754 159 101 107
0.41308823227882385 -0.006377023179084063 -0.053359221667051315 102 7 25
0.42012104392051697 -0.0370686836540699 -0.05191786587238312 87 24 35
0.4097396433353424 0.005550867412239313 -0.05435687303543091 165 124 130
0.4152834415435791 -0.020247168838977814 -0.05263277888298035 150 96 102
0.4211108684539795 -0.04483048990368843 -0.05139770731329918 84 55 51
0.4100361764431 0.00034538304316811264 -0.05320148542523384 170 93 105
0.41070327162742615 -0.0011440485250204802 -0.05412314087152481 164 123 127
0.41474881768226624 -0.018742801621556282 -0.0530564971268177 76 45 43
0.4086483418941498 0.00646015303209424 -0.054539754986763 83 38 41
0.412238210439682 -0.009098058566451073 -0.05388042330741882 162 106 109
0.42576563358306885 -0.06826859712600708 -0.04979102313518524 120 68 70
0.3966562747955322 0.054155781865119934 -0.05693672224879265 149 128 127
0.40884143114089966 0.003489825176075101 -0.05452049523591995 156 89 104
0.4142274558544159 -0.020281801000237465 -0.05310835689306259 151 101 105
0.40971407294273376 -0.002195330336689949 -0.05391232669353485 100 59 63
0.40919360518455505 -0.00020714188576675951 -0.054452020674943924 90 20 30
0.4249011278152466 -0.06586021184921265 -0.050952501595020294 93 28 37
0.40999507904052734 -0.002708488842472434 -0.05486741662025452 132 91 95
0.41812971234321594 -0.037372756749391556 -0.05267829820513725 157 125 126
0.4179612100124359 -0.039834748953580856 -0.05207187309861183 153 111 115
0.39581212401390076 0.051353394985198975 -0.05628481134772301 58 37 36
0.39581212401390076 0.051353394985198975 -0.05628481134772301 58 37 36
0.42155107855796814 -0.05418045073747635 -0.051824942231178284 107 78 76
0.42155107855796814 -0.05418045073747635 -0.051824942231178284 107 78 76
0.3939034640789032 0.058257851749658585 -0.05680225044488907 83 51 52
0.4087255895137787 -0.001644407631829381 -0.054516419768333435 166 125 129
0.40671858191490173 0.0052506891079247 -0.05463264137506485 152 116 120
0.4094708561897278 -0.00707422336563468 -0.05451150983572006 94 8 24
0.4094708561897278 -0.00707422336563468 -0.05451150983572006 94 8 24
0.4170488715171814 -0.037944912910461426 -0.053348809480667114 143 111 116
0.4077772796154022 -0.000639255391433835 -0.05485735088586807 164 117 120
0.39718496799468994 0.04293463006615639 -0.05713799595832825 87 44 51
0.41564056277275085 -0.03266311064362526 -0.0539366714656353 98 5 23
0.4130271375179291 -0.023879993706941605 -0.053409479558467865 96 8 22
0.4193603992462158 -0.05210914835333824 -0.05194113031029701 84 17 27
0.42409443855285645 -0.07342729717493057 -0.05079270899295807 141 94 102
0.3957900404930115 0.042260244488716125 -0.056379299610853195 153 118 122
0.4047586917877197 0.006136992480605841 -0.0555577427148819 131 86 89
0.4166027903556824 -0.04262905567884445 -0.053391821682453156 94 11 29
0.40597236156463623 0.00012240746582392603 -0.055100832134485245 85 17 26
0.39041125774383545 0.0639725774526596 -0.059101808816194534 65 34 34
0.42182621359825134 -0.06915868073701859 -0.05100289732217789 90 10 23
0.41934487223625183 -0.05653047934174538 -0.05287497490644455 167 117 123
0.40948763489723206 -0.016618570312857628 -0.054944105446338654 89 10 25
0.39526888728141785 0.04001729562878609 -0.05709599331021309 81 37 41
0.4195159375667572 -0.05995170772075653 -0.05215466022491455 158 85 96
0.4195159375667572 -0.05995170772075653 -0.05215466022491455 158 85 96
0.4184095859527588 -0.054679084569215775 -0.05275196209549904 149 113 111
0.4184095859527588 -0.054679084569215775 -0.05275196209549904 149 113 111
0.39114928245544434 0.05604974925518036 -0.05823535472154617 86 45 49
0.40545615553855896 -0.00426121149212122 -0.05462048575282097 49 13 15
0.42004644870758057 -0.0634673684835434 -0.052191127091646194 168 116 121
0.4064481854438782 -0.00623983982950449 -0.05614856630563736 175 121 129
0.41217517852783203 -0.03157825022935867 -0.05439170077443123 91 37 46
0.41217517852783203 -0.03157825022935867 -0.05439170077443123 91 37 46
0.4113416075706482 -0.029159866273403168 -0.05445404350757599 148 101 109
0.4205833375453949 -0.06895393133163452 -0.051709000021219254 156 76 89
0.4205833375453949 -0.06895393133163452 -0.051709000021219254 156 76 89
0.42136064171791077 -0.07228261232376099 -0.05158473551273346 131 91 95
0.41388431191444397 -0.04097842425107956 -0.05370806157588959 170 121 130
0.3934502899646759 0.04139045253396034 -0.05780160799622536 138 107 112
0.3934502899646759 0.04139045253396034 -0.05780160799622536 138 107 112
0.4132522642612457 -0.03884582594037056 -0.054239291697740555 71 35 39
0.4165377914905548 -0.053593702614307404 -0.05303312838077545 156 95 102
0.40867772698402405 -0.019712623208761215 -0.05567121133208275 106 55 60
0.41268303990364075 -0.036662109196186066 -0.05524056404829025 166 117 121
0.4171912968158722 -0.056857600808143616 -0.05361897125840187 164 111 119
0.3906732499599457 0.049383752048015594 -0.058400578796863556 146 132 129
0.3906732499599457 0.049383752048015594 -0.058400578796863556 146 132 129
0.41074156761169434 -0.03272377699613571 -0.05443662777543068 161 114 118
0.41074156761169434 -0.03272377699613571 -0.05443662777543068 161 114 118
0.4197772145271301 -0.06987272202968597 -0.052535541355609894 81 11 21
0.4197772145271301 -0.06987272202968597 -0.052535541355609894 81 11 21
0.40698620676994324 -0.01694992370903492 -0.055946528911590576 94 11 27
0.40698620676994324 -0.01694992370903492 -0.055946528911590576 94 11 27
0.39277854561805725 0.04008541628718376 -0.0585596039891243 63 17 27
0.4136579930782318 -0.04331863299012184 -0.055264662951231 97 15 29
0.40148141980171204 0.004203275311738253 -0.05695148929953575 90 14 26
0.4157550632953644 -0.0554933175444603 -0.05334017053246498 77 38 37
0.4157550632953644 -0.0554933175444603 -0.05334017053246498 77 38 37
0.4033147692680359 -0.006633422803133726 -0.056266143918037415 165 111 119
0.40180936455726624 -0.003925526048988104 -0.05513688176870346 168 129 130
0.40270736813545227 -0.004448882304131985 -0.05659979581832886 177 131 133
0.3915429711341858 0.03967179358005524 -0.05839977785944939 174 118 130
0.41752344369888306 -0.0658472552895546 -0.05311514809727669 156 101 110
0.41752344369888306 -0.0658472552895546 -0.05311514809727669 156 101 110
0.40130165219306946 0.0015374179929494858 -0.057353753596544266 171 119 124
0.40130165219306946 0.0015374179929494858 -0.057353753596544266 171 119 124
0.4069311022758484 -0.022329004481434822 -0.05574577674269676 163 100 111
0.3905782997608185 0.04287699982523918 -0.058454353362321854 86 35 46
0.4182879626750946 -0.06977594643831253 -0.052844393998384476 156 78 91
0.40488532185554504 -0.015504474751651287 -0.05638779699802399 176 116 126
0.4147653877735138 -0.05723056569695473 -0.05360545590519905 154 105 111
0.39124101400375366 0.03858238086104393 -0.05886473134160042 68 25 31
0.41891342401504517 -0.07346084713935852 -0.05319180339574814 80 51 53
0.4035372734069824 -0.011323168873786926 -0.05646981671452522 164 118 120
0.39903372526168823 0.006488912273198366 -0.05713381618261337 171 112 118
0.4035488963127136 -0.01131480187177658 -0.05649886652827263 164 118 120
0.40733832120895386 -0.025515591725707054 -0.05625395476818085 97 9 25
0.40733832120895386 -0.025515591725707054 -0.05625395476818085 97 9 25
0.389530748128891 0.042515289038419724 -0.059149906039237976 74 45 47
0.4055383503437042 -0.02133364975452423 -0.05659453943371773 84 21 32
0.4116549789905548 -0.04717642813920975 -0.055014461278915405 83 12 23
0.3892025947570801 0.04079633951187134 -0.05950166657567024 158 117 125
0.3854335844516754 0.05493595451116562 -0.06015720218420029 63 39 37
0.40046989917755127 -0.0057799662463366985 -0.05777764692902565 167 104 115
0.40092048048973083 -0.008927409537136555 -0.05744810402393341 96 11 24
0.40092048048973083 -0.008927409537136555 -0.05744810402393341 96 11 24
0.3987123370170593 2.0572480934788473e-05 -0.05795808881521225 93 10 23
0.3987123370170593 2.0572480934788473e-05 -0.05795808881521225 93 10 23
0.39929109811782837 -0.002871176926419139 -0.05761743709445 160 102 110
0.4029174745082855 -0.017305275425314903 -0.056905727833509445 102 9 30
0.40463727712631226 -0.023165883496403694 -0.0573403462767601 155 110 115
0.40903863310813904 -0.04224039241671562 -0.05607542395591736 184 134 138
0.40903863310813904 -0.04224039241671562 -0.05607542395591736 184 134 138
0.38400548696517944 0.05683056265115738 -0.06103605031967163 162 132 130
0.40348711609840393 -0.020150229334831238 -0.05781686305999756 149 103 109
0.4012645184993744 -0.013472337275743484 -0.05777799338102341 78 17 24
0.41522324085235596 -0.06998143345117569 -0.0547029934823513 97 6 23
0.41522324085235596 -0.06998143345117569 -0.0547029934823513 97 6 23
0.41149094700813293 -0.05815467610955238 -0.05473555624485016 175 109 121
0.3984178900718689 -0.004950031638145447 -0.058013398200273514 84 18 30
0.40506622195243835 -0.032159097492694855 -0.056472569704055786 151 104 112
0.40441834926605225 -0.028986748307943344 -0.05750097334384918 159 105 111
0.39544516801834106 0.004502295516431332 -0.05834990367293358 82 41 42
0.40611180663108826 -0.03826377913355827 -0.05658154562115669 167 116 118
0.3958924412727356 0.0020252694375813007 -0.05866875499486923 155 109 112
0.3950035572052002 0.003768199123442173 -0.05873969942331314 146 126 121
0.3974672853946686 -0.0062002926133573055 -0.05840291455388069 173 121 129
0.39693909883499146 -0.0034686781000345945 -0.0594576820731163 149 100 106
0.3976444900035858 -0.007453117519617081 -0.05929287523031235 91 37 45
0.404083788394928 -0.037269316613674164 -0.05616375058889389 76 2 12
0.39463597536087036 0.002999842632561922 -0.059648677706718445 106 66 67
0.40004763007164 -0.01881028153002262 -0.05846302583813667 97 8 28
0.3983003795146942 -0.013443895615637302 -0.05886637046933174 98 39 46
0.40851306915283203 -0.05651170760393143 -0.056039098650217056 137 84 88
0.39601078629493713 -0.006064624525606632 -0.05912315845489502 114 72 76
0.4057609736919403 -0.04730108007788658 -0.056212056428194046 147 94 96
0.3930623233318329 0.003477933583781123 -0.05946112796664238 164 124 125
0.3949663043022156 -0.0038258132990449667 -0.059091705828905106 108 66 70
0.3981671929359436 -0.017542079091072083 -0.05855486914515495 182 122 132
0.3953881859779358 -0.007244432345032692 -0.059112221002578735 169 121 127
0.39487412571907043 -0.0056218598037958145 -0.059020694345235825 149 107 111
0.39487412571907043 -0.0056218598037958145 -0.059020694345235825 149 107 111
0.39761635661125183 -0.01579558476805687 -0.05897900462150574 150 119 117
0.4094327986240387 -0.06312601268291473 -0.05653766170144081 161 97 107
0.3925800919532776 0.0029771174304187298 -0.05974166840314865 106 66 67
0.3925800919532776 0.0029771174304187298 -0.05974166840314865 106 66 67
0.39355525374412537 -0.001245406805537641 -0.05983100086450577 108 5 22
0.39204511046409607 0.0039461092092096806 -0.059907831251621246 95 55 56
0.3991226553916931 -0.024360179901123047 -0.05836112052202225 147 90 97
0.3991226553916931 -0.024360179901123047 -0.05836112052202225 147 90 97
0.4012880027294159 -0.03211798518896103 -0.05835996940732002 90 56 55
0.4012880027294159 -0.03211798518896103 -0.05835996940732002 90 56 55
0.41141271591186523 -0.07119690626859665 -0.056853555142879486 106 3 26
0.4024958312511444 -0.03887574374675751 -0.0579194650053978 71 5 13
0.4024958312511444 -0.03887574374675751 -0.0579194650053978 71 5 13
0.39454230666160583 -0.008390187285840511 -0.05946335569024086 91 17 30
0.3997051417827606 -0.03015165962278843 -0.058117497712373734 155 100 105
0.3997051417827606 -0.03015165962278843 -0.058117497712373734 155 100 105
0.3914409279823303 0.003697038860991597 -0.06043282896280289 176 130 130
0.4075864255428314 -0.06156114488840103 -0.05675746127963066 158 92 104
0.40406036376953125 -0.047783367335796356 -0.05744852125644684 164 106 110
0.3964383900165558 -0.018173864111304283 -0.05916261672973633 171 121 124
0.40090781450271606 -0.039491552859544754 -0.05820770189166069 166 102 110
0.39440590143203735 -0.014424527063965797 -0.05953890085220337 89 37 41
0.3941950500011444 -0.013350696302950382 -0.060501161962747574 159 98 103
0.4025110900402069 -0.048396967351436615 -0.058222364634275436 160 98 105
0.4027779996395111 -0.05151116102933884 -0.057700153440237045 164 121 130
0.3891199827194214 0.0033537542913109064 -0.06149348244071007 162 111 112
0.3891199827194214 0.0033537542913109064 -0.06149348244071007 162 111 112
0.40296727418899536 -0.05300221964716911 -0.05797431990504265 97 34 43
0.39318329095840454 -0.016114966943860054 -0.05966860055923462 82 23 29
0.40024203062057495 -0.04433291032910347 -0.058803435415029526 94 52 54
0.40024203062057495 -0.04433291032910347 -0.058803435415029526 94 52 54
0.3902173638343811 -0.004991002380847931 -0.061048414558172226 161 91 103
0.4062695801258087 -0.0667482390999794 -0.058373238891363144 155 95 102
0.4004223048686981 -0.046881530433893204 -0.05809367448091507 96 9 25
0.3909635841846466 -0.008303866721689701 -0.06101592257618904 169 117 124
0.3930126428604126 -0.01884710229933262 -0.05981961265206337 188 133 138
0.39703527092933655 -0.033116668462753296 -0.060140520334243774 162 120 124
0.39703527092933655 -0.033116668462753296 -0.060140520334243774 162 120 124
0.3971099555492401 -0.03458661213517189 -0.05951559916138649 150 108 112
0.39566710591316223 -0.031151702627539635 -0.05950149521231651 88 18 26
0.3990773856639862 -0.0450422465801239 -0.058938708156347275 169 122 125
0.3889767825603485 -0.007195594720542431 -0.06027683615684509 69 33 33
0.39225396513938904 -0.017966659739613533 -0.06123175099492073 78 23 28
0.39303961396217346 -0.021504264324903488 -0.06151984632015228 99 25 36
0.39303961396217346 -0.021504264324903488 -0.06151984632015228 99 25 36
0.4055136740207672 -0.06981842964887619 -0.0592254139482975 165 125 126
0.3890337646007538 -0.008288872428238392 -0.061867605894804 158 109 115
0.3922449052333832 -0.023248134180903435 -0.06116017699241638 178 115 123
0.3922449052333832 -0.023248134180903435 -0.06116017699241638 178 115 123
0.40390196442604065 -0.06899970769882202 -0.059262119233608246 134 94 95
0.40390196442604065 -0.06899970769882202 -0.059262119233608246 134 94 95
0.38753023743629456 -0.007833065465092659 -0.061909642070531845 157 100 106
0.39713412523269653 -0.04374295100569725 -0.06079256907105446 171 124 134
0.3892122805118561 -0.01508160587400198 -0.06157487630844116 72 12 19
0.38947877287864685 -0.01721055619418621 -0.062063515186309814 163 134 130
0.395003080368042 -0.037052713334560394 -0.06176472455263138 96 21 36
0.3952614963054657 -0.03994279354810715 -0.06092467159032822 101 13 27
0.382715106010437 0.006107027642428875 -0.06355683505535126 173 139 137
0.3814655542373657 0.010204151272773743 -0.06383863091468811 178 115 121
0.4019777178764343 -0.06865530461072922 -0.06036846712231636 159 114 119
0.3897427022457123 -0.023965686559677124 -0.061731185764074326 142 89 95
0.3813570439815521 0.007284578401595354 -0.06421128660440445 158 127 124
0.3850301206111908 -0.007529661059379578 -0.06367295235395432 127 74 76
0.3914991617202759 -0.032771479338407516 -0.062354154884815216 175 114 119
0.4015249013900757 -0.06799376010894775 -0.06222675368189812 176 117 121
0.39670783281326294 -0.05231035128235817 -0.061975155025720596 154 120 121
0.39670783281326294 -0.05231035128235817 -0.061975155025720596 154 120 121
0.3934078812599182 -0.04222659021615982 -0.06171781197190285 180 116 123
0.3934078812599182 -0.04222659021615982 -0.06171781197190285 180 116 123
0.3924000859260559 -0.035136859863996506 -0.06374441832304001 174 138 142
0.3845079839229584 -0.009163953363895416 -0.06339094787836075 163 125 124
0.3845079839229584 -0.009163953363895416 -0.06339094787836075 163 125 124
0.3930136263370514 -0.03950174152851105 -0.06298980116844177 110 9 26
0.39465898275375366 -0.04804296791553497 -0.06176646426320076 116 11 34
0.3876645863056183 -0.022194961085915565 -0.06295598298311234 100 16 32
0.3876645863056183 -0.022194961085915565 -0.06295598298311234 100 16 32
0.3992326557636261 -0.0627518892288208 -0.06281367689371109 156 111 116
0.37857794761657715 0.009184005670249462 -0.06476850062608719 163 130 128
0.3982912600040436 -0.06414063274860382 -0.06210297346115112 93 37 44
0.3896964490413666 -0.033526141196489334 -0.06321430206298828 173 108 112
0.39804354310035706 -0.06499764323234558 -0.06295542418956757 163 92 104
0.3834735155105591 -0.013640269637107849 -0.06400343775749207 108 12 26
0.3834735155105591 -0.013640269637107849 -0.06400343775749207 108 12 26
0.3885776400566101 -0.0342886708676815 -0.063934825360775 167 125 127
0.3849760890007019 -0.021884994581341743 -0.06407769024372101 184 123 131
0.3849760890007019 -0.021884994581341743 -0.06407769024372101 184 123 131
0.3832993805408478 -0.01687970757484436 -0.06431908160448074 166 116 120
0.3886234760284424 -0.037298206239938736 -0.06343287974596024 174 124 128
0.39132189750671387 -0.04723832756280899 -0.063252754509449 124 67 74
0.3901073634624481 -0.043437693268060684 -0.06338129937648773 94 40 45
0.3771394193172455 0.0040650381706655025 -0.06588094681501389 178 130 133
0.3771394193172455 0.0040650381706655025 -0.06588094681501389 178 130 133
0.3835892379283905 -0.020933298394083977 -0.06441952288150787 83 38 41
0.3835892379283905 -0.020933298394083977 -0.06441952288150787 83 38 41
0.38153666257858276 -0.01562603749334812 -0.0637340396642685 109 13 27
0.38448020815849304 -0.025634419173002243 -0.06378694623708725 158 108 113
0.3827955722808838 -0.01843954622745514 -0.06475017964839935 99 49 52
0.38252076506614685 -0.017091892659664154 -0.0651136115193367 169 115 120
0.3799192011356354 -0.0090070441365242 -0.06524550914764404 155 93 97
0.3799192011356354 -0.0090070441365242 -0.06524550914764404 155 93 97
0.38700154423713684 -0.035783909261226654 -0.06405770033597946 104 15 32
0.39156875014305115 -0.05275484174489975 -0.0645136684179306 152 111 113
0.38877400755882263 -0.04366606846451759 -0.06464862078428268 172 114 120
0.38284948468208313 -0.02268206886947155 -0.06535716354846954 172 123 126
0.39572373032569885 -0.06739389896392822 -0.06472371518611908 113 12 30
0.39572373032569885 -0.06739389896392822 -0.06472371518611908 113 12 30
0.3839322030544281 -0.024990584701299667 -0.06637417525053024 103 23 36
0.39051297307014465 -0.04910339415073395 -0.0654941126704216 175 118 125
0.38924410939216614 -0.04649552330374718 -0.06488409638404846 91 34 40
0.3837282657623291 -0.028118154034018517 -0.06531450152397156 164 118 121
0.3835134506225586 -0.02983788400888443 -0.0652519166469574 165 113 118
0.38406866788864136 -0.03165006637573242 -0.0653328225016594 99 18 32
0.3911667764186859 -0.05612478405237198 -0.06581323593854904 177 122 131
0.3911667764186859 -0.05612478405237198 -0.06581323593854904 177 122 131
0.3877446949481964 -0.04766702651977539 -0.06586360186338425 170 122 126
0.3916921019554138 -0.05923248082399368 -0.0669286772608757 116 12 29
0.39265286922454834 -0.06395885348320007 -0.06641402095556259 113 74 75
0.39265286922454834 -0.06395885348320007 -0.06641402095556259 113 74 75
0.3819308578968048 -0.02745947055518627 -0.06699854135513306 172 110 118
0.39283183217048645 -0.06409357488155365 -0.06690690666437149 104 65 66
0.38079434633255005 -0.025155695155262947 -0.06652331352233887 110 23 40
0.38079434633255005 -0.025155695155262947 -0.06652331352233887 110 23 40
0.3897187411785126 -0.05555715039372444 -0.06703441590070724 81 10 22
0.3897187411785126 -0.05555715039372444 -0.06703441590070724 81 10 22
0.37893152236938477 -0.01891409419476986 -0.06749606132507324 92 32 36
0.38473689556121826 -0.038285937160253525 -0.0684882402420044 162 132 128
0.38473689556121826 -0.038285937160253525 -0.0684882402420044 162 132 128
0.37478575110435486 -0.009367231279611588 -0.06731857359409332 100 23 31
0.384365975856781 -0.04667098820209503 -0.06497109681367874 124 82 83
0.38887640833854675 -0.057193100452423096 -0.06745562702417374 182 127 135
0.38887640833854675 -0.057193100452423096 -0.06745562702417374 182 127 135
0.3804232180118561 -0.030749522149562836 -0.06689203530550003 163 115 119
0.381982684135437 -0.035783473402261734 -0.06710093468427658 104 18 30
0.37786078453063965 -0.020683668553829193 -0.06868582218885422 85 36 38
0.3842116594314575 -0.043115247040987015 -0.06837132573127747 110 19 36
0.38251736760139465 -0.040152303874492645 -0.06801043450832367 173 117 126
0.37693095207214355 -0.02176312357187271 -0.06839507818222046 178 127 132
0.37693095207214355 -0.02176312357187271 -0.06839507818222046 178 127 132
0.37575605511665344 -0.020934447646141052 -0.06891770660877228 130 82 82
0.3768450617790222 -0.02414342761039734 -0.06977743655443192 188 139 143
0.38043394684791565 -0.03881368041038513 -0.06849513947963715 117 14 35
0.3800593316555023 -0.035419363528490067 -0.06955551356077194 112 16 30
0.385716050863266 -0.0526675283908844 -0.07103455066680908 115 21 39
0.37753820419311523 -0.031038297340273857 -0.0693231001496315 157 128 128
0.38554733991622925 -0.05590389668941498 -0.07053257524967194 150 104 106
0.3816356658935547 -0.04575997218489647 -0.0702894777059555 139 93 96
0.37971070408821106 -0.03843844309449196 -0.07101842761039734 175 103 113
0.4403231143951416 -0.027505425736308098 -0.09013348072767258 135 95 93
0.44095155596733093 -0.06743143498897552 -0.0996977761387825 136 92 93
0.43899768590927124 -0.06182973086833954 -0.100713811814785 136 105 103
0.4337146282196045 -0.045782532542943954 -0.10096966475248337 147 101 104
0.43445223569869995 -0.05000433325767517 -0.10120638459920883 117 64 70
0.4334643483161926 -0.05306852236390114 -0.10242661833763123 92 8 24
0.42791688442230225 -0.035552576184272766 -0.10178010910749435 91 11 22
0.42426982522010803 -0.027753688395023346 -0.10391025990247726 112 68 69
0.42018646001815796 -0.015365366823971272 -0.10314574837684631 137 87 91
0.429031103849411 -0.06057877838611603 -0.10513822734355927 91 9 23
0.4125913679599762 -0.0017632386879995465 -0.1052837073802948 139 126 120
0.4125913679599762 -0.0017632386879995465 -0.1052837073802948 139 126 120
0.40762871503829956 0.009817429818212986 -0.10598699003458023 145 121 117
0.42777249217033386 -0.06429063528776169 -0.10795125365257263 139 89 92
0.40699267387390137 0.006505525205284357 -0.10736910253763199 92 57 55
0.4240413010120392 -0.05630838871002197 -0.1109825074672699 92 8 24
0.4169587194919586 -0.04568535462021828 -0.11103025823831558 99 7 22
0.41534945368766785 -0.05818547308444977 -0.11021190881729126 94 6 20
0.41534945368766785 -0.05818547308444977 -0.11021190881729126 94 6 20
0.4058585464954376 -0.019842492416501045 -0.11273237317800522 145 105 105
0.40656527876853943 -0.02306881733238697 -0.11292556673288345 104 7 18
0.40223538875579834 -0.01403010357171297 -0.1117536723613739 100 5 13
0.4040493667125702 -0.026679888367652893 -0.11271997541189194 110 53 59
0.4040493667125702 -0.026679888367652893 -0.11271997541189194 110 53 59
0.41500040888786316 -0.06838013976812363 -0.11310374736785889 148 102 103
0.40939778089523315 -0.05119595676660538 -0.11251302808523178 173 129 128
0.39836356043815613 -0.017202235758304596 -0.11560115963220596 146 111 107
0.40692421793937683 -0.06499525159597397 -0.11757500469684601 113 70 72
0.4013831317424774 -0.06670974940061569 -0.11970891803503036 159 117 119
0.3918250799179077 -0.034669406712055206 -0.12049101293087006 105 11 27
0.39674028754234314 -0.052669890224933624 -0.1219850704073906 108 14 32
0.3959115147590637 -0.05906202644109726 -0.12053994834423065 110 16 32
0.3926967680454254 -0.04738222062587738 -0.12145944684743881 113 13 34
0.4113674461841583 0.004482615739107132 0.05836143344640732 141 147 133
0.4003921449184418 -0.050451263785362244 0.04842753708362579 138 98 99
0.39152729511260986 -0.023085108026862144 0.04745367914438248 151 103 106
0.3928101658821106 -0.030295202508568764 0.04693428799510002 123 73 78
0.3915511965751648 -0.02637791633605957 0.04385308548808098 97 25 37
0.3893378674983978 -0.022013964131474495 0.045663900673389435 119 80 81
0.3928245007991791 -0.05145135894417763 0.050468914210796356 133 94 95
0.3904283940792084 -0.03525344282388687 0.04726052284240723 90 10 23
0.3874955475330353 -0.023884320631623268 0.04600166156888008 145 105 106
0.3824339210987091 -0.0005078449030406773 0.04463706538081169 128 84 85
0.3911624550819397 -0.057007599622011185 0.048105694353580475 92 18 31
0.3864119052886963 -0.02689947374165058 0.044790204614400864 89 15 28
0.3800903260707855 0.006244737654924393 0.045181043446063995 148 91 98
0.38182762265205383 -0.005709534976631403 0.04530861973762512 90 13 21
0.3876971900463104 -0.03707708418369293 0.04220108687877655 94 10 23
0.3783910870552063 0.008237584494054317 0.04386061057448387 84 35 38
0.3848573863506317 -0.03181500360369682 0.04359264299273491 127 81 83
0.3804425299167633 -0.011737831868231297 0.041639138013124466 134 102 105
0.3760569095611572 0.0072647505439817905 0.04033876210451126 139 93 96
0.38385167717933655 -0.042541638016700745 0.044165074825286865 129 80 83
0.38385167717933655 -0.042541638016700745 0.044165074825286865 129 80 83
0.3730996549129486 0.015413395129144192 0.043695803731679916 151 113 112
0.38759109377861023 -0.07491438835859299 0.04830602556467056 126 95 92
0.3820297122001648 -0.047942060977220535 0.044906388968229294 91 9 21
0.369305282831192 0.028263406828045845 0.040929097682237625 131 89 87
0.3786086142063141 -0.039069343358278275 0.041766922920942307 91 9 21
0.3773330748081207 -0.04205421730875969 0.04092589393258095 133 81 85
0.37863850593566895 -0.05416231229901314 0.04378955811262131 124 90 88
0.36390018463134766 0.023413438349962234 0.044102802872657776 94 11 19
0.3732326328754425 -0.03364447504281998 0.046333085745573044 123 81 82
0.37107622623443604 -0.013124862685799599 0.040177684277296066 131 102 98
0.37107622623443604 -0.013124862685799599 0.040177684277296066 131 102 98
0.3683275878429413 -0.01907826028764248 0.040584441274404526 99 5 21
0.37012672424316406 -0.0307336263358593 0.04079943522810936 90 17 28
0.36667150259017944 -0.009386652149260044 0.037727463990449905 94 8 21
0.372208833694458 -0.04026678204536438 0.03826120123267174 92 6 19
0.3704834282398224 -0.10539878159761429 0.07040736824274063 153 177 186
0.36129030585289 -0.004949587397277355 0.03879323601722717 135 102 100
0.3675140142440796 -0.05149630457162857 0.042665380984544754 93 5 21
0.34577763080596924 0.06641692668199539 0.036485705524683 102 50 54
0.3557124435901642 0.003935334272682667 0.03851015120744705 155 114 108
0.36015379428863525 -0.021799083799123764 0.037287306040525436 94 8 21
0.36117252707481384 -0.027850240468978882 0.037238650023937225 145 109 109
0.36117252707481384 -0.027850240468978882 0.037238650023937225 145 109 109
0.3568071126937866 -0.005760188214480877 0.03661205992102623 96 41 44
0.3540002405643463 -0.0014621546724811196 0.03608323261141777 104 0 19
0.35370370745658875 -0.017294099554419518 0.03753155469894409 138 96 98
0.351764976978302 -0.007025751750916243 0.03716154024004936 131 85 85
0.35548949241638184 -0.04318578168749809 0.04351981729269028 99 8 25
0.34668195247650146 0.0010995252523571253 0.036857251077890396 143 94 97
0.3563065528869629 -0.05506496876478195 0.03865932300686836 95 7 23
0.3563065528869629 -0.05506496876478195 0.03865932300686836 95 7 23
0.3412751257419586 0.022953957319259644 0.03322771564126015 138 97 95
0.3416062593460083 0.01429629698395729 0.03466026112437248 141 94 94
0.35452258586883545 -0.061086561530828476 0.03910505026578903 142 91 96
0.35452258586883545 -0.061086561530828476 0.03910505026578903 142 91 96
0.3476346433162689 -0.02450384944677353 0.03601635992527008 98 6 19
0.34211212396621704 -0.002357176272198558 0.03564227372407913 160 105 110
0.33490896224975586 0.03306814283132553 0.03513646498322487 101 5 15
0.3379257917404175 0.02258423902094364 0.029822301119565964 149 86 92
0.3379257917404175 0.02258423902094364 0.029822301119565964 149 86 92
0.3372308313846588 0.011482060886919498 0.03532641753554344 137 93 92
0.3372308313846588 0.011482060886919498 0.03532641753554344 137 93 92
0.3453042507171631 -0.04120336100459099 0.037119608372449875 142 100 102
0.33752065896987915 -0.00040002603782340884 0.033436719328165054 148 102 104
0.3399794399738312 -0.02604896016418934 0.03581874817609787 102 6 23
0.3384232521057129 -0.016464952379465103 0.03068140335381031 103 9 27
0.3384232521057129 -0.016464952379465103 0.03068140335381031 103 9 27
0.34323057532310486 -0.05896144360303879 0.035623326897621155 106 9 29
0.34323057532310486 -0.05896144360303879 0.035623326897621155 106 9 29
0.32669052481651306 0.02844364009797573 0.03149150311946869 152 123 119
0.32929888367652893 0.0040793633088469505 0.032534290105104446 107 1 15
0.32929888367652893 0.0040793633088469505 0.032534290105104446 107 1 15
0.33202284574508667 -0.012467209249734879 0.032223623245954514 140 98 99
0.3359425961971283 -0.03420887887477875 0.03338228166103363 85 30 35
0.3387000858783722 -0.054879527539014816 0.03454776853322983 139 99 100
0.3216623365879059 0.03178621083498001 0.028121335431933403 100 12 28
0.33454495668411255 -0.04030371829867363 0.02926536649465561 110 7 26
0.3395014703273773 -0.07732217013835907 0.03451962769031525 151 111 111
0.3297875225543976 -0.046435870230197906 0.033053889870643616 142 102 102
0.3143528401851654 0.02982746623456478 0.027275988832116127 91 13 26
0.3242897689342499 -0.02474013715982437 0.030966611579060555 101 21 34
0.3303792476654053 -0.06267385184764862 0.03493961691856384 117 16 34
0.3303792476654053 -0.06267385184764862 0.03493961691856384 117 16 34
0.32390978932380676 -0.020954661071300507 0.029107490554451942 108 7 25
0.32456135749816895 -0.03568774834275246 0.03278738632798195 142 108 109
0.32009416818618774 -0.004107088781893253 0.02738681249320507 153 101 105
0.32797911763191223 -0.05768797919154167 0.032196320593357086 151 115 115
0.3177008032798767 -0.005525173153728247 0.030016014352440834 137 87 88
0.32073885202407837 -0.026389896869659424 0.029585400596261024 137 79 85
0.30857744812965393 0.019691497087478638 0.032588690519332886 107 9 24
0.32510530948638916 -0.0551556795835495 0.031883180141448975 143 110 105
0.3260437250137329 -0.06465209275484085 0.02856358140707016 111 19 34
0.31202736496925354 -0.0008564059971831739 0.028808631002902985 106 16 28
0.3067215383052826 0.022313136607408524 0.026559680700302124 153 123 119
0.3174750506877899 -0.044030237942934036 0.03222707286477089 109 17 30
0.3053283393383026 0.027183828875422478 0.024037016555666924 97 27 37
0.30980896949768066 -0.0174630805850029 0.03337106853723526 156 123 122
0.31038615107536316 -0.013725480064749718 0.02979879267513752 109 26 42
0.3043234050273895 0.024590443819761276 0.024829216301441193 166 124 125
0.30793967843055725 0.0017719303723424673 0.026218749582767487 165 121 122
0.3034411668777466 0.02579682692885399 0.021709321066737175 98 25 37
0.3074716031551361 -0.009725968353450298 0.02619837410748005 161 123 122
0.3082539141178131 -0.015882393345236778 0.025810182094573975 100 28 40
0.31149667501449585 -0.04717544466257095 0.028863590210676193 112 27 46
0.29902246594429016 0.02408279851078987 0.021168719977140427 105 23 39
0.30549943447113037 -0.02083897404372692 0.026316789910197258 142 97 100
0.29744628071784973 0.017257535830140114 0.023668361827731133 167 127 125
0.3059009313583374 -0.02731017954647541 0.02295459620654583 112 18 36
0.3059009313583374 -0.02731017954647541 0.02295459620654583 112 18 36
0.31071197986602783 -0.049616046249866486 0.022533735260367393 126 39 56
0.3071773648262024 -0.04439068213105202 0.02350512333214283 159 125 126
0.3092612028121948 -0.05911141261458397 0.025505436584353447 114 20 36
0.29906585812568665 -0.01349333394318819 0.021369781345129013 146 101 104
0.30214861035346985 -0.03621433675289154 0.014738212339580059 172 137 141
0.30214861035346985 -0.03621433675289154 0.014738212339580059 172 137 141
0.2937281131744385 -0.009823247790336609 0.01819409243762493 121 16 33
0.296893835067749 -0.02594558149576187 0.017686404287815094 156 114 116
0.29698264598846436 -0.03185877948999405 0.01619071513414383 120 19 35
0.2995222508907318 0.04953259229660034 0.3296188712120056 67 36 33
0.29302066564559937 0.045649804174900055 0.3451163172721863 158 148 146
0.29302066564559937 0.045649804174900055 0.3451163172721863 158 148 146
0.2797786295413971 0.049329306930303574 0.3419018089771271 143 99 100
0.2234247326850891 -0.007390710059553385 0.38529279828071594 98 24 34
0.21753092110157013 0.0016470806440338492 0.3916042149066925 108 68 69
0.20466740429401398 -0.02486942708492279 0.42623370885849 100 3 22
0.21368974447250366 0.032363466918468475 0.3689153492450714 105 4 22
0.19903306663036346 -0.006986761931329966 0.41484424471855164 98 7 22
0.21803885698318481 0.0537748783826828 0.330282062292099 145 90 95
0.20542672276496887 0.021661384031176567 0.3719707429409027 99 63 63
0.19969123601913452 -0.017693577334284782 0.4046241044998169 106 62 63
0.22049562633037567 0.08745773881673813 0.30415666103363037 161 109 111
0.20379489660263062 0.03949834033846855 0.35873809456825256 112 61 64
0.20379489660263062 0.03949834033846855 0.35873809456825256 112 61 64
0.20687368512153625 0.06817401200532913 0.31712231040000916 150 114 114
0.1777917891740799 -0.05199814215302467 0.43780115246772766 98 7 22
0.19487807154655457 0.028415514156222343 0.3571198582649231 99 7 20
0.19487807154655457 0.028415514156222343 0.3571198582649231 99 7 20
0.19719547033309937 0.048494838178157806 0.341543585062027 174 122 126
0.20053547620773315 0.19257663190364838 0.2549358010292053 55 13 17
0.18172723054885864 -0.032429084181785583 0.40949535369873047 95 2 21
0.19268997013568878 0.01790238544344902 0.3581586480140686 160 118 119
0.19268997013568878 0.01790238544344902 0.3581586480140686 160 118 119
0.17731577157974243 0.2174355536699295 0.2790719270706177 90 62 59
0.19197537004947662 0.042550064623355865 0.3397692143917084 89 7 21
0.19197537004947662 0.042550064623355865 0.3397692143917084 89 7 21
0.16884677112102509 -0.054300546646118164 0.4266244173049927 98 6 21
0.15313389897346497 0.23462070524692535 0.30123743414878845 154 130 126
0.17534108459949493 0.007625559810549021 0.37993770837783813 106 0 20
0.19029010832309723 0.02430976927280426 0.3423728942871094 99 7 18
0.17438150942325592 -0.015494788065552711 0.38853996992111206 89 3 16
0.18377350270748138 0.03193887323141098 0.3378641903400421 152 114 113
0.16329817473888397 -0.09003633260726929 0.43722885847091675 98 60 59
0.19352173805236816 0.14179764688014984 0.26147130131721497 71 23 25
0.17900806665420532 0.047374993562698364 0.3274874687194824 163 126 120
0.17900806665420532 0.047374993562698364 0.3274874687194824 163 126 120
0.16951680183410645 0.05641251429915428 0.3260827958583832 96 13 27
0.16940715909004211 0.145877406001091 0.2715989351272583 103 46 55
0.18208058178424835 0.06027742847800255 0.29326188564300537 88 5 15
0.16558867692947388 0.027929235249757767 0.33442968130111694 94 46 46
0.15918025374412537 0.036926474422216415 0.3387700915336609 95 18 28
0.1624845266342163 0.04185795411467552 0.32344380021095276 163 114 117
0.1791573315858841 0.07487005740404129 0.27614036202430725 155 122 117
0.1712799221277237 0.07489045709371567 0.2726666331291199 155 98 100
0.14387354254722595 -0.004298499319702387 0.35354435443878174 109 2 22
0.11279719322919846 -0.0806921198964119 0.4322535991668701 155 111 112
0.11279719322919846 -0.0806921198964119 0.4322535991668701 155 111 112
0.1443839818239212 0.03932910040020943 0.3179395794868469 167 112 117
0.11319471895694733 -0.03709153085947037 0.3958451449871063 138 106 103
0.12262538075447083 -0.0927489697933197 0.4065890908241272 109 2 22
0.12814415991306305 -0.007334928959608078 0.353777676820755 100 8 21
0.13676437735557556 0.04607027396559715 0.3049648106098175 107 6 22
0.11538206040859222 0.01889362744987011 0.3421386480331421 133 87 89
0.10983897000551224 -0.023063702508807182 0.3638840913772583 95 12 28
0.084904745221138 -0.06666748225688934 0.4115103781223297 139 95 96
0.084904745221138 -0.06666748225688934 0.4115103781223297 139 95 96
0.42390140891075134 -0.05236462876200676 -0.053189296275377274 174 102 111
0.42268773913383484 -0.044580522924661636 -0.05733480677008629 180 115 121
0.42108049988746643 -0.048341017216444016 -0.052916593849658966 96 29 36
0.42057400941848755 -0.045548662543296814 -0.05408089607954025 90 41 42
0.41883009672164917 -0.031975314021110535 -0.0610312819480896 87 24 27
0.42060405015945435 -0.046986643224954605 -0.0539887398481369 179 131 131
0.42060405015945435 -0.046986643224954605 -0.0539887398481369 179 131 131
0.41637006402015686 -0.030364161357283592 -0.062077514827251434 167 119 117
0.41245949268341064 -0.02524622716009617 -0.06067178398370743 183 133 132
0.41245949268341064 -0.02524622716009617 -0.06067178398370743 183 133 132
0.41425877809524536 -0.03994610533118248 -0.05365839600563049 188 125 131
0.4137140214443207 -0.03423197194933891 -0.0577547624707222 119 13 27
0.4071950316429138 -0.010165506973862648 -0.06428519636392593 188 105 113
0.4115138649940491 -0.04016438126564026 -0.05194788798689842 185 125 130
0.4097175598144531 -0.031883951276540756 -0.05476975813508034 198 130 131
0.4040082097053528 0.0008705788059160113 -0.0674930289387703 107 52 55
0.4040082097053528 0.0008705788059160113 -0.0674930289387703 107 52 55
0.40876105427742004 -0.048098787665367126 -0.041614338755607605 165 124 120
0.4038657546043396 -0.0025127443950623274 -0.065452940762043 191 127 132
0.4060373604297638 -0.009968424215912819 -0.0656050369143486 95 28 33
0.40386590361595154 -0.0057768491096794605 -0.06394248455762863 170 116 116
0.40877261757850647 -0.047286685556173325 -0.04438292607665062 89 49 49
0.40877261757850647 -0.047286685556173325 -0.04438292607665062 89 49 49
0.40350857377052307 -0.007324745878577232 -0.06257510185241699 169 115 115
0.40853291749954224 -0.04862702637910843 -0.04441695287823677 179 137 138
0.40107178688049316 0.0011340354103595018 -0.06572885066270828 184 128 128
0.39748629927635193 0.01139818038791418 -0.06624190509319305 113 16 27
0.40495461225509644 -0.03106066957116127 -0.05146158114075661 87 36 35
0.40448877215385437 -0.02426566183567047 -0.05564247816801071 166 120 120
0.40448877215385437 -0.02426566183567047 -0.05564247816801071 166 120 120
0.40286847949028015 -0.010441306047141552 -0.06261599063873291 170 96 103
0.4039198160171509 -0.02745664492249489 -0.05255117639899254 104 17 29
0.40569254755973816 -0.024466505274176598 -0.05893762782216072 166 120 120
0.39689207077026367 0.01483017299324274 -0.06865541636943817 183 135 131
0.39987099170684814 -0.004413275048136711 -0.06131864711642265 106 22 35
0.4038614332675934 -0.03201136738061905 -0.05006564036011696 168 117 116
0.40552929043769836 -0.05287306755781174 -0.038943447172641754 117 10 28
0.4026322066783905 -0.025910522788763046 -0.05323558300733566 186 125 127
0.40196219086647034 -0.02169475145637989 -0.05534633621573448 187 119 120
0.4034464359283447 -0.04528259485960007 -0.04296145215630531 111 28 34
0.401621013879776 -0.02962128445506096 -0.05109115317463875 166 101 107
0.3970652222633362 -0.004584028385579586 -0.060379091650247574 174 119 122
0.3974139392375946 -0.0028179162181913853 -0.06272102892398834 185 133 135
0.40356165170669556 -0.06980270147323608 -0.027331817895174026 81 32 30
0.397420197725296 -0.006066065281629562 -0.06071065366268158 184 122 127
0.3999071419239044 -0.026195598766207695 -0.05152316018939018 183 122 124
0.4015492796897888 -0.04962870478630066 -0.03895821422338486 173 117 118
0.3936058282852173 0.007151241414248943 -0.06326838582754135 80 38 39
0.40183737874031067 -0.052199214696884155 -0.03801712766289711 171 102 110
0.39879536628723145 -0.05841847136616707 -0.027764521539211273 166 126 124
0.39879536628723145 -0.05841847136616707 -0.027764521539211273 166 126 124
0.39906784892082214 -0.02819037437438965 -0.05052867904305458 101 18 28
0.40131738781929016 -0.07114528864622116 -0.02408037893474102 182 120 123
0.39424192905426025 -0.0012067912612110376 -0.059890348464250565 98 39 41
0.39827969670295715 -0.034914784133434296 -0.04474865272641182 181 95 104
0.39827969670295715 -0.034914784133434296 -0.04474865272641182 181 95 104
0.3956083059310913 -0.007843339815735817 -0.058947380632162094 176 128 126
0.3942282199859619 -0.004688943270593882 -0.058335207402706146 112 19 32
0.3942282199859619 -0.004688943270593882 -0.058335207402706146 112 19 32
0.39747098088264465 -0.033197466284036636 -0.04493526369333267 177 113 114
0.39747098088264465 -0.033197466284036636 -0.04493526369333267 177 113 114
0.3911549150943756 0.004996089730411768 -0.06085076555609703 195 127 136
0.3911549150943756 0.004996089730411768 -0.06085076555609703 195 127 136
0.39738133549690247 -0.04177365079522133 -0.04092690348625183 177 103 110
0.39348894357681274 -0.015270878560841084 -0.0516500361263752 161 121 117
0.39348894357681274 -0.015270878560841084 -0.0516500361263752 161 121 117
0.3990970253944397 -0.049385327845811844 -0.03922461345791817 164 109 110
0.39138883352279663 -0.005977763328701258 -0.05488988012075424 182 130 130
0.39437562227249146 -0.034508056938648224 -0.04087138921022415 91 12 18
0.39437562227249146 -0.034508056938648224 -0.04087138921022415 91 12 18
0.39440110325813293 -0.02461351454257965 -0.04903556779026985 82 26 29
0.3960403800010681 -0.04012986645102501 -0.04175528883934021 91 22 25
0.39588749408721924 -0.05411608889698982 -0.032394420355558395 108 15 26
0.39588749408721924 -0.05411608889698982 -0.032394420355558395 108 15 26
0.3887573480606079 0.003185282228514552 -0.058613065630197525 108 15 26
0.3915093243122101 -0.01615300215780735 -0.05097904056310654 102 48 48
0.39242976903915405 -0.029277261346578598 -0.04388168081641197 87 5 15
0.39301061630249023 -0.046579502522945404 -0.03372589498758316 105 15 24
0.38826504349708557 -0.0012666932307183743 -0.05690903589129448 91 43 41
0.39271777868270874 -0.07042255997657776 -0.017550192773342133 172 128 127
0.3911387622356415 -0.022420568391680717 -0.048415035009384155 170 108 108
0.38711103796958923 0.0011440071975812316 -0.05663253366947174 179 113 115
0.3888898491859436 -0.0118433041498065 -0.051229141652584076 111 16 22
0.3940820097923279 -0.059172701090574265 -0.02910902351140976 163 112 109
0.3899950087070465 -0.025958115234971046 -0.04536312445998192 89 48 46
0.3893304765224457 -0.020048992708325386 -0.04887828230857849 119 8 25
0.38315171003341675 0.009122349321842194 -0.05648604780435562 177 112 114
0.3895719051361084 -0.02513246051967144 -0.04638835787773132 168 127 125
0.3911000192165375 -0.05620187893509865 -0.02845878340303898 128 47 56
0.3889331817626953 -0.05375205725431442 -0.025928109884262085 102 21 30
0.3885870575904846 -0.02600528672337532 -0.04467262327671051 186 145 143
0.38728392124176025 -0.005389343481510878 -0.056632742285728455 118 13 30
0.38728392124176025 -0.005389343481510878 -0.056632742285728455 118 13 30
0.38412773609161377 0.006727110128849745 -0.05855100229382515 173 135 129
0.3924982249736786 -0.0413685142993927 -0.04262630268931389 133 89 86
0.3924982249736786 -0.0413685142993927 -0.04262630268931389 133 89 86
0.38586488366127014 -0.017283303663134575 -0.04624246433377266 185 113 117
0.38174548745155334 -0.007697388529777527 -0.044873058795928955 148 94 94
0.3823722004890442 0.005877848248928785 -0.05583598464727402 73 27 24
0.37971732020378113 0.014656404964625835 -0.05682039633393288 99 4 15
0.3869889974594116 -0.029450958594679832 -0.041346024721860886 123 14 33
0.38317176699638367 0.0009414495434612036 -0.05482952296733856 183 112 116
0.3841419517993927 -0.003267278429120779 -0.05399187281727791 183 136 131
0.3880367577075958 -0.04578131437301636 -0.03247703239321709 114 10 26
0.3892539441585541 -0.07003658264875412 -0.018430296331644058 106 55 54
0.3854033648967743 -0.019054822623729706 -0.04734396934509277 100 21 30
0.378939688205719 0.013321466743946075 -0.05669902265071869 111 40 40
0.38827040791511536 -0.06880892813205719 -0.018903261050581932 182 116 117
0.38098764419555664 -0.004535730462521315 -0.04856639727950096 111 13 28
0.38696086406707764 -0.049070462584495544 -0.030219027772545815 184 132 129
0.38095420598983765 0.0063101425766944885 -0.05669250711798668 184 147 141
0.38700222969055176 -0.05579033121466637 -0.0270852018147707 105 13 26
0.38700222969055176 -0.05579033121466637 -0.0270852018147707 105 13 26
0.38553619384765625 -0.04190966486930847 -0.034270502626895905 172 129 123
0.38553619384765625 -0.04190966486930847 -0.034270502626895905 172 129 123
0.38307663798332214 -0.014984683133661747 -0.04803822934627533 181 119 122
0.38156014680862427 -0.006859264802187681 -0.05060261860489845 173 111 114
0.38374045491218567 -0.018022136762738228 -0.04742832109332085 192 129 132
0.3835954964160919 -0.023467129096388817 -0.04357338324189186 176 123 121
0.38505178689956665 -0.047536175698041916 -0.030448196455836296 180 97 105
0.37713274359703064 0.012445167638361454 -0.05614292249083519 106 14 19
0.38136762380599976 -0.025257902219891548 -0.040603701025247574 185 136 139
0.3815438449382782 -0.029796740040183067 -0.03789084032177925 111 8 23
0.3796005845069885 -0.00724992249161005 -0.04972537234425545 195 126 129
0.3821048438549042 -0.03372887894511223 -0.03674715757369995 167 119 115
0.3826807141304016 -0.057021405547857285 -0.02281939424574375 186 94 107
0.37581866979599 0.00848404224961996 -0.053724464029073715 197 123 124
0.37962719798088074 -0.008828272111713886 -0.04961991310119629 98 27 33
0.3767050504684448 0.005734121426939964 -0.05374668538570404 203 137 139
0.3766202926635742 0.0028701103292405605 -0.05251704528927803 104 4 16
0.38410699367523193 -0.06081186234951019 -0.024592244997620583 150 102 100
0.3797975778579712 -0.03527413681149483 -0.03471163287758827 175 109 113
0.3746442198753357 0.006788973230868578 -0.05346405506134033 91 17 18
0.3771539032459259 -0.01019215490669012 -0.04728047922253609 194 123 129
0.3777526021003723 -0.021585043519735336 -0.04188578948378563 118 7 23
0.3785175085067749 -0.041498225182294846 -0.030352627858519554 156 86 92
0.3789432942867279 -0.050453878939151764 -0.025319036096334457 187 111 116
0.3755355179309845 -0.009421863593161106 -0.04712319374084473 107 56 53
0.3766399919986725 -0.02669898234307766 -0.03878393769264221 164 115 115
0.37616193294525146 -0.0287836492061615 -0.03645073622465134 171 119 119
0.37473902106285095 -0.01071170624345541 -0.04650318622589111 187 138 134
0.372732013463974 -0.0012757115764543414 -0.04940700903534889 88 29 28
0.374703973531723 -0.009715999476611614 -0.0483994334936142 125 76 72
0.3791619539260864 -0.05251237750053406 -0.028696520254015923 143 109 105
0.3791619539260864 -0.05251237750053406 -0.028696520254015923 143 109 105
0.3714877963066101 -0.0007686393801122904 -0.04886842519044876 91 21 21
0.3698979914188385 0.0040628984570503235 -0.04910031333565712 96 24 28
0.3726557195186615 -0.005907419137656689 -0.04795140400528908 113 12 28
0.3711211383342743 -0.0014881646493449807 -0.04899607226252556 93 34 34
0.37123823165893555 -0.008312612771987915 -0.045407041907310486 133 86 82
0.37123823165893555 -0.008312612771987915 -0.045407041907310486 133 86 82
0.3744751513004303 -0.04526672139763832 -0.02733728662133217 195 125 129
0.3744751513004303 -0.04526672139763832 -0.02733728662133217 195 125 129
0.3711548447608948 -0.01765521802008152 -0.03933721408247948 177 123 123
0.369581401348114 2.4046577891567722e-05 -0.04870835691690445 184 118 116
0.3708130419254303 -0.01708661951124668 -0.04165111854672432 180 137 131
0.37072131037712097 -0.020711800083518028 -0.03932018205523491 93 14 21
0.3715484142303467 -0.02926015667617321 -0.03532547876238823 80 30 29
0.37088918685913086 -0.02489214763045311 -0.037027593702077866 191 122 124
0.3707323968410492 -0.03187521547079086 -0.033093906939029694 114 8 22
0.3707323968410492 -0.03187521547079086 -0.033093906939029694 114 8 22
0.37091657519340515 -0.033990878611803055 -0.0324358306825161 190 138 135
0.3711033761501312 -0.04348403215408325 -0.027710607275366783 149 93 93
0.36903223395347595 -0.01983978971838951 -0.03941352292895317 193 129 130
0.3667871356010437 -0.001491621369495988 -0.04751584678888321 84 30 24
0.36896800994873047 -0.02501058019697666 -0.03663689270615578 82 9 12
0.3669244945049286 -0.00041075958870351315 -0.04942971467971802 195 125 125
0.36925622820854187 -0.04639964923262596 -0.024659637361764908 185 132 132
0.364174485206604 -0.0035918254870921373 -0.04311560094356537 82 23 26
0.36475276947021484 -0.0015005046734586358 -0.045781269669532776 89 31 28
0.364356130361557 0.00022996077314019203 -0.04751041159033775 105 17 23
0.36747443675994873 -0.04055628925561905 -0.02839898318052292 111 6 20
0.36747443675994873 -0.04055628925561905 -0.02839898318052292 111 6 20
0.3626662790775299 -0.0007477338658645749 -0.04567946866154671 193 119 120
0.361933171749115 -0.004315695725381374 -0.04450294375419617 93 31 36
0.3643748164176941 -0.03790908306837082 -0.02775031141936779 170 116 116
0.363862007856369 -0.019086720421910286 -0.03890858590602875 185 129 127
0.3619186580181122 -0.0074783507734537125 -0.042805109173059464 101 5 17
0.3608987033367157 -0.001018203911371529 -0.04579659551382065 190 117 118
0.3639465570449829 -0.036600008606910706 -0.02929629385471344 78 24 24
0.36440929770469666 -0.03324015066027641 -0.032692547887563705 120 12 27
0.3606110215187073 -0.002645391272380948 -0.04528103396296501 185 126 126
0.36027270555496216 -0.005793113727122545 -0.04439431428909302 190 131 133
0.36363980174064636 -0.03876221179962158 -0.029733454808592796 168 114 114
0.36363980174064636 -0.03876221179962158 -0.029733454808592796 168 114 114
0.3603196442127228 -0.0036806240677833557 -0.04739359766244888 176 117 119
0.3599507510662079 -0.011459804140031338 -0.042219582945108414 168 110 109
0.3600538372993469 -0.027192896232008934 -0.034887026995420456 194 124 127
0.3600538372993469 -0.027192896232008934 -0.034887026995420456 194 124 127
0.359873503446579 -0.029624074697494507 -0.03312978148460388 182 134 130
0.35847362875938416 -0.010131062008440495 -0.04378172382712364 179 126 124
0.3593618869781494 -0.022175295278429985 -0.03797348961234093 116 38 44
0.3583611249923706 -0.028471719473600388 -0.03312110900878906 98 41 40
0.3583611249923706 -0.028471719473600388 -0.03312110900878906 98 41 40
0.35412582755088806 0.004767920356243849 -0.046531952917575836 167 113 111
0.3579305112361908 -0.029818346723914146 -0.032144494354724884 176 128 124
0.35413041710853577 -0.0017434280598536134 -0.04459144175052643 199 110 118
0.3554801642894745 -0.008063256740570068 -0.043613992631435394 109 16 27
0.3554801642894745 -0.008063256740570068 -0.043613992631435394 109 16 27
0.35568299889564514 -0.028066469356417656 -0.033334359526634216 206 134 135
0.3559766709804535 -0.025190267711877823 -0.03628882020711899 114 11 25
0.3564245402812958 -0.016684839501976967 -0.04252248257398605 116 16 24
0.3553621470928192 -0.038542523980140686 -0.028124503791332245 169 122 116
0.35552313923835754 -0.03406980261206627 -0.03125874698162079 113 12 26
0.3572627902030945 -0.021216610446572304 -0.042411938309669495 170 122 118
0.3572627902030945 -0.021216610446572304 -0.042411938309669495 170 122 118
0.35458582639694214 -0.029649721458554268 -0.03341780602931976 97 9 17
0.35399946570396423 -0.021274935454130173 -0.0377887599170208 185 137 133
0.35240796208381653 -0.006116122007369995 -0.04439978301525116 197 125 131
0.3515865206718445 -0.0050635491497814655 -0.04416368156671524 185 126 130
0.3544951379299164 -0.0185666773468256 -0.041219424456357956 114 18 26
0.35272789001464844 -0.020021168515086174 -0.03893536701798439 186 124 127
0.34999459981918335 -0.005271346308290958 -0.04365846887230873 186 127 131
0.34999459981918335 -0.005271346308290958 -0.04365846887230873 186 127 131
0.3535967767238617 -0.0409686304628849 -0.02854003757238388 188 139 135
0.3521452248096466 -0.02303132973611355 -0.037477362900972366 201 128 132
0.35248515009880066 -0.03755519539117813 -0.029265470802783966 202 135 137
0.35130810737609863 -0.015348192304372787 -0.04152458906173706 93 31 32
0.35492825508117676 -0.018428418785333633 -0.046136341989040375 114 17 26
0.3520587980747223 -0.03001842461526394 -0.03424828127026558 87 27 27
0.35076451301574707 -0.013539337553083897 -0.042458292096853256 150 94 93
0.35164767503738403 -0.032836154103279114 -0.03237519413232803 112 47 51
0.34950169920921326 -0.0068413373082876205 -0.045049604028463364 203 144 148
0.3523891568183899 -0.03973717242479324 -0.03029968962073326 114 22 33
0.3523891568183899 -0.03973717242479324 -0.03029968962073326 114 22 33
0.3513881266117096 -0.021618347615003586 -0.03990849852561951 107 19 31
0.35173696279525757 -0.036519452929496765 -0.032225992530584335 116 8 24
0.34952157735824585 -0.029461393132805824 -0.03460836783051491 202 132 135
0.34814244508743286 -0.01225761417299509 -0.043815262615680695 190 131 133
0.3493938148021698 -0.0390506386756897 -0.03014661930501461 144 90 88
0.3495296537876129 -0.03227260708808899 -0.03473496809601784 120 15 32
0.3484122157096863 -0.014047878794372082 -0.04407424479722977 89 33 32
0.35011258721351624 -0.03515513241291046 -0.034678444266319275 201 132 134
0.3493068218231201 -0.040593959391117096 -0.0316607691347599 152 98 96
0.3480449914932251 -0.020852910354733467 -0.04134310036897659 84 25 27
0.3548966348171234 -0.06382486969232559 -0.02756471373140812 117 10 26
0.34721288084983826 -0.013140033930540085 -0.045535556972026825 177 125 124
0.3487059473991394 -0.040252529084682465 -0.03209507465362549 104 50 48
0.34874746203422546 -0.04024504870176315 -0.03218771517276764 104 50 48
0.34919509291648865 -0.05823025479912758 -0.025959767401218414 200 120 127
0.34945282340049744 -0.06171917915344238 -0.02464243210852146 191 129 137
0.34841257333755493 -0.05248645693063736 -0.028810547664761543 183 134 132
0.3434479832649231 -0.032459672540426254 -0.032516807317733765 140 98 94
0.34766140580177307 -0.051140956580638885 -0.029069354757666588 136 87 83
0.34766140580177307 -0.051140956580638885 -0.029069354757666588 136 87 83
0.3477585017681122 -0.0241310466080904 -0.04543476551771164 183 137 134
0.3455968499183655 -0.03761852905154228 -0.03433820605278015 117 11 23
0.34897544980049133 -0.02435252256691456 -0.04779614135622978 183 137 134
0.3455331325531006 -0.015566686168313026 -0.04801872745156288 95 39 38
0.34759703278541565 -0.054833877831697464 -0.030123772099614143 192 111 120
0.3463795781135559 -0.030801836401224136 -0.04471017047762871 104 12 21
0.3468855023384094 -0.021524256095290184 -0.05212707817554474 117 16 24
0.34592244029045105 -0.024774232879281044 -0.04905712604522705 121 12 31
0.34621185064315796 -0.0465620718896389 -0.03754653036594391 201 118 125
0.34755739569664 -0.05696055293083191 -0.03483966365456581 108 12 24
0.34909674525260925 -0.06323805451393127 -0.033845216035842896 181 119 124
0.34591057896614075 -0.01736103557050228 -0.05551079288125038 183 132 129
0.34580957889556885 -0.03429242596030235 -0.048757534474134445 164 127 121
0.34542161226272583 -0.029678812250494957 -0.051932528614997864 91 25 29
0.34539172053337097 -0.026337880641222 -0.056196801364421844 113 32 41
0.34627246856689453 -0.04451315477490425 -0.04903445392847061 199 142 143
0.3491154611110687 -0.06252337247133255 -0.04392768815159798 105 55 55
0.35293638706207275 -0.05825047940015793 -0.05662031099200249 118 12 26
0.09328241646289825 -0.10111287981271744 1.0343518257141113 168 113 114
0.03892122954130173 -0.03072073496878147 1.140690565109253 179 120 124
0.08072217553853989 -0.08449247479438782 1.051446557044983 183 126 127
0.044837743043899536 -0.04271767660975456 1.0975182056427002 90 19 26
0.08218871802091599 -0.08653241395950317 0.9976307153701782 179 123 122
-0.007609994150698185 0.05101972818374634 1.1597059965133667 161 115 113
0.040580783039331436 -0.03676311671733856 1.0669939517974854 172 118 121
0.09329258650541306 -0.10649041086435318 0.9616851210594177 90 30 32
-0.011022931896150112 0.04447256401181221 1.1583256721496582 179 113 115
-0.011022931896150112 0.04447256401181221 1.1583256721496582 179 113 115
0.08288910984992981 -0.0955808013677597 0.980832040309906 157 116 114
0.032974690198898315 -0.018991272896528244 1.0696029663085938 162 124 121
-0.006545858457684517 0.031715355813503265 1.143235445022583 120 15 30
0.00889856182038784 0.020208017900586128 1.042749285697937 117 13 28
0.00889856182038784 0.020208017900586128 1.042749285697937 117 13 28
-0.044476646929979324 0.07435541599988937 1.1480655670166016 168 127 123
-0.044476646929979324 0.07435541599988937 1.1480655670166016 168 127 123
0.03303118050098419 -0.03620598465204239 1.004167079925537 171 110 115
-0.043163005262613297 0.06018075346946716 1.1508806943893433 103 5 18
0.042280253022909164 -0.03289002552628517 0.9618855714797974 102 41 46
-0.051060955971479416 0.08411850035190582 1.1382174491882324 181 113 114
0.010745979845523834 -0.004988251253962517 1.0121833086013794 164 109 109
-0.007976106368005276 0.02550181932747364 1.0389200448989868 95 24 27
-0.0004785371129401028 0.012206792831420898 1.0171689987182617 112 13 25
-0.0058660851791501045 0.020326700061559677 1.0225409269332886 171 94 98
-0.015813805162906647 0.02787587232887745 1.0398868322372437 167 116 115
-0.07370063662528992 0.10804735124111176 1.120869517326355 150 115 111
-0.07370063662528992 0.10804735124111176 1.120869517326355 150 115 111
-0.04536337032914162 0.06442005932331085 1.0693198442459106 84 36 34
0.04967145621776581 -0.08726892620325089 0.9101443886756897 114 7 23
-0.02331276796758175 0.03096684440970421 1.0212376117706299 93 43 42
-0.02331276796758175 0.03096684440970421 1.0212376117706299 93 43 42
-0.015484889969229698 0.023815127089619637 1.0050746202468872 173 123 122
-0.02579844556748867 0.0369446836411953 1.0208426713943481 173 113 115
0.007413146086037159 -0.009420339949429035 0.9559389352798462 157 99 98
-0.009169941768050194 0.018097462132573128 0.980597972869873 82 20 22
0.03993270546197891 -0.05997629463672638 0.8930478692054749 165 96 104
-0.03861502185463905 0.054491542279720306 1.023520588874817 123 75 73
-0.011627128347754478 -0.005849866196513176 0.9896277785301208 145 87 86
-0.011627128347754478 -0.005849866196513176 0.9896277785301208 145 87 86
-0.05758264288306236 0.08075212687253952 1.0506500005722046 114 12 25
0.06827297061681747 -0.10288868844509125 0.835504412651062 111 61 57
0.014501555822789669 -0.0302705317735672 0.9240652918815613 91 12 20
0.014712195843458176 -0.024701228365302086 0.918275773525238 101 5 19
-0.11183426529169083 0.15248467028141022 1.1304357051849365 98 16 26
-0.11183426529169083 0.15248467028141022 1.1304357051849365 98 16 26
-0.03496211767196655 0.03872247412800789 1.0016862154006958 110 15 29
0.0184415802359581 -0.03612685948610306 0.9070555567741394 174 114 116
-0.07321924716234207 0.09425648301839828 1.05011785030365 167 112 115
0.006741243880242109 -0.017443690448999405 0.9150895476341248 175 115 117
-0.024449972435832024 0.007383694406598806 0.9775502681732178 109 12 23
0.044766902923583984 -0.07038316875696182 0.846368134021759 168 114 114
-0.06673336029052734 0.0649869367480278 1.039105772972107 184 121 122
-0.03069763444364071 0.028558678925037384 0.9711236357688904 187 114 121
0.023109929636120796 -0.042747680097818375 0.8796913027763367 169 120 118
-0.07869002968072891 0.09926311671733856 1.0463855266571045 170 112 115
0.02663773111999035 -0.0751294195652008 0.8811348676681519 116 70 66
-0.02442559413611889 0.01928204670548439 0.9491116404533386 155 99 100
-0.03319382667541504 0.03394795209169388 0.9617515802383423 113 12 26
-0.08626394718885422 0.10794492065906525 1.0418636798858643 107 14 22
-0.08626394718885422 0.10794492065906525 1.0418636798858643 107 14 22
-0.13066118955612183 0.16576530039310455 1.1072989702224731 99 50 46
-0.07659129798412323 0.08236412703990936 1.0190627574920654 179 117 122
-0.15413764119148254 0.19860218465328217 1.1376856565475464 156 100 99
-0.14083361625671387 0.18172982335090637 1.1124722957611084 118 9 28
-0.14083361625671387 0.18172982335090637 1.1124722957611084 118 9 28
-0.011966771446168423 -0.010328520089387894 0.9113044142723083 169 113 114
-0.03803151100873947 0.029060212895274162 0.9484634399414062 110 12 25
-0.06982121616601944 0.06817390769720078 1.0008939504623413 106 13 24
0.0484515018761158 -0.11321739852428436 0.8190987706184387 162 117 114
-0.16786141693592072 0.20481298863887787 1.1506028175354004 90 14 22
-0.0523226372897625 0.04548314958810806 0.962062656879425 165 127 121
-0.0523226372897625 0.04548314958810806 0.962062656879425 165 127 121
-0.08341062068939209 0.08442942053079605 1.0064032077789307 97 47 48
-0.08861156553030014 0.09199555218219757 1.0124311447143555 180 112 113
-0.13650742173194885 0.16492564976215363 1.0834087133407593 166 91 96
-0.1541391760110855 0.19255657494068146 1.1095776557922363 192 130 133
-0.04018792510032654 0.020755773410201073 0.933960497379303 177 106 109
-0.11758116632699966 0.12183377146720886 1.0586023330688477 113 70 67
0.011493388563394547 -0.06586133688688278 0.8553587794303894 112 5 21
-0.11953891813755035 0.14128398895263672 1.0452399253845215 92 37 36
-0.12992143630981445 0.1379193365573883 1.0701533555984497 85 4 13
-0.07848064601421356 0.07913197576999664 0.9748537540435791 149 99 100
-0.11110371351242065 0.12199785560369492 1.0257142782211304 159 105 105
-0.06687469035387039 0.05110901966691017 0.9543318152427673 175 109 113
-0.08340435475111008 0.06918199360370636 0.9821358919143677 95 24 28
-0.04643746465444565 0.023589348420500755 0.9204173684120178 99 11 23
-0.04643746465444565 0.023589348420500755 0.9204173684120178 99 11 23
-0.020055999979376793 -0.01785501278936863 0.8805530667304993 158 107 106
0.012286771088838577 -0.052781302481889725 0.818070650100708 165 111 111
-0.010580267757177353 -0.033787839114665985 0.8585232496261597 94 17 25
-0.07439824193716049 0.05044141039252281 0.9577919244766235 89 24 28
-0.13144829869270325 0.14333955943584442 1.0246714353561401 184 127 125
-0.03349056467413902 -0.008148694410920143 0.881842851638794 112 6 20
-0.03349056467413902 -0.008148694410920143 0.881842851638794 112 6 20
-0.018361197784543037 -0.030414361506700516 0.8568892478942871 177 125 125
-0.13268162310123444 0.14658524096012115 1.0182209014892578 101 35 36
-0.1387440711259842 0.15080298483371735 1.0229926109313965 90 24 25
0.042937178164720535 -0.11018869280815125 0.7522293329238892 190 117 121
-0.11934652924537659 0.11391211301088333 0.9977927207946777 162 108 111
-0.11934652924537659 0.11391211301088333 0.9977927207946777 162 108 111
-0.04732760041952133 0.011363854631781578 0.8882923126220703 181 115 119
-0.04345019534230232 0.00047691763029433787 0.8835102915763855 173 119 122
-0.029077572748064995 -0.021491285413503647 0.8569494485855103 154 103 101
0.0192091204226017 -0.08623901009559631 0.7820789217948914 96 45 44
-0.05558274686336517 0.01742691360414028 0.8941569328308105 100 8 21
0.008248670026659966 -0.06900135427713394 0.7939580678939819 146 54 67
-0.048221636563539505 -0.002065099775791168 0.8822188377380371 167 109 113
-0.007377064321190119 -0.05383748933672905 0.816547691822052 155 93 96
-0.12751203775405884 0.12407990545034409 0.9770001173019409 187 116 122
0.012228190898895264 -0.08280029892921448 0.7760649919509888 182 110 117
-0.1092677190899849 0.09125378727912903 0.95099276304245 99 24 31
-0.1092677190899849 0.09125378727912903 0.95099276304245 99 24 31
-0.09414232522249222 0.06592794507741928 0.9307603240013123 131 87 84
-0.14506898820400238 0.13714131712913513 1.0029170513153076 163 107 106
-0.002313904697075486 -0.07519077509641647 0.7997123599052429 111 6 23
-0.061948616057634354 0.028081567957997322 0.8739304542541504 167 113 111
-0.09048105776309967 0.040815092623233795 0.9301345348358154 186 132 130
-0.11851316690444946 0.09601151943206787 0.961841881275177 183 124 126
-0.013970636762678623 -0.06215489283204079 0.806755006313324 153 109 104
-0.013970636762678623 -0.06215489283204079 0.806755006313324 153 109 104
-0.07092449814081192 0.01979132555425167 0.8882170915603638 175 117 118
-0.1294572502374649 0.10760355740785599 0.9693843722343445 169 106 110
-0.15647919476032257 0.1434796303510666 1.0035209655761719 180 108 112
-0.008878988213837147 -0.07237835973501205 0.7859079241752625 107 12 26
-0.08750639855861664 0.03496610000729561 0.8976646661758423 193 124 127
-0.08750639855861664 0.03496610000729561 0.8976646661758423 193 124 127
-0.13844901323318481 0.11395468562841415 0.9668226838111877 105 11 25
-0.09527632594108582 0.04611274227499962 0.9059839844703674 110 10 22
-0.0807853564620018 0.013942724093794823 0.8893474340438843 117 8 27
-0.12485563009977341 0.08134487271308899 0.9489344358444214 116 11 26
-0.017094222828745842 -0.06522297114133835 0.7915654182434082 98 58 53
-0.124940887093544 0.06574520468711853 0.9555971622467041 168 124 121
-0.13002577424049377 0.0914648100733757 0.9507545828819275 180 112 115
-0.13175171613693237 0.09488922357559204 0.9479992389678955 117 61 60
-0.036892008036375046 -0.04017868638038635 0.8131044507026672 175 124 123
-0.11726256459951401 0.07171870768070221 0.9239354729652405 102 18 26
-0.13520123064517975 0.11226775497198105 0.9348061084747314 190 120 126
-0.14757771790027618 0.12416374683380127 0.954693078994751 174 118 119
-0.03857232257723808 -0.03817683085799217 0.8043422698974609 102 42 44
-0.11558078229427338 0.05468469858169556 0.9166133403778076 177 107 115
-0.007253494579344988 -0.09613215178251266 0.7631623148918152 134 78 79
-0.007253494579344988 -0.09613215178251266 0.7631623148918152 134 78 79
-0.13285548985004425 0.07579387724399567 0.9414129853248596 117 9 25
-0.07143890857696533 -0.006340257823467255 0.8514553904533386 84 25 27
-0.09684678912162781 0.017969626933336258 0.8926436901092529 148 89 91
-0.12139427661895752 0.08736447989940643 0.9022338390350342 150 111 106
-0.11749019473791122 0.05906306207180023 0.9071979522705078 96 10 23
-0.03357171267271042 -0.06368236988782883 0.7918153405189514 162 89 96
-0.03357171267271042 -0.06368236988782883 0.7918153405189514 162 89 96
-0.05491328239440918 -0.038034915924072266 0.818541944026947 79 8 14
-0.09891724586486816 0.029123233631253242 0.8744404911994934 196 132 136
-0.07612069696187973 -0.0041318731382489204 0.8413023352622986 164 93 99
-0.09845305979251862 0.01979011856019497 0.8731340169906616 94 18 26
-0.08980268239974976 0.009539290331304073 0.8596433401107788 198 106 119
-0.08980268239974976 0.009539290331304073 0.8596433401107788 198 106 119
-0.14011114835739136 0.07730300724506378 0.9278920292854309 107 20 29
-0.0546877384185791 -0.0449034720659256 0.8108701705932617 180 128 130
-0.035596057772636414 -0.06879764050245285 0.7832130789756775 106 38 43
-0.07985474914312363 -0.009163452312350273 0.843852698802948 130 92 86
-0.04218349978327751 -0.055991873145103455 0.7884038686752319 108 10 23
-0.13891096413135529 0.08743743598461151 0.914810061454773 84 32 32
-0.03507440164685249 -0.0758906900882721 0.7747055292129517 187 116 124
-0.0599467009305954 -0.04777149111032486 0.8065057992935181 170 120 121
-0.09910851716995239 0.00832625012844801 0.8565114736557007 100 15 25
-0.06535807251930237 -0.02749095857143402 0.8046835660934448 112 4 20
-0.0685180202126503 -0.043316550552845 0.8182291984558105 116 66 67
-0.0685180202126503 -0.043316550552845 0.8182291984558105 116 66 67
-0.14266334474086761 0.08287160098552704 0.9054269790649414 105 57 55
-0.06418875604867935 -0.04450134187936783 0.807102620601654 113 63 64
-0.14530763030052185 0.06902480125427246 0.9122255444526672 110 12 25
-0.02565634623169899 -0.10238061100244522 0.7493423819541931 96 19 29
-0.02565634623169899 -0.10238061100244522 0.7493423819541931 96 19 29
-0.1443571001291275 0.07787904888391495 0.9010632038116455 181 114 116
-0.14598189294338226 0.08128462731838226 0.8955113291740417 87 38 36
-0.13150820136070251 0.04366712644696236 0.8824048042297363 196 121 131
-0.02564290352165699 -0.10899781435728073 0.7412576675415039 184 124 128
-0.02564290352165699 -0.10899781435728073 0.7412576675415039 184 124 128
-0.10182754695415497 -0.009183714166283607 0.8456820249557495 172 105 110
-0.08358295261859894 -0.021904364228248596 0.8136135935783386 159 108 109
-0.08358295261859894 -0.021904364228248596 0.8136135935783386 159 108 109
-0.0682201012969017 -0.06163228303194046 0.7990061640739441 107 9 24
-0.0682201012969017 -0.06163228303194046 0.7990061640739441 107 9 24
-0.03469373285770416 -0.10276518017053604 0.7499900460243225 114 66 66
-0.03469373285770416 -0.10276518017053604 0.7499900460243225 114 66 66
-0.030236301943659782 -0.10596758872270584 0.742274284362793 114 66 66
-0.030236301943659782 -0.10596758872270584 0.742274284362793 114 66 66
-0.14792194962501526 0.06212542951107025 0.8935808539390564 124 10 28
-0.1226295605301857 0.01762445457279682 0.8632602691650391 97 51 51
-0.14383481442928314 0.048845499753952026 0.890439510345459 120 28 43
-0.04027889296412468 -0.10785296559333801 0.7492638230323792 128 76 78
-0.12211187928915024 0.013952108100056648 0.848558783531189 169 125 124
-0.1267097294330597 0.02303880639374256 0.8509734869003296 137 83 83
-0.04303253814578056 -0.10819397866725922 0.7422678470611572 175 123 125
-0.09241916984319687 -0.036419130861759186 0.7997208833694458 118 8 25
-0.09241916984319687 -0.036419130861759186 0.7997208833694458 118 8 25
-0.07882948219776154 -0.06650049239397049 0.7846066355705261 109 13 27
-0.07882948219776154 -0.06650049239397049 0.7846066355705261 109 13 27
-0.1278352439403534 0.00912297610193491 0.8392664194107056 97 47 48
-0.12703517079353333 0.003548412350937724 0.8387246131896973 186 134 135
-0.1444443017244339 0.04605470970273018 0.8529702425003052 202 121 128
-0.08859185129404068 -0.052193623036146164 0.7864745259284973 163 115 115
-0.08859185129404068 -0.052193623036146164 0.7864745259284973 163 115 115
-0.0506906658411026 -0.11215087026357651 0.7377577424049377 96 8 24
-0.12215659767389297 -0.0015856570098549128 0.8242195844650269 99 14 23
-0.13353464007377625 0.00965204369276762 0.8364595770835876 154 104 105
-0.1042620912194252 -0.044289831072092056 0.8022280335426331 129 78 75
-0.1042620912194252 -0.044289831072092056 0.8022280335426331 129 78 75
-0.13974517583847046 0.012359320186078548 0.8425908088684082 177 122 125
-0.14135074615478516 0.006621925160288811 0.8394022583961487 89 28 33
-0.06357905268669128 -0.11445008218288422 0.7386383414268494 106 58 58
-0.05998292192816734 -0.12497320026159286 0.7361270785331726 107 28 37
-0.05998292192816734 -0.12497320026159286 0.7361270785331726 107 28 37
-0.151860311627388 0.016213422641158104 0.8458805084228516 186 94 107
-0.13959930837154388 -0.12285737693309784 0.8840166926383972 158 108 111
-0.10126715898513794 -0.07191354036331177 0.7888691425323486 116 9 29
-0.1322607696056366 -0.012184143997728825 0.820084273815155 121 7 25
-0.1322607696056366 -0.012184143997728825 0.820084273815155 121 7 25
-0.14210288226604462 -0.002529000397771597 0.8261606097221375 190 127 132
-0.15094585716724396 -0.012645841576159 0.8270430564880371 208 149 151
-0.15416258573532104 -0.004040240775793791 0.8283733129501343 179 144 140
-0.1537744551897049 0.004444796591997147 0.8231775164604187 201 133 140
-0.1537744551897049 0.004444796591997147 0.8231775164604187 201 133 140
-0.14519895613193512 -0.021452095359563828 0.8124255537986755 102 17 29
-0.146650031208992 -0.01028122752904892 0.8102630376815796 85 33 33
-0.1599593609571457 -0.00024404434952884912 0.8293044567108154 102 39 45
-0.10245242714881897 -0.09322595596313477 0.763088047504425 99 29 37
-0.10245242714881897 -0.09322595596313477 0.763088047504425 99 29 37
-0.1607723832130432 0.002737359143793583 0.8207731246948242 195 125 133
-0.10549388825893402 -0.0890350341796875 0.7596538662910461 91 14 24
-0.1544044315814972 -0.008848811499774456 0.8130701780319214 184 112 120
-0.1454697847366333 -0.02136296220123768 0.8012783527374268 132 18 40
-0.14319759607315063 -0.005449256394058466 0.7865422368049622 100 30 38
-0.15566867589950562 0.009610572829842567 0.8024565577507019 126 21 36
-0.15566867589950562 0.009610572829842567 0.8024565577507019 126 21 36
-0.11408540606498718 -0.0941612496972084 0.7617179155349731 87 31 34
-0.16392682492733002 -0.009805711917579174 0.813257098197937 180 143 142
-0.15109437704086304 -0.019779566675424576 0.7928245067596436 201 139 146
-0.11128300428390503 -0.1084047481417656 0.7580652832984924 201 135 143
-0.11128300428390503 -0.1084047481417656 0.7580652832984924 201 135 143
-0.10917005687952042 -0.09814462065696716 0.7489919066429138 202 133 142
-0.12202369421720505 -0.09440328180789948 0.7670619487762451 187 128 132
-0.13153453171253204 -0.07469665259122849 0.766918957233429 191 145 146
-0.1316528022289276 -0.10437922179698944 0.7771605253219604 180 133 135
-0.1472288817167282 -0.04436323046684265 0.779690682888031 202 142 146
-0.10865780711174011 -0.12322427332401276 0.7423301339149475 168 115 118
-0.1393527239561081 -0.07050138711929321 0.7741207480430603 115 71 72
-0.16093231737613678 -0.022739265114068985 0.7909151911735535 204 140 147
-0.1172385960817337 -0.11464710533618927 0.7495149970054626 127 10 29
-0.1172385960817337 -0.11464710533618927 0.7495149970054626 127 10 29
-0.16283921897411346 -0.03177465498447418 0.7847458124160767 121 22 37
-0.10830214619636536 -0.12972654402256012 0.7297070622444153 180 139 137
-0.15773259103298187 -0.06747743487358093 0.7851811051368713 179 128 129
-0.10588981956243515 -0.14622318744659424 0.7250710129737854 128 11 29
-0.13360527157783508 -0.12013957649469376 0.7611441016197205 190 118 122
-0.12720847129821777 -0.12326697260141373 0.7493770718574524 155 96 97
-0.11559095233678818 -0.137191504240036 0.7326767444610596 188 140 142
-0.1595441997051239 -0.05102313309907913 0.771466851234436 178 118 122
-0.1595441997051239 -0.05102313309907913 0.771466851234436 178 118 122
-0.14209912717342377 -0.11138422787189484 0.7609182596206665 201 146 149
-0.14209912717342377 -0.11138422787189484 0.7609182596206665 201 146 149
-0.13395856320858002 -0.1164434477686882 0.748285710811615 198 125 134
-0.12905031442642212 -0.1314985603094101 0.7450525760650635 99 15 30
-0.15994082391262054 -0.08275839686393738 0.7745317220687866 197 126 132
-0.1541719138622284 -0.08711881190538406 0.7620061635971069 111 30 39
-0.16745533049106598 -0.07912946492433548 0.7777677774429321 128 83 82
-0.14012493193149567 -0.13281817734241486 0.7519369721412659 171 124 124
-0.15646708011627197 -0.08923688530921936 0.7611460089683533 203 126 134
-0.16453269124031067 -0.08431515097618103 0.77060866355896 200 151 149
-0.13977567851543427 -0.12271200865507126 0.7415668368339539 119 18 34
-0.13977567851543427 -0.12271200865507126 0.7415668368339539 119 18 34
-0.12419947236776352 -0.1622428148984909 0.7265045642852783 210 148 149
-0.13991861045360565 -0.15501758456230164 0.7427859306335449 126 17 36
-0.12419180572032928 -0.18030811846256256 0.7185680866241455 210 149 153
-0.13752132654190063 -0.16577351093292236 0.7335573434829712 213 157 160
-0.1677567958831787 -0.08272957801818848 0.7516806125640869 100 37 45
-0.1677567958831787 -0.08272957801818848 0.7516806125640869 100 37 45
-0.1523829996585846 -0.12307348847389221 0.7387843728065491 175 112 116
-0.14105413854122162 -0.14262673258781433 0.727544367313385 134 90 91
-0.12966203689575195 -0.17375829815864563 0.7175776958465576 202 156 158
-0.12966203689575195 -0.17375829815864563 0.7175776958465576 202 156 158
-0.1683621108531952 -0.09479144215583801 0.7495942711830139 209 131 141
-0.17030523717403412 -0.0874522253870964 0.746799647808075 207 151 157
-0.15918074548244476 -0.11860179156064987 0.7395535111427307 190 137 139
-0.14600306749343872 -0.17390184104442596 0.738010585308075 102 56 58
-0.1654605120420456 -0.10308324545621872 0.7392116189002991 192 107 120
-0.1746591478586197 -0.09437310695648193 0.7504469752311707 103 47 50
-0.1746591478586197 -0.09437310695648193 0.7504469752311707 103 47 50
-0.16449648141860962 -0.11409732699394226 0.7382085919380188 196 160 156
-0.14231115579605103 -0.1698261797428131 0.7178072929382324 201 152 148
-0.17263257503509521 -0.0980428159236908 0.7397571802139282 207 133 144
-0.17263257503509521 -0.0980428159236908 0.7397571802139282 207 133 144
-0.1683942824602127 -0.13194353878498077 0.7402358651161194 131 19 35
-0.1586879938840866 -0.16340608894824982 0.7283047437667847 143 14 38
-0.1752026081085205 -0.12417178601026535 0.7390380501747131 197 139 143
-0.17948924005031586 -0.11495331674814224 0.7400785684585571 175 120 118
-0.16196461021900177 -0.14745038747787476 0.7232436537742615 183 128 134
-0.16196461021900177 -0.14745038747787476 0.7232436537742615 183 128 134
-0.15994668006896973 -0.17493602633476257 0.7230167388916016 216 158 156
-0.17040330171585083 -0.15578140318393707 0.729457676410675 198 143 146
-0.1540525257587433 -0.1849311739206314 0.712004542350769 97 55 57
-0.1540525257587433 -0.1849311739206314 0.712004542350769 97 55 57
-0.1747313141822815 -0.15420746803283691 0.7200586795806885 126 90 88
-0.18542268872261047 -0.14481472969055176 0.722498893737793 135 28 49
0.21021725237369537 -0.023562610149383545 0.4202219843864441 115 23 34
0.21021725237369537 -0.023562610149383545 0.4202219843864441 115 23 34
0.20708425343036652 -0.03460345417261124 0.41065582633018494 142 96 95
0.19594033062458038 -0.04372930899262428 0.4356076717376709 112 17 29
0.19985367357730865 -0.05729474499821663 0.43115729093551636 156 108 106
0.19535326957702637 -0.027153722941875458 0.411955326795578 101 12 24
0.1809704750776291 -0.05495283007621765 0.4561670124530792 146 96 95
0.1809704750776291 -0.05495283007621765 0.4561670124530792 146 96 95
0.17425814270973206 0.010252749547362328 0.41953906416893005 115 16 29
0.17521299421787262 -0.010588115081191063 0.42408132553100586 102 23 29
0.16819263994693756 0.01724368892610073 0.4114122986793518 149 94 97
0.1771114021539688 -0.02827393263578415 0.42163097858428955 107 17 27
0.1736060231924057 -0.07738868147134781 0.4615574777126312 144 100 97
0.15411005914211273 -0.012063569389283657 0.4432280361652374 106 20 29
0.16091684997081757 -0.10520177334547043 0.4981478750705719 153 112 108
0.15159784257411957 0.04155241698026657 0.40531817078590393 106 20 31
0.15521125495433807 0.006710599176585674 0.4220011234283447 105 13 24
0.1379782110452652 0.03459557890892029 0.4290798008441925 132 83 79
0.13555020093917847 0.017193816602230072 0.4430989623069763 157 103 103
0.13555020093917847 0.017193816602230072 0.4430989623069763 157 103 103
0.12961481511592865 0.048935722559690475 0.42888057231903076 161 116 113
0.11891306191682816 0.042428139597177505 0.4489079415798187 100 15 26
0.11190078407526016 0.03845375031232834 0.4531966745853424 169 109 111
0.12112408131361008 0.03215477615594864 0.42966336011886597 141 98 94
0.11330574750900269 0.006145412102341652 0.46272337436676025 111 8 21
0.10408300906419754 0.02605048194527626 0.46595633029937744 109 13 25
0.10408300906419754 0.02605048194527626 0.46595633029937744 109 13 25
0.09786481410264969 0.051545340567827225 0.4531842768192291 156 106 105
0.08641050010919571 0.024799587205052376 0.48840877413749695 95 0 7
0.09066293388605118 0.040803369134664536 0.4565214216709137 97 11 24
0.10411059111356735 0.019613148644566536 0.4333129823207855 112 10 24
0.08909434825181961 0.05814707651734352 0.43800872564315796 115 10 23
0.08909434825181961 0.05814707651734352 0.43800872564315796 115 10 23
0.08151033520698547 0.04346068575978279 0.4606848955154419 171 104 111
0.08324017375707626 -0.027620134875178337 0.49701666831970215 93 34 36
0.04881886765360832 0.029164128005504608 0.5398553013801575 112 10 24
0.07520388811826706 0.03164925426244736 0.4729095995426178 150 102 100
0.07122910022735596 -0.009926678612828255 0.49583014845848083 93 33 35
0.0672074407339096 0.04752335697412491 0.46566176414489746 112 58 58
0.07651843130588531 0.021801650524139404 0.4594689905643463 102 10 23
0.07095187157392502 -0.06185777485370636 0.5286036133766174 104 8 22
0.07095187157392502 -0.06185777485370636 0.5286036133766174 104 8 22
0.06984162330627441 -0.028675956651568413 0.50801020860672 160 101 103
0.057766467332839966 0.042921293526887894 0.4641264081001282 91 32 34
0.057766467332839966 0.042921293526887894 0.4641264081001282 91 32 34
0.044169045984745026 0.0009126772056333721 0.5163233876228333 107 11 23
0.0484631322324276 0.006740925833582878 0.5012676119804382 184 114 117
0.02949056401848793 0.07236477732658386 0.49871203303337097 154 98 99
0.0530414879322052 -0.06623992323875427 0.5312886834144592 107 7 23
0.0530414879322052 -0.06623992323875427 0.5312886834144592 107 7 23
0.039417389780282974 0.019155433401465416 0.5039840340614319 113 10 27
0.04406484216451645 0.009169656783342361 0.49841028451919556 113 17 31
0.041712068021297455 -0.03397997468709946 0.5254563093185425 145 99 99
0.04082959517836571 0.05750199779868126 0.464669793844223 150 65 74
0.029636075720191002 0.06539932638406754 0.4749574363231659 112 50 51
0.03336044400930405 0.054225340485572815 0.46990373730659485 127 8 28
0.02901265397667885 0.03002746030688286 0.4916248619556427 175 113 116
0.028110329061746597 -0.005472160410135984 0.5028033256530762 120 3 26
0.028110329061746597 -0.005472160410135984 0.5028033256530762 120 3 26
0.014549200423061848 -0.011918741278350353 0.53448486328125 166 114 116
0.015510175377130508 -0.0045117163099348545 0.5092474222183228 98 17 27
0.0179880503565073 0.04958334192633629 0.4646952152252197 113 8 23
0.01664438471198082 -0.052597932517528534 0.5226494073867798 118 7 26
0.0006365170702338219 0.0003398475528229028 0.5156137943267822 161 119 120
0.0006365170702338219 0.0003398475528229028 0.5156137943267822 161 119 120
-0.012707632966339588 0.04675533249974251 0.5067834854125977 199 123 129
0.006906746421009302 0.0072853099554777145 0.48453637957572937 116 14 27
-0.007967956364154816 -0.017613498494029045 0.5270668268203735 196 122 128
0.006064186803996563 -0.03613130375742912 0.5075324177742004 115 9 26
0.0007359859300777316 -0.013354187831282616 0.504236102104187 119 12 32
-0.012469688430428505 0.06638210266828537 0.48371171951293945 94 9 14
-0.023084087297320366 0.010674978606402874 0.5342705249786377 116 14 27
-0.023084087297320366 0.010674978606402874 0.5342705249786377 116 14 27
-0.010322191752493382 0.01756063662469387 0.4956473112106323 94 17 25
-0.01720859855413437 0.04056756570935249 0.49409201741218567 168 106 109
-0.025278184562921524 0.030596140772104263 0.4831497371196747 159 120 115
-0.019417043775320053 -0.010992328636348248 0.48672881722450256 182 141 139
-0.04038442298769951 0.05404093489050865 0.49046292901039124 121 48 55
-0.029946045950055122 0.010770032182335854 0.49350571632385254 149 107 108
-0.02827506512403488 -0.045648496598005295 0.5136699676513672 117 11 31
-0.02827506512403488 -0.045648496598005295 0.5136699676513672 117 11 31
-0.04104636609554291 -0.022016270086169243 0.5221964120864868 116 17 30
-0.04104636609554291 -0.022016270086169243 0.5221964120864868 116 17 30
-0.035223398357629776 -0.0011919414391741157 0.49824219942092896 117 20 31
-0.05092066898941994 0.039256855845451355 0.501422107219696 110 26 34
-0.04706409201025963 0.04910416156053543 0.4869067966938019 102 41 46
-0.04912911355495453 0.017678838223218918 0.5061394572257996 112 24 36
-0.033966176211833954 0.022974565625190735 0.4662337005138397 179 142 136
-0.05058952420949936 0.02244924195110798 0.4940272271633148 155 104 103
-0.05481047183275223 0.025748495012521744 0.4975023865699768 179 142 136
-0.054981477558612823 0.03783796355128288 0.48780548572540283 127 10 29
-0.054135505110025406 -0.014874543994665146 0.5125688910484314 176 128 128
-0.04722381383180618 -0.04680059105157852 0.512658953666687 105 38 45
-0.04722381383180618 -0.04680059105157852 0.512658953666687 105 38 45
-0.049925073981285095 -0.06171753257513046 0.5154286623001099 158 116 117
-0.0596066415309906 0.0035771585535258055 0.4967089891433716 174 133 129
-0.0596066415309906 0.0035771585535258055 0.4967089891433716 174 133 129
-0.05759309232234955 -0.018453050404787064 0.4992724657058716 109 37 46
-0.073237843811512 0.0426495335996151 0.4895642399787903 181 122 124
-0.08775757998228073 0.024181224405765533 0.5146327614784241 130 16 24
-0.08775757998228073 0.024181224405765533 0.5146327614784241 130 16 24
-0.06884129345417023 -0.02283567376434803 0.5006555914878845 156 119 118
-0.06884129345417023 -0.02283567376434803 0.5006555914878845 156 119 118
-0.06069578230381012 -0.03492420166730881 0.48768505454063416 144 8 38
-0.07421845942735672 0.0022325136233121157 0.49199870228767395 219 137 141
-0.07175987958908081 -0.045610178261995316 0.5072517991065979 160 118 118
-0.07175987958908081 -0.045610178261995316 0.5072517991065979 160 118 118
-0.07006508111953735 -0.08245943486690521 0.5124272108078003 137 15 41
-0.07006508111953735 -0.08245943486690521 0.5124272108078003 137 15 41
-0.07891084253787994 -0.09859009087085724 0.5104874968528748 164 122 121
-0.0811152458190918 -0.030481014400720596 0.4826628565788269 166 127 126
-0.0811152458190918 -0.030481014400720596 0.4826628565788269 166 127 126
-0.08354520052671432 -0.11226337403059006 0.5089239478111267 131 18 36
-0.09004835784435272 -0.04898184537887573 0.46701398491859436 135 20 37
-0.10002951323986053 -0.020694080740213394 0.45413485169410706 119 44 57
-0.08961579203605652 -0.13153377175331116 0.48491615056991577 188 133 133
-0.09598793089389801 -0.10796600580215454 0.4837137460708618 176 127 130
-0.09598793089389801 -0.10796600580215454 0.4837137460708618 176 127 130
-0.08302145451307297 -0.18971282243728638 0.49285876750946045 202 146 147
-0.0901501253247261 -0.18475623428821564 0.5009808540344238 203 157 157
-0.10056307911872864 -0.12297112494707108 0.4855734407901764 137 20 39
-0.09794574975967407 -0.15925739705562592 0.4883379340171814 174 132 134
-0.09566842019557953 -0.1794649064540863 0.4735366404056549 138 20 32
-0.10149194300174713 -0.12852983176708221 0.45771169662475586 139 20 40
-0.10149194300174713 -0.12852983176708221 0.45771169662475586 139 20 40
-0.08990047872066498 -0.14298348128795624 0.4243617653846741 190 137 145
-0.08486121147871017 -0.17453882098197937 0.42456522583961487 134 21 45
-0.09642522782087326 -0.16841627657413483 0.4307701885700226 185 148 146
-0.12400540709495544 -0.034191567450761795 0.417172908782959 160 120 114
-0.08858934044837952 -0.0707009881734848 0.3591634929180145 178 93 109
-0.09241088479757309 -0.22129857540130615 0.4196118712425232 92 34 23
0.20931784808635712 0.003592445980757475 0.33973628282546997 106 26 35
0.22305910289287567 -0.016615597531199455 0.3140384256839752 103 22 31
0.22775831818580627 -0.031731799244880676 0.3045106530189514 110 18 29
0.22775831818580627 -0.031731799244880676 0.3045106530189514 110 18 29
0.22101838886737823 -0.019625378772616386 0.29473957419395447 101 23 34
0.19241468608379364 0.030660832300782204 0.3199394643306732 99 30 35
0.2026296854019165 0.004680024925619364 0.3017081916332245 145 105 101
0.2026296854019165 0.004680024925619364 0.3017081916332245 145 105 101
0.24071824550628662 -0.05837129056453705 0.2610759139060974 146 98 96
0.21977712213993073 -0.028041651472449303 0.2832898795604706 154 106 104
0.19060920178890228 0.02518194541335106 0.30293014645576477 88 19 24
0.22659818828105927 -0.036784686148166656 0.2646796405315399 109 13 30
0.22659818828105927 -0.036784686148166656 0.2646796405315399 109 13 30
0.21508954465389252 -0.025679487735033035 0.2795135974884033 153 99 100
0.18663400411605835 0.021528979763388634 0.30292633175849915 154 98 99
0.17304787039756775 0.05013054609298706 0.3091939091682434 136 85 83
0.17304787039756775 0.05013054609298706 0.3091939091682434 136 85 83
0.1834351271390915 0.018734335899353027 0.3051305115222931 129 87 85
0.20357847213745117 -0.007114162668585777 0.27847036719322205 111 10 24
0.20357847213745117 -0.007114162668585777 0.27847036719322205 111 10 24
0.24677637219429016 -0.07578547298908234 0.2313997894525528 157 106 105
0.18489865958690643 0.018400344997644424 0.2874445617198944 150 93 94
0.21065977215766907 -0.02235524356365204 0.26249057054519653 162 117 112
0.14896219968795776 0.07876382023096085 0.3180460035800934 149 111 104
0.2341129630804062 -0.06233709678053856 0.24081102013587952 154 102 104
0.21407590806484222 -0.029321881011128426 0.2555321455001831 167 111 112
0.22130726277828217 -0.04004814103245735 0.24724480509757996 107 15 28
0.22130726277828217 -0.04004814103245735 0.24724480509757996 107 15 28
0.16729630529880524 0.04645778611302376 0.29750487208366394 146 87 89
0.16729630529880524 0.04645778611302376 0.29750487208366394 146 87 89
0.19976605474948883 -0.009615668095648289 0.2675391137599945 102 15 24
0.1827135533094406 0.020358096808195114 0.28016433119773865 101 16 27
0.17683054506778717 0.02925649844110012 0.2849687933921814 89 28 27
0.20969754457473755 -0.026242239400744438 0.2528890371322632 103 19 30
0.1935911774635315 0.0038424392696470022 0.2612283229827881 107 12 24
0.1935911774635315 0.0038424392696470022 0.2612283229827881 107 12 24
0.21465057134628296 -0.03652992844581604 0.24582242965698242 160 102 106
0.17912320792675018 0.02182082273066044 0.27651622891426086 171 103 110
0.19671058654785156 -0.005889909341931343 0.2579631209373474 162 99 107
0.23774218559265137 -0.07899343222379684 0.222062885761261 145 97 95
0.23774218559265137 -0.07899343222379684 0.222062885761261 145 97 95
0.18330876529216766 0.010889250785112381 0.2689453065395355 139 98 94
0.23663410544395447 -0.07664677500724792 0.21913385391235352 161 106 105
0.22782769799232483 -0.06222406029701233 0.22654692828655243 171 111 111
0.23555192351341248 -0.07912836223840714 0.21481120586395264 98 49 48
0.2237967699766159 -0.058611784130334854 0.22386440634727478 107 7 23
0.18597638607025146 0.0033391809556633234 0.25558027625083923 103 16 25
0.19105124473571777 -0.007721837610006332 0.2442251443862915 106 64 62
0.19069933891296387 -0.0028898208402097225 0.24142581224441528 91 10 19
0.24072618782520294 -0.08807751536369324 0.20070765912532806 105 9 23
0.24072618782520294 -0.08807751536369324 0.20070765912532806 105 9 23
0.14048728346824646 0.0729488953948021 0.287177175283432 168 120 118
0.14505316317081451 0.0651313066482544 0.28350120782852173 187 120 124
0.2117743343114853 -0.050029557198286057 0.22841036319732666 168 105 109
0.15377487242221832 0.040397338569164276 0.27964943647384644 166 122 117
0.1924160122871399 -0.015962863340973854 0.24149136245250702 114 3 20
0.2253209799528122 -0.06705071032047272 0.21133014559745789 147 108 104
0.16689848899841309 0.02960582822561264 0.25897955894470215 107 10 19
0.16689848899841309 0.02960582822561264 0.25897955894470215 107 10 19
0.14288589358329773 0.06599818915128708 0.27841827273368835 106 18 30
0.1837412565946579 -0.0025355566758662462 0.24274440109729767 115 6 25
0.21941442787647247 -0.06126479431986809 0.2115705907344818 102 10 23
0.21941442787647247 -0.06126479431986809 0.2115705907344818 102 10 23
0.18749676644802094 -0.009631968103349209 0.23800061643123627 98 10 22
0.20501205325126648 -0.04041906073689461 0.2212144136428833 128 87 85
0.22863584756851196 -0.08344479650259018 0.20286637544631958 144 94 95
0.16958178579807281 0.012982741929590702 0.24724940955638885 170 110 114
0.20757122337818146 -0.04872120916843414 0.21386541426181793 105 11 25
0.20757122337818146 -0.04872120916843414 0.21386541426181793 105 11 25
0.16129954159259796 0.02587052807211876 0.2503248453140259 105 8 21
0.16979186236858368 0.006305619142949581 0.24575939774513245 155 108 108
0.16707131266593933 0.014367770403623581 0.2446400225162506 89 33 34
0.23310531675815582 -0.09100890904664993 0.1896388977766037 108 8 20
0.17044267058372498 0.008579985238611698 0.23916707932949066 109 8 27
0.208495631814003 -0.05623946711421013 0.20929430425167084 154 118 117
0.15222474932670593 0.03741104155778885 0.25100183486938477 111 9 20
0.1876194328069687 -0.025643130764365196 0.2261170744895935 159 101 105
0.1511663943529129 0.03510741889476776 0.25394684076309204 173 108 114
0.15566673874855042 0.030688727274537086 0.24686002731323242 157 115 113
0.20556025207042694 -0.0523030087351799 0.2059287279844284 147 99 99
0.17650184035301208 -0.007253017742186785 0.22634688019752502 109 13 25
0.17650184035301208 -0.007253017742186785 0.22634688019752502 109 13 25
0.12970863282680511 0.0675678551197052 0.2627926766872406 109 15 29
0.19216065108776093 -0.036903318017721176 0.2129814773797989 108 10 23
0.19216065108776093 -0.036903318017721176 0.2129814773797989 108 10 23
0.16270819306373596 0.0128316106274724 0.23344190418720245 171 127 126
0.21327361464500427 -0.07273147255182266 0.1929798126220703 152 108 107
0.21327361464500427 -0.07273147255182266 0.1929798126220703 152 108 107
0.1645221710205078 0.004463681951165199 0.23107115924358368 111 9 28
0.13572239875793457 0.05376923456788063 0.25090891122817993 188 132 133
0.17898117005825043 -0.017780086025595665 0.21318404376506805 156 110 110
0.2129671275615692 -0.07613614201545715 0.18718059360980988 160 116 115
0.14618118107318878 0.023088134825229645 0.24200506508350372 98 19 25
0.1473684012889862 0.030038954690098763 0.23553994297981262 184 123 124
0.15655219554901123 0.0080619091168046 0.23087263107299805 81 16 24
0.16162191331386566 0.00216529774479568 0.22261017560958862 106 14 31
0.14174464344978333 0.031547773629426956 0.23822170495986938 94 15 20
0.16288135945796967 -0.010912694968283176 0.226373553276062 110 11 29
0.1880185604095459 -0.0417458675801754 0.19864076375961304 97 0 17
0.1518893539905548 0.011191149242222309 0.22382678091526031 168 109 111
0.1828823983669281 -0.040011562407016754 0.20054425299167633 175 129 131
0.19374100863933563 -0.060457199811935425 0.19193120300769806 174 115 122
0.17551104724407196 -0.03705928847193718 0.20283342897891998 125 83 85
0.21095623075962067 -0.0890180915594101 0.1690094918012619 168 113 116
0.20712026953697205 -0.08508791774511337 0.17210695147514343 107 10 27
0.20712026953697205 -0.08508791774511337 0.17210695147514343 107 10 27
0.17888212203979492 -0.04597204178571701 0.19435551762580872 123 17 37
0.16647937893867493 -0.025119971483945847 0.19347743690013885 184 142 146
0.17936719954013824 -0.053993336856365204 0.18528874218463898 136 91 94
0.1768384873867035 -0.04790130630135536 0.1852521002292633 105 16 32
0.1374300867319107 0.008890100754797459 0.21606090664863586 91 19 25
0.1569846272468567 -0.01873169094324112 0.1996803730726242 116 9 29
0.14500413835048676 -0.006113392300903797 0.20932050049304962 105 17 33
0.13949210941791534 0.0045759417116642 0.20917031168937683 171 116 119
0.19651827216148376 -0.08891220390796661 0.16734136641025543 117 8 29
0.14117012917995453 -0.002834657672792673 0.2059275507926941 145 89 94
0.14117012917995453 -0.002834657672792673 0.2059275507926941 145 89 94
0.1946001499891281 -0.08461654931306839 0.1663864552974701 177 119 128
0.13106393814086914 0.00838371179997921 0.21252872049808502 120 8 24
0.12106557190418243 0.029833799228072166 0.21199654042720795 122 7 20
0.18873727321624756 -0.08428899198770523 0.1677713543176651 161 116 119
0.18873727321624756 -0.08428899198770523 0.1677713543176651 161 116 119
0.14204485714435577 -0.015761496499180794 0.1974436491727829 155 134 125
0.1544206589460373 -0.03728276118636131 0.1899193376302719 121 7 27
0.1544206589460373 -0.03728276118636131 0.1899193376302719 121 7 27
0.1673194319009781 -0.05766616016626358 0.18023331463336945 159 120 125
0.12561175227165222 0.010286212898790836 0.20412707328796387 183 124 131
0.17040157318115234 -0.06559356302022934 0.1759357452392578 119 8 27
0.12758572399616241 -0.0030633211135864258 0.2037474513053894 124 9 22
0.12758572399616241 -0.0030633211135864258 0.2037474513053894 124 9 22
0.14378702640533447 -0.033172350376844406 0.1886373907327652 119 81 81
0.15798383951187134 -0.053869862109422684 0.17752334475517273 128 6 32
0.16644997894763947 -0.07450738549232483 0.17504219710826874 161 120 124
0.13938991725444794 -0.02488115057349205 0.18890124559402466 211 143 152
0.14888864755630493 -0.04079832881689072 0.18048985302448273 124 10 30
0.15094147622585297 -0.04770265519618988 0.17958997189998627 127 86 87
0.15094147622585297 -0.04770265519618988 0.17958997189998627 127 86 87
0.1754227876663208 -0.08923152834177017 0.1626446694135666 140 110 108
0.134283646941185 -0.021505901589989662 0.18750658631324768 100 46 49
0.149044468998909 -0.05151509493589401 0.1777203232049942 209 139 142
0.16134725511074066 -0.07011677324771881 0.16901150345802307 120 11 32
0.16134725511074066 -0.07011677324771881 0.16901150345802307 120 11 32
0.14693674445152283 -0.04980605095624924 0.17664162814617157 97 24 33
0.15102742612361908 -0.05795798450708389 0.16803444921970367 126 8 30
0.13465407490730286 -0.038078658282756805 0.17925874888896942 155 114 116
0.16056376695632935 -0.07940288633108139 0.1611817479133606 140 98 99
0.1613556146621704 -0.0872509777545929 0.15520407259464264 135 6 34
0.1617925614118576 -0.09481991082429886 0.15630589425563812 173 128 133
0.1617925614118576 -0.09481991082429886 0.15630589425563812 173 128 133
0.13026344776153564 -0.04983486235141754 0.1675565391778946 127 16 35
0.15035197138786316 -0.08351320028305054 0.1555720716714859 159 114 119
0.14152376353740692 -0.08572132140398026 0.15743912756443024 176 134 136
0.14152376353740692 -0.08572132140398026 0.15743912756443024 176 134 136
0.1516827493906021 -0.0992845669388771 0.14948607981204987 176 137 138
0.123959019780159 -0.060551322996616364 0.16713184118270874 180 142 143
0.14078973233699799 -0.09467828273773193 0.15581496059894562 136 17 41
0.30903586745262146 -0.059545375406742096 -0.01198519580066204 84 0 13
0.31696173548698425 -0.08528507500886917 -0.006402924191206694 77 0 10
0.31696173548698425 -0.08528507500886917 -0.006402924191206694 77 0 10
0.29315415024757385 -0.024996526539325714 -0.01281643658876419 65 23 24
0.29966601729393005 -0.043466076254844666 -0.011372431181371212 83 1 13
0.29446256160736084 -0.029795441776514053 -0.012618299573659897 139 80 87
0.30290159583091736 -0.054353248327970505 -0.01058799959719181 148 85 93
0.30729377269744873 -0.06886749714612961 -0.008729297667741776 82 0 15
0.30729377269744873 -0.06886749714612961 -0.008729297667741776 82 0 15
0.29603734612464905 -0.03620992973446846 -0.01368414144963026 90 4 17
0.2966667413711548 -0.039769332855939865 -0.013000328093767166 70 7 15
0.30610257387161255 -0.06612531840801239 -0.010761826299130917 140 93 97
0.3019796907901764 -0.05668167769908905 -0.011215461418032646 118 76 78
0.2864254415035248 -0.013874161057174206 -0.015800710767507553 78 7 15
0.31157663464546204 -0.08224360644817352 -0.010783732868731022 102 71 68
0.29778459668159485 -0.048131510615348816 -0.012154041789472103 132 92 90
0.3036724925041199 -0.06395584344863892 -0.01316530816257 136 82 87
0.2803730070590973 -0.0012518130242824554 -0.018098872154951096 103 57 57
0.2897270619869232 -0.027931390330195427 -0.01501115970313549 145 79 89
0.3028194010257721 -0.061622511595487595 -0.01384299248456955 79 0 9
0.28613677620887756 -0.01762579381465912 -0.017095163464546204 67 16 17
0.2861308455467224 -0.021081535145640373 -0.015553675591945648 85 4 12
0.2888754606246948 -0.02731546387076378 -0.017697306349873543 68 22 24
0.2965197265148163 -0.049239058047533035 -0.015200136229395866 91 55 53
0.28804102540016174 -0.02966431900858879 -0.014886231161653996 86 0 14
0.27924758195877075 -0.003443162189796567 -0.019686473533511162 70 22 22
0.27924758195877075 -0.003443162189796567 -0.019686473533511162 70 22 22
0.28995245695114136 -0.03394897282123566 -0.01847703568637371 126 86 87
0.2837967574596405 -0.018727930262684822 -0.019088545814156532 121 86 82
0.2791467308998108 -0.006131402682512999 -0.021160675212740898 143 94 92
0.301863431930542 -0.06796815991401672 -0.01588980108499527 147 100 104
0.2773878276348114 -0.002398221055045724 -0.021070364862680435 150 100 101
0.2892382740974426 -0.03809292986989021 -0.017279542982578278 81 5 15
0.2892382740974426 -0.03809292986989021 -0.017279542982578278 81 5 15
0.30934762954711914 -0.0911579504609108 -0.014787598513066769 148 96 101
0.2744443714618683 0.002047986024990678 -0.022157277911901474 138 113 109
0.2766948342323303 -0.0016928837867453694 -0.02451067790389061 68 8 14
0.3074895739555359 -0.08697779476642609 -0.01598522998392582 63 0 14
0.27694955468177795 -0.00520438514649868 -0.02214857190847397 72 24 24
0.27694955468177795 -0.00520438514649868 -0.02214857190847397 72 24 24
0.30593693256378174 -0.08369095623493195 -0.015579796396195889 95 53 57
0.29615887999534607 -0.054942816495895386 -0.020145054906606674 90 0 14
0.29615887999534607 -0.054942816495895386 -0.020145054906606674 90 0 14
0.30762720108032227 -0.08894602209329605 -0.015566909685730934 85 1 18
0.28601306676864624 -0.030139777809381485 -0.020934918895363808 134 91 92
0.2849861979484558 -0.02777615189552307 -0.020859168842434883 140 98 99
0.3037394881248474 -0.07579372078180313 -0.020552856847643852 120 89 92
0.28143757581710815 -0.01943483017385006 -0.022104062139987946 145 96 100
0.28592926263809204 -0.03239872306585312 -0.02212638594210148 74 11 19
0.27597418427467346 -0.007367871701717377 -0.023176660761237144 152 101 101
0.2911650538444519 -0.048386164009571075 -0.020758062601089478 71 0 7
0.2713208794593811 0.0036320954095572233 -0.024351967498660088 71 46 42
0.28920310735702515 -0.043848827481269836 -0.021751636639237404 124 88 88
0.2857315242290497 -0.03476804494857788 -0.023202920332551003 141 78 86
0.26498550176620483 0.017632286995649338 -0.025723354890942574 74 48 45
0.26498550176620483 0.017632286995649338 -0.025723354890942574 74 48 45
0.2892962396144867 -0.04672669619321823 -0.02156986854970455 131 83 87
0.29141831398010254 -0.052668407559394836 -0.021363547071814537 137 103 102
0.29226192831993103 -0.05514921620488167 -0.021191323176026344 134 96 97
0.27954724431037903 -0.02162359282374382 -0.023333804681897163 141 101 102
0.29037874937057495 -0.050442323088645935 -0.021889589726924896 137 76 84
0.29002079367637634 -0.04894287884235382 -0.023066813126206398 78 5 18
0.2925560772418976 -0.05741922929883003 -0.021712107583880424 64 1 9
0.29571419954299927 -0.06728491187095642 -0.01999592036008835 141 99 101
0.2842637300491333 -0.0364106260240078 -0.02326240763068199 106 69 68
0.3037528693675995 -0.08910152316093445 -0.0191055778414011 76 4 16
0.30216288566589355 -0.08707452565431595 -0.01770113781094551 146 89 97
0.30172476172447205 -0.08378352969884872 -0.01981634832918644 137 91 96
0.2813340723514557 -0.0288108978420496 -0.02497779205441475 73 12 17
0.27328816056251526 -0.00882018730044365 -0.02581126056611538 154 102 106
0.27195313572883606 -0.005221433471888304 -0.02659652940928936 152 97 102
0.2767881751060486 -0.018404917791485786 -0.026115205138921738 78 6 13
0.2905134856700897 -0.05719491094350815 -0.02176636829972267 78 4 17
0.2852240204811096 -0.041117798537015915 -0.025255927816033363 80 4 14
0.2673235237598419 0.0028475287836045027 -0.02647692896425724 115 87 85
0.2995222508907318 -0.08647792041301727 -0.0196010060608387 137 101 101
0.2995222508907318 -0.08647792041301727 -0.0196010060608387 137 101 101
0.27911531925201416 -0.028666183352470398 -0.02690858766436577 141 91 94
0.2817550599575043 -0.03723464533686638 -0.025077538564801216 63 15 18
0.2892255485057831 -0.056474242359399796 -0.02436394803225994 155 95 105
0.284357488155365 -0.043947018682956696 -0.025941379368305206 143 76 85
0.2670143246650696 0.0010384173365309834 -0.028612375259399414 75 54 51
0.3027125597000122 -0.09672719985246658 -0.02033148892223835 146 115 120
0.2958836853504181 -0.0773426815867424 -0.022965986281633377 125 80 82
0.27097076177597046 -0.00948613416403532 -0.030653297901153564 126 90 87
0.2774411141872406 -0.029864441603422165 -0.027750486508011818 70 20 23
0.2774411141872406 -0.029864441603422165 -0.027750486508011818 70 20 23
0.28579699993133545 -0.054857708513736725 -0.024978872388601303 96 70 67
0.26617905497550964 -0.001975478371605277 -0.029307613149285316 144 132 124
0.2869254946708679 -0.05760935693979263 -0.025664566084742546 148 88 98
0.2646826505661011 0.0011359748896211386 -0.02957174740731716 147 126 123
0.2972722053527832 -0.08584041893482208 -0.023852428421378136 148 82 90
0.2936939001083374 -0.0789375752210617 -0.022793900221586227 70 34 34
0.2688305974006653 -0.010614331811666489 -0.029624583199620247 150 101 102
0.28875529766082764 -0.06644882261753082 -0.023509686812758446 87 0 14
0.27986955642700195 -0.04056249186396599 -0.027309738099575043 73 16 22
0.295494019985199 -0.08333010226488113 -0.023337043821811676 95 0 14
0.2792109549045563 -0.038635265082120895 -0.02830219641327858 58 19 20
0.2792109549045563 -0.038635265082120895 -0.02830219641327858 58 19 20
0.2759300768375397 -0.029854753986001015 -0.029173176735639572 129 85 86
0.2787375748157501 -0.03629114478826523 -0.031036892905831337 86 5 19
0.26684051752090454 -0.00631084106862545 -0.032115865498781204 81 11 22
0.28677162528038025 -0.06002651900053024 -0.027831600978970528 87 9 25
0.27469995617866516 -0.028036395087838173 -0.031091608107089996 84 1 9
0.2638857066631317 -0.0018838285468518734 -0.031086454167962074 86 65 62
0.2627381980419159 0.0012057747226208448 -0.031568996608257294 81 63 59
0.2761421799659729 -0.034419454634189606 -0.029669754207134247 150 97 102
0.2893839478492737 -0.07557947188615799 -0.023197975009679794 89 2 18
0.2893839478492737 -0.07557947188615799 -0.023197975009679794 89 2 18
0.296164870262146 -0.09277170151472092 -0.023098958656191826 89 0 17
0.28486013412475586 -0.0585855096578598 -0.029353028163313866 134 88 93
0.26541048288345337 -0.008351119235157967 -0.03227858245372772 152 97 102
0.26675134897232056 -0.012277469970285892 -0.03186667338013649 167 116 119
0.2933363616466522 -0.08553646504878998 -0.024647343903779984 121 73 78
0.26293066143989563 -0.004005804657936096 -0.031002866104245186 143 115 111
0.28600800037384033 -0.06532471626996994 -0.026910260319709778 136 85 92
0.28600800037384033 -0.06532471626996994 -0.026910260319709778 136 85 92
0.2796644866466522 -0.047760870307683945 -0.028797904029488564 142 101 103
0.2753666937351227 -0.03655098006129265 -0.029524346813559532 71 0 8
0.2863958179950714 -0.06707626581192017 -0.027599506080150604 141 73 86
0.27576470375061035 -0.03921016305685043 -0.030915517359972 148 94 100
0.29158103466033936 -0.0823693573474884 -0.027199679985642433 164 110 118
0.29158103466033936 -0.0823693573474884 -0.027199679985642433 164 110 118
0.2740185856819153 -0.03565075621008873 -0.03070724569261074 157 103 109
0.2813500165939331 -0.0549791194498539 -0.029770581051707268 142 84 93
0.2813500165939331 -0.0549791194498539 -0.029770581051707268 142 84 93
0.2931945323944092 -0.08822204172611237 -0.026369206607341766 63 13 22
0.278604656457901 -0.04966266453266144 -0.029632315039634705 156 101 107
0.2761729061603546 -0.04429010674357414 -0.029354561120271683 91 3 19
0.2758786678314209 -0.04166315123438835 -0.03110421635210514 155 109 111
0.27233219146728516 -0.030459333211183548 -0.03372899442911148 87 0 9
0.2683376967906952 -0.023830976337194443 -0.03164272755384445 164 105 107
0.2950097918510437 -0.0962500348687172 -0.025839507579803467 151 100 105
0.2958980202674866 -0.09875951707363129 -0.02567550167441368 140 118 117
0.2630392611026764 -0.009786156006157398 -0.03346346691250801 151 116 114
0.2870774269104004 -0.07302191108465195 -0.029537059366703033 105 69 73
0.2870774269104004 -0.07302191108465195 -0.029537059366703033 105 69 73
0.2642405331134796 -0.01336547639220953 -0.03305486589670181 146 98 101
0.2807880938053131 -0.05762023106217384 -0.029755674302577972 112 83 83
0.273755818605423 -0.03813342750072479 -0.03226127475500107 72 0 9
0.26023635268211365 -0.00517177302390337 -0.032349806278944016 158 126 127
0.2746310532093048 -0.0408586785197258 -0.03189672902226448 86 47 48
0.25872355699539185 -1.249020169780124e-05 -0.03415198251605034 153 133 132
0.27963095903396606 -0.05621153488755226 -0.031289465725421906 144 102 106
0.27963095903396606 -0.05621153488755226 -0.031289465725421906 144 102 106
0.2896704375743866 -0.08560720831155777 -0.028143486008048058 102 0 22
0.28866660594940186 -0.08301016688346863 -0.0290522538125515 145 104 110
0.28546780347824097 -0.07607141137123108 -0.028692515566945076 80 0 13
0.2712690532207489 -0.03621495142579079 -0.03357669338583946 121 70 72
0.29333072900772095 -0.09700629115104675 -0.02778935432434082 160 108 113
0.2850286066532135 -0.07778351753950119 -0.02834608033299446 88 4 20
0.26039037108421326 -0.010138463228940964 -0.035569414496421814 95 4 19
0.28011682629585266 -0.06287787109613419 -0.03169726952910423 88 2 23
0.268310546875 -0.03055182844400406 -0.03494073450565338 90 5 17
0.2734197974205017 -0.04963393881917 -0.02985970675945282 138 104 105
0.2834506332874298 -0.07413778454065323 -0.031118113547563553 76 23 35
0.2834506332874298 -0.07413778454065323 -0.031118113547563553 76 23 35
0.26996925473213196 -0.03901907056570053 -0.033283546566963196 93 3 18
0.2745446264743805 -0.050193849951028824 -0.03346468508243561 138 104 105
0.29217833280563354 -0.1000695675611496 -0.028191478922963142 163 121 131
0.29292070865631104 -0.10245076566934586 -0.02813233993947506 159 116 125
0.2787100374698639 -0.06342156231403351 -0.03203830495476723 82 19 28
0.2787100374698639 -0.06342156231403351 -0.03203830495476723 82 19 28
0.2907562255859375 -0.0978846475481987 -0.027898957952857018 151 109 119
0.2554006278514862 -0.0024853935465216637 -0.035958755761384964 145 134 132
0.28648805618286133 -0.08562498539686203 -0.029889972880482674 142 89 97
0.25650203227996826 -0.006452582310885191 -0.035673096776008606 155 137 137
0.27646273374557495 -0.05847034975886345 -0.032782893627882004 60 13 19
0.2823547422885895 -0.0754452794790268 -0.03186952695250511 167 117 128
0.2699820101261139 -0.0431986078619957 -0.03520159423351288 137 96 100
0.2593821585178375 -0.015690652653574944 -0.03680768981575966 182 119 122
0.25811031460762024 -0.012239611707627773 -0.03732279688119888 155 120 119
0.27419835329055786 -0.05514683201909065 -0.034109700471162796 94 0 17
0.2819918990135193 -0.07737193256616592 -0.031691066920757294 89 39 50
0.2780362069606781 -0.06669110804796219 -0.0327107273042202 139 98 102
0.2829572558403015 -0.08016829192638397 -0.031594421714544296 171 99 111
0.2753641903400421 -0.05949857831001282 -0.033506374806165695 155 108 114
0.2715471088886261 -0.04781129211187363 -0.03608720004558563 100 0 21
0.28481289744377136 -0.08608794212341309 -0.03120051510632038 84 4 21
0.27588000893592834 -0.06229151412844658 -0.033504948019981384 165 102 111
0.2528611123561859 -0.0019811294041574 -0.037260837852954865 96 80 83
0.25422391295433044 -0.005080414470285177 -0.03769489750266075 113 71 79
0.27177175879478455 -0.05124921724200249 -0.034922901540994644 78 6 18
0.26876065135002136 -0.04241996631026268 -0.03636791557073593 147 106 110
0.26876065135002136 -0.04241996631026268 -0.03636791557073593 147 106 110
0.2784559428691864 -0.07135914266109467 -0.032532792538404465 102 0 20
0.28110364079475403 -0.0785103365778923 -0.032199278473854065 173 90 108
0.28972601890563965 -0.1036674752831459 -0.02902846597135067 178 127 136
0.25692218542099 -0.011265837587416172 -0.039841629564762115 95 10 25
0.2689391076564789 -0.045475445687770844 -0.036804068833589554 162 109 113
0.26419803500175476 -0.036599546670913696 -0.03596063703298569 100 3 12
0.26419803500175476 -0.036599546670913696 -0.03596063703298569 100 3 12
0.28280457854270935 -0.08808910101652145 -0.03102811798453331 101 0 22
0.2555343508720398 -0.013014496304094791 -0.03884143754839897 180 122 129
0.27214315533638 -0.058421868830919266 -0.03501303493976593 166 105 110
0.2673014998435974 -0.0441962368786335 -0.03704671561717987 93 0 18
0.27264174818992615 -0.06013761833310127 -0.035176169127225876 98 51 57
0.27734073996543884 -0.07443311810493469 -0.033051833510398865 166 115 119
0.2702498435974121 -0.054652176797389984 -0.03594416379928589 89 28 39
0.2702498435974121 -0.054652176797389984 -0.03594416379928589 89 28 39
0.28139549493789673 -0.08584878593683243 -0.032714247703552246 165 101 112
0.28613030910491943 -0.09714177995920181 -0.03348969295620918 100 0 17
0.25437432527542114 -0.013610957190394402 -0.03961148485541344 90 24 34
0.2683248817920685 -0.05111795291304588 -0.03688918799161911 161 114 120
0.27269357442855835 -0.06446667015552521 -0.03477853909134865 99 0 19
0.2833753228187561 -0.0927627682685852 -0.03281785920262337 135 105 103
0.2672249376773834 -0.04823770746588707 -0.03793810307979584 163 86 98
0.2672249376773834 -0.04823770746588707 -0.03793810307979584 163 86 98
0.26515993475914 -0.0438828282058239 -0.03767940029501915 182 120 125
0.2749696671962738 -0.07171238958835602 -0.03462710604071617 144 75 86
0.277310311794281 -0.07676032185554504 -0.03545510768890381 125 92 93
0.2832522392272949 -0.09415330737829208 -0.033224862068891525 147 101 107
0.2804737985134125 -0.08765841275453568 -0.03320135176181793 84 1 19
0.26757851243019104 -0.05021379142999649 -0.03828756883740425 100 8 26
0.269258975982666 -0.056941233575344086 -0.03660384193062782 99 2 22
0.25309598445892334 -0.014563311822712421 -0.03972436115145683 173 126 129
0.25309598445892334 -0.014563311822712421 -0.03972436115145683 173 126 129
0.2818048596382141 -0.09365128725767136 -0.0342034250497818 83 48 49
0.2786335051059723 -0.0857366994023323 -0.03511038050055504 123 91 94
0.2513437867164612 -0.01305856741964817 -0.04057002067565918 92 14 28
0.271558940410614 -0.06958580017089844 -0.035828568041324615 105 68 71
0.2808467447757721 -0.09563698619604111 -0.033240046352148056 175 117 128
0.2655206620693207 -0.051662568002939224 -0.03927532583475113 97 5 22
0.2655206620693207 -0.051662568002939224 -0.03927532583475113 97 5 22
0.2729339003562927 -0.07416259497404099 -0.03657740727066994 110 0 19
0.2729339003562927 -0.07416259497404099 -0.03657740727066994 110 0 19
0.2784084379673004 -0.0909331887960434 -0.033965546637773514 97 1 21
0.274296373128891 -0.07820379734039307 -0.03687532618641853 70 6 20
0.2504192292690277 -0.015524125657975674 -0.04120754823088646 175 127 130
0.25146248936653137 -0.019344011321663857 -0.04039528965950012 175 130 135
0.26714497804641724 -0.058726124465465546 -0.03985973820090294 106 0 21
0.2768551707267761 -0.08815579861402512 -0.03596419095993042 176 122 131
0.25144463777542114 -0.021224364638328552 -0.040736258029937744 91 11 18
0.24984213709831238 -0.020305970683693886 -0.04053763300180435 163 102 105
0.2686763107776642 -0.06685375422239304 -0.040786512196063995 110 0 16
0.27978095412254333 -0.102379709482193 -0.034252461045980453 180 144 151
0.24801094830036163 -0.01524613332003355 -0.04265831038355827 108 2 24
0.27030032873153687 -0.07969573140144348 -0.037473391741514206 134 94 94
0.27483105659484863 -0.0917152389883995 -0.03685658797621727 109 0 25
0.2739865481853485 -0.08904855698347092 -0.037392836064100266 159 109 118
0.2596290409564972 -0.049572598189115524 -0.04148147255182266 177 117 125
0.2777954041957855 -0.10026128590106964 -0.03620258718729019 108 1 21
0.2777954041957855 -0.10026128590106964 -0.03620258718729019 108 1 21
0.23993057012557983 -0.006064136512577534 -0.039850614964962006 155 151 148
0.27506521344184875 -0.09660772234201431 -0.03751469776034355 138 99 102
0.27506521344184875 -0.09660772234201431 -0.03751469776034355 138 99 102
0.26907432079315186 -0.08452629297971725 -0.03808218613266945 117 0 20
0.2439229041337967 -0.018317682668566704 -0.0432790145277977 183 129 134
0.2735282778739929 -0.09583357721567154 -0.038744162768125534 150 111 114
0.2589004337787628 -0.058595992624759674 -0.041507698595523834 176 132 136
0.27090445160865784 -0.0891120508313179 -0.040221985429525375 150 111 116
0.27090445160865784 -0.0891120508313179 -0.040221985429525375 150 111 116
0.26740333437919617 -0.08244246989488602 -0.03917209431529045 79 6 21
0.2771308720111847 -0.10873974114656448 -0.03757721558213234 185 125 140
0.2771308720111847 -0.10873974114656448 -0.03757721558213234 185 125 140
0.25842148065567017 -0.05777382478117943 -0.042996734380722046 94 53 57
0.27336180210113525 -0.10176793485879898 -0.037805963307619095 117 0 24
0.2721310257911682 -0.09795188903808594 -0.0385659821331501 92 38 46
0.2721310257911682 -0.09795188903808594 -0.0385659821331501 92 38 46
0.256695032119751 -0.05710025876760483 -0.04330802708864212 166 127 132
0.24248695373535156 -0.023517942056059837 -0.044432032853364944 187 148 149
0.2556588351726532 -0.06214257329702377 -0.03990243747830391 111 2 25
0.274045467376709 -0.10771464556455612 -0.03890952467918396 165 134 140
0.24152089655399323 -0.02486621029675007 -0.042994678020477295 94 9 18
0.2732742428779602 -0.10639510303735733 -0.03903570771217346 126 95 101
0.26431605219841003 -0.0822291448712349 -0.04136302322149277 150 103 107
0.24107041954994202 -0.022448617964982986 -0.04482872411608696 151 112 113
0.26874497532844543 -0.09910621494054794 -0.03919856250286102 156 122 123
0.24506701529026031 -0.03662645444273949 -0.04404310882091522 172 127 132
0.24506701529026031 -0.03662645444273949 -0.04404310882091522 172 127 132
0.2543278634548187 -0.05807841196656227 -0.04450743645429611 151 101 112
0.2384219616651535 -0.02032068558037281 -0.045215871185064316 183 135 138
0.251393586397171 -0.052262671291828156 -0.04452948272228241 97 10 29
0.251393586397171 -0.052262671291828156 -0.04452948272228241 97 10 29
0.23419885337352753 -0.01526570226997137 -0.04197515919804573 166 147 148
0.26766955852508545 -0.09677369147539139 -0.041330911219120026 89 14 28
0.23804059624671936 -0.022578226402401924 -0.045394573360681534 98 25 38
0.26999717950820923 -0.10662205517292023 -0.04043687507510185 192 141 146
0.25084686279296875 -0.055246464908123016 -0.04503069072961807 166 103 113
0.25084686279296875 -0.055246464908123016 -0.04503069072961807 166 103 113
0.25997236371040344 -0.08092048764228821 -0.04266207292675972 119 12 30
0.24938923120498657 -0.05138418450951576 -0.046143654733896255 178 109 118
0.26058512926101685 -0.08353044092655182 -0.043046362698078156 154 127 125
0.26351484656333923 -0.09190589934587479 -0.04237641394138336 163 121 131
0.26643386483192444 -0.10433293133974075 -0.04008929058909416 115 1 26
0.24057091772556305 -0.03542296215891838 -0.047195322811603546 176 96 105
0.24011223018169403 -0.03661273792386055 -0.04571704566478729 190 129 131
0.24011223018169403 -0.03661273792386055 -0.04571704566478729 190 129 131
0.26894915103912354 -0.11206508427858353 -0.04102219268679619 203 152 161
0.26894915103912354 -0.11206508427858353 -0.04102219268679619 203 152 161
0.2506502866744995 -0.06287538260221481 -0.0453697070479393 187 139 147
0.24722418189048767 -0.05470734462141991 -0.04548254981637001 166 106 116
0.25272485613822937 -0.07034455984830856 -0.043859388679265976 174 124 133
0.23394007980823517 -0.021083157509565353 -0.04765700176358223 118 20 41
0.25975343585014343 -0.08900553733110428 -0.04336092993617058 122 0 26
0.2670701742172241 -0.1103077083826065 -0.04115133732557297 174 126 137
0.2661812901496887 -0.10953782498836517 -0.041886765509843826 95 44 53
0.2661812901496887 -0.10953782498836517 -0.041886765509843826 95 44 53
0.24968750774860382 -0.06482724845409393 -0.04600350931286812 99 8 23
0.2457587718963623 -0.05503138527274132 -0.04661056026816368 108 77 80
0.26601746678352356 -0.1132609024643898 -0.04004453495144844 169 104 114
0.2624593675136566 -0.1014586091041565 -0.04287588223814964 173 132 138
0.2512849271297455 -0.07321233302354813 -0.04554656520485878 162 81 101
0.2512849271297455 -0.07321233302354813 -0.04554656520485878 162 81 101
0.26283279061317444 -0.10515003651380539 -0.0424049012362957 105 17 36
0.246198371052742 -0.06301019340753555 -0.04548885300755501 154 115 120
0.22863605618476868 -0.02390916645526886 -0.04649834334850311 199 153 156
0.24720768630504608 -0.07184016704559326 -0.046211257576942444 182 131 136
0.23349232971668243 -0.04184100031852722 -0.04866534471511841 103 58 61
0.23270103335380554 -0.04439852759242058 -0.04699718579649925 115 13 26
0.23752862215042114 -0.05646500363945961 -0.048343706876039505 196 137 143
0.2541343569755554 -0.100685253739357 -0.04495326802134514 118 17 35
0.24143946170806885 -0.06882845610380173 -0.04857189953327179 173 87 103
0.23823869228363037 -0.06124964356422424 -0.04920991510152817 96 22 35
0.23983319103717804 -0.07050015777349472 -0.04813310131430626 116 16 36
0.2524808645248413 -0.10995157808065414 -0.045135244727134705 117 7 35
0.2368130385875702 -0.07225993275642395 -0.04799472913146019 123 16 40
0.24980807304382324 -0.10734207928180695 -0.04626363888382912 164 138 137
0.2381148487329483 -0.07918322831392288 -0.04834750294685364 115 20 40
0.23590940237045288 -0.07134086638689041 -0.05011697858572006 203 147 156
0.23595654964447021 -0.07707537710666656 -0.04934268072247505 179 149 147
0.2471032589673996 -0.1090235784649849 -0.0472651869058609 92 37 46
0.22215351462364197 -0.04767182469367981 -0.04965463653206825 177 125 132
0.23263201117515564 -0.07359639555215836 -0.049666162580251694 122 14 38
0.23263201117515564 -0.07359639555215836 -0.049666162580251694 122 14 38
0.2391069531440735 -0.09622198343276978 -0.047893449664115906 112 23 43
0.22645226120948792 -0.0654454380273819 -0.04947001114487648 106 20 39
0.22468014061450958 -0.06334405392408371 -0.04992726817727089 124 85 93
0.23800082504749298 -0.09582030028104782 -0.04892387241125107 183 130 136
0.24388961493968964 -0.11354607343673706 -0.04669502004981041 113 19 40
0.21725529432296753 -0.05024429038167 -0.048238180577754974 104 19 30
0.2411103993654251 -0.10654614120721817 -0.04800758138298988 114 20 36
0.2411103993654251 -0.10654614120721817 -0.04800758138298988 114 20 36
0.22510407865047455 -0.06668045371770859 -0.05005738511681557 186 112 121
0.22400343418121338 -0.06375813484191895 -0.05054309964179993 176 124 134
0.22366350889205933 -0.0663415864109993 -0.05006866902112961 88 18 34
0.2344326227903366 -0.10021734982728958 -0.04842189699411392 127 14 32
0.24068257212638855 -0.1143709048628807 -0.04887288436293602 104 39 53
0.23503807187080383 -0.10427811741828918 -0.049159277230501175 106 8 33
0.22132466733455658 -0.0722680538892746 -0.050876542925834656 189 149 157
0.23374678194522858 -0.10679542273283005 -0.048669278621673584 206 147 158
0.21657782793045044 -0.0676594078540802 -0.049121975898742676 216 145 153
0.21657782793045044 -0.0676594078540802 -0.049121975898742676 216 145 153
0.2327345460653305 -0.1072806566953659 -0.04869244247674942 94 29 39
0.23226653039455414 -0.10673984885215759 -0.04937061294913292 202 146 157
0.2326107621192932 -0.10920929908752441 -0.05022783577442169 112 15 32
0.23303642868995667 -0.1118151992559433 -0.0494408942759037 127 12 27
0.21363171935081482 -0.07022453844547272 -0.048822350800037384 207 109 124
0.21463936567306519 -0.07564307004213333 -0.04915349557995796 91 27 38
0.21035321056842804 -0.09013444185256958 -0.04713263362646103 191 101 111
0.2929382622241974 -0.06921681761741638 0.14326155185699463 125 89 93
0.2992265522480011 -0.08609950542449951 0.13833512365818024 166 119 127
0.28267690539360046 -0.051678892225027084 0.14196984469890594 92 16 28
0.28267690539360046 -0.051678892225027084 0.14196984469890594 92 16 28
0.29647359251976013 -0.0876368060708046 0.12950251996517181 168 126 133
0.27707597613334656 -0.04463166743516922 0.13825055956840515 163 114 120
0.26495715975761414 -0.017384329810738564 0.1400768756866455 83 17 29
0.259668231010437 -0.00702762370929122 0.13748274743556976 94 12 24
0.2872461974620819 -0.07476287335157394 0.1278105080127716 161 112 121
0.2872461974620819 -0.07476287335157394 0.1278105080127716 161 112 121
0.276632696390152 -0.05352049320936203 0.13885824382305145 94 0 18
0.276632696390152 -0.05352049320936203 0.13885824382305145 94 0 18
0.26985856890678406 -0.03689045086503029 0.1326165646314621 128 94 95
0.28421446681022644 -0.0728411078453064 0.12830854952335358 131 99 106
0.27150365710258484 -0.04419455677270889 0.1274322122335434 94 11 30
0.28430551290512085 -0.07997448742389679 0.12537658214569092 91 3 27
0.24814845621585846 0.0023302107583731413 0.13710123300552368 85 12 27
0.25946706533432007 -0.024320797994732857 0.13176189363002777 146 109 117
0.2731863856315613 -0.0550859272480011 0.12166350334882736 86 13 28
0.2509213089942932 -0.0037756217643618584 0.13173215091228485 139 105 109
0.2597385346889496 -0.028630347922444344 0.13018320500850677 142 105 113
0.2681007981300354 -0.04668344557285309 0.12388775497674942 140 90 99
0.2681007981300354 -0.04668344557285309 0.12388775497674942 140 90 99
0.25327688455581665 -0.012051553465425968 0.1206158772110939 100 6 22
0.2624934911727905 -0.035074181854724884 0.1179715171456337 93 2 20
0.2624934911727905 -0.035074181854724884 0.1179715171456337 93 2 20
0.24282652139663696 0.005813320633023977 0.13226918876171112 138 110 107
0.2559024393558502 -0.02211148291826248 0.12034038454294205 82 15 32
0.25675705075263977 -0.027756117284297943 0.12660057842731476 143 97 108
0.28126218914985657 -0.08775701373815536 0.11687032878398895 109 76 83
0.275846004486084 -0.07658951729536057 0.11669089645147324 133 97 107
0.2505970001220703 -0.01813892275094986 0.12414304912090302 132 107 111
0.25128164887428284 -0.02259126864373684 0.12248899787664413 152 102 114
0.24245184659957886 -0.012483960948884487 0.12824976444244385 92 3 19
0.2397085726261139 -0.008655629120767117 0.12124869972467422 80 30 36
0.2513444125652313 -0.03620867431163788 0.11784850805997849 160 120 129
0.2135554403066635 0.05038302764296532 0.13226494193077087 87 73 73
0.2641148865222931 -0.06907446682453156 0.11639896780252457 69 15 28
0.2688828408718109 -0.07901968061923981 0.11139331012964249 145 117 122
0.2688828408718109 -0.07901968061923981 0.11139331012964249 145 117 122
0.22035840153694153 0.03404874727129936 0.12622597813606262 128 86 90
0.2730902135372162 -0.09284963458776474 0.11073794960975647 147 133 137
0.25920969247817993 -0.05932237207889557 0.10508608818054199 156 119 127
0.25442466139793396 -0.05180855840444565 0.1053653433918953 97 0 18
0.24815702438354492 -0.04124663397669792 0.11204852908849716 81 14 26
0.25771287083625793 -0.0675814151763916 0.10772716999053955 143 100 110
0.23563000559806824 -0.02269831672310829 0.11956295371055603 157 120 128
0.23375318944454193 -0.013661801815032959 0.10918997973203659 129 88 94
0.2570326030254364 -0.07026093453168869 0.1047254130244255 109 85 89
0.2284967452287674 -0.006170962937176228 0.11433868110179901 152 103 110
0.23291034996509552 -0.019080424681305885 0.11169306933879852 96 6 23
0.22046434879302979 0.010446547530591488 0.11316999047994614 165 112 114
0.2282511293888092 -0.009734684601426125 0.11169847100973129 82 0 14
0.2400970458984375 -0.03808557242155075 0.10863113403320312 139 108 114
0.20601552724838257 0.039454761892557144 0.12039011716842651 173 147 146
0.2024558186531067 0.0420556403696537 0.12379344552755356 87 52 58
0.21756240725517273 0.0029908940196037292 0.11695084720849991 99 5 21
0.24885867536067963 -0.06703465431928635 0.10061956942081451 97 2 24
0.24448545277118683 -0.06114419177174568 0.10413479804992676 64 37 42
0.2361704707145691 -0.04315171763300896 0.1045650988817215 52 0 6
0.2361704707145691 -0.04315171763300896 0.1045650988817215 52 0 6
0.19891110062599182 0.039086539298295975 0.1202976182103157 160 148 150
0.23420783877372742 -0.039224911481142044 0.10374141484498978 80 30 39
0.25356024503707886 -0.08523225784301758 0.09848032891750336 121 90 95
0.24292981624603271 -0.06301132589578629 0.10344857722520828 157 122 129
0.22320879995822906 -0.017044726759195328 0.10680683702230453 148 113 117
0.22320879995822906 -0.017044726759195328 0.10680683702230453 148 113 117
0.23002959787845612 -0.03421890735626221 0.10539156943559647 92 5 21
0.23002959787845612 -0.03421890735626221 0.10539156943559647 92 5 21
0.2261631190776825 -0.028535543009638786 0.10583527386188507 62 7 21
0.24682673811912537 -0.07787276804447174 0.10252584517002106 80 3 19
0.2430642545223236 -0.07463293522596359 0.10236623138189316 81 33 45
0.2117820680141449 -0.005877336487174034 0.11525758355855942 100 3 12
0.2117820680141449 -0.005877336487174034 0.11525758355855942 100 3 12
0.245117649435997 -0.08082907646894455 0.09928746521472931 93 0 18
0.23630985617637634 -0.061760064214468 0.10084330290555954 172 122 128
0.2427239865064621 -0.07767590135335922 0.09856394678354263 155 107 119
0.2482658326625824 -0.09308764338493347 0.10091359168291092 94 0 23
0.22922590374946594 -0.04770888760685921 0.10046684741973877 96 0 18
0.23889416456222534 -0.07032793760299683 0.0980442464351654 94 1 22
0.21888859570026398 -0.026376770809292793 0.10509511083364487 97 10 27
0.2361215054988861 -0.06488624960184097 0.09794212877750397 142 118 118
0.22069895267486572 -0.03556855767965317 0.10908947139978409 96 0 14
0.21387843787670135 -0.021002983674407005 0.10525751113891602 102 52 57
0.23821313679218292 -0.07739735394716263 0.09770700335502625 123 90 97
0.22919511795043945 -0.05676779896020889 0.09839043766260147 180 125 136
0.21647097170352936 -0.028629539534449577 0.10221841931343079 89 6 22
0.21647097170352936 -0.028629539534449577 0.10221841931343079 89 6 22
0.21647097170352936 -0.028629539534449577 0.10221841931343079 89 6 22
0.22841231524944305 -0.06075349077582359 0.10141552984714508 103 1 22
0.22841231524944305 -0.06075349077582359 0.10141552984714508 103 1 22
0.19310568273067474 0.019322369247674942 0.10982444137334824 172 141 143
0.21957574784755707 -0.03890535607933998 0.09909086674451828 100 0 17
0.23783831298351288 -0.08455529063940048 0.09951799362897873 96 9 25
0.2091490775346756 -0.03215864673256874 0.11248530447483063 139 116 114
0.2091490775346756 -0.03215864673256874 0.11248530447483063 139 116 114
0.22895778715610504 -0.07009506225585938 0.09718862920999527 169 126 135
0.20801416039466858 -0.025650449097156525 0.09967311471700668 182 119 124
0.22567372024059296 -0.0686887726187706 0.09735652804374695 147 95 104
0.1937725692987442 -0.002034183358773589 0.10492075979709625 153 122 123
0.1937725692987442 -0.002034183358773589 0.10492075979709625 153 122 123
0.21732181310653687 -0.06507562100887299 0.10083208978176117 105 0 14
0.1785881668329239 0.01476671639829874 0.10238680988550186 131 98 102
0.21586021780967712 -0.0718848779797554 0.09625105559825897 123 82 90
0.19598163664340973 -0.02588558755815029 0.09902667254209518 169 123 130
0.18465667963027954 -0.005905037745833397 0.10282544046640396 164 136 135
0.18465667963027954 -0.005905037745833397 0.10282544046640396 164 136 135
0.21696490049362183 -0.08437981456518173 0.09668358415365219 94 50 54
0.19409054517745972 -0.03313226252794266 0.0986626148223877 155 78 88
0.20998933911323547 -0.07355405390262604 0.0956379771232605 152 115 122
0.16611270606517792 0.025687256827950478 0.10476002842187881 71 41 49
0.17065253853797913 0.0164671391248703 0.10153509676456451 183 123 133
0.16653767228126526 0.026099171489477158 0.1000526025891304 120 90 98
0.17812050879001617 -0.006128925364464521 0.09917563199996948 165 115 124
0.17812050879001617 -0.006128925364464521 0.09917563199996948 165 115 124
0.18869875371456146 -0.032200541347265244 0.0984809547662735 164 128 132
0.17156676948070526 0.008952704258263111 0.09785851091146469 97 44 54
0.17650343477725983 -0.008363966830074787 0.10211947560310364 136 106 107
0.17650343477725983 -0.008363966830074787 0.10211947560310364 136 106 107
0.21340540051460266 -0.0943007543683052 0.09565480053424835 142 85 94
0.17408818006515503 -0.004963153041899204 0.10129683464765549 74 8 22
0.16156409680843353 0.025845395401120186 0.09821020066738129 106 69 77
0.1683414876461029 0.008653514087200165 0.09882181882858276 178 137 143
0.1683414876461029 0.008653514087200165 0.09882181882858276 178 137 143
0.21268384158611298 -0.09880860149860382 0.09581222385168076 130 108 111
0.21268384158611298 -0.09880860149860382 0.09581222385168076 130 108 111
0.2080194652080536 -0.0941559299826622 0.09779077023267746 102 4 27
0.1570727378129959 0.03373686224222183 0.09362610429525375 179 165 170
0.1826787292957306 -0.033789295703172684 0.0951697826385498 147 132 131
0.1826787292957306 -0.033789295703172684 0.0951697826385498 147 132 131
0.15520547330379486 0.032185688614845276 0.09168506413698196 101 77 85
0.20500634610652924 -0.09430988878011703 0.095427967607975 174 102 114
0.20500634610652924 -0.09430988878011703 0.095427967607975 174 102 114
0.1891360580921173 -0.05661889165639877 0.09621702879667282 141 117 115
0.16306817531585693 0.005937508773058653 0.09595446288585663 178 147 147
0.16306817531585693 0.005937508773058653 0.09595446288585663 178 147 147
0.16021618247032166 0.0140406284481287 0.09463778883218765 105 7 32
0.20207591354846954 -0.09050609916448593 0.0958252102136612 82 57 53
0.1986415982246399 -0.08435314148664474 0.09794014692306519 103 4 25
0.1986415982246399 -0.08435314148664474 0.09794014692306519 103 4 25
0.20253905653953552 -0.09325510263442993 0.0955580472946167 87 17 35
0.18073490262031555 -0.04038358852267265 0.09547021239995956 101 8 26
0.15529462695121765 0.022849399596452713 0.09157424420118332 167 148 155
0.15791502594947815 0.010729455389082432 0.0960579663515091 182 131 138
0.15801803767681122 0.006368189584463835 0.09426989406347275 86 14 28
0.15525519847869873 0.012237021699547768 0.09397086501121521 104 11 34
0.19224752485752106 -0.0804908499121666 0.09685904532670975 170 128 138
0.19224752485752106 -0.0804908499121666 0.09685904532670975 170 128 138
0.1596742570400238 0.002102844649925828 0.0912884771823883 193 135 141
0.17260172963142395 -0.03616170957684517 0.09811829030513763 147 106 112
0.17573074996471405 -0.041365694254636765 0.0934843197464943 104 12 30
0.15705135464668274 0.0022158310748636723 0.09145290404558182 188 144 145
0.15434898436069489 0.007663829252123833 0.09141218662261963 189 138 143
0.17769956588745117 -0.05441674217581749 0.095780149102211 114 2 26
0.19313138723373413 -0.09388387948274612 0.09530875086784363 150 117 122
0.18701153993606567 -0.08179933577775955 0.09775228053331375 72 38 45
0.18701153993606567 -0.08179933577775955 0.09775228053331375 72 38 45
0.19321350753307343 -0.10073303431272507 0.09861797094345093 99 1 24
0.1531018614768982 0.003321623196825385 0.09076376259326935 81 21 29
0.1531018614768982 0.003321623196825385 0.09076376259326935 81 21 29
0.1738409698009491 -0.05357406660914421 0.09739707410335541 171 117 123
0.15035629272460938 0.009544621221721172 0.0906248688697815 103 14 36
0.16903916001319885 -0.044319119304418564 0.09853629767894745 102 6 20
0.1609012484550476 -0.01784515753388405 0.09113649278879166 157 134 134
0.17230930924415588 -0.056688789278268814 0.09845925867557526 107 8 29
0.17003323137760162 -0.0633155107498169 0.09872496128082275 169 123 130
0.18609152734279633 -0.1029910072684288 0.09588233381509781 116 0 29
0.16649951040744781 -0.05863063782453537 0.09557566791772842 112 9 28
0.16649951040744781 -0.05863063782453537 0.09557566791772842 112 9 28
0.15788507461547852 -0.04697885736823082 0.0952974259853363 94 5 24
0.1682971864938736 -0.08268377929925919 0.10515348613262177 108 7 24
0.15102031826972961 -0.05245337262749672 0.11416739225387573 156 118 129
0.16953037679195404 -0.08590052276849747 0.10251219570636749 171 125 129
0.17818047106266022 -0.10569470375776291 0.09889265894889832 99 7 26
0.17818047106266022 -0.10569470375776291 0.09889265894889832 99 7 26
0.171657532453537 -0.10011827945709229 0.10547703504562378 166 137 139
0.171657532453537 -0.10011827945709229 0.10547703504562378 166 137 139
0.1686120331287384 -0.0892912968993187 0.10015726089477539 164 127 134
0.14845621585845947 -0.039715856313705444 0.09873474389314651 111 13 28
0.15321874618530273 -0.051659345626831055 0.09811912477016449 104 13 30
0.1764453500509262 -0.10839257389307022 0.09866157174110413 102 22 36
0.17671678960323334 -0.11318016797304153 0.1001724824309349 152 122 124
0.154057115316391 -0.056598518043756485 0.09799239039421082 185 150 160
0.17419259250164032 -0.10620515793561935 0.09520736336708069 96 14 30
0.16759060323238373 -0.09654194861650467 0.1005295068025589 106 12 28
0.1480722725391388 -0.047352224588394165 0.09250356256961823 125 96 96
0.14445705711841583 -0.043836724013090134 0.09540943801403046 102 25 31
0.14690421521663666 -0.05997403338551521 0.0959315076470375 165 133 138
0.14690421521663666 -0.05997403338551521 0.0959315076470375 165 133 138
0.14777101576328278 -0.07124147564172745 0.1015351265668869 165 142 139
0.16355577111244202 -0.10952203720808029 0.10099146515130997 105 20 35
0.16322727501392365 -0.10529860854148865 0.09744367003440857 98 56 58
0.16541998088359833 -0.11336280405521393 0.09952833503484726 114 15 26
0.1514018326997757 -0.07258181273937225 0.091575987637043 165 142 139
0.14587058126926422 -0.06589987128973007 0.09075906127691269 95 18 31
0.14365516602993011 -0.06205131486058235 0.09052310138940811 86 40 50
0.15555772185325623 -0.1019173339009285 0.10037044435739517 110 14 28
0.15704390406608582 -0.10707118362188339 0.09929244965314865 92 29 34
0.14721104502677917 -0.077619768679142 0.09234435856342316 105 19 36
0.14249664545059204 -0.06793428212404251 0.09257721900939941 174 109 115
0.15270718932151794 -0.11337286978960037 0.09563825279474258 89 15 27
0.15270718932151794 -0.11337286978960037 0.09563825279474258 89 15 27
0.14082254469394684 -0.09668565541505814 0.09695583581924438 111 14 25
0.14326655864715576 -0.10192690789699554 0.09255367517471313 174 127 135
0.2886126935482025 -0.0910869836807251 0.09096688032150269 133 116 119
0.2583550214767456 -0.019591033458709717 0.09004184603691101 95 13 27
0.2607995271682739 -0.027223192155361176 0.08706160634756088 165 117 128
0.2846717834472656 -0.09084246307611465 0.08658446371555328 86 48 58
0.28271472454071045 -0.08962885290384293 0.08598169684410095 156 110 122
0.2836757004261017 -0.09232078492641449 0.08586391061544418 161 124 134
0.2569614052772522 -0.026860833168029785 0.08612943440675735 133 104 109
0.25729262828826904 -0.030619848519563675 0.08664604276418686 160 96 112
0.2828594744205475 -0.09419423341751099 0.08636035025119781 56 18 29
0.24055998027324677 0.009100420400500298 0.08914077281951904 148 77 85
0.26130467653274536 -0.04166374355554581 0.08618474751710892 170 120 131
0.2598460614681244 -0.03861696273088455 0.0859418511390686 151 101 112
0.2598460614681244 -0.03861696273088455 0.0859418511390686 151 101 112
0.24725490808486938 -0.009305882267653942 0.08554185181856155 57 10 20
0.2716878056526184 -0.07013650983572006 0.08411633968353271 73 23 35
0.2598920464515686 -0.04172883927822113 0.0815674215555191 65 15 26
0.2604178190231323 -0.04701913520693779 0.0860758051276207 145 102 111
0.2502615451812744 -0.02274990640580654 0.08492494374513626 92 12 23
0.23863740265369415 0.003787256544455886 0.08736715465784073 131 95 95
0.28027600049972534 -0.09747382253408432 0.07976722717285156 130 72 82
0.22870995104312897 0.027329830452799797 0.08533769100904465 83 13 29
0.24231064319610596 -0.006327837239950895 0.08293769508600235 168 114 119
0.24699871242046356 -0.01829204522073269 0.08265648782253265 62 9 19
0.24699871242046356 -0.01829204522073269 0.08265648782253265 62 9 19
0.27253881096839905 -0.0822317972779274 0.08487068116664886 154 121 128
0.27253881096839905 -0.0822317972779274 0.08487068116664886 154 121 128
0.26956161856651306 -0.07427696883678436 0.0788360983133316 70 19 31
0.25216418504714966 -0.03556778281927109 0.08268191665410995 78 4 19
0.25822746753692627 -0.05278996005654335 0.07890059798955917 181 117 134
0.25881412625312805 -0.05643397942185402 0.0792788714170456 90 0 22
0.25411805510520935 -0.047742217779159546 0.07794328033924103 88 4 27
0.2606997787952423 -0.06828227639198303 0.07697015255689621 86 0 18
0.2606997787952423 -0.06828227639198303 0.07697015255689621 86 0 18
0.26456472277641296 -0.07788863778114319 0.07515620440244675 82 19 36
0.2647356390953064 -0.0810423418879509 0.0767495185136795 146 83 100
0.2225673347711563 0.021659722551703453 0.07967517524957657 149 108 114
0.26171326637268066 -0.0742940753698349 0.07582664489746094 107 72 79
0.24676132202148438 -0.03860147297382355 0.07211620360612869 91 2 20
0.2514708340167999 -0.053636129945516586 0.07580327242612839 126 96 100
0.22223639488220215 0.017537729814648628 0.07771536707878113 168 136 139
0.24036243557929993 -0.027636440470814705 0.07532849907875061 96 1 25
0.22840666770935059 0.00036995855043642223 0.0780952051281929 142 93 99
0.2342032492160797 -0.013913438655436039 0.07436735183000565 143 113 111
0.2342032492160797 -0.013913438655436039 0.07436735183000565 143 113 111
0.24677824974060059 -0.04500482231378555 0.0737045407295227 130 90 99
0.25975266098976135 -0.08149918168783188 0.07251007854938507 85 1 17
0.25975266098976135 -0.08149918168783188 0.07251007854938507 85 1 17
0.22791525721549988 -0.004879753105342388 0.07361621409654617 154 106 112
0.2314467430114746 -0.014414583332836628 0.07511190325021744 165 133 131
0.24577952921390533 -0.051146432757377625 0.07310201227664948 86 9 29
0.2163253128528595 0.019265277311205864 0.07336057722568512 92 8 21
0.2274829000234604 -0.008737905882298946 0.07390988618135452 90 0 10
0.23179641366004944 -0.01999092474579811 0.07426188886165619 86 4 16
0.2506815791130066 -0.0663832575082779 0.07046469300985336 73 35 42
0.2555840313434601 -0.07787618041038513 0.06740470230579376 124 100 104
0.2555840313434601 -0.07787618041038513 0.06740470230579376 124 100 104
0.2638557553291321 -0.10041741281747818 0.06912016123533249 162 140 145
0.2648981511592865 -0.10330930352210999 0.06993228197097778 173 125 139
0.2438460737466812 -0.053343307226896286 0.0747963935136795 157 118 127
0.25879064202308655 -0.08875259011983871 0.06802129745483398 126 89 96
0.25661537051200867 -0.0842343345284462 0.07070385664701462 91 1 17
0.2407814860343933 -0.04561522603034973 0.07139874994754791 70 24 34
0.21850624680519104 0.007258544210344553 0.07755425572395325 99 4 12
0.23971526324748993 -0.042688846588134766 0.06846821308135986 78 3 12
0.23116923868656158 -0.025541206821799278 0.07119587808847427 158 125 126
0.23116923868656158 -0.025541206821799278 0.07119587808847427 158 125 126
0.23768332600593567 -0.041674427688121796 0.06895601749420166 92 0 17
0.23768332600593567 -0.041674427688121796 0.06895601749420166 92 0 17
0.21522384881973267 0.011655565351247787 0.07312270253896713 176 127 132
0.2599227726459503 -0.09697137773036957 0.06520475447177887 76 2 18
0.24045634269714355 -0.050990909337997437 0.06900431960821152 170 112 126
0.23420651257038116 -0.03657326102256775 0.06913245469331741 78 19 30
0.2391543984413147 -0.04933863878250122 0.06785311549901962 125 90 94
0.24090401828289032 -0.05534188821911812 0.07000730186700821 159 123 128
0.24080698192119598 -0.054226674139499664 0.06552036851644516 84 8 26
0.25846731662750244 -0.0991479754447937 0.06624733656644821 186 132 145
0.23216308653354645 -0.038590412586927414 0.06985684484243393 137 115 117
0.23216308653354645 -0.038590412586927414 0.06985684484243393 137 115 117
0.2509496808052063 -0.0846385508775711 0.06791047751903534 92 0 16
0.22759030759334564 -0.027728747576475143 0.06707432866096497 86 6 21
0.22265155613422394 -0.017406433820724487 0.0701613798737526 100 3 12
0.2580642104148865 -0.10371942073106766 0.06590734422206879 72 12 28
0.2580642104148865 -0.10371942073106766 0.06590734422206879 72 12 28
0.25915104150772095 -0.10723517835140228 0.06727138161659241 97 2 28
0.25465768575668335 -0.09652327746152878 0.06505826860666275 91 0 16
0.23020951449871063 -0.0382574237883091 0.06774086505174637 65 39 40
0.24496565759181976 -0.07467374205589294 0.06740205734968185 89 0 20
0.23643077909946442 -0.05388212949037552 0.06698781251907349 86 1 20
0.24272893369197845 -0.06981054693460464 0.06532080471515656 124 92 95
0.24510978162288666 -0.07747545093297958 0.06303626298904419 85 0 14
0.23254647850990295 -0.04905349388718605 0.06679559499025345 107 60 66
0.24491718411445618 -0.08171995729207993 0.06413456052541733 94 64 66
0.23610994219779968 -0.06066150963306427 0.06418886035680771 140 120 122
0.2130836695432663 -0.00801638700067997 0.07043906301259995 141 106 105
0.2130836695432663 -0.00801638700067997 0.07043906301259995 141 106 105
0.22547484934329987 -0.036920975893735886 0.06433551758527756 93 1 21
0.22547484934329987 -0.036920975893735886 0.06433551758527756 93 1 21
0.22547484934329987 -0.036920975893735886 0.06433551758527756 93 1 21
0.2364862859249115 -0.06663976609706879 0.0638221874833107 92 0 17
0.2364862859249115 -0.06663976609706879 0.0638221874833107 92 0 17
0.22758090496063232 -0.045762550085783005 0.06473203748464584 99 0 20
0.25326740741729736 -0.10946150869131088 0.0657958909869194 72 8 25
0.24511632323265076 -0.08871540427207947 0.06301303207874298 95 0 17
0.2425249069929123 -0.08464936167001724 0.06310024112462997 166 124 132
0.25104594230651855 -0.10602597147226334 0.06040869280695915 136 117 121
0.22421756386756897 -0.042223528027534485 0.0641748234629631 136 94 104
0.22907927632331848 -0.05525651574134827 0.06701337546110153 96 0 18
0.2020101696252823 0.008620142005383968 0.06624099612236023 184 134 143
0.2020101696252823 0.008620142005383968 0.06624099612236023 184 134 143
0.23641963303089142 -0.074915312230587 0.062467481940984726 158 119 124
0.23641963303089142 -0.074915312230587 0.062467481940984726 158 119 124
0.24918939173221588 -0.10641681402921677 0.062125854194164276 40 25 28
0.24918939173221588 -0.10641681402921677 0.062125854194164276 40 25 28
0.20320914685726166 0.004234465770423412 0.06690802425146103 73 1 15
0.22738370299339294 -0.053740937262773514 0.06324289739131927 194 127 136
0.2228272259235382 -0.04365037754178047 0.05691728740930557 102 60 70
0.2444562017917633 -0.10037792474031448 0.06178474798798561 97 0 17
0.23391437530517578 -0.07400980591773987 0.06024036929011345 80 41 46
0.23416674137115479 -0.07754051685333252 0.060772854834795 90 5 18
0.2060631662607193 -0.013787365518510342 0.06081388518214226 153 117 121
0.2060631662607193 -0.013787365518510342 0.06081388518214226 153 117 121
0.20584431290626526 -0.016808461397886276 0.062216617166996 92 23 36
0.21877603232860565 -0.04855387657880783 0.057338640093803406 72 0 11
0.2250317633152008 -0.06569243967533112 0.05837623402476311 99 0 11
0.2037850022315979 -0.016788048669695854 0.06060805171728134 183 133 137
0.2366614043712616 -0.09772252291440964 0.05732916668057442 73 16 28
0.2366614043712616 -0.09772252291440964 0.05732916668057442 73 16 28
0.2349856197834015 -0.0995224192738533 0.060286447405815125 180 118 131
0.2331620305776596 -0.09683624655008316 0.057908739894628525 154 109 114
0.19124329090118408 0.002605410758405924 0.061098288744688034 102 81 80
0.19808156788349152 -0.018652744591236115 0.06332293152809143 78 5 12
0.22310355305671692 -0.07897687703371048 0.059554848819971085 163 115 125
0.19787538051605225 -0.017483659088611603 0.05824653431773186 168 127 133
0.19787538051605225 -0.017483659088611603 0.05824653431773186 168 127 133
0.18719905614852905 0.0026834539603441954 0.06025520712137222 66 17 26
0.2086527794599533 -0.04865984246134758 0.057119883596897125 168 132 139
0.2086527794599533 -0.04865984246134758 0.057119883596897125 168 132 139
0.2333618700504303 -0.10886456072330475 0.056356627494096756 182 140 142
0.20571649074554443 -0.04438919574022293 0.05882488936185837 92 8 24
0.22004258632659912 -0.0789010226726532 0.05576859042048454 153 121 124
0.2331259399652481 -0.1118558943271637 0.05643046274781227 75 20 36
0.22917421162128448 -0.10584867000579834 0.05690272897481918 105 0 24
0.23229312896728516 -0.11611928790807724 0.054643262177705765 187 131 137
0.1913580745458603 -0.017212001606822014 0.056529514491558075 173 125 126
0.23134149610996246 -0.1134948879480362 0.053189992904663086 188 157 162
0.2013925164937973 -0.041454464197158813 0.054897017776966095 177 120 129
0.18408633768558502 -0.002127119805663824 0.058955319225788116 67 27 35
0.18408633768558502 -0.002127119805663824 0.058955319225788116 67 27 35
0.22988742589950562 -0.11374387890100479 0.055314745754003525 177 146 151
0.22333216667175293 -0.09812913835048676 0.05531520023941994 124 74 84
0.22333216667175293 -0.09812913835048676 0.05531520023941994 124 74 84
0.19204537570476532 -0.021096602082252502 0.052364811301231384 89 54 61
0.20190826058387756 -0.04945547878742218 0.05393176153302193 145 106 111
0.18202388286590576 -0.0031720150727778673 0.05694619566202164 168 141 146
0.22312381863594055 -0.10237167775630951 0.053403034806251526 126 100 104
0.22312381863594055 -0.10237167775630951 0.053403034806251526 126 100 104
0.22559605538845062 -0.10910049080848694 0.05446738004684448 182 121 129
0.17867225408554077 0.0027154695708304644 0.05909745395183563 190 128 139
0.22390472888946533 -0.10686477273702621 0.05449475720524788 91 10 29
0.20416462421417236 -0.06041489541530609 0.054569777101278305 134 92 101
0.21239782869815826 -0.08238101750612259 0.05501504987478256 176 140 142
0.21588467061519623 -0.09324739873409271 0.05525703728199005 163 128 134
0.1943780928850174 -0.04189114645123482 0.056757185608148575 152 114 119
0.1943780928850174 -0.04189114645123482 0.056757185608148575 152 114 119
0.17534199357032776 0.0011891921749338508 0.0579339899122715 189 136 144
0.18643249571323395 -0.026394246146082878 0.05656646564602852 102 1 15
0.21509477496147156 -0.09569932520389557 0.05464186891913414 195 149 162
0.18497535586357117 -0.022691011428833008 0.0544620156288147 62 11 20
0.20102153718471527 -0.06335169821977615 0.05529503524303436 149 109 117
0.17659370601177216 -0.00525495084002614 0.05609465017914772 182 141 149
0.17659370601177216 -0.00525495084002614 0.05609465017914772 182 141 149
0.21317386627197266 -0.09466761350631714 0.05407887324690819 88 10 34
0.21093875169754028 -0.08942501246929169 0.0527178980410099 104 0 19
0.21596094965934753 -0.10987094789743423 0.052336182445287704 79 17 30
0.1901145726442337 -0.04716801643371582 0.052069228142499924 195 133 142
0.20436711609363556 -0.08559154719114304 0.054268721491098404 153 132 129
0.20436711609363556 -0.08559154719114304 0.054268721491098404 153 132 129
0.1873789131641388 -0.04561329632997513 0.052282270044088364 155 124 126
0.18843169510364532 -0.04916848614811897 0.053528767079114914 91 11 26
0.21321357786655426 -0.11105949431657791 0.05381787195801735 156 90 105
0.1911512017250061 -0.0618465431034565 0.053071822971105576 96 1 21
0.19292199611663818 -0.06546977907419205 0.05145963281393051 149 91 98
0.20693624019622803 -0.10156784951686859 0.05258318409323692 179 95 111
0.20543326437473297 -0.09796898066997528 0.051904838532209396 151 109 119
0.20063389837741852 -0.08737648278474808 0.0517234206199646 67 32 33
0.18328849971294403 -0.046932145953178406 0.052199624478816986 75 5 23
0.2065778523683548 -0.10456786304712296 0.05120932310819626 83 0 15
0.20879709720611572 -0.11278502643108368 0.05477233603596687 94 1 22
0.18297134339809418 -0.049985334277153015 0.05021219700574875 192 136 142
0.18683573603630066 -0.06236601248383522 0.05259289965033531 83 24 44
0.18741652369499207 -0.06452740728855133 0.05168963596224785 92 7 26
0.18741652369499207 -0.06452740728855133 0.05168963596224785 92 7 26
0.19775445759296417 -0.09258206188678741 0.05511173605918884 165 79 100
0.18188326060771942 -0.059109799563884735 0.05685780197381973 139 115 121
0.17166602611541748 -0.03074605204164982 0.05070212110877037 183 129 142
0.16938263177871704 -0.029122987762093544 0.051049914211034775 98 6 28
0.20371443033218384 -0.11282998323440552 0.05018116533756256 185 124 135
0.1860189437866211 -0.07081963121891022 0.04966699704527855 147 112 118
0.19862006604671478 -0.10623787343502045 0.05362799018621445 103 1 22
0.16829343140125275 -0.032264064997434616 0.0500660240650177 188 117 133
0.18172304332256317 -0.06607365608215332 0.050144802778959274 109 0 26
0.18172304332256317 -0.06607365608215332 0.050144802778959274 109 0 26
0.19030354917049408 -0.08791617304086685 0.05107436329126358 104 65 69
0.19119326770305634 -0.09312661737203598 0.05323958769440651 187 136 143
0.18934473395347595 -0.09116317331790924 0.050335176289081573 83 13 27
0.1626284420490265 -0.03032340109348297 0.05517285689711571 79 39 46
0.1626284420490265 -0.03032340109348297 0.05517285689711571 79 39 46
0.16151422262191772 -0.027570653706789017 0.05072110518813133 102 4 21
0.19314636290073395 -0.1090913861989975 0.05047542601823807 99 7 28
0.19314636290073395 -0.1090913861989975 0.05047542601823807 99 7 28
0.18894192576408386 -0.10445519536733627 0.05101129040122032 157 121 129
0.18894192576408386 -0.10445519536733627 0.05101129040122032 157 121 129
0.1925109624862671 -0.11603319644927979 0.049434974789619446 149 113 123
0.17104797065258026 -0.06457291543483734 0.05046330764889717 154 133 132
0.15944480895996094 -0.03701353073120117 0.04895894601941109 76 6 24
0.17372576892375946 -0.07512421905994415 0.051235686987638474 166 132 139
0.18417932093143463 -0.1010061576962471 0.05004986375570297 113 1 26
0.16435757279396057 -0.05570847913622856 0.04909411072731018 125 87 90
0.17913079261779785 -0.09306547790765762 0.04873576760292053 48 0 2
0.17741815745830536 -0.09508945047855377 0.04906245321035385 184 131 141
0.1515609323978424 -0.033558059483766556 0.04998386278748512 192 136 137
0.1521652638912201 -0.0369514524936676 0.049137264490127563 166 132 136
0.16423261165618896 -0.0676228329539299 0.04959079623222351 172 152 151
0.16423261165618896 -0.0676228329539299 0.04959079623222351 172 152 151
0.16561521589756012 -0.07806260138750076 0.05297430232167244 151 131 130
0.16355444490909576 -0.08345789462327957 0.048973992466926575 103 6 31
0.15768209099769592 -0.08339069038629532 0.04777040332555771 151 120 122
0.14854174852371216 -0.0627727285027504 0.04727320000529289 181 146 146
0.16958582401275635 -0.11602990329265594 0.048682864755392075 108 9 33
0.16241863369941711 -0.10234667360782623 0.048958804458379745 172 136 136
0.165243461728096 -0.11945050209760666 0.05030149593949318 106 14 25
0.1590459644794464 -0.10553749650716782 0.051507484167814255 201 139 147
0.16083019971847534 -0.11740804463624954 0.05017949268221855 140 110 110
0.15594953298568726 -0.10481411218643188 0.04921555891633034 184 119 125
0.15594953298568726 -0.10481411218643188 0.04921555891633034 184 119 125
0.1454375982284546 -0.09144213795661926 0.04871615767478943 72 5 14
0.1361626833677292 -0.0853026881814003 0.05234743282198906 119 15 30
0.1361626833677292 -0.0853026881814003 0.05234743282198906 119 15 30
0.13342046737670898 -0.08669538795948029 0.0488692969083786 115 17 30
0.13546167314052582 -0.09255357831716537 0.04860885441303253 111 69 72
0.12259751558303833 -0.14791344106197357 0.053735192865133286 235 164 168
0.11242689937353134 -0.12391038984060287 0.052204567939043045 200 140 144
0.12318569421768188 -0.15282568335533142 0.0545019656419754 211 136 149
0.10931766033172607 -0.11621445417404175 0.0512637235224247 242 175 178
0.1092369332909584 -0.12087305635213852 0.053336549550294876 118 17 23
0.10280244797468185 -0.1053997352719307 0.0508275032043457 254 188 193
0.11653026938438416 -0.14102283120155334 0.05170506611466408 123 16 34
0.10825686901807785 -0.12843653559684753 0.05284665897488594 89 31 38
0.10458669066429138 -0.11813854426145554 0.0509185791015625 224 147 159
0.09564069658517838 -0.13332068920135498 0.05047681927680969 178 132 142
0.09686309099197388 -0.14359407126903534 0.051920510828495026 171 128 129
0.22391553223133087 -0.12680117785930634 -0.20233866572380066 82 42 42
0.22224977612495422 -0.13094587624073029 -0.20032796263694763 76 2 15
0.22224977612495422 -0.13094587624073029 -0.20032796263694763 76 2 15
0.21624118089675903 -0.11998093128204346 -0.21076229214668274 132 92 93
0.22045139968395233 -0.1291920691728592 -0.2022377848625183 121 85 89
0.2198965847492218 -0.1282273679971695 -0.20329858362674713 144 91 97
0.2189430594444275 -0.12727618217468262 -0.20447193086147308 58 0 4
0.21392002701759338 -0.11695566773414612 -0.21370472013950348 95 74 79
0.22180376946926117 -0.13441206514835358 -0.19853687286376953 76 0 13
0.2195986658334732 -0.13006389141082764 -0.20200417935848236 132 96 100
0.21712163090705872 -0.12489698082208633 -0.20682284235954285 122 80 84
0.21712163090705872 -0.12489698082208633 -0.20682284235954285 122 80 84
0.21434053778648376 -0.11918134987354279 -0.2119179666042328 71 8 16
0.22013014554977417 -0.13167966902256012 -0.20093387365341187 74 0 11
0.22061599791049957 -0.13296066224575043 -0.1997690498828888 51 12 20
0.21891088783740997 -0.12966729700565338 -0.2024993747472763 155 107 113
0.22047020494937897 -0.13510280847549438 -0.198333278298378 69 3 14
0.21270272135734558 -0.11836425215005875 -0.21313467621803284 145 125 127
0.2183087021112442 -0.13112463057041168 -0.20176197588443756 70 17 27
0.2183087021112442 -0.13112463057041168 -0.20176197588443756 70 17 27
0.21124662458896637 -0.11656801402568817 -0.21478548645973206 87 78 81
0.21124662458896637 -0.11656801402568817 -0.21478548645973206 87 78 81
0.21606890857219696 -0.12815000116825104 -0.2045917958021164 81 0 6
0.21989455819129944 -0.13728004693984985 -0.19785529375076294 137 92 99
0.21250775456428528 -0.12106899172067642 -0.21161110699176788 156 130 127
0.21811310946941376 -0.1338900476694107 -0.20054516196250916 54 6 18
0.21350598335266113 -0.12579989433288574 -0.2074221819639206 128 96 97
0.21350598335266113 -0.12579989433288574 -0.2074221819639206 128 96 97
0.21660038828849792 -0.1335763782262802 -0.20095133781433105 177 105 117
0.210943341255188 -0.12217487394809723 -0.2114107757806778 162 110 115
0.2162034958600998 -0.13433514535427094 -0.20037230849266052 122 89 96
0.2162034958600998 -0.13433514535427094 -0.20037230849266052 122 89 96
0.21544542908668518 -0.1330762654542923 -0.20200218260288239 78 0 10
0.21017280220985413 -0.1216135174036026 -0.21200919151306152 170 135 139
0.2094251960515976 -0.12038586288690567 -0.21287614107131958 80 2 24
0.21119849383831024 -0.12675249576568604 -0.20805786550045013 125 83 89
0.21119849383831024 -0.12675249576568604 -0.20805786550045013 125 83 89
0.20704804360866547 -0.11760618537664413 -0.2151867002248764 138 134 133
0.20915283262729645 -0.12261929363012314 -0.21149292588233948 169 113 117
0.20845815539360046 -0.12179756164550781 -0.21243923902511597 60 24 28
0.21402409672737122 -0.13688401877880096 -0.20009805262088776 81 0 8
0.21268001198768616 -0.1339680254459381 -0.20219017565250397 74 0 9
0.21268001198768616 -0.1339680254459381 -0.20219017565250397 74 0 9
0.20710675418376923 -0.12103073298931122 -0.21330243349075317 89 11 30
0.21288786828517914 -0.13615234196186066 -0.20099766552448273 164 115 125
0.21124711632728577 -0.13308179378509521 -0.20355187356472015 45 10 11
0.20831486582756042 -0.1276916265487671 -0.20819202065467834 149 108 116
0.20831486582756042 -0.1276916265487671 -0.20819202065467834 149 108 116
0.21177273988723755 -0.1388915628194809 -0.19979774951934814 160 108 112
0.20354636013507843 -0.12128151208162308 -0.2140759974718094 173 130 140
0.20355527102947235 -0.1221541315317154 -0.21342222392559052 81 4 20
0.2043963074684143 -0.12423582375049591 -0.21224413812160492 57 2 12
0.20376130938529968 -0.1230403482913971 -0.2133827805519104 60 8 15
0.2053668200969696 -0.12751810252666473 -0.20932915806770325 70 4 14
0.20361699163913727 -0.12430796772241592 -0.21218284964561462 186 133 143
0.20361699163913727 -0.12430796772241592 -0.21218284964561462 186 133 143
0.20293518900871277 -0.12303366512060165 -0.21311064064502716 171 115 124
0.20953992009162903 -0.14054611325263977 -0.19974523782730103 118 84 88
0.20408786833286285 -0.129043847322464 -0.20875641703605652 60 19 25
0.2018967568874359 -0.12486300617456436 -0.2122599184513092 156 121 121
0.2006220519542694 -0.12390565127134323 -0.21357248723506927 181 119 130
0.19939959049224854 -0.12207822501659393 -0.2148953527212143 66 39 44
0.2045290619134903 -0.13532991707324982 -0.2045689821243286 151 117 118
0.19976313412189484 -0.1234215795993805 -0.21388764679431915 82 2 20
0.20637641847133636 -0.14113111793994904 -0.20041123032569885 130 81 85
0.2057460993528366 -0.14018632471561432 -0.20114773511886597 88 0 16
0.205067440867424 -0.1386878490447998 -0.20252342522144318 62 6 19
0.19976688921451569 -0.12569783627986908 -0.2124074101448059 163 119 120
0.19912557303905487 -0.12433415651321411 -0.2132885903120041 167 122 127
0.2007727175951004 -0.12919671833515167 -0.20987385511398315 84 0 8
0.2035643309354782 -0.13756172358989716 -0.20356634259223938 79 0 10
0.1987171769142151 -0.12562772631645203 -0.2129887342453003 56 2 8
0.1987171769142151 -0.12562772631645203 -0.2129887342453003 56 2 8
0.20289047062397003 -0.13668577373027802 -0.20461581647396088 147 108 113
0.1980191469192505 -0.12408173829317093 -0.21397829055786133 77 0 16
0.2004033327102661 -0.1305316835641861 -0.20895934104919434 121 97 92
0.2036897838115692 -0.13909612596035004 -0.20307199656963348 65 20 31
0.2012997418642044 -0.13650718331336975 -0.20467902719974518 113 80 83
0.198844775557518 -0.13125598430633545 -0.20954401791095734 75 9 19
0.19628436863422394 -0.12469170242547989 -0.21398264169692993 81 2 21
0.2022249847650528 -0.14164111018180847 -0.20188261568546295 82 0 13
0.2022249847650528 -0.14164111018180847 -0.20188261568546295 82 0 13
0.19609224796295166 -0.12651985883712769 -0.21285822987556458 79 38 40
0.20057761669158936 -0.13875877857208252 -0.20397810637950897 79 0 7
0.20057761669158936 -0.13875877857208252 -0.20397810637950897 79 0 7
0.19729910790920258 -0.131560817360878 -0.20898054540157318 111 74 74
0.19729910790920258 -0.131560817360878 -0.20898054540157318 111 74 74
0.19859972596168518 -0.13999351859092712 -0.20393319427967072 80 4 16
0.19580833613872528 -0.13295799493789673 -0.20890285074710846 176 134 138
0.19773244857788086 -0.1395309865474701 -0.20428740978240967 162 89 100
0.19773244857788086 -0.1395309865474701 -0.20428740978240967 162 89 100
0.19267304241657257 -0.12592104077339172 -0.21396560966968536 83 0 21
0.19225461781024933 -0.12702804803848267 -0.2134454995393753 160 113 113
0.19552205502986908 -0.13977281749248505 -0.20499500632286072 170 109 118
0.1909002959728241 -0.12729007005691528 -0.2143942415714264 82 0 12
0.19612568616867065 -0.14246289432048798 -0.20326755940914154 147 115 120
0.1976904422044754 -0.14700454473495483 -0.2010176032781601 76 0 15
0.19291941821575165 -0.13375023007392883 -0.20926322042942047 151 116 116
0.19477331638336182 -0.13950131833553314 -0.20573565363883972 66 0 4
0.1967286318540573 -0.14593690633773804 -0.2013389617204666 122 102 101
0.19210918247699738 -0.13466601073741913 -0.20844636857509613 69 14 20
0.1974688619375229 -0.14955571293830872 -0.1999387890100479 87 0 6
0.1974688619375229 -0.14955571293830872 -0.1999387890100479 87 0 6
0.19204293191432953 -0.1345234215259552 -0.2093019336462021 165 127 127
0.19716718792915344 -0.153090238571167 -0.19856862723827362 137 94 102
0.18852712213993073 -0.1300532966852188 -0.21295365691184998 85 0 5
0.1899404376745224 -0.13463500142097473 -0.2095433920621872 126 94 99
0.19279257953166962 -0.14590179920196533 -0.202906996011734 87 0 16
0.19210632145404816 -0.14502781629562378 -0.20372894406318665 189 129 139
0.1906442493200302 -0.14148880541324615 -0.20583459734916687 148 117 117
0.1911291927099228 -0.14329376816749573 -0.2047259509563446 88 0 12
0.1911291927099228 -0.14329376816749573 -0.2047259509563446 88 0 12
0.1924239546060562 -0.14731034636497498 -0.2022845447063446 168 117 124
0.1913432478904724 -0.14480721950531006 -0.20442618429660797 81 3 19
0.1874292641878128 -0.13551422953605652 -0.20918667316436768 176 143 142
0.19097155332565308 -0.14637257158756256 -0.20330320298671722 186 125 136
0.19021070003509521 -0.14465296268463135 -0.20432665944099426 186 130 141
0.19160780310630798 -0.14974352717399597 -0.20194843411445618 76 0 13
0.19050799310207367 -0.14744582772254944 -0.2029183954000473 86 1 20
0.18651802837848663 -0.13637416064739227 -0.20968639850616455 67 38 36
0.18651802837848663 -0.13637416064739227 -0.20968639850616455 67 38 36
0.1896887719631195 -0.14550328254699707 -0.2042989432811737 62 6 17
0.1859467774629593 -0.13714750111103058 -0.20952974259853363 169 108 112
0.18847209215164185 -0.14578412473201752 -0.20416824519634247 73 15 27
0.18246683478355408 -0.1281137615442276 -0.21497967839241028 128 97 105
0.1880689263343811 -0.1472599059343338 -0.20398041605949402 80 7 21
0.1880689263343811 -0.1472599059343338 -0.20398041605949402 80 7 21
0.18792487680912018 -0.14827686548233032 -0.20353002846240997 95 0 18
0.18152320384979248 -0.12909989058971405 -0.21501389145851135 74 47 54
0.1875784695148468 -0.14966361224651337 -0.2029634416103363 178 136 142
0.18046094477176666 -0.12946073710918427 -0.21473658084869385 154 153 151
0.1870478391647339 -0.15058158338069916 -0.2027515321969986 66 2 13
0.1870478391647339 -0.15058158338069916 -0.2027515321969986 66 2 13
0.18621976673603058 -0.14943429827690125 -0.2032146155834198 95 1 19
0.1901460587978363 -0.16083326935768127 -0.19866186380386353 180 111 121
0.1904425173997879 -0.16173981130123138 -0.1984410136938095 183 113 123
0.1788073182106018 -0.12937262654304504 -0.21525311470031738 97 56 68
0.18596698343753815 -0.15206895768642426 -0.20272056758403778 193 148 153
0.1784670352935791 -0.13078859448432922 -0.21451455354690552 185 150 150
0.1853840947151184 -0.15181399881839752 -0.20296506583690643 91 52 55
0.1768384873867035 -0.13020162284374237 -0.21464648842811584 207 177 187
0.1760445386171341 -0.13066358864307404 -0.21488353610038757 72 42 52
0.1748027205467224 -0.13184799253940582 -0.2145739495754242 162 160 161
0.18182599544525146 -0.17603038251399994 -0.19863539934158325 188 115 124
0.18013809621334076 -0.1723281443119049 -0.19955283403396606 226 169 178
0.1714489907026291 -0.1478206068277359 -0.20819847285747528 103 7 18
0.17702926695346832 -0.16470561921596527 -0.20157699286937714 95 50 53
0.1804039031267166 -0.17418034374713898 -0.19927269220352173 208 140 155
0.1750922054052353 -0.1598377525806427 -0.20358644425868988 105 4 20
0.1750922054052353 -0.1598377525806427 -0.20358644425868988 105 4 20
0.17912766337394714 -0.1716240644454956 -0.19993865489959717 165 118 126
0.17272940278053284 -0.15364186465740204 -0.20574474334716797 112 0 21
0.1738407015800476 -0.15677882730960846 -0.20486795902252197 100 2 16
0.17807920277118683 -0.16998040676116943 -0.20056530833244324 101 7 25
0.16992713510990143 -0.14612430334091187 -0.20918422937393188 226 176 185
0.16975808143615723 -0.14524486660957336 -0.2097076028585434 212 197 197
0.16975808143615723 -0.14524486660957336 -0.2097076028585434 212 197 197
0.17003901302814484 -0.1466030329465866 -0.20907917618751526 99 17 37
0.17862237989902496 -0.17332176864147186 -0.199772447347641 209 155 168
0.17609086632728577 -0.16657915711402893 -0.20176337659358978 90 0 25
0.17026099562644958 -0.14947934448719025 -0.20789991319179535 220 158 165
0.17228826880455017 -0.1559811234474182 -0.205247700214386 91 31 39
0.17228826880455017 -0.1559811234474182 -0.205247700214386 91 31 39
0.17037558555603027 -0.15044036507606506 -0.20759157836437225 219 127 140
0.17037558555603027 -0.15044036507606506 -0.20759157836437225 219 127 140
0.17902114987373352 -0.1757667362689972 -0.19937707483768463 144 94 106
0.17902114987373352 -0.1757667362689972 -0.19937707483768463 144 94 106
0.178330659866333 -0.17470894753932953 -0.20006367564201355 97 13 36
0.178330659866333 -0.17470894753932953 -0.20006367564201355 97 13 36
0.16916106641292572 -0.14951199293136597 -0.20804227888584137 185 137 141
0.16916106641292572 -0.14951199293136597 -0.20804227888584137 185 137 141
0.1729925572872162 -0.16097743809223175 -0.20390571653842926 110 0 27
0.1729925572872162 -0.16097743809223175 -0.20390571653842926 110 0 27
0.1781749725341797 -0.1755647510290146 -0.19990739226341248 218 155 172
0.17520567774772644 -0.16792809963226318 -0.20172500610351562 76 28 40
0.1745442897081375 -0.16618816554546356 -0.20230761170387268 72 20 33
0.1745442897081375 -0.16618816554546356 -0.20230761170387268 72 20 33
0.1745442897081375 -0.16618816554546356 -0.20230761170387268 72 20 33
0.1784735918045044 -0.1774209886789322 -0.19964279234409332 87 23 39
0.1780633181333542 -0.1765722632408142 -0.19964005053043365 93 20 40
0.1780633181333542 -0.1765722632408142 -0.19964005053043365 93 20 40
0.17651556432247162 -0.1727571040391922 -0.20029127597808838 83 19 35
0.1692236065864563 -0.1515519767999649 -0.20760519802570343 105 7 22
0.1692236065864563 -0.1515519767999649 -0.20760519802570343 105 7 22
0.17319832742214203 -0.16505634784698486 -0.20266181230545044 103 7 21
0.17319832742214203 -0.16505634784698486 -0.20266181230545044 103 7 21
0.17701931297779083 -0.1762862205505371 -0.2000638097524643 207 134 154
0.17116709053516388 -0.15999636054039001 -0.20435155928134918 170 117 127
0.1669718474149704 -0.14714951813220978 -0.2096826136112213 223 190 193
0.17657887935638428 -0.17571623623371124 -0.20051734149456024 103 25 47
0.17183808982372284 -0.16356536746025085 -0.20323285460472107 175 129 134
0.16607773303985596 -0.14684592187404633 -0.2098160684108734 93 19 32
0.16607773303985596 -0.14684592187404633 -0.2098160684108734 93 19 32
0.17303763329982758 -0.16906017065048218 -0.2020435929298401 106 24 43
0.17303763329982758 -0.16906017065048218 -0.2020435929298401 106 24 43
0.168967142701149 -0.15786968171596527 -0.20553341507911682 94 19 31
0.16749732196331024 -0.15439379215240479 -0.20630434155464172 158 108 111
0.16749732196331024 -0.15439379215240479 -0.20630434155464172 158 108 111
0.1664150059223175 -0.15122322738170624 -0.2080187052488327 141 84 91
0.1664150059223175 -0.15122322738170624 -0.2080187052488327 141 84 91
0.16511118412017822 -0.14727026224136353 -0.20984070003032684 232 171 176
0.1679975986480713 -0.1578683704137802 -0.2057666927576065 141 70 78
0.17483147978782654 -0.17771437764167786 -0.2004743367433548 216 143 160
0.1723695546388626 -0.1715637743473053 -0.20212146639823914 173 121 133
0.17385977506637573 -0.17603643238544464 -0.20096850395202637 80 24 39
0.1714603453874588 -0.17025460302829742 -0.2024967223405838 98 14 37
0.16501596570014954 -0.15165242552757263 -0.20813366770744324 107 17 34
0.17396774888038635 -0.17750750482082367 -0.20077437162399292 80 12 30
0.1659015715122223 -0.15551650524139404 -0.20666073262691498 82 14 21
0.16537581384181976 -0.15395167469978333 -0.20740900933742523 119 8 27
0.16730138659477234 -0.160500630736351 -0.20505483448505402 115 7 31
0.16730138659477234 -0.160500630736351 -0.20505483448505402 115 7 31
0.1737109273672104 -0.1785283088684082 -0.20081175863742828 229 160 178
0.17295460402965546 -0.17817260324954987 -0.2010526806116104 88 19 37
0.16669021546840668 -0.16227518022060394 -0.20502562820911407 83 18 32
0.16206791996955872 -0.14899775385856628 -0.20996791124343872 198 144 150
0.16471700370311737 -0.15832827985286713 -0.20576633512973785 108 12 26
0.16225557029247284 -0.14962714910507202 -0.20974527299404144 137 86 90
0.16588596999645233 -0.1610041856765747 -0.20592869818210602 96 17 36
0.16367146372795105 -0.15546563267707825 -0.20771870017051697 109 13 27
0.16887177526950836 -0.1718062460422516 -0.20245614647865295 99 14 34
0.16554731130599976 -0.16351377964019775 -0.204835906624794 162 106 117
0.16774523258209229 -0.17096945643424988 -0.20287548005580902 102 52 58
0.1628829538822174 -0.15677142143249512 -0.2071804404258728 216 141 148
0.16649483144283295 -0.1673855483531952 -0.2041425257921219 171 123 129
0.16649483144283295 -0.1673855483531952 -0.2041425257921219 171 123 129
0.15979935228824615 -0.14669468998908997 -0.2113865613937378 112 10 21
0.1607356071472168 -0.15185968577861786 -0.20868977904319763 96 7 19
0.16018587350845337 -0.150391086935997 -0.20946121215820312 157 117 115
0.17035391926765442 -0.17972184717655182 -0.20167262852191925 112 35 51
0.16974875330924988 -0.17835499346256256 -0.2021247297525406 180 119 135
0.16974875330924988 -0.17835499346256256 -0.2021247297525406 180 119 135
0.16735558211803436 -0.1728440672159195 -0.20274464786052704 97 15 35
0.17060190439224243 -0.18224474787712097 -0.20216065645217896 101 7 23
0.16342823207378387 -0.16349302232265472 -0.20566435158252716 102 13 35
0.16750526428222656 -0.17964191734790802 -0.20235833525657654 186 139 149
0.16750526428222656 -0.17964191734790802 -0.20235833525657654 186 139 149
0.16209787130355835 -0.16527050733566284 -0.20544901490211487 200 127 141
0.16111509501934052 -0.16309532523155212 -0.2057759314775467 171 120 129
0.16334053874015808 -0.17024347186088562 -0.20409727096557617 213 143 154
0.16291667520999908 -0.169193834066391 -0.20446209609508514 159 85 95
0.16497424244880676 -0.17662037909030914 -0.20306652784347534 162 108 121
0.1662929803133011 -0.181004598736763 -0.2025650590658188 98 12 31
0.16503846645355225 -0.18055875599384308 -0.20253552496433258 186 138 142
0.16503846645355225 -0.18055875599384308 -0.20253552496433258 186 138 142
0.16503846645355225 -0.18055875599384308 -0.20253552496433258 186 138 142
0.16140249371528625 -0.1711612492799759 -0.20450539886951447 142 86 95
0.16140249371528625 -0.1711612492799759 -0.20450539886951447 142 86 95
0.16272665560245514 -0.17676502466201782 -0.20375072956085205 98 18 33
0.1291404515504837 -0.14476008713245392 -0.20893645286560059 162 109 115
0.12598426640033722 -0.14391660690307617 -0.2075783908367157 152 90 101
0.2235836237668991 -0.1294148862361908 -0.18525613844394684 131 80 89
0.22469010949134827 -0.13710878789424896 -0.1845119297504425 110 82 81
0.2211058884859085 -0.13171528279781342 -0.1849169135093689 120 70 73
0.22144900262355804 -0.137501522898674 -0.18393518030643463 111 70 74
0.22144900262355804 -0.137501522898674 -0.18393518030643463 111 70 74
0.22172129154205322 -0.1425299048423767 -0.18361777067184448 114 82 83
0.22172129154205322 -0.1425299048423767 -0.18361777067184448 114 82 83
0.21655108034610748 -0.12342801690101624 -0.1854429692029953 106 67 72
0.21655108034610748 -0.12342801690101624 -0.1854429692029953 106 67 72
0.22012700140476227 -0.1401822417974472 -0.18377521634101868 62 0 7
0.22012700140476227 -0.1401822417974472 -0.18377521634101868 62 0 7
0.2142600119113922 -0.12651044130325317 -0.1855781525373459 66 0 8
0.21279369294643402 -0.12187329679727554 -0.18590229749679565 66 0 6
0.21279369294643402 -0.12187329679727554 -0.18590229749679565 66 0 6
0.21809493005275726 -0.14296425879001617 -0.18314798176288605 115 85 83
0.21809493005275726 -0.14296425879001617 -0.18314798176288605 115 85 83
0.2167760580778122 -0.13838405907154083 -0.18435190618038177 108 72 74
0.2167760580778122 -0.13838405907154083 -0.18435190618038177 108 72 74
0.21628080308437347 -0.14080898463726044 -0.18309152126312256 66 0 8
0.2116493135690689 -0.12351242452859879 -0.18512439727783203 127 87 88
0.21114890277385712 -0.12454725056886673 -0.18505814671516418 76 37 38
0.21114890277385712 -0.12454725056886673 -0.18505814671516418 76 37 38
0.2118425965309143 -0.13080504536628723 -0.18483099341392517 50 0 2
0.21395213901996613 -0.14395771920681 -0.18256670236587524 62 18 19
0.2128707319498062 -0.14144612848758698 -0.1827191561460495 68 0 6
0.2128707319498062 -0.14144612848758698 -0.1827191561460495 68 0 6
0.20932245254516602 -0.12970364093780518 -0.1839699000120163 108 73 71
0.2106241136789322 -0.13933376967906952 -0.1826065629720688 111 69 73
0.2106241136789322 -0.13933376967906952 -0.1826065629720688 111 69 73
0.2108927071094513 -0.14452755451202393 -0.18206855654716492 113 74 75
0.2108927071094513 -0.14452755451202393 -0.18206855654716492 113 74 75
0.2036530077457428 -0.12103519588708878 -0.18538914620876312 106 64 65
0.20256900787353516 -0.12378612160682678 -0.18449871242046356 79 0 9
0.20473678410053253 -0.13895311951637268 -0.1820991337299347 116 70 72
0.1998843252658844 -0.12187263369560242 -0.1848665326833725 101 61 61
0.20116007328033447 -0.12918180227279663 -0.18388548493385315 67 0 8
0.20116007328033447 -0.12918180227279663 -0.18388548493385315 67 0 8
0.20600953698158264 -0.14767612516880035 -0.17997042834758759 62 1 8
0.19917000830173492 -0.12455224990844727 -0.18426187336444855 76 0 7
0.19917000830173492 -0.12455224990844727 -0.18426187336444855 76 0 7
0.2039799690246582 -0.14158257842063904 -0.1811920702457428 128 79 82
0.2025236040353775 -0.14098568260669708 -0.18092215061187744 106 77 73
0.1992989331483841 -0.13302703201770782 -0.1832343488931656 117 77 77
0.1968609094619751 -0.1256653368473053 -0.18371327221393585 72 2 10
0.19923582673072815 -0.14080922305583954 -0.181093230843544 131 86 88
0.2003711611032486 -0.14473366737365723 -0.1794576793909073 55 4 6
0.1943894475698471 -0.12559117376804352 -0.18315860629081726 73 0 8
0.2000945508480072 -0.14657701551914215 -0.17973196506500244 82 40 41
0.19887647032737732 -0.14416396617889404 -0.17990347743034363 70 0 4
0.195853129029274 -0.13467395305633545 -0.18216606974601746 73 0 5
0.19226987659931183 -0.12359137833118439 -0.18371203541755676 63 4 8
0.19569486379623413 -0.13750088214874268 -0.18068727850914001 75 0 4
0.19569486379623413 -0.13750088214874268 -0.18068727850914001 75 0 4
0.19778844714164734 -0.14483137428760529 -0.17960208654403687 69 0 4
0.1980641484260559 -0.14682109653949738 -0.17921222746372223 70 0 11
0.18819889426231384 -0.11564916372299194 -0.18575231730937958 72 40 37
0.1923891305923462 -0.13178400695323944 -0.18147332966327667 71 1 9
0.1903705596923828 -0.12722431123256683 -0.18347392976284027 70 0 3
0.18627089262008667 -0.11626311391592026 -0.18576988577842712 123 83 83
0.18627089262008667 -0.11626311391592026 -0.18576988577842712 123 83 83
0.19014696776866913 -0.13170133531093597 -0.1816350668668747 79 0 11
0.19080103933811188 -0.13424232602119446 -0.18107394874095917 127 87 87
0.18744103610515594 -0.1254086196422577 -0.18314838409423828 125 83 84
0.18803255259990692 -0.12773221731185913 -0.18211863934993744 77 2 9
0.18803255259990692 -0.12773221731185913 -0.18211863934993744 77 2 9
0.18555496633052826 -0.1251423954963684 -0.18310262262821198 149 75 83
0.18746472895145416 -0.1331249475479126 -0.18105247616767883 78 5 14
0.18219412863254547 -0.11776985973119736 -0.18527162075042725 108 76 71
0.18219412863254547 -0.11776985973119736 -0.18527162075042725 108 76 71
0.1905992478132248 -0.1502586156129837 -0.1764662116765976 72 2 10
0.18441350758075714 -0.13351573050022125 -0.18098771572113037 72 1 10
0.18789902329444885 -0.149663046002388 -0.1766747236251831 106 47 53
0.18285314738750458 -0.13389639556407928 -0.17998488247394562 86 0 12
0.18336567282676697 -0.13602620363235474 -0.17984308302402496 66 17 21
0.18336567282676697 -0.13602620363235474 -0.17984308302402496 66 17 21
0.18202799558639526 -0.13757674396038055 -0.17940464615821838 137 95 97
0.18131180107593536 -0.1370096206665039 -0.17935755848884583 110 68 70
0.17434026300907135 -0.15880630910396576 -0.17148660123348236 176 118 126
0.16427795588970184 -0.13046693801879883 -0.18102318048477173 186 120 124
0.1683056801557541 -0.1438620388507843 -0.17580252885818481 93 1 14
0.1683056801557541 -0.1438620388507843 -0.17580252885818481 93 1 14
0.17181530594825745 -0.15573623776435852 -0.17205777764320374 93 0 18
0.1656084656715393 -0.1366610825061798 -0.17872679233551025 94 3 16
0.1620265394449234 -0.12666021287441254 -0.18307435512542725 203 168 174
0.1620265394449234 -0.12666021287441254 -0.18307435512542725 203 168 174
0.16822683811187744 -0.14660336077213287 -0.17496247589588165 166 110 119
0.1707666963338852 -0.15460693836212158 -0.17255456745624542 147 100 103
0.16172228753566742 -0.1266666054725647 -0.18341182172298431 198 163 169
0.17138761281967163 -0.15715950727462769 -0.17134419083595276 163 99 108
0.16792181134223938 -0.14773249626159668 -0.17494003474712372 73 12 18
0.16645672917366028 -0.14335346221923828 -0.17567728459835052 182 129 137
0.16645672917366028 -0.14335346221923828 -0.17567728459835052 182 129 137
0.16495898365974426 -0.13904954493045807 -0.17738795280456543 105 66 66
0.16495898365974426 -0.13904954493045807 -0.17738795280456543 105 66 66
0.16064755618572235 -0.12594640254974365 -0.18296489119529724 55 19 26
0.16512595117092133 -0.14088813960552216 -0.17689570784568787 85 8 24
0.16209299862384796 -0.13192985951900482 -0.18056757748126984 82 25 32
0.1630915105342865 -0.13554875552654266 -0.17901919782161713 79 11 22
0.16570709645748138 -0.14474140107631683 -0.17549031972885132 97 0 17
0.17144779860973358 -0.1629716455936432 -0.16959477961063385 89 12 28
0.17144779860973358 -0.1629716455936432 -0.16959477961063385 89 12 28
0.1612270325422287 -0.13149484992027283 -0.18091951310634613 164 107 114
0.16123315691947937 -0.1335725486278534 -0.1798778772354126 106 2 21
0.16587349772453308 -0.1494470238685608 -0.17375397682189941 96 1 19
0.16587349772453308 -0.1494470238685608 -0.17375397682189941 96 1 19
0.16946719586849213 -0.16145744919776917 -0.16962085664272308 98 24 41
0.16221851110458374 -0.14005117118358612 -0.1770504117012024 133 86 94
0.15857850015163422 -0.128500297665596 -0.18263855576515198 199 170 169
0.1702384352684021 -0.16512148082256317 -0.16860049962997437 144 83 94
0.16834664344787598 -0.16016727685928345 -0.17010097205638885 175 121 134
0.170548677444458 -0.16754527390003204 -0.1667676866054535 92 9 15
0.16535477340221405 -0.1537264734506607 -0.17183387279510498 96 29 44
0.15726743638515472 -0.1295294612646103 -0.18264436721801758 208 175 176
0.1577802300453186 -0.13312773406505585 -0.1802765130996704 155 99 108
0.16250723600387573 -0.1479211151599884 -0.17356984317302704 80 6 21
0.16250723600387573 -0.1479211151599884 -0.17356984317302704 80 6 21
0.1564643681049347 -0.12907657027244568 -0.1832932084798813 209 172 173
0.1671013981103897 -0.16341306269168854 -0.16856932640075684 171 110 118
0.1646110564470291 -0.1557726263999939 -0.17160695791244507 201 138 151
0.1620398461818695 -0.1491435021162033 -0.17319341003894806 169 118 125
0.1654379516839981 -0.15998588502407074 -0.16956394910812378 76 24 36
0.1555006057024002 -0.12904852628707886 -0.18266750872135162 63 19 20
0.16681595146656036 -0.16489632427692413 -0.16754044592380524 79 12 29
0.15593406558036804 -0.1309402883052826 -0.18257886171340942 85 21 37
0.16330306231975555 -0.15467211604118347 -0.17160633206367493 95 14 36
0.15492133796215057 -0.13023285567760468 -0.18285949528217316 184 149 155
0.15492133796215057 -0.13023285567760468 -0.18285949528217316 184 149 155
0.16247762739658356 -0.15409043431282043 -0.17193472385406494 135 81 94
0.161180779337883 -0.1500861793756485 -0.17382223904132843 162 101 112
0.1563822329044342 -0.1361202597618103 -0.17901882529258728 106 4 25
0.15601159632205963 -0.13477379083633423 -0.1802808791399002 192 114 128
0.1603926122188568 -0.14922168850898743 -0.17303568124771118 168 117 123
0.15898466110229492 -0.1450989842414856 -0.1747986376285553 155 109 119
0.15754291415214539 -0.14201143383979797 -0.17611443996429443 156 101 107
0.15978215634822845 -0.1492750644683838 -0.1728755682706833 165 114 119
0.15978215634822845 -0.1492750644683838 -0.1728755682706833 165 114 119
0.16345378756523132 -0.16110913455486298 -0.16841235756874084 143 102 108
0.16471505165100098 -0.16541823744773865 -0.1671338975429535 182 132 143
0.1643606424331665 -0.16650618612766266 -0.16705138981342316 81 31 42
0.16226762533187866 -0.16097745299339294 -0.16772311925888062 83 24 34
0.15301451086997986 -0.13328677415847778 -0.18150171637535095 105 4 18
0.15421468019485474 -0.13752394914627075 -0.17888246476650238 103 8 26
0.15402257442474365 -0.13942916691303253 -0.17769290506839752 161 104 111
0.15402257442474365 -0.13942916691303253 -0.17769290506839752 161 104 111
0.15549704432487488 -0.14484326541423798 -0.17476607859134674 92 24 39
0.1619667112827301 -0.1657138168811798 -0.16650761663913727 86 30 39
0.15359050035476685 -0.14027102291584015 -0.17714516818523407 192 131 139
0.16018079221248627 -0.1628793179988861 -0.16771109402179718 167 113 126
0.16018079221248627 -0.1628793179988861 -0.16771109402179718 167 113 126
0.15757273137569427 -0.1566084623336792 -0.169656902551651 82 8 23
0.15697166323661804 -0.1560080498456955 -0.17060600221157074 86 15 31
0.1565636247396469 -0.15525060892105103 -0.17088331282138824 82 14 25
0.1558917909860611 -0.1538333147764206 -0.17105044424533844 103 9 25
0.15342359244823456 -0.1461525559425354 -0.17470237612724304 85 1 16
0.15873584151268005 -0.16418704390525818 -0.16684886813163757 189 135 148
0.15873584151268005 -0.16418704390525818 -0.16684886813163757 189 135 148
0.15442636609077454 -0.1519806981086731 -0.17175620794296265 149 102 112
0.15686091780662537 -0.16369520127773285 -0.16616292297840118 157 112 119
0.15686091780662537 -0.16369520127773285 -0.16616292297840118 157 112 119
0.15533176064491272 -0.15890240669250488 -0.16804945468902588 83 12 30
0.15573841333389282 -0.1601075381040573 -0.1685100942850113 68 1 13
0.15325099229812622 -0.152632474899292 -0.17142519354820251 77 9 22
0.1569949984550476 -0.16478385031223297 -0.1662667840719223 78 26 36
0.1569949984550476 -0.16478385031223297 -0.1662667840719223 78 26 36
0.15049059689044952 -0.14563654363155365 -0.17489588260650635 138 91 99
0.1545546054840088 -0.15921884775161743 -0.1685972958803177 179 110 127
0.15223102271556854 -0.15231430530548096 -0.17179834842681885 159 91 102
0.15351833403110504 -0.15672212839126587 -0.16919094324111938 149 108 116
0.15536624193191528 -0.1630556583404541 -0.16639403998851776 194 110 125
0.1545553058385849 -0.16131620109081268 -0.16756600141525269 94 20 33
0.15654872357845306 -0.16811774671077728 -0.1644943505525589 92 7 23
0.15401142835617065 -0.1602780520915985 -0.16780541837215424 146 102 104
0.15170978009700775 -0.1530873328447342 -0.17085005342960358 86 18 29
0.15514229238033295 -0.164968341588974 -0.16560424864292145 94 10 29
0.15305867791175842 -0.1586766093969345 -0.16820280253887177 92 10 29
0.1540791392326355 -0.16383610665798187 -0.16635377705097198 189 125 139
0.15492761135101318 -0.1679963618516922 -0.16367849707603455 70 7 16
0.15126252174377441 -0.15783050656318665 -0.16862046718597412 162 119 128
0.15298768877983093 -0.16423115134239197 -0.16555781662464142 176 129 137
0.1475476175546646 -0.14712877571582794 -0.17457827925682068 117 67 76
0.1500929296016693 -0.1559191793203354 -0.1693296581506729 105 7 22
0.1500929296016693 -0.1559191793203354 -0.1693296581506729 105 7 22
0.1517595797777176 -0.16134651005268097 -0.16704146564006805 179 111 124
0.14796799421310425 -0.14885102212429047 -0.17355172336101532 100 16 32
0.15103445947170258 -0.16008946299552917 -0.16801682114601135 97 17 35
0.1516415923833847 -0.16534020006656647 -0.16444949805736542 200 137 148
0.1511022448539734 -0.1655569076538086 -0.16463153064250946 102 42 52
0.1507294476032257 -0.16614562273025513 -0.16407248377799988 170 109 124
0.14620772004127502 -0.15260890126228333 -0.17133328318595886 102 31 43
0.14448393881320953 -0.15452727675437927 -0.17038045823574066 104 12 27
0.14651699364185333 -0.16575691103935242 -0.16405269503593445 101 21 34
0.19597996771335602 -0.1172303557395935 -0.2104652374982834 111 70 74
0.19536399841308594 -0.11517586559057236 -0.21089109778404236 67 7 16
0.1963057518005371 -0.12389523535966873 -0.2099856287240982 112 71 75
0.1938609629869461 -0.11807237565517426 -0.20979419350624084 142 97 99
0.1930372714996338 -0.11508012562990189 -0.21007630228996277 64 11 17
0.19314134120941162 -0.1157333254814148 -0.20980244874954224 41 0 0
0.1961635798215866 -0.13351938128471375 -0.20900844037532806 114 86 83
0.19192145764827728 -0.11808736622333527 -0.20880168676376343 156 111 112
0.19283722341060638 -0.12508009374141693 -0.20833007991313934 117 81 83
0.19283722341060638 -0.12508009374141693 -0.20833007991313934 117 81 83
0.1900796890258789 -0.11533664911985397 -0.2088419646024704 62 3 9
0.19156454503536224 -0.12439896911382675 -0.20814631879329681 119 67 69
0.19156454503536224 -0.12439896911382675 -0.20814631879329681 119 67 69
0.1932711899280548 -0.13356739282608032 -0.20727767050266266 102 60 61
0.18876659870147705 -0.11748264729976654 -0.20766879618167877 137 91 93
0.18876659870147705 -0.11748264729976654 -0.20766879618167877 137 91 93
0.1880308836698532 -0.11772351711988449 -0.20751552283763885 59 13 15
0.1880308836698532 -0.11772351711988449 -0.20751552283763885 59 13 15
0.19198784232139587 -0.13717539608478546 -0.20612818002700806 130 67 75
0.1891930252313614 -0.12540137767791748 -0.2068108171224594 91 46 49
0.19073264300823212 -0.13666360080242157 -0.2058722972869873 68 1 10
0.1862400323152542 -0.11577119678258896 -0.20722869038581848 60 1 8
0.18886418640613556 -0.13409538567066193 -0.2053501009941101 57 17 18
0.18931959569454193 -0.13752105832099915 -0.205001100897789 126 84 85
0.184825599193573 -0.11891110241413116 -0.2064170092344284 138 96 95
0.1886829435825348 -0.13637937605381012 -0.20486989617347717 76 0 10
0.18703299760818481 -0.13419575989246368 -0.2046259343624115 60 0 5
0.18607738614082336 -0.13401807844638824 -0.2041139155626297 127 64 72
0.18607738614082336 -0.13401807844638824 -0.2041139155626297 127 64 72
0.1864524781703949 -0.13948915898799896 -0.2030656933784485 122 80 84
0.1857970952987671 -0.13650161027908325 -0.2026534080505371 70 0 7
0.18315349519252777 -0.13490979373455048 -0.20243136584758759 118 80 79
0.18010151386260986 -0.1247318908572197 -0.20346535742282867 70 0 1
0.1806466430425644 -0.12632405757904053 -0.20261022448539734 74 28 28
0.18222561478614807 -0.13575367629528046 -0.2022261768579483 128 90 89
0.17678233981132507 -0.11479916423559189 -0.2032833844423294 130 117 108
0.18072932958602905 -0.14158213138580322 -0.19913645088672638 76 0 11
0.17370159924030304 -0.11558552831411362 -0.20174400508403778 75 46 44
0.17901669442653656 -0.14253894984722137 -0.19840779900550842 77 0 12
0.17901669442653656 -0.14253894984722137 -0.19840779900550842 77 0 12
0.17121034860610962 -0.11525635421276093 -0.20088370144367218 44 0 1
0.1779712289571762 -0.14463897049427032 -0.1973799169063568 82 43 44
0.16972464323043823 -0.11628542095422745 -0.19975748658180237 53 18 22
0.16728487610816956 -0.11299732327461243 -0.2002200037240982 137 128 121
0.16822926700115204 -0.11612381786108017 -0.19910940527915955 78 40 45
0.1645476073026657 -0.1393856406211853 -0.19086231291294098 154 102 106
0.16675680875778198 -0.14905452728271484 -0.18926675617694855 81 0 10
0.16675680875778198 -0.14905452728271484 -0.18926675617694855 81 0 10
0.1670946478843689 -0.15242570638656616 -0.18841353058815002 150 89 97
0.16125133633613586 -0.1311543881893158 -0.19205498695373535 159 144 143
0.16125133633613586 -0.1311543881893158 -0.19205498695373535 159 144 143
0.16650263965129852 -0.15227419137954712 -0.18768037855625153 77 26 33
0.16650263965129852 -0.15227419137954712 -0.18768037855625153 77 26 33
0.16514427959918976 -0.1482512503862381 -0.18864400684833527 157 105 110
0.16514427959918976 -0.1482512503862381 -0.18864400684833527 157 105 110
0.16379204392433167 -0.14402218163013458 -0.1895723193883896 83 32 37
0.1666455715894699 -0.15504813194274902 -0.18742641806602478 143 91 95
0.16397635638713837 -0.1456461399793625 -0.1889595091342926 76 0 13
0.16217678785324097 -0.14008446037769318 -0.18950596451759338 71 8 16
0.16450901329517365 -0.14931070804595947 -0.18768319487571716 91 0 13
0.16496337950229645 -0.1514895111322403 -0.18708288669586182 150 104 107
0.16496337950229645 -0.1514895111322403 -0.18708288669586182 150 104 107
0.16055025160312653 -0.13550236821174622 -0.18967142701148987 152 102 105
0.160512775182724 -0.13776837289333344 -0.18934057652950287 82 3 16
0.1588524580001831 -0.131661057472229 -0.1897878646850586 76 41 48
0.1645708680152893 -0.15402814745903015 -0.1870798021554947 85 2 12
0.1645708680152893 -0.15402814745903015 -0.1870798021554947 85 2 12
0.15799212455749512 -0.13108570873737335 -0.1899634152650833 181 129 132
0.15812239050865173 -0.13201065361499786 -0.1898920238018036 170 135 142
0.16296599805355072 -0.1499003767967224 -0.1870332509279251 83 7 17
0.16135819256305695 -0.14436127245426178 -0.18784213066101074 97 55 57
0.15771670639514923 -0.13456565141677856 -0.18967536091804504 85 2 12
0.15690144896507263 -0.13252049684524536 -0.18888498842716217 182 141 147
0.1604418009519577 -0.14620904624462128 -0.1866525411605835 83 5 18
0.1604418009519577 -0.14620904624462128 -0.1866525411605835 83 5 18
0.1604418009519577 -0.14620904624462128 -0.1866525411605835 83 5 18
0.16002553701400757 -0.14459490776062012 -0.1868448704481125 85 7 20
0.15611936151981354 -0.13200566172599792 -0.1891484260559082 162 140 137
0.15731681883335114 -0.136655792593956 -0.18806372582912445 138 89 92
0.1645648032426834 -0.1633276790380478 -0.18346451222896576 166 110 116
0.16350045800209045 -0.15952333807945251 -0.18360553681850433 172 115 122
0.15879185497760773 -0.14482122659683228 -0.1863541603088379 158 105 111
0.1547161340713501 -0.1323687583208084 -0.1885034590959549 171 125 130
0.1546621471643448 -0.1328228861093521 -0.18812154233455658 136 108 107
0.1546621471643448 -0.1328228861093521 -0.18812154233455658 136 108 107
0.16430547833442688 -0.16775140166282654 -0.18155506253242493 170 112 124
0.15667779743671417 -0.14093732833862305 -0.18651771545410156 85 7 20
0.15494488179683685 -0.1353307068347931 -0.18789058923721313 91 1 13
0.1622759848833084 -0.16132354736328125 -0.18249690532684326 81 24 31
0.1570914089679718 -0.1432676613330841 -0.1857946217060089 86 2 17
0.1559634655714035 -0.1395173966884613 -0.18687143921852112 89 1 15
0.1580134481191635 -0.14692093431949615 -0.18489637970924377 96 12 27
0.1580134481191635 -0.14692093431949615 -0.18489637970924377 96 12 27
0.15963517129421234 -0.152990460395813 -0.1839086413383484 155 102 110
0.15963517129421234 -0.152990460395813 -0.1839086413383484 155 102 110
0.1583765596151352 -0.1487404853105545 -0.18464922904968262 162 123 124
0.1570592224597931 -0.14550338685512543 -0.18512652814388275 154 103 110
0.1547802835702896 -0.13747766613960266 -0.18683917820453644 141 98 99
0.1547802835702896 -0.13747766613960266 -0.18683917820453644 141 98 99
0.15908657014369965 -0.15291951596736908 -0.18339766561985016 156 116 117
0.15908657014369965 -0.15291951596736908 -0.18339766561985016 156 116 117
0.15297584235668182 -0.13202837109565735 -0.18841125071048737 95 5 14
0.15293823182582855 -0.13269789516925812 -0.1880180835723877 160 103 109
0.1554783135652542 -0.1415092796087265 -0.18581421673297882 158 101 107
0.1554783135652542 -0.1415092796087265 -0.18581421673297882 158 101 107
0.1566321700811386 -0.14649266004562378 -0.18479888141155243 166 109 116
0.16317078471183777 -0.16984282433986664 -0.1801174432039261 69 19 31
0.15395653247833252 -0.14030596613883972 -0.18538853526115417 86 3 23
0.15505202114582062 -0.14424988627433777 -0.1848772168159485 91 5 18
0.1592859923839569 -0.15933245420455933 -0.18189436197280884 83 13 24
0.15300670266151428 -0.1383676826953888 -0.18585674464702606 127 95 93
0.15300670266151428 -0.1383676826953888 -0.18585674464702606 127 95 93
0.161747008562088 -0.16941450536251068 -0.17965705692768097 74 18 31
0.15604649484157562 -0.14952291548252106 -0.18327656388282776 130 93 97
0.15377146005630493 -0.14227692782878876 -0.18469175696372986 152 98 103
0.15377146005630493 -0.14227692782878876 -0.18469175696372986 152 98 103
0.1615055799484253 -0.16998040676116943 -0.1792740523815155 154 98 105
0.15510697662830353 -0.14811380207538605 -0.18365274369716644 93 15 31
0.1555505394935608 -0.15176264941692352 -0.18203909695148468 92 10 22
0.15938866138458252 -0.1660195142030716 -0.1792445182800293 129 83 89
0.15938866138458252 -0.1660195142030716 -0.1792445182800293 129 83 89
0.1537211686372757 -0.14665597677230835 -0.18296021223068237 103 75 72
0.14650939404964447 -0.1242794618010521 -0.19106340408325195 150 150 148
0.15759976208209991 -0.16297712922096252 -0.17940354347229004 84 35 39
0.1554674506187439 -0.15685047209262848 -0.18066267669200897 91 10 19
0.15319478511810303 -0.14882375299930573 -0.18222689628601074 87 17 28
0.15643246471881866 -0.16206900775432587 -0.1790829300880432 119 73 76
0.15143024921417236 -0.1474730670452118 -0.18203584849834442 80 34 37
0.1570969820022583 -0.16751638054847717 -0.17766150832176208 178 127 133
0.15639178454875946 -0.16522946953773499 -0.17834487557411194 157 94 102
0.15639178454875946 -0.16522946953773499 -0.17834487557411194 157 94 102
0.15579482913017273 -0.16416625678539276 -0.1778523027896881 92 9 19
0.14915716648101807 -0.14186231791973114 -0.1832846850156784 100 5 21
0.14915716648101807 -0.14186231791973114 -0.1832846850156784 100 5 21
0.15490956604480743 -0.16182836890220642 -0.17835299670696259 82 6 19
0.15630102157592773 -0.16655878722667694 -0.17691148817539215 120 79 83
0.15448983013629913 -0.16103294491767883 -0.17833857238292694 92 9 25
0.15134115517139435 -0.151058629155159 -0.18046383559703827 161 107 114
0.15038757026195526 -0.1479787528514862 -0.18132656812667847 143 97 100
0.1523566097021103 -0.1556939333677292 -0.17917466163635254 151 98 106
0.1486947238445282 -0.14421908557415009 -0.18186934292316437 156 107 110
0.1536722034215927 -0.1629377156496048 -0.17730380594730377 136 87 93
0.1485540121793747 -0.14647610485553741 -0.18108919262886047 95 4 22
0.15472227334976196 -0.16759251058101654 -0.17606045305728912 89 11 27
0.15277600288391113 -0.16134250164031982 -0.17752623558044434 85 19 29
0.14769312739372253 -0.14465223252773285 -0.18157215416431427 87 16 24
0.14769312739372253 -0.14465223252773285 -0.18157215416431427 87 16 24
0.155267596244812 -0.17209315299987793 -0.17444568872451782 114 74 75
0.15512439608573914 -0.17255619168281555 -0.17448696494102478 179 130 134
0.1472514420747757 -0.14565885066986084 -0.18143348395824432 172 102 113
0.15446704626083374 -0.17070305347442627 -0.17493799328804016 70 4 16
0.15446704626083374 -0.17070305347442627 -0.17493799328804016 70 4 16
0.15332894027233124 -0.16735558211803436 -0.17561204731464386 150 122 121
0.15332894027233124 -0.16735558211803436 -0.17561204731464386 150 122 121
0.15004201233386993 -0.1566515415906906 -0.1780826300382614 144 98 101
0.15268322825431824 -0.16675449907779694 -0.17531409859657288 157 108 114
0.15268322825431824 -0.16675449907779694 -0.17531409859657288 157 108 114
0.14795900881290436 -0.1509075164794922 -0.17965084314346313 93 17 30
0.1499548703432083 -0.1582803726196289 -0.1768358051776886 97 5 23
0.1499548703432083 -0.1582803726196289 -0.1768358051776886 97 5 23
0.15152637660503387 -0.1638508141040802 -0.17605216801166534 145 96 100
0.1508958488702774 -0.16214480996131897 -0.1753888726234436 86 15 29
0.15287421643733978 -0.1693331003189087 -0.17427702248096466 93 5 24
0.15094991028308868 -0.162901371717453 -0.17614606022834778 140 78 86
0.14921212196350098 -0.15710195899009705 -0.1775328814983368 146 101 106
0.1460087150335312 -0.14766158163547516 -0.18006175756454468 91 3 17
0.14974555373191833 -0.16066209971904755 -0.176134392619133 85 38 44
0.1513964682817459 -0.16788089275360107 -0.17446495592594147 182 119 130
0.14404810965061188 -0.14440377056598663 -0.181075781583786 98 3 17
0.1454891413450241 -0.15004155039787292 -0.17881277203559875 143 97 100
0.15201368927955627 -0.17264129221439362 -0.17277508974075317 118 69 75
0.1439601331949234 -0.14565974473953247 -0.18025195598602295 149 89 93
0.14283503592014313 -0.1426265984773636 -0.18163244426250458 157 104 110
0.14283503592014313 -0.1426265984773636 -0.18163244426250458 157 104 110
0.15053614974021912 -0.1684662252664566 -0.17327846586704254 166 111 124
0.15060308575630188 -0.17042852938175201 -0.1723720282316208 88 16 27
0.14496345818042755 -0.15180622041225433 -0.17789381742477417 88 18 29
0.14541740715503693 -0.15363647043704987 -0.1773858219385147 160 103 109
0.14372915029525757 -0.1489904671907425 -0.1788765788078308 90 9 24
0.14372915029525757 -0.1489904671907425 -0.1788765788078308 90 9 24
0.14870892465114594 -0.16678345203399658 -0.1727863848209381 93 11 25
0.14595918357372284 -0.15808112919330597 -0.17563308775424957 125 81 84
0.1420413851737976 -0.14547188580036163 -0.18028613924980164 96 6 15
0.1434231549501419 -0.15095952153205872 -0.17801667749881744 139 97 96
0.14385835826396942 -0.1526927500963211 -0.1772104650735855 91 23 34
0.14192819595336914 -0.14785094559192657 -0.17895202338695526 146 90 93
0.1480058878660202 -0.1694730520248413 -0.17161263525485992 163 114 120
0.14296843111515045 -0.15281261503696442 -0.17688389122486115 85 18 29
0.1478171944618225 -0.16945123672485352 -0.17110109329223633 156 109 115
0.14123615622520447 -0.14992816746234894 -0.17741738259792328 103 11 26
0.14651824533939362 -0.16757966578006744 -0.17123141884803772 95 8 25
0.14509420096874237 -0.16417311131954193 -0.1719171106815338 85 22 30
0.13952895998954773 -0.14663611352443695 -0.17954479157924652 95 11 24
0.14691556990146637 -0.17199450731277466 -0.16902436316013336 84 25 31
0.14715546369552612 -0.17304839193820953 -0.16875165700912476 157 98 104
0.14370407164096832 -0.16289857029914856 -0.17228050529956818 130 88 90
0.14059127867221832 -0.15259097516536713 -0.17642417550086975 148 98 101
0.14082296192646027 -0.15413686633110046 -0.17568093538284302 90 29 37
0.1437290757894516 -0.1637757420539856 -0.17166125774383545 164 105 111
0.13837218284606934 -0.14723844826221466 -0.17854033410549164 94 11 19
0.13837218284606934 -0.14723844826221466 -0.17854033410549164 94 11 19
0.14487324655056 -0.16995197534561157 -0.16902032494544983 166 103 111
0.14279276132583618 -0.16409547626972198 -0.17175233364105225 87 22 30
0.14279276132583618 -0.16409547626972198 -0.17175233364105225 87 22 30
0.13891111314296722 -0.1513224095106125 -0.17686711251735687 95 14 23
0.14045873284339905 -0.1582469344139099 -0.1735803186893463 96 14 26
0.1387849599123001 -0.1533452719449997 -0.17578274011611938 127 73 76
0.13921654224395752 -0.1550220251083374 -0.17502623796463013 93 28 34
0.1379116177558899 -0.15255337953567505 -0.17620475590229034 132 77 80
0.13700434565544128 -0.15019367635250092 -0.17714105546474457 145 93 95
0.13700434565544128 -0.15019367635250092 -0.17714105546474457 145 93 95
0.14005117118358612 -0.16015806794166565 -0.1727263331413269 80 18 23
0.13652580976486206 -0.15257902443408966 -0.17580300569534302 91 20 28
0.13652580976486206 -0.15257902443408966 -0.17580300569534302 91 20 28
0.1384625881910324 -0.1591624915599823 -0.17223331332206726 97 10 22
0.1384625881910324 -0.1591624915599823 -0.17223331332206726 97 10 22
0.13739970326423645 -0.15588201582431793 -0.17352312803268433 98 33 39
0.3011884093284607 -0.11625875532627106 -0.1273210048675537 115 81 79
0.3046938478946686 -0.12241910398006439 -0.12106560915708542 118 77 79
0.3046938478946686 -0.12241910398006439 -0.12106560915708542 118 77 79
0.29355674982070923 -0.10064341127872467 -0.1255464106798172 114 78 78
0.30264464020729065 -0.11296442896127701 -0.11611051857471466 77 0 6
0.29155233502388 -0.11552780121564865 -0.1265988051891327 77 0 6
0.3027647137641907 -0.1294185072183609 -0.1157371997833252 119 80 83
0.2873629927635193 -0.09393787384033203 -0.12752555310726166 122 86 84
0.29393714666366577 -0.10281816869974136 -0.12097857147455215 73 0 10
0.2621816396713257 -0.07488781958818436 -0.14943969249725342 74 34 35
0.3067863881587982 -0.12375985831022263 -0.10900288820266724 73 1 13
0.2873280346393585 -0.09752427041530609 -0.12612169981002808 72 21 26
0.26887837052345276 -0.0873626172542572 -0.13978059589862823 100 57 61
0.2991431653499603 -0.1218959167599678 -0.11088073998689651 123 60 69
0.300353080034256 -0.11889635026454926 -0.10684267431497574 49 3 8
0.2781769037246704 -0.09436138719320297 -0.1260060966014862 115 75 75
0.2910655736923218 -0.10545457154512405 -0.11317963898181915 102 72 70
0.2875227928161621 -0.10800959914922714 -0.1168728694319725 115 74 76
0.25606104731559753 -0.07844596356153488 -0.14618131518363953 144 99 101
0.30059564113616943 -0.11910104006528854 -0.10314672440290451 124 85 86
0.2551634609699249 -0.07745663076639175 -0.14523252844810486 119 89 86
0.3011195957660675 -0.1277437061071396 -0.10200105607509613 107 79 76
0.260648638010025 -0.08631087094545364 -0.1377192884683609 59 15 16
0.283473402261734 -0.10522807389497757 -0.11388326436281204 120 71 75
0.27297207713127136 -0.09444546699523926 -0.12323950231075287 123 66 72
0.29688841104507446 -0.11888179183006287 -0.09798040986061096 116 77 80
0.27757397294044495 -0.09884840250015259 -0.11482000350952148 47 7 8
0.28083720803260803 -0.10007132589817047 -0.11135238409042358 119 79 80
0.25736004114151 -0.08545136451721191 -0.13332027196884155 123 81 82
0.25736004114151 -0.08545136451721191 -0.13332027196884155 123 81 82
0.283077210187912 -0.10563717782497406 -0.10740065574645996 114 72 74
0.26609253883361816 -0.09539905935525894 -0.12237635999917984 106 72 71
0.25457701086997986 -0.08544135093688965 -0.13205265998840332 56 6 9
0.25457701086997986 -0.08544135093688965 -0.13205265998840332 56 6 9
0.2705059051513672 -0.09691797196865082 -0.11527621746063232 68 0 4
0.2908910810947418 -0.11915815621614456 -0.09382277727127075 104 63 65
0.2443625032901764 -0.07756414264440536 -0.13940855860710144 117 67 68
0.25041958689689636 -0.08648589998483658 -0.13197848200798035 83 34 37
0.2627122700214386 -0.0950131043791771 -0.1178307831287384 58 9 12
0.24917852878570557 -0.0891302153468132 -0.13227765262126923 58 3 6
0.2687743008136749 -0.10051786154508591 -0.11109082400798798 126 92 90
0.2849653661251068 -0.11932701617479324 -0.09114579111337662 98 67 64
0.2849653661251068 -0.11932701617479324 -0.09114579111337662 98 67 64
0.25892654061317444 -0.09576593339443207 -0.11758527904748917 100 60 60
0.26201334595680237 -0.09825826436281204 -0.1131443902850151 61 2 4
0.27345651388168335 -0.10585813224315643 -0.10034850239753723 103 59 60
0.24522659182548523 -0.08933107554912567 -0.1286390721797943 54 6 6
0.25424817204475403 -0.09979597479104996 -0.11274177581071854 64 0 2
0.2667235732078552 -0.10871974378824234 -0.09840370714664459 146 95 97
0.2524755597114563 -0.09778886288404465 -0.11397528648376465 123 66 72
0.25093749165534973 -0.09848157316446304 -0.11570773273706436 123 66 72
0.2573387324810028 -0.10216320306062698 -0.10782928764820099 86 48 45
0.2573387324810028 -0.10216320306062698 -0.10782928764820099 86 48 45
0.23805132508277893 -0.08811438083648682 -0.12776662409305573 105 61 58
0.2355133295059204 -0.0864086002111435 -0.12874522805213928 75 0 4
0.24889147281646729 -0.09741126745939255 -0.11321999877691269 124 80 77
0.23549655079841614 -0.08774003386497498 -0.12739333510398865 119 75 72
0.2468576580286026 -0.09799990057945251 -0.11325006186962128 74 24 23
0.25045859813690186 -0.10265518724918365 -0.10837385803461075 136 77 81
0.25468331575393677 -0.10700087249279022 -0.1026158407330513 51 0 0
0.2504974603652954 -0.10397717356681824 -0.10614225268363953 81 24 29
0.23285065591335297 -0.0890030488371849 -0.12451964616775513 98 48 47
0.24573244154453278 -0.10332154482603073 -0.10714811831712723 132 74 79
0.25531962513923645 -0.10896968841552734 -0.09509336948394775 125 92 87
0.24658851325511932 -0.10345529764890671 -0.10420281440019608 60 1 5
0.24888284504413605 -0.10696586221456528 -0.10140706598758698 73 0 5
0.2472013384103775 -0.10473904013633728 -0.10179978609085083 147 87 91
0.24700365960597992 -0.1076693907380104 -0.09979598969221115 79 0 8
0.24700365960597992 -0.1076693907380104 -0.09979598969221115 79 0 8
0.2492063194513321 -0.1070680022239685 -0.09491923451423645 85 14 23
0.2492063194513321 -0.1070680022239685 -0.09491923451423645 85 14 23
0.244218111038208 -0.10767018795013428 -0.09722338616847992 81 0 8
0.24700519442558289 -0.1110069528222084 -0.09352642297744751 102 51 52
0.2483687698841095 -0.11315800249576569 -0.09148462861776352 117 65 67
0.244803786277771 -0.11247961968183517 -0.09315226972103119 140 84 87
0.23895177245140076 -0.10526670515537262 -0.09799270331859589 65 0 3
0.24936185777187347 -0.14291827380657196 -0.05313214287161827 166 110 113
0.24465757608413696 -0.13948954641819 -0.05997999757528305 141 80 82
0.24978280067443848 -0.14712490141391754 -0.05190550163388252 163 97 107
0.22328633069992065 -0.1168554499745369 -0.08613330125808716 174 113 118
0.2464962899684906 -0.14327546954154968 -0.05357055738568306 78 12 22
0.23278595507144928 -0.1308182328939438 -0.07029961049556732 174 108 116
0.22198577225208282 -0.11706859618425369 -0.08447396010160446 87 0 11
0.20803512632846832 -0.09470091760158539 -0.101624496281147 150 126 121
0.24753881990909576 -0.14911387860774994 -0.047691937536001205 109 71 72
0.24507634341716766 -0.14641337096691132 -0.04977162182331085 85 17 27
0.24507634341716766 -0.14641337096691132 -0.04977162182331085 85 17 27
0.24507634341716766 -0.14641337096691132 -0.04977162182331085 85 17 27
0.2371169626712799 -0.13577044010162354 -0.05994582921266556 111 58 64
0.2371169626712799 -0.13577044010162354 -0.05994582921266556 111 58 64
0.2371169626712799 -0.13577044010162354 -0.05994582921266556 111 58 64
0.22138242423534393 -0.11872433871030807 -0.08134856075048447 153 105 108
0.22138242423534393 -0.11872433871030807 -0.08134856075048447 153 105 108
0.24326549470424652 -0.1483675241470337 -0.05064699053764343 142 87 93
0.21742330491542816 -0.11198633164167404 -0.08594373613595963 94 31 39
0.21742330491542816 -0.11198633164167404 -0.08594373613595963 94 31 39
0.21742330491542816 -0.11198633164167404 -0.08594373613595963 94 31 39
0.21005934476852417 -0.10203317552804947 -0.0955614224076271 158 92 96
0.2171136885881424 -0.11519207805395126 -0.08614159375429153 83 5 15
0.24450217187404633 -0.1502753049135208 -0.04705319181084633 53 0 6
0.24450217187404633 -0.1502753049135208 -0.04705319181084633 53 0 6
0.23157066106796265 -0.13274496793746948 -0.06361586600542068 61 14 20
0.21146778762340546 -0.10697067528963089 -0.09194989502429962 74 9 15
0.2318631410598755 -0.13438372313976288 -0.06270752102136612 91 44 50
0.2238861322402954 -0.12323364615440369 -0.07301205396652222 143 91 93
0.20667321979999542 -0.1005501002073288 -0.09613306075334549 152 93 97
0.20667321979999542 -0.1005501002073288 -0.09613306075334549 152 93 97
0.22702385485172272 -0.12615494430065155 -0.06552931666374207 88 0 12
0.22702385485172272 -0.12615494430065155 -0.06552931666374207 88 0 12
0.207916721701622 -0.10348134487867355 -0.09291668981313705 78 2 12
0.20663344860076904 -0.10154043883085251 -0.09278413653373718 84 21 25
0.2161419838666916 -0.11800898611545563 -0.07987944036722183 93 41 45
0.21962033212184906 -0.1205601915717125 -0.07408071309328079 77 2 9
0.21639762818813324 -0.11818251758813858 -0.07863277196884155 155 103 107
0.21639762818813324 -0.11818251758813858 -0.07863277196884155 155 103 107
0.20309282839298248 -0.09230756759643555 -0.09493069350719452 171 123 123
0.21973101794719696 -0.12428412586450577 -0.07320959866046906 136 84 88
0.20596656203269958 -0.09950044006109238 -0.0897107720375061 63 1 4
0.20596656203269958 -0.09950044006109238 -0.0897107720375061 63 1 4
0.22617991268634796 -0.13416294753551483 -0.06131310760974884 73 1 12
0.22617991268634796 -0.13416294753551483 -0.06131310760974884 73 1 12
0.22580891847610474 -0.1343313306570053 -0.06188564747571945 73 1 12
0.22580891847610474 -0.1343313306570053 -0.06188564747571945 73 1 12
0.24030740559101105 -0.15241803228855133 -0.039718370884656906 67 1 11
0.23006205260753632 -0.13989900052547455 -0.05385252833366394 88 6 18
0.20433124899864197 -0.09953057765960693 -0.08936791867017746 136 84 88
0.2120160460472107 -0.11555775254964828 -0.07950156182050705 77 0 8
0.2120160460472107 -0.11555775254964828 -0.07950156182050705 77 0 8
0.22226238250732422 -0.1272190362215042 -0.06316700577735901 92 0 13
0.21635039150714874 -0.12545077502727509 -0.07259714603424072 76 2 14
0.22565004229545593 -0.13640910387039185 -0.05752023309469223 159 104 113
0.20434343814849854 -0.10012444853782654 -0.08635923266410828 164 112 116
0.2265857309103012 -0.13715995848178864 -0.05450112745165825 124 73 80
0.21386702358722687 -0.12457041442394257 -0.0730336457490921 144 78 84
0.22374007105827332 -0.13442909717559814 -0.05685059353709221 80 17 26
0.2021663337945938 -0.09114895015954971 -0.08085459470748901 130 94 94
0.2350226789712906 -0.15441285073757172 -0.036517225205898285 57 9 14
0.20283858478069305 -0.1042831763625145 -0.082558274269104 92 0 14
0.21476955711841583 -0.12671080231666565 -0.06620083749294281 145 89 92
0.20558755099773407 -0.11061619222164154 -0.0788167342543602 90 2 14
0.2037503868341446 -0.09048785269260406 -0.07555446028709412 163 111 115
0.20951734483242035 -0.11576299369335175 -0.07223556190729141 69 4 10
0.20951734483242035 -0.11576299369335175 -0.07223556190729141 69 4 10
0.21055006980895996 -0.11883951723575592 -0.07100540399551392 169 112 118
0.20780903100967407 -0.11322198063135147 -0.07252313941717148 116 64 68
0.20188847184181213 -0.09984984993934631 -0.07976210862398148 163 116 118
0.21376246213912964 -0.12560676038265228 -0.06450516730546951 157 113 112
0.21376246213912964 -0.12560676038265228 -0.06450516730546951 157 113 112
0.20136508345603943 -0.09893814474344254 -0.07986627519130707 73 12 19
0.20370113849639893 -0.1068108081817627 -0.07652557641267776 162 110 112
0.20370113849639893 -0.1068108081817627 -0.07652557641267776 162 110 112
0.215994730591774 -0.1286017894744873 -0.05608639493584633 90 2 14
0.21695619821548462 -0.13628645241260529 -0.055615659803152084 71 14 21
0.20557084679603577 -0.10990124940872192 -0.06884805113077164 88 1 10
0.20233231782913208 -0.10347180813550949 -0.07266280055046082 84 7 17
0.20233231782913208 -0.10347180813550949 -0.07266280055046082 84 7 17
0.20679497718811035 -0.1198597103357315 -0.06742636859416962 117 66 70
0.22406841814517975 -0.14722922444343567 -0.040823258459568024 82 25 32
0.22406841814517975 -0.14722922444343567 -0.040823258459568024 82 25 32
0.20451916754245758 -0.1175750121474266 -0.06942041218280792 77 16 23
0.21300585567951202 -0.13298450410366058 -0.055937331169843674 78 17 25
0.2104560285806656 -0.1265021562576294 -0.05835091695189476 131 76 82
0.2104560285806656 -0.1265021562576294 -0.05835091695189476 131 76 82
0.21329130232334137 -0.13283531367778778 -0.05366828665137291 143 82 90
0.21329130232334137 -0.13283531367778778 -0.05366828665137291 143 82 90
0.22230905294418335 -0.14766888320446014 -0.03898802772164345 125 73 77
0.20530566573143005 -0.113025963306427 -0.05996742472052574 128 78 78
0.20681580901145935 -0.11920076608657837 -0.05902386084198952 123 64 70
0.21606577932834625 -0.1359492540359497 -0.043897319585084915 83 13 23
0.20630759000778198 -0.12036144733428955 -0.0587807260453701 152 100 102
0.2024165391921997 -0.09712691605091095 -0.05657384917140007 176 111 115
0.20963485538959503 -0.13150988519191742 -0.053423166275024414 86 8 21
0.20963485538959503 -0.13150988519191742 -0.053423166275024414 86 8 21
0.20263239741325378 -0.11801906675100327 -0.0628085508942604 80 21 27
0.21475248038768768 -0.14023715257644653 -0.04273656755685806 135 88 90
0.20864184200763702 -0.12787379324436188 -0.04951539263129234 151 94 101
0.2117053121328354 -0.13516031205654144 -0.044000931084156036 78 17 24
0.22012561559677124 -0.1500472128391266 -0.030342910438776016 170 107 115
0.2049720734357834 -0.12345903366804123 -0.051168471574783325 92 6 17
0.2049720734357834 -0.12345903366804123 -0.051168471574783325 92 6 17
0.21659579873085022 -0.14341986179351807 -0.03289886936545372 98 3 19
0.21053509414196014 -0.13844363391399384 -0.0422792062163353 83 13 23
0.20429997146129608 -0.11907719820737839 -0.046633269637823105 135 90 89
0.20794060826301575 -0.13516865670681 -0.043189819902181625 132 73 79
0.2164148986339569 -0.14963683485984802 -0.024513499811291695 90 7 23
0.2164148986339569 -0.14963683485984802 -0.024513499811291695 90 7 23
0.21324540674686432 -0.14623931050300598 -0.03000180423259735 85 9 19
0.2104358971118927 -0.13769640028476715 -0.032576050609350204 87 26 34
0.2104358971118927 -0.13769640028476715 -0.032576050609350204 87 26 34
0.21314169466495514 -0.14322279393672943 -0.02710808254778385 170 95 104
0.21153339743614197 -0.14666518568992615 -0.017283758148550987 82 6 19
0.21153339743614197 -0.14666518568992615 -0.017283758148550987 82 6 19
0.08076222985982895 -0.04811649024486542 -0.28629952669143677 97 57 58
0.07848349958658218 -0.04583565518260002 -0.2896217703819275 108 77 75
0.0856805071234703 -0.050005972385406494 -0.28496724367141724 93 62 60
0.0856805071234703 -0.050005972385406494 -0.28496724367141724 93 62 60
0.09327294677495956 -0.05501721799373627 -0.2780569791793823 58 0 3
0.09250122308731079 -0.054032403975725174 -0.2796519100666046 118 76 78
0.09499623626470566 -0.05570877343416214 -0.2776499390602112 57 12 19
0.09602060168981552 -0.056028999388217926 -0.27663978934288025 117 72 79
0.08169826865196228 -0.04695789888501167 -0.29406866431236267 107 65 67
0.08844828605651855 -0.050841912627220154 -0.2884417176246643 102 74 70
0.08704952150583267 -0.050067540258169174 -0.29024848341941833 61 0 3
0.08771265298128128 -0.04900352656841278 -0.29352372884750366 81 35 37
0.09007538110017776 -0.05000478774309158 -0.29326680302619934 64 0 5
0.10433217138051987 -0.05838242545723915 -0.2827534079551697 70 0 4
0.10433217138051987 -0.05838242545723915 -0.2827534079551697 70 0 4
0.10291244089603424 -0.057221703231334686 -0.28448230028152466 83 39 42
0.09301207959651947 -0.0488896369934082 -0.29939496517181396 101 72 68
0.10798075050115585 -0.05923620983958244 -0.2866946756839752 73 0 3
0.09629330039024353 -0.04897550493478775 -0.30250993371009827 85 20 26
0.10706951469182968 -0.05635032430291176 -0.2929076850414276 75 0 6
0.10706951469182968 -0.05635032430291176 -0.2929076850414276 75 0 6
0.12119659781455994 0.005387308541685343 -0.32403698563575745 122 151 159
0.13447178900241852 0.008182457648217678 -0.33700352907180786 129 177 181
0.0811319649219513 -0.11960951238870621 -0.38025009632110596 144 92 96
0.0811319649219513 -0.11960951238870621 -0.38025009632110596 144 92 96
0.08382438123226166 -0.12044575065374374 -0.37833884358406067 79 0 12
0.08320228010416031 -0.11986547708511353 -0.3792826235294342 87 0 10
0.08557149022817612 -0.12080108374357224 -0.3774394392967224 59 7 11
0.08557149022817612 -0.12080108374357224 -0.3774394392967224 59 7 11
0.08221247047185898 -0.1184043362736702 -0.38139814138412476 69 4 12
0.0821564644575119 -0.11758946627378464 -0.3823324143886566 65 6 12
0.08660804480314255 -0.12032593786716461 -0.3776361644268036 63 8 11
0.08481857925653458 -0.11874328553676605 -0.3797703981399536 86 0 12
0.08483550697565079 -0.11876491457223892 -0.37980780005455017 86 0 12
0.08259160816669464 -0.11727963387966156 -0.38279977440834045 148 91 97
0.08307522535324097 -0.11744911223649979 -0.38227739930152893 139 84 89
0.08615855127573013 -0.1188938245177269 -0.37936681509017944 109 64 66
0.08385955542325974 -0.11672066152095795 -0.3826858103275299 89 0 15
0.08991789072751999 -0.12156118452548981 -0.3760373294353485 78 1 11
0.0863606259226799 -0.11781377345323563 -0.38056644797325134 91 0 13
0.08840899914503098 -0.11906236410140991 -0.378599613904953 115 65 70
0.0838143527507782 -0.11581826955080032 -0.3840366303920746 169 102 111
0.08477246761322021 -0.11612414568662643 -0.38299351930618286 148 88 94
0.08940243721008301 -0.1197342649102211 -0.3780427873134613 88 0 12
0.09020452946424484 -0.12035686522722244 -0.377295583486557 64 8 15
0.08869452029466629 -0.1180451363325119 -0.37972748279571533 90 0 18
0.08818763494491577 -0.11707314103841782 -0.38114672899246216 72 0 10
0.08537422865629196 -0.11471740901470184 -0.38430333137512207 74 31 38
0.08556152880191803 -0.11436376720666885 -0.38474148511886597 179 114 128
0.08907561004161835 -0.11688271909952164 -0.3807436525821686 128 87 89
0.09119106829166412 -0.11903519183397293 -0.37853163480758667 83 5 19
0.09250596165657043 -0.12037892639636993 -0.3773663640022278 94 0 14
0.09250596165657043 -0.12037892639636993 -0.3773663640022278 94 0 14
0.09208907186985016 -0.11941785365343094 -0.37832990288734436 136 90 92
0.09208907186985016 -0.11941785365343094 -0.37832990288734436 136 90 92
0.08811846375465393 -0.11543507128953934 -0.3827722370624542 68 19 23
0.08743973821401596 -0.11467277258634567 -0.3835296630859375 82 1 16
0.09076239913702011 -0.11774522066116333 -0.3800380527973175 141 95 98
0.09123773127794266 -0.11743136495351791 -0.3801576793193817 78 29 32
0.08778314292430878 -0.11365062743425369 -0.3846954107284546 76 15 23
0.08882652223110199 -0.11375216394662857 -0.38430559635162354 78 0 15
0.08953116089105606 -0.11420918256044388 -0.3837239444255829 150 108 112
0.09120465070009232 -0.11548205465078354 -0.3819836676120758 125 80 83
0.09024165570735931 -0.11370523273944855 -0.38397887349128723 72 11 21
0.09398253262042999 -0.1169133111834526 -0.38074108958244324 89 1 15
0.09247183054685593 -0.11476543545722961 -0.3827393054962158 138 86 90
0.09256307780742645 -0.11374424397945404 -0.38383376598358154 97 0 16
0.09117797017097473 -0.11109627783298492 -0.38678446412086487 96 4 19
0.09528001397848129 -0.11526168137788773 -0.3824796974658966 122 75 75
0.09660118073225021 -0.11700688302516937 -0.3815721273422241 183 104 119
0.09660118073225021 -0.11700688302516937 -0.3815721273422241 183 104 119
0.09282010793685913 -0.11189693957567215 -0.385574072599411 95 4 21
0.0944506898522377 -0.11357477307319641 -0.3838043212890625 143 102 100
0.09388027340173721 -0.11155787855386734 -0.3858684003353119 171 129 130
0.09388027340173721 -0.11155787855386734 -0.3858684003353119 171 129 130
0.09478810429573059 -0.1123240739107132 -0.3851081430912018 96 10 23
0.09607541561126709 -0.11327923834323883 -0.38447973132133484 88 17 25
0.09408095479011536 -0.11044329404830933 -0.38691747188568115 92 12 23
0.09593456983566284 -0.11256853491067886 -0.38494181632995605 164 105 111
0.09562188386917114 -0.11137860268354416 -0.3859180510044098 93 13 24
0.0963355153799057 -0.11226688325405121 -0.3854745328426361 75 16 22
0.09592711925506592 -0.11059656739234924 -0.38700124621391296 85 25 33
0.09612055122852325 -0.11003828793764114 -0.38726282119750977 172 107 116
0.09748657792806625 -0.11225394159555435 -0.3858555555343628 124 69 74
0.09705053269863129 -0.11116164922714233 -0.38645491003990173 97 7 22
0.09741455316543579 -0.10991552472114563 -0.3876340091228485 76 7 18
-0.06875213235616684 0.05310216546058655 -0.20052167773246765 73 15 14
-0.06599842011928558 0.05405481532216072 -0.19650544226169586 120 76 70
-0.058029904961586 0.05777863785624504 -0.19859662652015686 69 7 10
-0.04501202329993248 0.05830174684524536 -0.1757064014673233 142 96 96
-0.054713860154151917 0.061817724257707596 -0.2001466602087021 134 80 82
-0.05167998746037483 0.0604763925075531 -0.19587811827659607 82 0 7
-0.040161941200494766 0.05778730288147926 -0.16858075559139252 74 9 15
-0.04072476178407669 0.058061372488737106 -0.17031659185886383 74 9 15
-0.04219694435596466 0.05804896354675293 -0.1758420169353485 121 75 77
-0.04219694435596466 0.05804896354675293 -0.1758420169353485 121 75 77
-0.049409620463848114 0.06032837927341461 -0.19209948182106018 121 83 77
-0.037017110735177994 0.05790485814213753 -0.16596925258636475 63 7 10
-0.051354486495256424 0.06215825304389 -0.20080648362636566 124 76 76
-0.03619642183184624 0.056851428002119064 -0.16989028453826904 51 0 0
-0.0367928184568882 0.06045708805322647 -0.175479456782341 135 85 85
-0.04822957515716553 0.06447948515415192 -0.20132626593112946 65 2 5
-0.035987384617328644 0.06146200746297836 -0.17769551277160645 101 51 54
-0.04515175521373749 0.0657765343785286 -0.20208662748336792 98 29 34
-0.03209353983402252 0.0638856515288353 -0.16823163628578186 146 94 96
-0.03171788528561592 0.061656322330236435 -0.17416615784168243 82 0 5
-0.026492707431316376 0.06390818953514099 -0.1698407679796219 122 81 77
-0.02982679381966591 0.06514222174882889 -0.1802685558795929 74 35 35
-0.028425870463252068 0.06579478085041046 -0.17861837148666382 142 87 87
-0.02934958040714264 0.08414106070995331 -0.2213805913925171 182 109 120
-0.029044069349765778 0.08498811721801758 -0.22463220357894897 69 8 16
-0.02156057022511959 0.083327516913414 -0.21394860744476318 80 0 7
-0.02613920159637928 0.08622390776872635 -0.2247088998556137 105 58 60
-0.009893598034977913 0.08003401756286621 -0.19370821118354797 82 0 7
-0.02384675107896328 0.08623503893613815 -0.22246584296226501 88 5 20
-0.023246943950653076 0.08741161227226257 -0.2267223745584488 62 9 11
-0.018794458359479904 0.08709100633859634 -0.21926580369472504 71 1 11
-0.023149216547608376 0.09104203432798386 -0.22625643014907837 173 117 120
-0.016176922246813774 0.08712908625602722 -0.21570023894309998 90 0 14
-0.021279020234942436 0.08995262533426285 -0.224939227104187 184 114 124
-0.00433191005140543 0.08208955824375153 -0.19359424710273743 81 0 10
-0.00433191005140543 0.08208955824375153 -0.19359424710273743 81 0 10
-0.005672510713338852 0.08398283272981644 -0.19457177817821503 89 0 10
-0.005672510713338852 0.08398283272981644 -0.19457177817821503 89 0 10
-0.012358447536826134 0.08786503970623016 -0.2132439911365509 161 111 114
-0.017959142103791237 0.09089677780866623 -0.2274569422006607 87 0 13
-0.004546450916677713 0.08649984002113342 -0.1998341977596283 148 101 103
-0.008493929170072079 0.08850130438804626 -0.2119169980287552 81 3 19
-0.011063054203987122 0.09005893021821976 -0.2182123363018036 91 0 14
-0.014271830208599567 0.0927414745092392 -0.22480623424053192 184 122 133
-0.014912595972418785 0.09336370974779129 -0.2261025607585907 70 2 11
-0.01544797234237194 0.09382646530866623 -0.2276390790939331 182 113 122
-0.005446685943752527 0.08872120827436447 -0.20972318947315216 85 33 37
-0.0031797990668565035 0.08868731558322906 -0.20576243102550507 89 0 8
0.004331701435148716 0.08577543497085571 -0.1902414858341217 93 0 13
0.005807016510516405 0.08621428906917572 -0.1860397905111313 90 13 23
-0.004093686584383249 0.09107531607151031 -0.21407005190849304 88 1 18
-0.012127816677093506 0.09570419788360596 -0.2293432652950287 193 131 139
-0.012560519389808178 0.09756717830896378 -0.23204386234283447 91 38 44
-0.012368547730147839 0.0986674576997757 -0.23420286178588867 199 137 144
0.005879598204046488 0.09010381996631622 -0.20065240561962128 89 0 11
0.005879598204046488 0.09010381996631622 -0.20065240561962128 89 0 11
0.007864795625209808 0.09033282101154327 -0.1962563693523407 214 161 165
0.009133302606642246 0.09103496372699738 -0.19149325788021088 90 0 17
-0.010553102008998394 0.09920017421245575 -0.23381561040878296 67 14 20
-0.009174260310828686 0.09891648590564728 -0.23183298110961914 59 4 12
0.004990229848772287 0.09204380959272385 -0.2049805074930191 176 130 132
0.004990229848772287 0.09204380959272385 -0.2049805074930191 176 130 132
-0.005334330722689629 0.09819637984037399 -0.22536173462867737 79 17 28
-0.006024691741913557 0.10320795327425003 -0.23248526453971863 80 21 27
0.012427477166056633 0.0958222970366478 -0.19733360409736633 154 103 107
-0.002206007484346628 0.10201121866703033 -0.2317952960729599 79 5 18
-0.0003156812454108149 0.1015673354268074 -0.22914208471775055 111 67 72
0.002198136178776622 0.10281770676374435 -0.23025402426719666 100 20 37
0.008288304321467876 0.10769953578710556 -0.23228022456169128 92 47 48
0.007996167056262493 0.10821676254272461 -0.23508726060390472 182 136 138
0.007583733648061752 0.11330192536115646 -0.2425656020641327 75 29 31
0.007583733648061752 0.11330192536115646 -0.2425656020641327 75 29 31
0.00954281073063612 0.11355330795049667 -0.2405804693698883 81 9 20
0.027326907962560654 0.10478836297988892 -0.20614208281040192 183 124 130
0.014090584591031075 0.1103307381272316 -0.2347807139158249 75 30 33
0.016206875443458557 0.11034643650054932 -0.23197336494922638 97 9 25
0.015950819477438927 0.11116541922092438 -0.2353316694498062 199 145 149
0.019096486270427704 0.11126793175935745 -0.22698147594928741 98 7 24
0.022301780059933662 0.10821682214736938 -0.22403082251548767 118 72 74
0.011959944851696491 0.1156727597117424 -0.24372735619544983 87 17 27
0.011959944851696491 0.1156727597117424 -0.24372735619544983 87 17 27
0.019496243447065353 0.11114855855703354 -0.23037226498126984 92 40 44
0.014425909146666527 0.1149686798453331 -0.2390788346529007 104 1 23
0.014425909146666527 0.1149686798453331 -0.2390788346529007 104 1 23
0.025829162448644638 0.10961896181106567 -0.22054240107536316 99 6 17
0.025829162448644638 0.10961896181106567 -0.22054240107536316 99 6 17
0.023542076349258423 0.11099769920110703 -0.2286783903837204 93 11 23
0.016307806596159935 0.11546715348958969 -0.24219569563865662 96 13 29
0.014597541652619839 0.1186426654458046 -0.24526286125183105 203 153 154
0.019298071041703224 0.11830087751150131 -0.23694570362567902 78 21 28
0.024270957335829735 0.11356889456510544 -0.23253507912158966 109 58 63
0.02324931137263775 0.11587482690811157 -0.23547890782356262 102 8 24
0.017967641353607178 0.11998218297958374 -0.24614226818084717 101 27 39
0.03167476877570152 0.1143912523984909 -0.2235523760318756 100 8 21
0.03167476877570152 0.1143912523984909 -0.2235523760318756 100 8 21
0.02459799312055111 0.11969142407178879 -0.23972290754318237 81 16 24
0.02459799312055111 0.11969142407178879 -0.23972290754318237 81 16 24
0.030811313539743423 0.1167217418551445 -0.22781068086624146 127 80 80
0.02240723930299282 0.12186932563781738 -0.2471114844083786 198 126 137
0.021752402186393738 0.12334935367107391 -0.24903859198093414 94 7 24
0.04278483986854553 0.12023390829563141 -0.21211779117584229 95 34 41
0.02565683424472809 0.12678633630275726 -0.25123000144958496 92 9 27
0.041352853178977966 0.1220826804637909 -0.22897179424762726 101 1 21
0.041352853178977966 0.1220826804637909 -0.22897179424762726 101 1 21
0.0289408378303051 0.12958481907844543 -0.25359612703323364 123 84 89
0.03153469040989876 0.129524827003479 -0.24810510873794556 201 132 150
0.046090785413980484 0.12555146217346191 -0.2205737978219986 97 3 17
0.04026099294424057 0.12798412144184113 -0.2412891685962677 119 56 67
0.03699405491352081 0.12853367626667023 -0.24985986948013306 87 11 24
0.045390184968709946 0.12829507887363434 -0.23197321593761444 106 3 20
0.03633065149188042 0.13225163519382477 -0.25314056873321533 105 19 32
0.040522340685129166 0.13115526735782623 -0.24529094994068146 106 2 19
0.036723021417856216 0.13476620614528656 -0.25629153847694397 81 25 31
0.04911337420344353 0.13160641491413116 -0.23243044316768646 109 3 23
0.04911337420344353 0.13160641491413116 -0.23243044316768646 109 3 23
0.040506601333618164 0.13656264543533325 -0.25149911642074585 85 17 28
0.05223849043250084 0.13433924317359924 -0.2281489223241806 185 133 137
0.038991861045360565 0.1405615359544754 -0.25911208987236023 98 8 26
0.04887326806783676 0.13375277817249298 -0.24231383204460144 92 11 26
0.050854288041591644 0.13670378923416138 -0.23855707049369812 156 93 102
0.04501251131296158 0.14348162710666656 -0.2582175135612488 95 5 22
0.04501251131296158 0.14348162710666656 -0.2582175135612488 95 5 22
0.052742522209882736 0.1422811597585678 -0.24746647477149963 46 7 6
0.05739659070968628 0.14264565706253052 -0.24209918081760406 173 125 125
0.05530133843421936 0.1443089246749878 -0.24713349342346191 158 82 94
0.057640597224235535 0.1455896496772766 -0.24545089900493622 102 18 31
0.05936193838715553 0.14554227888584137 -0.2433456927537918 96 12 25
0.038339950144290924 -0.04415495693683624 -0.2926464080810547 128 83 78
0.03575208783149719 -0.042337752878665924 -0.29923713207244873 74 10 10
0.03850628808140755 -0.042622778564691544 -0.29536545276641846 79 18 15
0.03724523261189461 -0.04224105179309845 -0.29821693897247314 126 85 83
0.04014195129275322 -0.04203391447663307 -0.2930231988430023 120 76 73
0.04014195129275322 -0.04203391447663307 -0.2930231988430023 120 76 73
0.03836704418063164 -0.04150059074163437 -0.29778212308883667 108 77 72
0.04114576429128647 -0.041505780071020126 -0.2939783036708832 124 73 72
0.04295703023672104 -0.03985469043254852 -0.2932747006416321 116 62 62
0.045846641063690186 -0.04076428338885307 -0.28828343749046326 132 91 87
0.044225189834833145 -0.03922409191727638 -0.2936823070049286 65 6 10
0.0447721965610981 -0.03896243870258331 -0.29092881083488464 72 8 8
0.04637254402041435 -0.038747966289520264 -0.28964146971702576 142 94 92
0.045945413410663605 -0.03789852187037468 -0.2927628755569458 131 70 75
0.047696568071842194 -0.037287045270204544 -0.2917637228965759 76 0 5
0.049036264419555664 -0.03734418749809265 -0.2895168364048004 132 81 80
0.04737928509712219 -0.03582213819026947 -0.2941763997077942 122 76 76
0.050769515335559845 -0.036035072058439255 -0.2900746166706085 76 0 5
0.04768026992678642 -0.03457370027899742 -0.29512518644332886 57 9 9
0.04781540110707283 -0.03437356650829315 -0.29561787843704224 57 6 5
0.04910396784543991 -0.03429992124438286 -0.29434359073638916 57 0 1
0.05017862096428871 -0.03266999498009682 -0.2941148281097412 89 24 32
0.04731743037700653 -0.02557486854493618 -0.3087928593158722 47 10 0
0.059228893369436264 -0.020776502788066864 -0.2999988794326782 65 0 5
0.056112345308065414 -0.018949471414089203 -0.306338369846344 178 118 126
0.0612112358212471 -0.02129589207470417 -0.29749128222465515 79 1 14
0.05944831296801567 -0.020250659435987473 -0.30028125643730164 153 98 103
0.057711925357580185 -0.019310886040329933 -0.30378782749176025 175 104 118
0.05817931890487671 -0.019428735598921776 -0.30280032753944397 78 0 12
0.061412613838911057 -0.021027591079473495 -0.29814422130584717 161 79 91
0.061412613838911057 -0.021027591079473495 -0.29814422130584717 161 79 91
0.05928079038858414 -0.019137699156999588 -0.30077996850013733 163 108 113
0.0607868917286396 -0.019507311284542084 -0.3002668619155884 171 116 121
0.06026245281100273 -0.01920904964208603 -0.3008435368537903 133 78 83
0.06753259152173996 -0.023054664954543114 -0.2897855341434479 193 113 122
0.06216949597001076 -0.019437922164797783 -0.29895079135894775 84 0 13
0.061195842921733856 -0.018774891272187233 -0.300896555185318 78 23 28
0.061195842921733856 -0.018774891272187233 -0.300896555185318 78 23 28
0.059238091111183167 -0.01777058094739914 -0.3044297695159912 181 111 121
0.05889085307717323 -0.017067961394786835 -0.30510810017585754 131 86 87
0.05925968289375305 -0.017024286091327667 -0.30479124188423157 68 13 18
0.0636579766869545 -0.01931759901344776 -0.29786941409111023 194 133 140
0.07020773738622665 -0.022480551153421402 -0.28770673274993896 79 0 8
0.06113886460661888 -0.017687290906906128 -0.3025168776512146 57 7 11
0.06113886460661888 -0.017687290906906128 -0.3025168776512146 57 7 11
0.060384560376405716 -0.017128774896264076 -0.3038443922996521 81 0 13
0.060384560376405716 -0.017128774896264076 -0.3038443922996521 81 0 13
0.05897506698966026 -0.01618136093020439 -0.30650636553764343 180 110 121
0.06380467116832733 -0.0181638952344656 -0.29881981015205383 163 75 91
0.06304848194122314 -0.017582062631845474 -0.2998020648956299 87 0 15
0.060597844421863556 -0.016577230766415596 -0.304891437292099 182 108 121
0.0594598725438118 -0.015777334570884705 -0.3069486916065216 63 0 4
0.059409793466329575 -0.015641653910279274 -0.30683767795562744 63 0 4
0.060159917920827866 -0.01568964123725891 -0.3058857321739197 82 8 21
0.060159917920827866 -0.01568964123725891 -0.3058857321739197 82 8 21
0.07208231836557388 -0.021571112796664238 -0.2868551015853882 184 109 119
0.072823666036129 -0.021928461268544197 -0.2857876121997833 70 24 26
0.06945976614952087 -0.019758418202400208 -0.29152312874794006 160 81 92
0.06309598684310913 -0.016087591648101807 -0.3015061318874359 70 1 8
0.06680211424827576 -0.01825706474483013 -0.2963094115257263 71 20 25
0.06680211424827576 -0.01825706474483013 -0.2963094115257263 71 20 25
0.07358480244874954 -0.021792614832520485 -0.2859469950199127 174 128 130
0.06502051651477814 -0.017066150903701782 -0.29978594183921814 86 0 14
0.06815893948078156 -0.018536049872636795 -0.2941068112850189 71 0 11
0.06815893948078156 -0.018536049872636795 -0.2941068112850189 71 0 11
0.06642819941043854 -0.017563598230481148 -0.2978372573852539 69 29 34
0.06097356975078583 -0.014429955743253231 -0.3062655031681061 178 117 123
0.06097356975078583 -0.014429955743253231 -0.3062655031681061 178 117 123
0.07034119218587875 -0.019614439457654953 -0.29147061705589294 66 0 6
0.06285107880830765 -0.015508780255913734 -0.3037880063056946 168 105 116
0.061804983764886856 -0.014688083902001381 -0.3051620125770569 172 107 115
0.0733003243803978 -0.02092689462006092 -0.28718864917755127 70 4 11
0.06687086075544357 -0.017172353342175484 -0.29696640372276306 164 112 118
0.060679759830236435 -0.013145502656698227 -0.3076578974723816 177 99 109
0.06922948360443115 -0.017906837165355682 -0.29398712515830994 144 83 88
0.06780696660280228 -0.01691373810172081 -0.29680708050727844 57 4 10
0.06780696660280228 -0.01691373810172081 -0.29680708050727844 57 4 10
0.07388605922460556 -0.020142309367656708 -0.2873782813549042 66 1 4
0.0722334012389183 -0.01910354569554329 -0.28941071033477783 167 104 111
0.06504712253808975 -0.014608736149966717 -0.30125778913497925 170 104 114
0.06750758737325668 -0.01619511842727661 -0.298269659280777 145 103 105
0.0676037147641182 -0.015612632967531681 -0.2985559105873108 64 16 20
0.0676037147641182 -0.015612632967531681 -0.2985559105873108 64 16 20
0.06311403214931488 -0.013127408921718597 -0.306060791015625 100 0 15
0.06311403214931488 -0.013127408921718597 -0.306060791015625 100 0 15
0.07583796232938766 -0.020425191149115562 -0.28718316555023193 117 66 71
0.07434418797492981 -0.01934001035988331 -0.2894609868526459 88 0 9
0.07670149207115173 -0.020171042531728745 -0.2853577435016632 47 0 2
0.07298596948385239 -0.01795146055519581 -0.2908477783203125 133 87 89
0.07567670941352844 -0.019683320075273514 -0.2876209318637848 163 110 114
0.07544294744729996 -0.01913229189813137 -0.2880575358867645 60 0 2
0.07093076407909393 -0.01621861383318901 -0.2952892482280731 74 21 29
0.07342187315225601 -0.017639001831412315 -0.2913883328437805 76 20 26
0.07342187315225601 -0.017639001831412315 -0.2913883328437805 76 20 26
0.06549891829490662 -0.012891976162791252 -0.30335813760757446 57 0 6
0.07625938206911087 -0.019141748547554016 -0.2879478335380554 180 123 126
0.07347320765256882 -0.017086859792470932 -0.29215317964553833 165 98 107
0.06546596437692642 -0.012062611989676952 -0.30450665950775146 184 118 128
0.06459136307239532 -0.01122235506772995 -0.30607888102531433 187 119 134
0.07500912994146347 -0.017510969191789627 -0.2908864915370941 165 93 102
0.07109571248292923 -0.014863747172057629 -0.2956728935241699 61 8 16
0.06712336093187332 -0.01247059553861618 -0.3021354675292969 177 126 131
0.07313384860754013 -0.015692763030529022 -0.29366347193717957 94 0 13
0.07902257144451141 -0.019268251955509186 -0.2857336401939392 90 0 11
0.07630898058414459 -0.017691221088171005 -0.2900257110595703 90 0 9
0.069114550948143 -0.012915149331092834 -0.2994177043437958 76 10 20
0.06384444236755371 -0.01021591667085886 -0.30909624695777893 166 106 116
0.06376538425683975 -0.009806722402572632 -0.30956611037254333 76 0 11
0.06747853755950928 -0.011628671549260616 -0.3028405010700226 59 8 13
0.0721592903137207 -0.014438584446907043 -0.29636478424072266 61 6 12
0.07785854488611221 -0.017856864258646965 -0.2885921001434326 179 123 126
0.07037881016731262 -0.012946843169629574 -0.2989484667778015 84 42 44
0.07037881016731262 -0.012946843169629574 -0.2989484667778015 84 42 44
0.07878748327493668 -0.01842203550040722 -0.28781381249427795 173 118 121
0.07514572143554688 -0.01562788337469101 -0.2929140329360962 201 139 146
0.06763171404600143 -0.010911453515291214 -0.30377769470214844 195 144 149
0.0793299600481987 -0.018032239750027657 -0.28693175315856934 166 111 114
0.07092192023992538 -0.012862389907240868 -0.2992560863494873 180 114 124
0.07169356942176819 -0.013035819865763187 -0.29777026176452637 78 4 17
0.07924804836511612 -0.017899690195918083 -0.28770747780799866 65 10 13
0.07924804836511612 -0.017899690195918083 -0.28770747780799866 65 10 13
0.06848569959402084 -0.010988258756697178 -0.3025710880756378 181 130 137
0.06848569959402084 -0.010988258756697178 -0.3025710880756378 181 130 137
0.06614016741514206 -0.009342298842966557 -0.3066859543323517 186 122 133
0.07158316671848297 -0.012471044436097145 -0.29883265495300293 202 126 141
0.06644254922866821 -0.008285502903163433 -0.3072574734687805 70 21 27
0.07367521524429321 -0.012787840329110622 -0.2967352867126465 59 6 12
0.07312075048685074 -0.0123245008289814 -0.29714450240135193 164 111 117
0.06789661943912506 -0.009117692708969116 -0.3053675591945648 182 116 131
0.07933449000120163 -0.01622137427330017 -0.29018405079841614 91 9 21
0.0700739249587059 -0.009942181408405304 -0.30251559615135193 88 1 13
0.07278751581907272 -0.011480444110929966 -0.2993066906929016 166 123 127
0.07197657972574234 -0.010629359632730484 -0.30015701055526733 80 31 37
0.07197657972574234 -0.010629359632730484 -0.30015701055526733 80 31 37
0.07912914454936981 -0.015423995442688465 -0.2910589277744293 99 0 13
0.06742135435342789 -0.007750814780592918 -0.30721575021743774 173 107 119
0.07332992553710938 -0.011382807977497578 -0.2989165782928467 54 15 17
0.07332992553710938 -0.011382807977497578 -0.2989165782928467 54 15 17
0.07300394028425217 -0.010392559692263603 -0.2995697557926178 43 10 12
0.07300394028425217 -0.010392559692263603 -0.2995697557926178 43 10 12
0.06780467182397842 -0.0071630352176725864 -0.30800870060920715 72 6 18
0.06780467182397842 -0.0071630352176725864 -0.30800870060920715 72 6 18
0.07802488654851913 -0.013452136889100075 -0.29301419854164124 198 144 149
0.07802488654851913 -0.013452136889100075 -0.29301419854164124 198 144 149
0.07086319476366043 -0.008436922915279865 -0.30345919728279114 184 131 139
0.06921255588531494 -0.007145825773477554 -0.3063853979110718 86 1 17
0.06921255588531494 -0.007145825773477554 -0.3063853979110718 86 1 17
0.07879778742790222 -0.013505667448043823 -0.2931150496006012 56 5 9
0.07929792255163193 -0.013651545159518719 -0.2927631735801697 185 119 128
0.07473739981651306 -0.010268371552228928 -0.29885533452033997 90 1 21
0.06868324428796768 -0.006318559870123863 -0.30749422311782837 181 115 127
0.07092589139938354 -0.006657884921878576 -0.3030758500099182 58 5 13
0.06888273358345032 -0.005768686067312956 -0.3080466091632843 80 14 26
0.07809489220380783 -0.011615097522735596 -0.29577967524528503 102 0 13
0.069668248295784 -0.005420222878456116 -0.30682504177093506 80 11 25
0.07493925839662552 -0.008893609046936035 -0.29975467920303345 77 2 12
0.06947899609804153 -0.005015930626541376 -0.3077620267868042 183 117 129
0.07394617795944214 -0.008012895472347736 -0.30162525177001953 189 121 132
0.07181567698717117 -0.006325011607259512 -0.305419385433197 76 10 24
0.07508240640163422 -0.008061489090323448 -0.30076438188552856 69 30 31
0.07508240640163422 -0.008061489090323448 -0.30076438188552856 69 30 31
0.07396923005580902 -0.006883396301418543 -0.30313292145729065 91 0 14
0.08070588111877441 -0.011211022734642029 -0.2942748963832855 81 22 28
0.07776785641908646 -0.00886512454599142 -0.29861053824424744 74 19 25
0.07527319341897964 -0.007063291966915131 -0.3022269904613495 178 129 133
0.07282429188489914 -0.004769365768879652 -0.30584296584129333 120 79 81
0.08060529083013535 -0.01030214224010706 -0.2956725060939789 67 1 9
0.0729546919465065 -0.004495473578572273 -0.3051491975784302 112 66 69
0.07351737469434738 -0.004948969464749098 -0.3046993911266327 79 12 22
0.08155415207147598 -0.010869398713111877 -0.29486218094825745 161 117 118
0.07870674878358841 -0.008491314947605133 -0.2978071868419647 173 113 121
0.07870674878358841 -0.008491314947605133 -0.2978071868419647 173 113 121
0.07848566025495529 -0.007877823896706104 -0.29884910583496094 71 11 19
0.07848566025495529 -0.007877823896706104 -0.29884910583496094 71 11 19
0.07955857366323471 -0.00769383180886507 -0.29813307523727417 181 121 129
0.07662319391965866 -0.005209874827414751 -0.3025761544704437 170 124 127
0.07409001141786575 -0.003505708882585168 -0.30625206232070923 73 10 21
0.07409001141786575 -0.003505708882585168 -0.30625206232070923 73 10 21
0.07831548899412155 -0.006279256194829941 -0.3001415431499481 94 1 24
0.07605835795402527 -0.004573092330247164 -0.30293941497802734 81 0 13
0.08139011263847351 -0.007414066698402166 -0.2975175380706787 93 0 17
0.07344973832368851 -0.0013794794213026762 -0.30791836977005005 85 15 28
0.08138927072286606 -0.007802042178809643 -0.2997315526008606 75 6 19
0.07833067327737808 -0.004230371210724115 -0.3024592399597168 140 94 97
0.07830294966697693 -0.004008947871625423 -0.3024129867553711 140 94 97
0.07519754767417908 -0.0012941921595484018 -0.30806052684783936 196 134 145
0.07669250667095184 -0.0019448167877271771 -0.3057071268558502 179 111 122
0.07979414612054825 -0.0035828659310936928 -0.3020843267440796 184 114 125
0.08251240849494934 -0.00537121994420886 -0.29957690834999084 195 121 136
0.08251240849494934 -0.00537121994420886 -0.29957690834999084 195 121 136
0.07468355447053909 0.0007720547146163881 -0.3096438944339752 175 90 105
0.07468355447053909 0.0007720547146163881 -0.3096438944339752 175 90 105
0.07839657366275787 -0.0017681276658549905 -0.3047199845314026 97 0 17
0.08463043719530106 -0.006024894304573536 -0.298827201128006 97 0 12
0.07724111527204514 -3.557465606718324e-05 -0.3073797821998596 158 119 119
0.08156473934650421 -0.0033769910223782063 -0.3022633492946625 105 0 21
0.07758737355470657 5.328253246261738e-05 -0.30718740820884705 117 76 77
0.07701466232538223 0.0010116606717929244 -0.3085601329803467 190 140 145
0.07701466232538223 0.0010116606717929244 -0.3085601329803467 190 140 145
0.07652547210454941 0.0016421241452917457 -0.30977609753608704 89 5 18
0.07652547210454941 0.0016421241452917457 -0.30977609753608704 89 5 18
0.0787787064909935 6.671526352874935e-05 -0.3067695200443268 184 121 130
0.08665478229522705 -0.0059815943241119385 -0.2982540726661682 195 114 129
0.08789166808128357 -0.006680253427475691 -0.2973499298095703 100 33 37
0.08188654482364655 -0.0005344165256246924 -0.3041519224643707 142 85 91
0.08686619251966476 -0.004274581093341112 -0.3002049922943115 101 4 15
0.08387084305286407 -0.0011137307155877352 -0.302956223487854 122 20 41
0.0806913897395134 0.0025967692490667105 -0.3081701099872589 84 38 41
0.08419982343912125 7.422070484608412e-05 -0.3043844699859619 203 140 146
0.07966145128011703 0.003880332224071026 -0.3097034990787506 79 26 32
0.08671092987060547 -0.002002862049266696 -0.30154335498809814 192 125 132
0.0795462429523468 0.0039091589860618114 -0.310337632894516 195 132 141
0.08336019515991211 0.0011825966648757458 -0.3050873279571533 99 9 24
0.08253978192806244 0.0017467018915340304 -0.30695226788520813 101 7 23
0.08029581606388092 0.0039001014083623886 -0.3098338544368744 183 137 140
0.08592618256807327 -0.0006534695858135819 -0.303005188703537 183 133 136
0.08487173169851303 0.00014303653733804822 -0.3045017123222351 90 7 21
0.08078103512525558 0.003547694068402052 -0.3093276619911194 52 23 20
0.08920934796333313 -0.003504995023831725 -0.29994112253189087 65 8 15
0.08510340750217438 0.0010378774022683501 -0.3046630024909973 106 7 25
0.08719643205404282 -0.0009998604655265808 -0.3029707074165344 154 112 110
0.08114004135131836 0.004256622865796089 -0.3097015619277954 191 118 129
0.08444494754076004 0.0015514864353463054 -0.30575430393218994 189 124 130
0.0862504318356514 0.00048768165288493037 -0.3046233654022217 96 8 24
0.08468902111053467 0.002149374922737479 -0.3060895502567291 133 78 83
0.08416088670492172 0.0028325419407337904 -0.30675914883613586 195 138 144
0.08416088670492172 0.0028325419407337904 -0.30675914883613586 195 138 144
0.08856900036334991 -0.0004764670447912067 -0.30240336060523987 205 137 144
0.09050829708576202 -0.0019605655688792467 -0.30226531624794006 102 6 18
0.09050829708576202 -0.0019605655688792467 -0.30226531624794006 102 6 18
0.08387181162834167 0.004366409499198198 -0.3083983063697815 104 7 24
0.08819390088319778 0.0009451826335862279 -0.30418333411216736 196 133 141
0.08128952234983444 0.007163709960877895 -0.3119795322418213 89 14 24
0.08267039060592651 0.006189946550875902 -0.31079503893852234 206 136 147
0.08267039060592651 0.006189946550875902 -0.31079503893852234 206 136 147
0.0813717171549797 0.008091539144515991 -0.3130057454109192 188 134 136
0.08879224956035614 0.0017356591997668147 -0.3058874011039734 98 10 26
0.0876535102725029 0.0036504280287772417 -0.3073422312736511 125 79 82
0.08267122507095337 0.008604469709098339 -0.31264403462409973 74 3 9
0.0907931923866272 0.001598493312485516 -0.3053836524486542 52 2 3
0.0848870500922203 0.007212275173515081 -0.31117409467697144 202 132 142
0.08667957782745361 0.005747898016124964 -0.30886393785476685 101 7 23
0.09161102026700974 0.0018086631316691637 -0.30557557940483093 181 133 133
0.0867849737405777 0.007621863856911659 -0.31071946024894714 162 94 99
0.08381936699151993 0.010217888280749321 -0.3142317831516266 196 134 140
0.08633318543434143 0.008651339448988438 -0.31158074736595154 195 134 142
0.08373821526765823 0.010971564799547195 -0.31468525528907776 61 21 21
0.0912480428814888 0.003985478077083826 -0.3071556091308594 103 15 31
0.0912480428814888 0.003985478077083826 -0.3071556091308594 103 15 31
0.08574897795915604 0.009857028722763062 -0.3126318156719208 205 144 152
0.08646079152822495 0.009107436053454876 -0.31210970878601074 101 40 48
0.0873590037226677 0.008490476757287979 -0.31136900186538696 86 17 22
0.09264339506626129 0.003446760354563594 -0.307012677192688 195 130 138
0.09305346012115479 0.0032941894605755806 -0.306024968624115 166 113 114
0.08723264932632446 0.009076865389943123 -0.31228959560394287 203 142 150
0.08507581800222397 0.011399172246456146 -0.3150031566619873 198 131 140
0.08609802275896072 0.010463215410709381 -0.31400230526924133 99 6 24
0.08826000988483429 0.009134085848927498 -0.31150662899017334 202 130 136
0.08836714178323746 0.008991948328912258 -0.3131178319454193 92 18 33
0.09299279004335403 0.00535607198253274 -0.30854061245918274 74 15 22
0.08735664188861847 0.011414487846195698 -0.31415387988090515 210 147 155
0.08735664188861847 0.011414487846195698 -0.31415387988090515 210 147 155
0.08710169792175293 0.011773430742323399 -0.3146933913230896 80 5 15
0.08854476362466812 0.010631369426846504 -0.3131391704082489 198 140 149
0.09384977072477341 0.00615068431943655 -0.3095707595348358 61 8 14
0.09475613385438919 0.004993851762264967 -0.30922776460647583 87 28 40
0.08650760352611542 0.013863194733858109 -0.3158235549926758 215 146 156
0.08650760352611542 0.013863194733858109 -0.3158235549926758 215 146 156
0.09092748910188675 0.00944420788437128 -0.31244537234306335 103 16 30
0.09375301748514175 0.006681002210825682 -0.3099711537361145 172 119 125
0.0901135578751564 0.010820223949849606 -0.31401270627975464 70 10 20
0.09456416219472885 0.0066628544591367245 -0.30994272232055664 91 14 26
0.08698620647192001 0.014845597557723522 -0.31748294830322266 90 10 23
0.09263482689857483 0.010011541657149792 -0.31247177720069885 107 2 19
0.08813846111297607 0.014503789134323597 -0.31683549284935 171 91 104
0.08978589624166489 0.01309245266020298 -0.31559568643569946 204 140 147
0.08978589624166489 0.01309245266020298 -0.31559568643569946 204 140 147
0.08864973485469818 0.014820225536823273 -0.31729602813720703 99 29 40
0.09209443628787994 0.012073454447090626 -0.3143228590488434 83 21 29
0.09184262901544571 0.013064056634902954 -0.31537288427352905 90 3 19
0.09412623196840286 0.012513003312051296 -0.3154008686542511 199 142 149
0.09197741001844406 0.01631738245487213 -0.3180188536643982 91 2 20
0.09284212440252304 0.020045358687639236 -0.3217618763446808 131 82 88
-0.08095580339431763 0.18772286176681519 0.0027996860444545746 106 64 48
-0.08768973499536514 0.18559294939041138 -0.043054863810539246 118 75 68
-0.07269856333732605 0.19471991062164307 -0.0020813578739762306 141 91 90
-0.07489301264286041 0.19442060589790344 -0.013053162023425102 122 77 72
-0.08776893466711044 0.2079186737537384 -0.04168552905321121 102 47 46
-0.07961882650852203 0.20335376262664795 -0.03394663706421852 124 79 76
-0.07961882650852203 0.20335376262664795 -0.03394663706421852 124 79 76
-0.06524641066789627 0.19716499745845795 -0.016413474455475807 126 85 81
-0.08110591024160385 0.20626716315746307 -0.039601560682058334 77 6 10
-0.07737241685390472 0.20744678378105164 -0.02984204888343811 136 92 89
-0.10322101414203644 0.2117224782705307 -0.08268428593873978 123 80 67
-0.06258311122655869 0.20395147800445557 -0.015028677880764008 63 19 16
-0.06303274631500244 0.2040155977010727 -0.016615303233265877 70 15 16
-0.06087702512741089 0.20480485260486603 -0.010753920301795006 69 19 14
-0.06165912374854088 0.2060871422290802 -0.014558812603354454 138 89 88
-0.06230420991778374 0.20707526803016663 -0.016988521441817284 136 64 71
-0.07474715262651443 0.2109246701002121 -0.03789592534303665 77 0 6
-0.06025959551334381 0.2081378549337387 -0.016731977462768555 68 7 9
-0.054823845624923706 0.2071423977613449 -0.007227512542158365 74 5 8
-0.05572818964719772 0.20742252469062805 -0.01204746775329113 147 87 89
-0.05892261862754822 0.20817799866199493 -0.018781397491693497 137 69 73
-0.0558282844722271 0.20823058485984802 -0.01957530342042446 69 0 1
-0.05598459392786026 0.21341681480407715 -0.018111271783709526 72 0 3
-0.07139983028173447 0.22128775715827942 -0.04529169201850891 56 0 0
-0.07314638793468475 0.22263363003730774 -0.05025618523359299 121 48 55
-0.07202137261629105 0.2221881002187729 -0.04905635863542557 125 62 67
-0.04023452475667 0.2099320888519287 -0.00549878878518939 66 13 11
-0.06776538491249084 0.2235373556613922 -0.04570154845714569 48 0 0
-0.06755731999874115 0.2232619673013687 -0.04692676290869713 81 21 23
-0.06729290634393692 0.223418191075325 -0.04825663939118385 160 90 96
-0.06536635756492615 0.2226436585187912 -0.04578990861773491 152 77 82
-0.04550553858280182 0.21807046234607697 -0.01828381046652794 161 106 111
-0.039182648062705994 0.2160971313714981 -0.01013878732919693 145 71 80
-0.04106210544705391 0.21785709261894226 -0.019665716215968132 59 5 7
-0.03937232121825218 0.2207135558128357 -0.015591498464345932 148 90 89
-0.03991508111357689 0.22067369520664215 -0.021407082676887512 173 112 116
-0.04541456699371338 0.2498171329498291 -0.06997013837099075 77 3 12
-0.04051851108670235 0.24950826168060303 -0.06525237113237381 175 92 102
-0.04484965652227402 0.25320878624916077 -0.06901637464761734 188 125 129
-0.04700871556997299 0.2545164227485657 -0.07446535676717758 164 103 110
-0.04700871556997299 0.2545164227485657 -0.07446535676717758 164 103 110
-0.02870282344520092 0.24633608758449554 -0.05186419561505318 180 119 126
-0.02279745228588581 0.24392083287239075 -0.04623452201485634 83 0 10
-0.02279745228588581 0.24392083287239075 -0.04623452201485634 83 0 10
-0.02799212373793125 0.2454107254743576 -0.055166032165288925 62 2 8
-0.039224930107593536 0.2542176842689514 -0.06550117582082748 189 132 135
-0.0263666994869709 0.24631327390670776 -0.05094849690794945 176 117 123
-0.034857772290706635 0.25196534395217896 -0.06387777626514435 88 0 10
-0.037288349121809006 0.25379350781440735 -0.0670710876584053 73 14 16
-0.03797801584005356 0.25543883442878723 -0.0674203410744667 71 16 21
-0.02723677270114422 0.2480143904685974 -0.05633576586842537 162 100 107
-0.012844855897128582 0.2393357753753662 -0.0403016023337841 89 0 10
-0.042567167431116104 0.2568427324295044 -0.07733814418315887 171 105 113
-0.03073650225996971 0.2512858211994171 -0.06196007505059242 175 121 126
-0.04333742335438728 0.2584264278411865 -0.07932296395301819 113 62 67
-0.028045130893588066 0.2520584464073181 -0.059385377913713455 53 1 6
-0.03749014437198639 0.256478875875473 -0.07283655554056168 65 8 15
-0.0400015227496624 0.2596154808998108 -0.07515585422515869 74 2 13
-0.01616104133427143 0.24612264335155487 -0.04621683061122894 67 7 9
-0.03048427775502205 0.2546435594558716 -0.06408503651618958 180 103 115
-0.03048427775502205 0.2546435594558716 -0.06408503651618958 180 103 115
-0.028061222285032272 0.25215062499046326 -0.06404568254947662 174 119 124
-0.007053720764815807 0.24362421035766602 -0.032920148223638535 114 55 61
-0.007053720764815807 0.24362421035766602 -0.032920148223638535 114 55 61
-0.006572815123945475 0.24278943240642548 -0.034021344035863876 90 31 37
-0.004839284811168909 0.24208544194698334 -0.03171725943684578 72 11 16
-0.024211470037698746 0.2548133134841919 -0.05387986823916435 164 110 116
-0.028655318543314934 0.2554749548435211 -0.06416068226099014 74 2 12
-0.006433364003896713 0.24484282732009888 -0.033794090151786804 187 128 134
-0.02113497070968151 0.25255534052848816 -0.05349013954401016 44 4 5
-0.027764765545725822 0.2561687231063843 -0.061986543238162994 186 132 137
-0.040028758347034454 0.26172560453414917 -0.08142319321632385 82 2 15
-0.040028758347034454 0.26172560453414917 -0.08142319321632385 82 2 15
-0.022766247391700745 0.25412657856941223 -0.057773884385824203 61 9 14
-0.022766247391700745 0.25412657856941223 -0.057773884385824203 61 9 14
-0.020221641287207603 0.2523703873157501 -0.055346474051475525 168 115 121
-0.036084484308958054 0.26025694608688354 -0.07745036482810974 85 7 20
-0.01849883794784546 0.250887930393219 -0.05446961149573326 84 7 17
-0.03194127231836319 0.25906410813331604 -0.07155609875917435 86 13 24
-0.005639772396534681 0.24528180062770844 -0.03712936118245125 68 9 15
-0.011308870278298855 0.24965167045593262 -0.04378712177276611 163 108 113
-0.011308870278298855 0.24965167045593262 -0.04378712177276611 163 108 113
-0.028143903240561485 0.2599388062953949 -0.06452404707670212 93 0 15
-0.011608042754232883 0.24929213523864746 -0.04673820361495018 169 111 116
-0.021970147266983986 0.2548709213733673 -0.06113799288868904 161 110 117
-0.019951794296503067 0.25391578674316406 -0.05883833393454552 193 140 146
0.002461087889969349 0.24268487095832825 -0.029325304552912712 65 12 18
-0.008586989715695381 0.24763672053813934 -0.04560838267207146 59 7 10
-0.03332352638244629 0.2625264525413513 -0.07575584203004837 193 117 129
-0.03934759274125099 0.26438575983047485 -0.08570582419633865 71 14 17
-0.0038887583650648594 0.24630288779735565 -0.03835833817720413 68 9 15
-0.0038887583650648594 0.24630288779735565 -0.03835833817720413 68 9 15
-0.038037363439798355 0.265165239572525 -0.08233823627233505 178 128 131
-0.038037363439798355 0.265165239572525 -0.08233823627233505 178 128 131
-0.0016510575078427792 0.2456861287355423 -0.03534083813428879 70 11 17
-0.0005449890159070492 0.2453593611717224 -0.034204259514808655 62 2 8
0.002205450087785721 0.2448735237121582 -0.029660072177648544 139 78 85
0.002158083952963352 0.24267491698265076 -0.03418339788913727 78 17 24
-0.003878588555380702 0.2496563047170639 -0.03773937374353409 178 95 104
-0.01652415841817856 0.254260778427124 -0.05832608416676521 184 122 130
-0.007392388302832842 0.2500162720680237 -0.047940921038389206 56 4 8
-0.007392388302832842 0.2500162720680237 -0.047940921038389206 56 4 8
-0.017705038189888 0.25662940740585327 -0.06041970103979111 192 122 133
-0.017705038189888 0.25662940740585327 -0.06041970103979111 192 122 133
-0.026510607451200485 0.26124048233032227 -0.07226216793060303 171 104 113
0.00023299951863009483 0.24838826060295105 -0.03539861738681793 127 67 74
-0.03704378753900528 0.26779088377952576 -0.08622096478939056 77 0 4
0.003154862206429243 0.24645587801933289 -0.03320716693997383 53 1 4
-0.0033558199647814035 0.2505148649215698 -0.04144152253866196 88 2 13
-0.004685066640377045 0.24658288061618805 -0.05175776034593582 147 95 99
0.005074582993984222 0.24734829366207123 -0.031545452773571014 171 119 121
0.00011932082998100668 0.24849958717823029 -0.04038045182824135 70 5 11
0.0021488198544830084 0.2484060823917389 -0.03720619156956673 65 1 6
-0.032571520656347275 0.2683490812778473 -0.08189111202955246 96 0 13
-0.005465214140713215 0.25386419892311096 -0.04725097864866257 59 7 11
-0.005465214140713215 0.25386419892311096 -0.04725097864866257 59 7 11
0.001803883002139628 0.249884232878685 -0.03887396678328514 174 109 115
-0.011777306906878948 0.2575870454311371 -0.05672897398471832 67 16 20
-0.03463682159781456 0.2707555294036865 -0.08857349306344986 167 98 107
-0.022350329905748367 0.2635784149169922 -0.0731215551495552 70 0 5
-0.025880221277475357 0.2671107351779938 -0.07646093517541885 57 1 10
-0.011821399442851543 0.2578549087047577 -0.0613386370241642 174 113 122
-0.009975304827094078 0.25597307085990906 -0.06063500791788101 96 51 53
-0.012798883020877838 0.259566068649292 -0.06183507665991783 76 2 15
-0.030044538900256157 0.27009332180023193 -0.08384419977664948 78 1 12
-0.010549061931669712 0.25823840498924255 -0.060064107179641724 74 28 30
0.008859344758093357 0.24927222728729248 -0.03376828134059906 88 0 13
-0.005024779122322798 0.2546839118003845 -0.05637243762612343 90 0 8
-0.025660386309027672 0.26831868290901184 -0.07994823157787323 188 131 140
0.0018797384109348059 0.25356587767601013 -0.04390250891447067 88 0 10
-0.0015802173875272274 0.2546482980251312 -0.04981393739581108 76 4 16
-0.0015802173875272274 0.2546482980251312 -0.04981393739581108 76 4 16
0.01255787257105112 0.24908681213855743 -0.028743676841259003 89 6 21
-0.021009312942624092 0.26579269766807556 -0.07523132860660553 184 121 129
-0.021009312942624092 0.26579269766807556 -0.07523132860660553 184 121 129
-0.027929292991757393 0.27063217759132385 -0.08393272757530212 181 119 124
-0.01355242170393467 0.2627967894077301 -0.06657834351062775 192 127 135
0.007740808185189962 0.2532234191894531 -0.03718780353665352 180 126 126
-0.022912733256816864 0.26950380206108093 -0.07970770448446274 55 0 7
-0.022912733256816864 0.26950380206108093 -0.07970770448446274 55 0 7
-0.020020127296447754 0.2676084637641907 -0.07717633247375488 60 1 8
-0.0007108401041477919 0.257482647895813 -0.05212770402431488 204 134 145
-0.024854466319084167 0.27357789874076843 -0.08245804160833359 73 0 9
-0.008797908201813698 0.2619873285293579 -0.06604240834712982 89 1 18
-0.0007839789614081383 0.2605385482311249 -0.052263043820858 77 6 12
-0.021908780559897423 0.27068063616752625 -0.08224590122699738 199 141 150
-0.020133666694164276 0.2710586190223694 -0.07838472723960876 185 128 137
0.009806737303733826 0.255508154630661 -0.038211189210414886 184 133 135
-0.017480606213212013 0.26917222142219543 -0.07658722251653671 189 119 131
-0.017480606213212013 0.26917222142219543 -0.07658722251653671 189 119 131
-0.011828852817416191 0.2662392556667328 -0.06994011253118515 75 19 28
-0.02372262440621853 0.27442142367362976 -0.08620515465736389 206 130 144
-0.004043325316160917 0.26345038414001465 -0.06278114765882492 74 20 26
0.00979823898524046 0.256544828414917 -0.04516634717583656 88 5 19
0.00979823898524046 0.256544828414917 -0.04516634717583656 88 5 19
0.016567833721637726 0.2539157569408417 -0.03537685051560402 78 0 13
0.003826834261417389 0.25835373997688293 -0.05591375380754471 175 122 127
-0.025567952543497086 0.2775841951370239 -0.09125228971242905 61 5 14
-0.025567952543497086 0.2775841951370239 -0.09125228971242905 61 5 14
-0.019108885899186134 0.27444860339164734 -0.08314038813114166 186 134 144
-0.022997643798589706 0.27733752131462097 -0.08755972236394882 74 18 27
0.009111430495977402 0.25900211930274963 -0.04673472419381142 98 0 13
-0.01646355725824833 0.27295979857444763 -0.08065565675497055 175 124 133
-0.014455094933509827 0.27233612537384033 -0.0778321847319603 193 126 136
-0.013381347060203552 0.271632581949234 -0.07663346827030182 84 4 16
-0.006659467704594135 0.267964631319046 -0.06820344924926758 174 125 131
-0.008314426057040691 0.2689012885093689 -0.07133591920137405 59 12 16
0.014016889035701752 0.2565571665763855 -0.04269672557711601 178 128 130
-0.005325205624103546 0.2684233784675598 -0.06704068183898926 54 0 6
-0.008792196400463581 0.2704380750656128 -0.07229351252317429 181 115 124
-0.006967207882553339 0.2691030502319336 -0.07067986577749252 161 112 118
-0.02253638207912445 0.2780506908893585 -0.09091923385858536 190 134 143
-0.02481810562312603 0.2802076041698456 -0.09293162822723389 183 116 126
-0.000797770859207958 0.2643048167228699 -0.06470417231321335 101 48 52
0.014273222535848618 0.2564747631549835 -0.044485077261924744 61 8 10
0.007298631593585014 0.26014119386672974 -0.054958734661340714 173 114 120
0.007298631593585014 0.26014119386672974 -0.054958734661340714 173 114 120
-0.01984640397131443 0.2765031158924103 -0.08894148468971252 171 97 112
-0.0054603382013738155 0.268349826335907 -0.07078336924314499 67 18 24
-0.007260529790073633 0.2711244821548462 -0.07220003753900528 91 40 47
-0.0149137107655406 0.27351993322372437 -0.08596041798591614 178 117 130
0.01582411490380764 0.25812262296676636 -0.04350891709327698 197 135 140
-0.004378788638859987 0.2707514762878418 -0.0688101202249527 43 2 4
-0.021911846473813057 0.2804446816444397 -0.09296095371246338 75 15 27
-0.004584065172821283 0.27039679884910583 -0.0708429291844368 182 129 137
-0.0003428471100050956 0.2678217589855194 -0.06644219905138016 62 4 10
-0.004988349042832851 0.271219938993454 -0.07390820980072021 63 13 18
-0.0012856419198215008 0.269544780254364 -0.06841311603784561 87 0 18
-0.015602260828018188 0.27880096435546875 -0.08634432405233383 95 0 18
-0.015602260828018188 0.27880096435546875 -0.08634432405233383 95 0 18
-0.015602260828018188 0.27880096435546875 -0.08634432405233383 95 0 18
0.02149537205696106 0.25521519780158997 -0.041403770446777344 176 116 123
-0.02141067013144493 0.28213801980018616 -0.09515794366598129 195 128 138
-0.0016328076599165797 0.26784777641296387 -0.07362478226423264 172 119 127
-0.022583957761526108 0.2834300994873047 -0.09609746187925339 86 5 20
-0.0020687850192189217 0.27162671089172363 -0.0735248252749443 69 16 24
0.01863146387040615 0.2601938247680664 -0.047752294689416885 200 130 141
-0.0003902132448274642 0.27156147360801697 -0.07180136442184448 60 8 14
-0.020614849403500557 0.2848123610019684 -0.09723066538572311 84 3 18
-0.013829723000526428 0.28087127208709717 -0.0888693556189537 79 5 18
-0.002941993298009038 0.2739390730857849 -0.07622333616018295 203 137 145
-0.017519334331154823 0.2827298641204834 -0.09616837650537491 184 121 130
0.02048591710627079 0.2604672908782959 -0.04725881293416023 59 1 6
0.00013408790982794017 0.2735876441001892 -0.07219533622264862 170 117 123
0.021968476474285126 0.25941169261932373 -0.046474382281303406 80 18 29
0.0 0.27344295382499695 -0.07443491369485855 72 19 25
0.0 0.27344295382499695 -0.07443491369485855 72 19 25
-0.008955400437116623 0.28041189908981323 -0.08430211246013641 74 3 17
-0.000603569729719311 0.2746647298336029 -0.07517111301422119 73 20 26
0.027703886851668358 0.2595929205417633 -0.03855741396546364 190 124 134
0.022077487781643867 0.2630922198295593 -0.04554569348692894 153 92 102
-0.013934625312685966 0.28367650508880615 -0.09316327422857285 68 5 14
-0.006506433244794607 0.28235724568367004 -0.07936336100101471 198 125 136
-0.016843602061271667 0.28655585646629333 -0.09565842151641846 61 1 8
0.0015140441246330738 0.2749220132827759 -0.07325895130634308 167 114 120
0.006503229029476643 0.272156685590744 -0.06846486777067184 67 21 23
0.006503229029476643 0.272156685590744 -0.06846486777067184 67 21 23
0.0004525554249994457 0.2755975127220154 -0.07654041051864624 62 9 15
0.013968199491500854 0.26711514592170715 -0.062129754573106766 88 31 38
0.015589931048452854 0.268892765045166 -0.057416826486587524 177 120 127
-0.015044176019728184 0.2887938320636749 -0.09726636111736298 101 9 23
0.02682587131857872 0.2607293725013733 -0.04747457429766655 192 126 136
-0.005534313153475523 0.28121545910835266 -0.08765866607427597 107 58 64
-0.005534313153475523 0.28121545910835266 -0.08765866607427597 107 58 64
-0.005534313153475523 0.28121545910835266 -0.08765866607427597 107 58 64
-0.0038433426525443792 0.2811259627342224 -0.0847131535410881 71 6 14
0.025292184203863144 0.26300716400146484 -0.04891297221183777 78 25 30
0.008904621936380863 0.2723686099052429 -0.07083460688591003 62 17 20
0.008904621936380863 0.2723686099052429 -0.07083460688591003 62 17 20
0.032432977110147476 0.2605384886264801 -0.03980787843465805 54 5 9
-0.003246599342674017 0.2804824411869049 -0.08776465058326721 178 120 126
0.028140839189291 0.2621763050556183 -0.04968908056616783 192 136 143
0.025825470685958862 0.26378756761550903 -0.05267004668712616 63 1 6
0.002369002439081669 0.27966728806495667 -0.08055981248617172 71 3 16
0.002369002439081669 0.27966728806495667 -0.08055981248617172 71 3 16
0.008992666378617287 0.27631765604019165 -0.07147689908742905 91 6 19
0.00917140394449234 0.27347099781036377 -0.0764288529753685 90 2 18
0.002802820410579443 0.28078922629356384 -0.08114039152860641 86 12 27
0.0321698859333992 0.262359082698822 -0.04555467888712883 202 115 131
-0.002265632851049304 0.2839454114437103 -0.089105524122715 75 0 10
-0.002265632851049304 0.2839454114437103 -0.089105524122715 75 0 10
0.028550833463668823 0.26600804924964905 -0.053471021354198456 202 140 148
0.03033946268260479 0.26411673426628113 -0.05317118763923645 80 26 32
0.03033946268260479 0.26411673426628113 -0.05317118763923645 80 26 32
-0.0029006176628172398 0.285669207572937 -0.09574827551841736 87 5 17
0.008906710892915726 0.2799469828605652 -0.08117476850748062 154 104 107
0.03422487899661064 0.26802319288253784 -0.044420503079891205 94 1 19
-0.0004246929893270135 0.28745800256729126 -0.0928630530834198 67 20 26
0.02412300743162632 0.2711490988731384 -0.06535413861274719 182 121 129
0.02412300743162632 0.2711490988731384 -0.06535413861274719 182 121 129
0.0008455548668280244 0.2882915437221527 -0.09442902356386185 196 139 146
0.013133928179740906 0.2789163589477539 -0.08226359635591507 201 124 132
0.013133928179740906 0.2789163589477539 -0.08226359635591507 201 124 132
0.014270436950027943 0.28097307682037354 -0.07771070301532745 208 147 154
0.01953880302608013 0.27541959285736084 -0.07504047453403473 207 132 144
0.019454170018434525 0.2763424813747406 -0.07443923503160477 207 132 144
0.006667547393590212 0.2881404757499695 -0.0917142853140831 196 144 148
0.003999650944024324 0.2897168695926666 -0.09522352367639542 83 9 22
0.005154548212885857 0.28929275274276733 -0.09357134997844696 79 19 27
0.03242022916674614 0.27124109864234924 -0.060561832040548325 98 4 18
0.03242022916674614 0.27124109864234924 -0.060561832040548325 98 4 18
0.0074060410261154175 0.28670936822891235 -0.09564797580242157 160 106 110
0.007023350801318884 0.290596067905426 -0.09302657097578049 160 106 110
0.021040169522166252 0.2803857922554016 -0.07672549039125443 78 24 29
0.014391220174729824 0.28547826409339905 -0.08672921359539032 182 117 121
0.02333700843155384 0.2757963538169861 -0.08163826167583466 160 110 113
0.010181347839534283 0.28996917605400085 -0.09256941825151443 203 134 139
0.004185562953352928 0.29536181688308716 -0.09910503774881363 92 12 23
0.007496803067624569 0.29396873712539673 -0.09670054912567139 84 10 21
0.034321002662181854 0.2741001844406128 -0.06818405538797379 189 101 112
0.017310714349150658 0.28727835416793823 -0.0878337100148201 82 21 26
0.010136418975889683 0.29290375113487244 -0.09780724346637726 102 13 27
0.010136418975889683 0.29290375113487244 -0.09780724346637726 102 13 27
0.014087798073887825 0.2902856171131134 -0.09376373887062073 109 2 20
0.014087798073887825 0.2902856171131134 -0.09376373887062073 109 2 20
0.018047397956252098 0.28736773133277893 -0.08905784785747528 198 145 148
0.0016193640185520053 0.30126383900642395 -0.10805479437112808 197 135 138
0.004281897097826004 0.29979652166366577 -0.10885490477085114 75 30 30
0.024028275161981583 0.2851286232471466 -0.08831600844860077 83 12 22
0.015498055145144463 0.2936680316925049 -0.09790092706680298 65 18 16
0.030375055968761444 0.282168984413147 -0.08123491704463959 189 123 131
0.024388885125517845 0.2863885760307312 -0.0890907570719719 214 134 148
0.022551080211997032 0.28818392753601074 -0.09166973829269409 84 7 17
0.015337219461798668 0.29454517364501953 -0.09987121820449829 186 148 145
0.020014623180031776 0.29189494252204895 -0.094537653028965 114 5 26
0.015879979357123375 0.29531246423721313 -0.10113951563835144 71 24 24
0.019104985520243645 0.2940550744533539 -0.09721708297729492 89 12 22
0.00754667678847909 0.30363860726356506 -0.1105634942650795 211 151 157
0.02671309933066368 0.28819525241851807 -0.09037163108587265 101 12 24
0.02671309933066368 0.28819525241851807 -0.09037163108587265 101 12 24
0.031052391976118088 0.28740039467811584 -0.08267021179199219 95 48 50
0.02508029155433178 0.28953346610069275 -0.09296144545078278 215 154 156
0.02508029155433178 0.28953346610069275 -0.09296144545078278 215 154 156
0.016680188477039337 0.29736533761024475 -0.10190883278846741 195 128 135
0.019699081778526306 0.2949691116809845 -0.09916897863149643 208 146 151
0.018589042127132416 0.2967448830604553 -0.09970690310001373 82 32 33
0.029821639880537987 0.2853279113769531 -0.09140902012586594 100 12 26
0.02551424875855446 0.29078125953674316 -0.09405110776424408 70 21 22
0.02551424875855446 0.29078125953674316 -0.09405110776424408 70 21 22
0.025654884055256844 0.29117363691329956 -0.09370547533035278 70 21 22
0.02448180504143238 0.2923877239227295 -0.0957789272069931 217 158 162
0.02448180504143238 0.2923877239227295 -0.0957789272069931 217 158 162
0.027240395545959473 0.2908512353897095 -0.09368252009153366 209 148 151
0.03413000702857971 0.2850342094898224 -0.08746373653411865 184 138 140
0.023771870881319046 0.29610028862953186 -0.09992809593677521 102 11 26
0.01062025036662817 0.3071788549423218 -0.11503934860229492 79 8 17
0.01770155504345894 0.3015291392803192 -0.10974510759115219 96 17 24
0.012816715054214 0.3065625727176666 -0.1149679496884346 76 24 25
0.03652993589639664 0.28662753105163574 -0.08975601196289062 59 4 7
0.03652993589639664 0.28662753105163574 -0.08975601196289062 59 4 7
0.01304853055626154 0.30807092785835266 -0.11646806448698044 206 145 150
0.03009740822017193 0.29357218742370605 -0.0982239618897438 213 152 157
0.01450413279235363 0.30594372749328613 -0.11608972400426865 192 145 148
0.02138427086174488 0.30078116059303284 -0.11053747683763504 190 114 124
0.03322545066475868 0.2921369671821594 -0.09700852632522583 79 27 31
0.03380889073014259 0.2900626063346863 -0.10024826973676682 170 126 127
0.021080709993839264 0.30515381693840027 -0.11142531782388687 93 17 27
0.03510303050279617 0.2915349304676056 -0.10001923888921738 131 83 85
0.031174708157777786 0.2969277501106262 -0.10271809995174408 104 12 27
0.026644138619303703 0.3010786175727844 -0.10824060440063477 187 138 141
0.027826828882098198 0.29924190044403076 -0.10784589499235153 199 145 148
0.02085244655609131 0.30942684412002563 -0.11192969232797623 189 128 135
0.02911943756043911 0.30096572637557983 -0.10861960053443909 94 13 28
0.025778593495488167 0.30272021889686584 -0.11442066729068756 105 9 26
0.02748962491750717 0.30291545391082764 -0.11116528511047363 108 14 34
0.011472631245851517 0.31658801436424255 -0.12926092743873596 123 90 69
0.019343139603734016 0.30975624918937683 -0.1220240443944931 201 128 137
0.019343139603734016 0.30975624918937683 -0.1220240443944931 201 128 137
0.03150801360607147 0.3010411262512207 -0.1077108383178711 193 120 127
0.03150801360607147 0.3010411262512207 -0.1077108383178711 193 120 127
0.022361336275935173 0.3087736666202545 -0.11970330774784088 197 152 155
0.030794037505984306 0.3016284704208374 -0.11111680418252945 196 136 144
0.021146534010767937 0.31084826588630676 -0.12161244451999664 67 18 19
0.024543870240449905 0.3069455921649933 -0.1189459040760994 61 17 18
0.02942878007888794 0.30423620343208313 -0.11414141207933426 208 151 156
0.03102167323231697 0.30321770906448364 -0.11221493780612946 73 24 27
0.022383417934179306 0.31151384115219116 -0.12134458124637604 191 140 141
0.03309401124715805 0.30238285660743713 -0.10992920398712158 78 8 12
0.02395172417163849 0.3119405508041382 -0.12008098512887955 69 11 18
0.022291332483291626 0.31249716877937317 -0.12337418645620346 188 108 119
0.032861918210983276 0.30325832962989807 -0.11249464005231857 211 152 158
0.027437033131718636 0.30967333912849426 -0.11879251897335052 202 130 141
0.0359831340610981 0.30010995268821716 -0.11275351792573929 212 138 143
0.0359831340610981 0.30010995268821716 -0.11275351792573929 212 138 143
0.028614360839128494 0.31187257170677185 -0.11609575152397156 99 15 28
0.035628169775009155 0.3028396666049957 -0.11442101001739502 98 16 30
0.021534588187932968 0.31517136096954346 -0.13158193230628967 105 5 17
0.0335267148911953 0.3070354461669922 -0.11843989044427872 219 159 166
0.0335267148911953 0.3070354461669922 -0.11843989044427872 219 159 166
0.03684359788894653 0.3027864694595337 -0.11728053539991379 203 152 157
0.03164328634738922 0.3130723834037781 -0.11870183050632477 93 3 20
0.03269495069980621 0.3065328299999237 -0.12649975717067719 198 131 138
0.03269495069980621 0.3065328299999237 -0.12649975717067719 198 131 138
0.03198348358273506 0.3125499188899994 -0.12494464963674545 91 15 25
0.029361072927713394 0.3136192858219147 -0.13108880817890167 189 109 120
0.030184060335159302 0.31628715991973877 -0.12681174278259277 83 3 14
0.03644182160496712 0.3065342307090759 -0.12416701018810272 93 11 23
0.03291046619415283 0.3137942850589752 -0.12759697437286377 97 11 24
0.031245896592736244 0.3132053315639496 -0.1322854608297348 210 130 141
0.031245896592736244 0.3132053315639496 -0.1322854608297348 210 130 141
0.0375034473836422 0.3084339201450348 -0.128195121884346 92 7 19
0.038457319140434265 0.3099522590637207 -0.12619470059871674 98 16 28
0.039013590663671494 0.31083250045776367 -0.1297709047794342 207 147 155
0.039013590663671494 0.31083250045776367 -0.1297709047794342 207 147 155
0.03669745847582817 0.3145946264266968 -0.13434846699237823 87 35 39
0.0374959260225296 0.31528908014297485 -0.13715706765651703 212 142 153
0.023283442482352257 0.342007040977478 -0.15670669078826904 123 148 153
0.028411731123924255 0.3522431552410126 -0.1585354506969452 122 139 139
-0.30276012420654297 0.05923280864953995 -0.16509617865085602 77 52 56
-0.28175854682922363 0.07907333970069885 -0.09868744760751724 133 137 120
-0.28583845496177673 0.06874006241559982 -0.15528331696987152 166 171 167
-0.30160829424858093 0.07380334287881851 -0.1827406883239746 130 125 121
-0.28464412689208984 0.08413094282150269 -0.17508593201637268 86 65 72
-0.32694220542907715 0.11016080528497696 -0.247725710272789 79 34 31
-0.2822759449481964 0.10680154711008072 -0.18671704828739166 151 153 150
-0.26812392473220825 0.12485869973897934 -0.1806027591228485 6 39 10
-0.26812392473220825 0.12485869973897934 -0.1806027591228485 6 39 10
-0.24512629210948944 0.14450833201408386 -0.1364423632621765 92 117 77
-0.24897395074367523 0.1799837350845337 -0.18226808309555054 71 69 57
-0.26840561628341675 0.1902218610048294 -0.21619650721549988 47 38 21
-0.26314616203308105 0.21946269273757935 -0.2121783047914505 50 38 24
-0.23699770867824554 0.2322896271944046 -0.15905818343162537 195 199 184
-0.23699770867824554 0.2322896271944046 -0.15905818343162537 195 199 184
-0.2758132517337799 0.2591794729232788 -0.22154702246189117 129 126 111
-0.21663153171539307 0.2839115858078003 -0.14683137834072113 40 93 41
0.024816852062940598 -0.22379645705223083 -0.36590132117271423 112 20 23
0.026290982961654663 -0.22359086573123932 -0.36374324560165405 189 107 111
0.02780056931078434 -0.22360360622406006 -0.36103692650794983 150 61 63
0.028444677591323853 -0.22364120185375214 -0.3600720167160034 158 69 73
0.025792106986045837 -0.2232648730278015 -0.3648647665977478 169 84 91
0.025808336213231087 -0.2227662205696106 -0.36536329984664917 136 51 58
0.027996860444545746 -0.22270309925079346 -0.36165326833724976 126 18 26
0.02876070886850357 -0.22270028293132782 -0.3609769344329834 179 109 111
0.026222649961709976 -0.22200827300548553 -0.3653775751590729 183 109 110
0.02687295898795128 -0.2220093011856079 -0.3646622896194458 113 22 27
0.028350504115223885 -0.22187410295009613 -0.3620331883430481 131 16 29
0.02923840843141079 -0.22177886962890625 -0.36098700761795044 201 135 137
0.026980090886354446 -0.22165663540363312 -0.3652668297290802 187 113 114
0.02668892778456211 -0.22126349806785583 -0.36578255891799927 98 24 25
0.02668892778456211 -0.22126349806785583 -0.36578255891799927 98 24 25
0.02923785150051117 -0.2210198938846588 -0.361895889043808 126 16 25
0.027114247903227806 -0.22092129290103912 -0.36643216013908386 191 108 115
0.027447760105133057 -0.22063836455345154 -0.3653750717639923 172 113 109
0.03682374581694603 -0.22224943339824677 -0.35264089703559875 167 101 103
0.028285862877964973 -0.22040097415447235 -0.3642575442790985 167 94 97
0.02869112230837345 -0.22018060088157654 -0.3632778823375702 104 25 30
0.02681625820696354 -0.22005672752857208 -0.36703506112098694 171 84 93
0.02882137894630432 -0.2201419323682785 -0.3638911247253418 196 121 125
0.03677617013454437 -0.2212236374616623 -0.35377421975135803 120 18 32
0.03151797503232956 -0.2189789116382599 -0.3614249527454376 166 101 105
0.03625820577144623 -0.2189912647008896 -0.35611414909362793 121 7 20
0.039262544363737106 -0.21968086063861847 -0.35372301936149597 161 102 102
0.03040960617363453 -0.21610131859779358 -0.3665166199207306 161 90 96
0.030874142423272133 -0.21556146442890167 -0.3659917116165161 104 12 25
0.03065897524356842 -0.21476030349731445 -0.3672691881656647 196 115 122
0.0319095104932785 -0.21359999477863312 -0.36689263582229614 163 72 82
0.041196681559085846 -0.21513277292251587 -0.3570304811000824 94 8 17
0.039411675184965134 -0.21440725028514862 -0.35879629850387573 151 70 77
0.04030808061361313 -0.2145577222108841 -0.35809510946273804 125 4 23
0.04030808061361313 -0.2145577222108841 -0.35809510946273804 125 4 23
0.03502724692225456 -0.21275797486305237 -0.36422955989837646 120 5 22
0.04205616936087608 -0.21450024843215942 -0.357573539018631 160 91 94
0.03355896472930908 -0.21116316318511963 -0.36842989921569824 116 10 22
0.03362186625599861 -0.21121002733707428 -0.36846476793289185 116 10 22
0.03502592071890831 -0.2109212577342987 -0.3664492964744568 107 11 25
0.03310870751738548 -0.21023371815681458 -0.3694828450679779 175 96 102
0.034132372587919235 -0.21039491891860962 -0.36809125542640686 163 74 84
0.04055452346801758 -0.21213142573833466 -0.3603264391422272 186 105 111
0.04303191229701042 -0.21324829757213593 -0.358212947845459 148 79 84
0.03610008955001831 -0.210493266582489 -0.36583417654037476 193 110 118
0.03362618386745453 -0.20981235802173615 -0.3691727817058563 143 77 81
0.034301429986953735 -0.20965510606765747 -0.3684632182121277 85 19 23
0.03586959466338158 -0.20983441174030304 -0.3663845360279083 187 136 135
0.03473754599690437 -0.20962239801883698 -0.36807146668434143 115 5 22
0.03367473557591438 -0.20923396944999695 -0.3702036738395691 108 15 26
0.03535442054271698 -0.2085862159729004 -0.3684828579425812 194 118 124
0.034440185874700546 -0.20781667530536652 -0.3705465495586395 109 16 27
0.03547673672437668 -0.20720668137073517 -0.3697452247142792 142 82 87
0.0393868088722229 -0.20806190371513367 -0.36489376425743103 146 86 86
0.037145067006349564 -0.20740318298339844 -0.3677156865596771 106 25 34
0.037745364010334015 -0.2076418697834015 -0.3671443462371826 101 21 30
0.037745364010334015 -0.2076418697834015 -0.3671443462371826 101 21 30
0.04139959067106247 -0.20866025984287262 -0.36345282196998596 158 100 99
0.03683433309197426 -0.20677150785923004 -0.3686956465244293 111 5 25
0.03779607266187668 -0.20702962577342987 -0.36746901273727417 184 103 112
0.036586079746484756 -0.20642200112342834 -0.369096040725708 190 119 127
0.03632131591439247 -0.20615734159946442 -0.36970868706703186 110 32 42
0.03828854113817215 -0.2065548300743103 -0.36743390560150146 132 38 52
0.037863779813051224 -0.206393763422966 -0.3680456280708313 107 15 28
0.03603781387209892 -0.20564544200897217 -0.37090978026390076 172 92 95
0.04229899123311043 -0.2074987143278122 -0.36392664909362793 148 90 89
0.039066530764102936 -0.20599967241287231 -0.3675052523612976 113 37 43
0.03891050070524216 -0.20512613654136658 -0.36849015951156616 104 6 21
0.03891050070524216 -0.20512613654136658 -0.36849015951156616 104 6 21
0.042090438306331635 -0.20628295838832855 -0.3654230535030365 79 8 14
0.041993964463472366 -0.20586629211902618 -0.3657289743423462 180 109 115
0.04108739271759987 -0.2055673748254776 -0.3668572008609772 112 17 31
0.038967132568359375 -0.20452164113521576 -0.3692140281200409 198 110 122
0.03994273394346237 -0.20449361205101013 -0.36829739809036255 167 102 106
0.039590343832969666 -0.20448611676692963 -0.36913901567459106 135 70 74
0.041265085339546204 -0.20486412942409515 -0.36715084314346313 158 66 79
0.04292157664895058 -0.20557884871959686 -0.3656145930290222 183 98 107
0.0408635176718235 -0.20419025421142578 -0.36833253502845764 202 126 132
0.04319560155272484 -0.20533978939056396 -0.36614781618118286 94 12 20
0.04052645340561867 -0.20386278629302979 -0.36875849962234497 88 23 27
0.04361172765493393 -0.20510543882846832 -0.36603108048439026 103 7 19
0.04184587672352791 -0.20415547490119934 -0.36783385276794434 120 11 28
0.040163684636354446 -0.2030697762966156 -0.36983755230903625 195 107 119
0.03971676900982857 -0.2021254301071167 -0.37087520956993103 178 100 109
0.04028913378715515 -0.20235200226306915 -0.37038084864616394 111 21 33
0.04125345125794411 -0.20266760885715485 -0.369558185338974 109 11 24
0.039800357073545456 -0.20152775943279266 -0.3713134825229645 106 44 47
0.04048437997698784 -0.2012733370065689 -0.37125012278556824 176 96 105
0.04245069995522499 -0.2008242905139923 -0.3707782030105591 115 14 27
0.042930979281663895 -0.20096607506275177 -0.3705556094646454 122 17 31
0.04258666932582855 -0.200558602809906 -0.3713184893131256 205 112 123
0.04233277216553688 -0.1996697038412094 -0.37165310978889465 110 17 28
0.041194941848516464 -0.19888293743133545 -0.37375926971435547 187 114 119
0.043757516890764236 -0.19962230324745178 -0.3717128038406372 149 75 80
-0.5945621728897095 0.08043793588876724 0.031530093401670456 198 117 113
-0.5980002284049988 0.08626691997051239 0.04815758764743805 167 96 90
-0.5796999335289001 0.08173912018537521 0.041637398302555084 125 36 34
-0.5796999335289001 0.08173912018537521 0.041637398302555084 125 36 34
-0.5717213749885559 0.07661987096071243 0.027747943997383118 127 56 50
-0.5505709052085876 0.0717252865433693 0.015698246657848358 171 99 93
-0.5249543190002441 0.06444916129112244 -0.0022276006639003754 111 33 31
-0.5249543190002441 0.06444916129112244 -0.0022276006639003754 111 33 31
-0.5439603924751282 0.07807348668575287 0.026313865557312965 112 41 37
-0.5197557210922241 0.0652579590678215 -0.007190177217125893 178 100 98
-0.5197557210922241 0.0652579590678215 -0.007190177217125893 178 100 98
-0.5165515542030334 0.066042460501194 -0.002239720895886421 186 96 98
-0.5165515542030334 0.066042460501194 -0.002239720895886421 186 96 98
-0.5168530344963074 0.0702187642455101 0.007666938006877899 163 88 91
-0.48795607686042786 0.052472155541181564 -0.0328628234565258 171 87 87
-0.49344441294670105 0.05936536565423012 -0.02228892780840397 125 31 32
-0.49511590600013733 0.06125561520457268 -0.015030628070235252 122 27 31
-0.5543012619018555 0.10312648117542267 0.0804116502404213 163 102 97
-0.49292507767677307 0.06287460029125214 -0.028264200314879417 187 116 114
-0.48198002576828003 0.05671965703368187 -0.03844526782631874 119 27 32
-0.47700586915016174 0.05834728479385376 -0.02678937092423439 183 94 98
-0.5184324383735657 0.08979588747024536 0.0395563505589962 167 92 89
-0.461830735206604 0.05783483013510704 -0.03547290340065956 173 102 100
-0.49955299496650696 0.08571862429380417 0.03211266174912453 172 107 105
-0.5540519952774048 0.12616953253746033 0.1287112981081009 106 17 19
-0.5601984858512878 0.13131098449230194 0.1292828917503357 119 11 17
-0.5610489845275879 0.1342613250017166 0.14236626029014587 148 79 79
-0.47398948669433594 0.07166736572980881 -0.011538944207131863 162 105 97
-0.5246559381484985 0.11159057915210724 0.08897530287504196 151 80 78
-0.5246559381484985 0.11159057915210724 0.08897530287504196 151 80 78
-0.5225692987442017 0.11564474552869797 0.07749832421541214 113 14 17
-0.5172077417373657 0.12116337567567825 0.08952046930789948 176 103 100
-0.42068561911582947 0.050980083644390106 -0.05757780373096466 115 13 24
-0.4191489815711975 0.04811680689454079 -0.07171028852462769 163 89 88
-0.525884211063385 0.13108710944652557 0.11698156595230103 151 80 78
-0.5321918725967407 0.13818228244781494 0.13230681419372559 100 20 21
-0.40340158343315125 0.04121699929237366 -0.07864151895046234 188 117 113
-0.5003151297569275 0.11497580260038376 0.07287740707397461 156 93 88
-0.5793342590332031 0.1818358451128006 0.2314911186695099 93 12 9
-0.4991084337234497 0.11900028586387634 0.08446726948022842 106 14 17
-0.4086586534976959 0.048734478652477264 -0.0742981806397438 105 9 13
-0.48778849840164185 0.11004411429166794 0.05574870482087135 140 60 63
-0.5010352730751038 0.12382614612579346 0.0907517820596695 101 9 12
-0.4521716833114624 0.08671902120113373 0.006155157461762428 107 18 20
-0.4797912836074829 0.11144045740365982 0.05843105539679527 103 28 28
-0.4900101125240326 0.12554283440113068 0.08870472759008408 156 80 82
-0.4900101125240326 0.12554283440113068 0.08870472759008408 156 80 82
-0.4165100157260895 0.06390248239040375 -0.05757654830813408 97 11 15
-0.45350363850593567 0.0996818095445633 0.020608266815543175 172 97 93
-0.4379199147224426 0.08951221406459808 0.0022049974650144577 108 28 31
-0.4801477789878845 0.1268320083618164 0.08357145637273788 90 15 18
-0.41606101393699646 0.07569966465234756 -0.02335205487906933 161 85 89
-0.4697393476963043 0.11979658901691437 0.06378959119319916 105 9 13
-0.44204843044281006 0.09887892007827759 0.019849851727485657 112 5 11
-0.40219834446907043 0.0668618381023407 -0.046205926686525345 109 10 13
-0.47496119141578674 0.13080266118049622 0.0805787518620491 141 69 73
-0.49398481845855713 0.14536461234092712 0.10657519847154617 99 9 18
-0.41141173243522644 0.08356346189975739 -0.013726876117289066 140 70 72
-0.512649416923523 0.17479689419269562 0.18940596282482147 148 69 67
-0.4637714922428131 0.12824739515781403 0.06066785007715225 103 7 11
-0.4082011580467224 0.08260714262723923 -0.031826723366975784 142 72 74
-0.40960249304771423 0.0871158316731453 -0.02222745679318905 105 8 19
-0.40960249304771423 0.0871158316731453 -0.02222745679318905 105 8 19
-0.49959197640419006 0.1672346293926239 0.14818379282951355 76 4 3
-0.49959197640419006 0.1672346293926239 0.14818379282951355 76 4 3
-0.5044481158256531 0.17451296746730804 0.17016376554965973 101 9 14
-0.36883628368377686 0.05414995923638344 -0.0920059010386467 161 77 84
-0.45977991819381714 0.13258804380893707 0.06864935159683228 137 66 65
-0.46443867683410645 0.1389847993850708 0.0837269276380539 98 12 15
-0.46443867683410645 0.1389847993850708 0.0837269276380539 98 12 15
-0.36241790652275085 0.05110950022935867 -0.10336115956306458 122 56 58
-0.5040821433067322 0.17721007764339447 0.16584278643131256 110 4 14
-0.4739939570426941 0.15243354439735413 0.10853055119514465 128 52 54
-0.3907610774040222 0.07937511801719666 -0.0485684871673584 98 2 13
-0.35926344990730286 0.053538646548986435 -0.0967847928404808 101 14 22
-0.37134140729904175 0.06415075063705444 -0.07597319781780243 163 95 94
-0.37134140729904175 0.06415075063705444 -0.07597319781780243 163 95 94
-0.5072407722473145 0.18693606555461884 0.18371792137622833 149 77 71
-0.5034028887748718 0.18317824602127075 0.17163719236850739 88 7 8
-0.40012019872665405 0.09132209420204163 -0.020848197862505913 146 78 77
-0.4627145528793335 0.14725913107395172 0.09336064010858536 131 59 63
-0.4627145528793335 0.14725913107395172 0.09336064010858536 131 59 63
-0.3638759255409241 0.06310907006263733 -0.07776053994894028 172 104 103
-0.4561702013015747 0.13195842504501343 0.014108346775174141 99 8 17
-0.3595292568206787 0.061812933534383774 -0.09087510406970978 95 6 14
-0.3595292568206787 0.061812933534383774 -0.09087510406970978 95 6 14
-0.3650876581668854 0.06776636838912964 -0.07941142469644547 112 10 24
-0.443016916513443 0.13916896283626556 0.0672476664185524 99 12 18
-0.4627040922641754 0.15807321667671204 0.10524608939886093 96 7 11
-0.3687140941619873 0.07709328830242157 -0.05193997919559479 99 8 17
-0.47179698944091797 0.17194510996341705 0.1275625377893448 76 0 1
-0.47179698944091797 0.17194510996341705 0.1275625377893448 76 0 1
-0.47946697473526 0.18082962930202484 0.14599017798900604 95 5 7
-0.4161739945411682 0.12623919546604156 0.02607940323650837 101 5 9
-0.36747854948043823 0.07933294773101807 -0.07256311923265457 169 76 84
-0.35792967677116394 0.07200708985328674 -0.08310560137033463 92 20 24
-0.35792967677116394 0.07200708985328674 -0.08310560137033463 92 20 24
-0.3550052344799042 0.06908409297466278 -0.09013800323009491 82 0 7
-0.36279794573783875 0.07914150506258011 -0.06249823793768883 121 61 60
-0.4723692834377289 0.18454495072364807 0.15573687851428986 118 51 45
-0.4147568941116333 0.12093210220336914 -0.006469410844147205 139 83 80
-0.4549994468688965 0.16575078666210175 0.1037978008389473 156 96 90
-0.4574996829032898 0.1695268601179123 0.11366580426692963 146 89 82
-0.44014430046081543 0.15058495104312897 0.06642760336399078 100 8 13
-0.353561133146286 0.07684312760829926 -0.06169785559177399 102 7 15
-0.353561133146286 0.07684312760829926 -0.06169785559177399 102 7 15
-0.35239773988723755 0.07121055573225021 -0.08823886513710022 157 85 89
-0.373744934797287 0.09604831784963608 -0.04058701917529106 149 77 80
-0.4244946837425232 0.1436159759759903 0.044754330068826675 143 73 75
-0.4525983929634094 0.17136335372924805 0.09922334551811218 98 9 12
-0.4525983929634094 0.17136335372924805 0.09922334551811218 98 9 12
-0.47166213393211365 0.19345150887966156 0.1424681693315506 93 2 7
-0.38467466831207275 0.1089707687497139 -0.02919125184416771 127 57 61
-0.4170108437538147 0.14559568464756012 0.04032796621322632 91 10 17
-0.42771822214126587 0.15874440968036652 0.06739453226327896 132 60 63
-0.42771822214126587 0.15874440968036652 0.06739453226327896 132 60 63
-0.35414624214172363 0.08587731420993805 -0.08142156153917313 162 83 88
-0.37735286355018616 0.10668845474720001 -0.05006560683250427 137 75 76
-0.35166022181510925 0.08384531736373901 -0.08974761515855789 92 11 18
-0.35166022181510925 0.08384531736373901 -0.08974761515855789 92 11 18
-0.4171696603298187 0.14941884577274323 0.03807532414793968 132 56 60
-0.37177395820617676 0.10756789892911911 -0.039491988718509674 91 19 23
-0.3470953702926636 0.08363138139247894 -0.09638260304927826 173 102 103
-0.4121829569339752 0.15136972069740295 0.03702713921666145 136 60 64
-0.43199342489242554 0.16922405362129211 0.06372888386249542 102 6 10
-0.43063902854919434 0.17328447103500366 0.07186168432235718 126 55 59
-0.3738037347793579 0.11652088910341263 -0.03485320881009102 132 64 61
-0.3412562310695648 0.08915416151285172 -0.07674777507781982 133 76 75
-0.3599660098552704 0.10809388756752014 -0.053984735161066055 101 3 12
-0.4009858965873718 0.14965084195137024 0.017688145861029625 103 8 12
-0.3512530028820038 0.09915188699960709 -0.07642289996147156 98 12 13
-0.3512530028820038 0.09915188699960709 -0.07642289996147156 98 12 13
-0.36742350459098816 0.11637496948242188 -0.05392824113368988 94 31 29
-0.34301602840423584 0.09456810355186462 -0.08846274018287659 164 93 97
-0.3802293539047241 0.13481025397777557 -0.01991201937198639 110 4 16
-0.3802293539047241 0.13481025397777557 -0.01991201937198639 110 4 16
-0.34467971324920654 0.09712065756320953 -0.09932859987020493 95 15 18
-0.4247652292251587 0.1753942221403122 0.027690790593624115 141 75 74
-0.4247652292251587 0.1753942221403122 0.027690790593624115 141 75 74
-0.3426528573036194 0.09775204956531525 -0.09354376792907715 103 20 28
-0.4057672321796417 0.17064431309700012 0.0518338605761528 118 50 51
-0.4082103371620178 0.17335355281829834 0.045012302696704865 96 10 13
-0.3457029461860657 0.10309895128011703 -0.09577568620443344 167 96 99
-0.3741713762283325 0.14251677691936493 -0.03606470301747322 96 11 18
-0.39845263957977295 0.17330153286457062 0.02886623702943325 136 64 67
-0.3531879186630249 0.1236361488699913 -0.06517156958580017 111 49 48
-0.3432064652442932 0.11072666198015213 -0.10319123417139053 175 100 105
-0.3818650245666504 0.16182993352413177 0.004038832616060972 100 8 13
-0.34182798862457275 0.11256368458271027 -0.09810474514961243 161 78 86
-0.38793206214904785 0.16784125566482544 -0.0028756808023899794 133 66 64
-0.3639720678329468 0.13609673082828522 -0.07640785723924637 99 12 20
-0.3741132915019989 0.1475800722837448 -0.05749202147126198 102 10 15
-0.3711315989494324 0.1554296612739563 -0.035848211497068405 147 81 82
-0.34235668182373047 0.12239642441272736 -0.09565825015306473 171 88 94
-0.3469144105911255 0.1289491355419159 -0.08322551101446152 156 84 87
-0.349698007106781 0.13150152564048767 -0.09197166562080383 167 86 93
-0.3529457747936249 0.13920514285564423 -0.0854811817407608 95 13 20
-0.3529457747936249 0.13920514285564423 -0.0854811817407608 95 13 20
-0.3508552610874176 0.13657644391059875 -0.09261319786310196 100 14 23
-0.3655262291431427 0.15719391405582428 -0.06295131146907806 103 11 14
-0.35370615124702454 0.14554251730442047 -0.08582709729671478 173 87 96
-0.33910122513771057 0.1324286013841629 -0.11115097254514694 109 9 21
-0.3403119742870331 0.13677632808685303 -0.10293051600456238 103 8 16
-1.0001851320266724 0.4217366576194763 0.3174078166484833 133 56 62
-1.005401372909546 0.43088310956954956 0.3332671821117401 111 11 27
-0.9797284007072449 0.44438454508781433 0.35341066122055054 118 17 31
-0.9304909110069275 0.41721537709236145 0.2974134683609009 123 27 39
-0.9258868098258972 0.4306890666484833 0.3191399574279785 100 10 22
-0.8734400868415833 0.39847925305366516 0.26630526781082153 206 114 125
-0.944193959236145 0.4551328718662262 0.35324370861053467 119 10 26
-0.8369660973548889 0.3766491413116455 0.22084654867649078 112 21 34
-0.8921405076980591 0.42279815673828125 0.2968246042728424 115 25 37
-0.8414022326469421 0.3874701261520386 0.24207507073879242 105 10 22
-0.7970783710479736 0.36037686467170715 0.1928092986345291 188 119 124
-0.8860347270965576 0.43878433108329773 0.323845773935318 174 93 99
-0.7898823618888855 0.36902499198913574 0.1985606551170349 187 103 113
-0.7687987089157104 0.3548031747341156 0.17358554899692535 109 11 26
-0.920737087726593 0.4777204692363739 0.37056785821914673 101 15 26
-0.9242668747901917 0.4875291883945465 0.39113834500312805 118 13 28
-0.8521323204040527 0.4346989393234253 0.3135814666748047 203 134 139
-0.7882223129272461 0.3801823854446411 0.21085724234580994 179 103 110
-0.8750749230384827 0.46897098422050476 0.35845252871513367 192 117 124
-0.7713249921798706 0.38039225339889526 0.20508457720279694 185 106 114
-0.7478644251823425 0.36118990182876587 0.16703683137893677 113 15 28
-0.7712976932525635 0.38658562302589417 0.21273273229599 101 9 22
-0.7712976932525635 0.38658562302589417 0.21273273229599 101 9 22
-0.7263906002044678 0.3493182361125946 0.14741869270801544 114 7 23
-0.8098594546318054 0.42011988162994385 0.2596253454685211 118 5 23
-0.7467801570892334 0.37321600317955017 0.18400713801383972 196 124 128
-0.8832405805587769 0.48871490359306335 0.3644738495349884 167 97 99
-0.6976282000541687 0.338224321603775 0.1197878047823906 193 113 120
-0.8506094813346863 0.47867751121520996 0.3581862151622772 112 10 20
-0.8506094813346863 0.47867751121520996 0.3581862151622772 112 10 20
-0.7057158350944519 0.3471583127975464 0.1346750408411026 185 119 123
-0.7395085096359253 0.3796215057373047 0.1879226416349411 116 9 25
-0.7395085096359253 0.3796215057373047 0.1879226416349411 116 9 25
-0.6983102560043335 0.3453393578529358 0.12422656267881393 90 21 24
-0.6912921667098999 0.3436354100704193 0.12319189310073853 143 72 78
-0.7362353801727295 0.3900568187236786 0.1959865838289261 188 112 116
-0.846125602722168 0.493888795375824 0.36103397607803345 111 11 23
-0.6940857768058777 0.3602011501789093 0.14142833650112152 123 18 35
-0.6940857768058777 0.3602011501789093 0.14142833650112152 123 18 35
-0.7551617622375488 0.42381662130355835 0.24542351067066193 194 119 124
-0.7867812514305115 0.45456039905548096 0.28590524196624756 108 11 24
-0.7604755163192749 0.4352886974811554 0.25416702032089233 83 0 5
-0.8332284688949585 0.5154315829277039 0.38724246621131897 120 3 21
-0.7293869256973267 0.4155864119529724 0.2140037566423416 204 126 132
-0.6733477711677551 0.37095391750335693 0.14374983310699463 122 10 26
-0.8891312479972839 0.5780328512191772 0.4649478495121002 180 110 112
-0.7255216836929321 0.4222407937049866 0.21533000469207764 140 67 74
-0.746025800704956 0.4458262324333191 0.25610750913619995 181 115 117
-0.6744208931922913 0.38176071643829346 0.15372270345687866 184 97 105
-0.754932165145874 0.4578908681869507 0.2657132148742676 172 106 108
-0.6569391489028931 0.37613290548324585 0.1470012366771698 98 11 19
-0.6623340249061584 0.3818209171295166 0.1339220553636551 112 20 31
-0.8048325181007385 0.5305120348930359 0.3541785478591919 130 58 61
-0.8039528727531433 0.5352909564971924 0.3671807050704956 119 9 22
-0.6729820966720581 0.4035179316997528 0.16373172402381897 111 14 25
-0.7082341909408569 0.4405023455619812 0.21781101822853088 107 15 26
-0.8148951530456543 0.5484773516654968 0.3703288733959198 116 14 27
-0.7564144134521484 0.49240466952323914 0.28857284784317017 115 11 22
-0.652228057384491 0.39376744627952576 0.13886234164237976 185 101 108
-0.8375932574272156 0.595382034778595 0.4315124452114105 111 8 21
-0.6887102723121643 0.4357582628726959 0.18551553785800934 174 104 106
-0.6476215720176697 0.4002101421356201 0.13427981734275818 179 103 107
-0.773626446723938 0.5338712930679321 0.3282947838306427 105 14 25
-0.7960498332977295 0.5568021535873413 0.35418739914894104 94 11 17
-0.7221876978874207 0.48554930090904236 0.26262298226356506 113 11 22
-0.8456742167472839 0.611870288848877 0.4356972575187683 186 118 119
-0.673887312412262 0.4312676191329956 0.16637349128723145 110 13 22
-0.7066031098365784 0.46711745858192444 0.2192946821451187 108 18 27
-0.8257853388786316 0.6068148016929626 0.4275670647621155 102 10 21
-0.8079094886779785 0.588678240776062 0.39332079887390137 166 98 99
-0.8079094886779785 0.588678240776062 0.39332079887390137 166 98 99
-0.706406831741333 0.4751729667186737 0.21947182714939117 107 17 26
-0.706406831741333 0.4751729667186737 0.21947182714939117 107 17 26
-0.7559677958488464 0.5396342873573303 0.3234124481678009 101 14 22
-0.781751811504364 0.5685021281242371 0.35249394178390503 109 11 24
-0.7785454392433167 0.578753650188446 0.3455108404159546 113 9 20
-0.6917328238487244 0.49351152777671814 0.22237731516361237 167 95 99
-0.67747962474823 0.4692904055118561 0.1708587259054184 109 12 21
-0.8346859812736511 0.6563060283660889 0.4385419487953186 109 9 23
-0.8346859812736511 0.6563060283660889 0.4385419487953186 109 9 23
-0.6622029542922974 0.46606001257896423 0.17090092599391937 106 14 25
-0.7622911930084229 0.5827593207359314 0.33674225211143494 110 8 20
-0.6264068484306335 0.4272041916847229 0.11738459765911102 89 6 14
-0.7056585550308228 0.5159167051315308 0.22441016137599945 105 12 22
-0.8211551308631897 0.6608573794364929 0.4219796657562256 90 18 21
-0.6786505579948425 0.5149222612380981 0.20152312517166138 104 11 21
-0.6786505579948425 0.5149222612380981 0.20152312517166138 104 11 21
-0.7060282826423645 0.5494520664215088 0.25183311104774475 112 11 17
-0.8035881519317627 0.6499610543251038 0.35314005613327026 132 61 59
-0.6775774359703064 0.512618362903595 0.18538060784339905 91 15 19
-0.6775774359703064 0.512618362903595 0.18538060784339905 91 15 19
-0.7926475405693054 0.6507270932197571 0.36675962805747986 116 8 21
-0.6912009119987488 0.5307078957557678 0.18985587358474731 180 108 106
-0.6698001623153687 0.5182487964630127 0.17853015661239624 138 68 68
-0.8137298226356506 0.6944344639778137 0.4052903652191162 125 43 47
-0.6982243061065674 0.5573297739028931 0.2144581824541092 116 16 24
-0.7844597697257996 0.6871132254600525 0.3967161774635315 107 24 28
-0.7455388903617859 0.612983763217926 0.2503570318222046 102 13 15
-0.7951809763908386 0.6795844435691833 0.32631391286849976 113 14 17
-0.8211145997047424 0.7137991189956665 0.36984720826148987 97 13 13
-0.7295326590538025 0.6178896427154541 0.21454358100891113 93 17 19
-0.7472054958343506 0.644745945930481 0.2511970102787018 108 22 23
-0.7472054958343506 0.644745945930481 0.2511970102787018 108 22 23
-0.6492854952812195 0.5286710858345032 0.09040255844593048 93 14 17
-0.7847564816474915 0.6883949637413025 0.2496662586927414 184 100 98
-0.6549606919288635 0.5377113223075867 0.0901961699128151 191 115 116
-0.7467623353004456 0.6721724271774292 0.23571623861789703 187 109 109
-0.8120718598365784 0.32685375213623047 0.20457392930984497 107 16 25
-0.8123621940612793 0.3342083692550659 0.2245078831911087 184 107 113
-0.8123621940612793 0.3342083692550659 0.2245078831911087 184 107 113
-0.7331740856170654 0.32605186104774475 0.3002549409866333 165 104 99
-0.7961674332618713 0.3265787363052368 0.1860717386007309 104 30 35
-0.7909432053565979 0.3436618745326996 0.2512832581996918 169 109 109
-0.7826008200645447 0.33314263820648193 0.214865043759346 112 22 32
-0.7836797833442688 0.35183393955230713 0.27907365560531616 130 60 62
-0.7621936798095703 0.35358816385269165 0.2855209410190582 117 29 37
-0.7621936798095703 0.35358816385269165 0.2855209410190582 117 29 37
-0.7506778240203857 0.3256723880767822 0.17540733516216278 112 20 31
-0.7706329226493835 0.33894771337509155 0.19549494981765747 192 100 111
-0.7706329226493835 0.33894771337509155 0.19549494981765747 192 100 111
-0.7470465302467346 0.3510451018810272 0.277688205242157 178 118 117
-0.7530040740966797 0.3416823446750641 0.22832956910133362 189 125 126
-0.7540260553359985 0.3351137638092041 0.19553005695343018 204 121 131
-0.7467911839485168 0.32536178827285767 0.16859789192676544 214 139 146
-0.7520799040794373 0.3276391625404358 0.16458040475845337 103 28 35
-0.7347537875175476 0.3468778729438782 0.24705491960048676 179 97 101
-0.7372575998306274 0.37315231561660767 0.3405010402202606 164 93 97
-0.7452235221862793 0.33001163601875305 0.15858657658100128 184 140 137
-0.7452235221862793 0.33001163601875305 0.15858657658100128 184 140 137
-0.7377509474754333 0.32554736733436584 0.14679290354251862 119 36 46
-0.7294309139251709 0.3714936375617981 0.3276345729827881 182 109 113
-0.7368462085723877 0.33540454506874084 0.1769847571849823 191 126 130
-0.7329154014587402 0.35833483934402466 0.27049732208251953 172 101 105
-0.7287523150444031 0.34849780797958374 0.23724909126758575 165 105 104
-0.7274790406227112 0.33464309573173523 0.18459279835224152 88 1 7
-0.7295873761177063 0.3303387761116028 0.16265909373760223 101 5 16
-0.7295189499855042 0.3652886748313904 0.2947402000427246 181 96 100
-0.730055034160614 0.34303203225135803 0.20793768763542175 184 105 111
-0.731892466545105 0.32836318016052246 0.14904403686523438 115 19 33
-0.7208049893379211 0.36476585268974304 0.29992395639419556 162 88 92
-0.723324179649353 0.3340296447277069 0.17720243334770203 202 129 138
-0.7179334759712219 0.3258434236049652 0.1498207151889801 184 113 119
-0.7225795388221741 0.3826006054878235 0.35636937618255615 116 16 26
-0.7201812863349915 0.37832581996917725 0.3421958386898041 126 14 26
-0.7201812863349915 0.37832581996917725 0.3421958386898041 126 14 26
-0.7186036109924316 0.3831322193145752 0.36084234714508057 171 95 95
-0.7159118056297302 0.36524149775505066 0.291545569896698 184 92 101
-0.7167688608169556 0.3610075116157532 0.2727155089378357 111 7 16
-0.7149427533149719 0.3343978524208069 0.1717413365840912 106 16 28
-0.7082765102386475 0.3704207241535187 0.3112562894821167 199 109 118
-0.7076794505119324 0.36509886384010315 0.2900637090206146 125 21 34
-0.7021805047988892 0.3751930296421051 0.33400100469589233 178 102 104
-0.7150779962539673 0.3542349338531494 0.23389676213264465 116 5 21
-0.713039755821228 0.3339705765247345 0.15878865122795105 183 108 113
-0.7071103453636169 0.3490111529827118 0.22233064472675323 134 28 42
-0.7074406743049622 0.3358275890350342 0.1594267040491104 95 35 37
-0.7029510140419006 0.33653339743614197 0.16695734858512878 104 33 37
-0.6969826221466064 0.3503440022468567 0.21879148483276367 112 31 37
-0.6969826221466064 0.3503440022468567 0.21879148483276367 112 31 37
-0.6957569718360901 0.38230186700820923 0.33899375796318054 147 85 82
-0.7052093148231506 0.34157034754753113 0.16933207213878632 186 115 119
-0.7048848271369934 0.337551474571228 0.14977751672267914 109 19 29
-0.691324770450592 0.38598015904426575 0.34456440806388855 178 89 95
-0.6864170432090759 0.369996577501297 0.2880443036556244 123 25 37
-0.7006529569625854 0.3333367109298706 0.13058504462242126 113 12 26
-0.6829481720924377 0.34341001510620117 0.18745650351047516 181 112 115
-0.692677915096283 0.34458523988723755 0.173894464969635 120 9 25
-0.6871626377105713 0.34095537662506104 0.15925458073616028 202 125 131
-0.6899957060813904 0.3681528866291046 0.24468396604061127 101 28 35
-0.6899957060813904 0.3681528866291046 0.24468396604061127 101 28 35
-0.6684302091598511 0.3590452969074249 0.2434360831975937 120 8 22
-0.6684302091598511 0.3590452969074249 0.2434360831975937 120 8 22
-0.6828335523605347 0.3856355547904968 0.31488940119743347 113 17 21
-0.6883876323699951 0.3324289917945862 0.1142222136259079 192 117 124
-0.6883876323699951 0.3324289917945862 0.1142222136259079 192 117 124
-0.6731979846954346 0.35881906747817993 0.22985872626304626 103 30 37
-0.6845890283584595 0.3363896906375885 0.1286829560995102 207 115 126
-0.6755166053771973 0.3340383470058441 0.13119731843471527 108 16 27
-0.6779007911682129 0.339550644159317 0.1442885547876358 112 11 27
-0.6779007911682129 0.339550644159317 0.1442885547876358 112 11 27
-0.6827583312988281 0.3702467978000641 0.24573884904384613 179 104 108
-0.6766355633735657 0.36041074991226196 0.2178172767162323 113 11 22
-0.6766355633735657 0.36041074991226196 0.2178172767162323 113 11 22
-0.6741496324539185 0.3299155533313751 0.10845685005187988 97 28 33
-0.6819847226142883 0.3384808599948883 0.12398367375135422 87 18 23
-0.6792681217193604 0.3359549939632416 0.11543666571378708 143 74 79
-0.6735248565673828 0.3443804383277893 0.14992114901542664 130 43 52
-0.6671584248542786 0.3577488958835602 0.20521685481071472 113 11 22
-0.6725688576698303 0.33488425612449646 0.11269089579582214 185 116 121
-0.6706331372261047 0.33938392996788025 0.13179169595241547 184 109 116
-0.6593605875968933 0.37794485688209534 0.2856774628162384 193 103 112
-0.6613266468048096 0.3781426250934601 0.27965861558914185 89 25 25
-0.6608259677886963 0.3685533404350281 0.24373379349708557 183 96 105
-0.6667355895042419 0.3437706530094147 0.1460573375225067 199 112 121
-0.6551170945167542 0.37720969319343567 0.2767237424850464 152 84 85
-0.6620880365371704 0.34945428371429443 0.1656138300895691 117 21 35
-0.6620880365371704 0.34945428371429443 0.1656138300895691 117 21 35
-0.6547616124153137 0.3481934368610382 0.1728278249502182 110 8 21
-0.6565939784049988 0.3542422354221344 0.18670038878917694 97 28 31
-0.65251225233078 0.4248279929161072 0.44084978103637695 77 27 0
-0.6546023488044739 0.36643990874290466 0.23126167058944702 108 3 17
-0.6549390554428101 0.37599828839302063 0.2627980411052704 115 15 27
-0.6567174196243286 0.36141499876976013 0.20730145275592804 112 15 26
-0.6546369194984436 0.3997177481651306 0.34458211064338684 172 102 101
-0.6546369194984436 0.3997177481651306 0.34458211064338684 172 102 101
-0.6625986099243164 0.3393554985523224 0.11977582424879074 106 16 26
-0.6625986099243164 0.3393554985523224 0.11977582424879074 106 16 26
-0.6406740546226501 0.3799304664134979 0.2960371971130371 149 77 78
-0.6406740546226501 0.3799304664134979 0.2960371971130371 149 77 78
-0.6647028923034668 0.3504154682159424 0.14392982423305511 183 96 105
-0.648500919342041 0.3700682520866394 0.2344052493572235 182 88 98
-0.648500919342041 0.3700682520866394 0.2344052493572235 182 88 98
-0.6418644785881042 0.3685987591743469 0.23482951521873474 177 101 105
-0.6418713331222534 0.4264213740825653 0.4342946708202362 151 131 50
-0.6468936800956726 0.35761672258377075 0.18721765279769897 198 102 114
-0.6546782851219177 0.3436892330646515 0.12459873408079147 100 19 28
-0.6387783288955688 0.3989071547985077 0.33921414613723755 105 12 17
-0.6462534070014954 0.35591697692871094 0.1758328527212143 115 13 27
-0.643394410610199 0.35323724150657654 0.16424641013145447 81 0 7
-0.6450933218002319 0.37911200523376465 0.25024139881134033 166 102 103
-0.6260861158370972 0.3755635917186737 0.2679958939552307 117 10 18
-0.6260861158370972 0.3755635917186737 0.2679958939552307 117 10 18
-0.6432337760925293 0.3849685788154602 0.2667434811592102 154 72 78
-0.6432337760925293 0.3849685788154602 0.2667434811592102 154 72 78
-0.6334748268127441 0.4013963043689728 0.33465251326560974 107 11 18
-0.6509211659431458 0.38183337450027466 0.23175260424613953 114 10 19
-0.6423101425170898 0.3418899476528168 0.10651971399784088 103 17 26
-0.6423101425170898 0.3418899476528168 0.10651971399784088 103 17 26
-0.6285125613212585 0.39889732003211975 0.31516963243484497 176 100 104
-0.6340490579605103 0.3672168552875519 0.197974294424057 190 114 118
-0.6322944164276123 0.36459556221961975 0.18974937498569489 175 100 104
-0.6314216256141663 0.354653924703598 0.1563473492860794 101 20 27
-0.6445447206497192 0.3404807150363922 0.08643529564142227 178 103 107
-0.6378759741783142 0.3427385687828064 0.0988185778260231 194 102 113
-0.6443909406661987 0.34377530217170715 0.0910005196928978 121 52 55
-0.6248849630355835 0.3910524547100067 0.27987754344940186 190 106 114
-0.6330758333206177 0.35634949803352356 0.14658726751804352 121 46 51
-0.6267461776733398 0.3914038836956024 0.26575738191604614 95 16 19
-0.620186984539032 0.39383992552757263 0.284272700548172 95 27 27
-0.6279361844062805 0.3606013059616089 0.15991763770580292 97 34 35
-0.6406733989715576 0.3450009822845459 0.08527392148971558 201 132 135
-0.6233446002006531 0.3569529354572296 0.15188781917095184 184 112 116
-0.6151572465896606 0.386748731136322 0.26516321301460266 110 30 33
-0.6373123526573181 0.44458305835723877 0.42103514075279236 169 65 36
-0.6295834183692932 0.3760296702384949 0.20079445838928223 104 14 23
-0.6295834183692932 0.3760296702384949 0.20079445838928223 104 14 23
-0.6242974996566772 0.3621962368488312 0.16268423199653625 181 121 121
-0.6274512410163879 0.3468756377696991 0.10580772906541824 84 18 20
-0.6190701127052307 0.4042941629886627 0.31010565161705017 183 99 104
-0.6190701127052307 0.4042941629886627 0.31010565161705017 183 99 104
-0.6218493580818176 0.3814636170864105 0.22524094581604004 176 104 107
-0.6039835810661316 0.42518478631973267 0.39511653780937195 92 29 0
-0.6190028190612793 0.37018653750419617 0.18752846121788025 184 108 112
-0.6126333475112915 0.36216509342193604 0.1712382733821869 119 6 20
-0.6114351153373718 0.3958895802497864 0.28105461597442627 179 99 100
-0.6094854474067688 0.37965965270996094 0.227542445063591 120 27 37
-0.6100985407829285 0.3781093955039978 0.216330885887146 194 122 125
-0.6133795976638794 0.3699241280555725 0.1839897185564041 120 46 50
-0.6145731210708618 0.35597336292266846 0.13451163470745087 176 108 109
-0.6144166588783264 0.3558696210384369 0.13425453007221222 176 108 109
-0.5994818210601807 0.4291834831237793 0.3939000070095062 103 33 4
-0.6022198796272278 0.39233994483947754 0.2685152590274811 83 14 11
-0.6183852553367615 0.343849778175354 0.08208287507295609 81 15 17
-0.6112580299377441 0.387991726398468 0.23722247779369354 187 120 122
-0.6197512149810791 0.3424290418624878 0.07365024089813232 93 18 23
-0.6011271476745605 0.37606680393218994 0.20892825722694397 174 102 106
-0.6011271476745605 0.37606680393218994 0.20892825722694397 174 102 106
-0.6123427152633667 0.3952491283416748 0.2504172921180725 182 103 108
-0.6083278656005859 0.3646862804889679 0.1507401019334793 152 80 84
-0.6087303757667542 0.3889656066894531 0.22741490602493286 103 7 18
-0.6097756028175354 0.35680443048477173 0.11720544099807739 114 12 23
-0.6079218983650208 0.3498285710811615 0.09298746287822723 198 106 117
-0.6079218983650208 0.3498285710811615 0.09298746287822723 198 106 117
-0.5998504757881165 0.35884562134742737 0.1339033991098404 112 7 21
-0.5986782908439636 0.3909991681575775 0.2327888011932373 80 8 12
-0.5986782908439636 0.3909991681575775 0.2327888011932373 80 8 12
-0.6035329103469849 0.3426804542541504 0.06685790419578552 113 20 31
-0.5954009890556335 0.3681541085243225 0.1579403132200241 118 6 22
-0.5954009890556335 0.3681541085243225 0.1579403132200241 118 6 22
-0.6064866185188293 0.3635978102684021 0.1240788921713829 169 90 96
-0.600776731967926 0.37616026401519775 0.17351776361465454 173 97 99
-0.5866018533706665 0.42953479290008545 0.36318475008010864 161 137 75
-0.5949179530143738 0.3844718635082245 0.20361462235450745 94 23 25
-0.5857403874397278 0.4055388867855072 0.2862074673175812 184 113 115
-0.5893173813819885 0.3805358409881592 0.1951495260000229 170 94 98
-0.6054091453552246 0.34731101989746094 0.06188376620411873 195 102 113
-0.5993046164512634 0.3952280580997467 0.2218891680240631 109 14 20
-0.591002881526947 0.4025160074234009 0.25827622413635254 82 16 17
-0.5933731198310852 0.3520144522190094 0.0919858068227768 91 8 16
-0.5862113833427429 0.40944311022758484 0.2864866554737091 86 17 20
-0.5862113833427429 0.40944311022758484 0.2864866554737091 86 17 20
-0.5908631682395935 0.4013737440109253 0.2527658939361572 171 91 94
-0.5887150764465332 0.3800959885120392 0.17838163673877716 111 36 38
-0.5990891456604004 0.35634252429008484 0.08540526032447815 195 123 127
-0.5990891456604004 0.35634252429008484 0.08540526032447815 195 123 127
-0.5902864336967468 0.37022843956947327 0.1427852362394333 128 54 55
-0.5797548294067383 0.3980308473110199 0.24827703833580017 156 90 91
-0.5920760035514832 0.38740697503089905 0.19353671371936798 109 18 27
-0.5920760035514832 0.38740697503089905 0.19353671371936798 109 18 27
-0.5920760035514832 0.38740697503089905 0.19353671371936798 109 18 27
-0.5942920446395874 0.345277339220047 0.05679960548877716 96 30 32
-0.5879069566726685 0.3767406642436981 0.16391171514987946 184 103 106
-0.5884664058685303 0.39213821291923523 0.2086576521396637 112 23 27
-0.5913267731666565 0.3744221329689026 0.1472267210483551 167 80 84
-0.5855789184570312 0.39351698756217957 0.21657155454158783 188 101 110
-0.5956149697303772 0.350614070892334 0.06286320090293884 151 85 87
-0.5908521413803101 0.3514055907726288 0.06688044220209122 100 21 26
-0.5793540477752686 0.4157772362232208 0.2871268689632416 171 97 101
-0.5898610949516296 0.3526739776134491 0.07174935936927795 118 18 30
-0.5875210762023926 0.36751484870910645 0.12069186568260193 153 66 74
-0.5783399939537048 0.37109872698783875 0.14579041302204132 115 12 21
-0.5783399939537048 0.37109872698783875 0.14579041302204132 115 12 21
-0.5851017832756042 0.38608330488204956 0.17589938640594482 114 22 27
-0.5746428966522217 0.3543204069137573 0.09325699508190155 110 15 23
-0.5870435237884521 0.352327436208725 0.06300456821918488 201 111 121
-0.5870435237884521 0.352327436208725 0.06300456821918488 201 111 121
-0.572417676448822 0.3613802194595337 0.1155928373336792 107 20 28
-0.5782924890518188 0.408791184425354 0.2494354248046875 114 17 24
-0.5838552117347717 0.35653233528137207 0.07380355149507523 195 113 119
-0.5779638290405273 0.39880067110061646 0.21429574489593506 94 23 27
-0.5779638290405273 0.39880067110061646 0.21429574489593506 94 23 27
-0.5749844908714294 0.3986367881298065 0.21679402887821198 84 12 13
-0.5762856602668762 0.3794613480567932 0.15497811138629913 179 95 100
-0.5762856602668762 0.3794613480567932 0.15497811138629913 179 95 100
-0.5797630548477173 0.38604092597961426 0.1691383570432663 180 112 114
-0.5759754180908203 0.40581458806991577 0.2311556488275528 115 12 23
-0.5677832961082458 0.4126410186290741 0.26484110951423645 182 110 113
-0.5822405815124512 0.3592441976070404 0.07533428072929382 94 12 18
-0.5661487579345703 0.4359913766384125 0.338877409696579 119 119 68
-0.5635574460029602 0.4424593150615692 0.3607279062271118 44 33 4
-0.5743734836578369 0.3857937455177307 0.16441281139850616 173 100 103
-0.573078989982605 0.4100572466850281 0.24027849733829498 178 103 104
-0.5752352476119995 0.35760921239852905 0.07202398031949997 206 125 131
-0.5695222020149231 0.4009631872177124 0.20923572778701782 168 108 107
-0.5710532665252686 0.3947872519493103 0.1856841742992401 83 15 16
-0.5650703310966492 0.40920260548591614 0.23874181509017944 87 11 11
-0.5636577606201172 0.41823774576187134 0.26821789145469666 112 12 22
-0.5636577606201172 0.41823774576187134 0.26821789145469666 112 12 22
-0.5686889886856079 0.39019808173179626 0.16940507292747498 112 15 22
-0.5686573386192322 0.40445390343666077 0.21131844818592072 104 36 35
-0.5655204653739929 0.41202136874198914 0.23806984722614288 171 95 95
-0.5655204653739929 0.41202136874198914 0.23806984722614288 171 95 95
-0.5644594430923462 0.4126107692718506 0.24124087393283844 178 102 102
-0.5667781829833984 0.36063721776008606 0.07010297477245331 110 15 23
-0.5748009085655212 0.3565177917480469 0.041198283433914185 178 95 103
-0.5590828657150269 0.43880996108055115 0.31254249811172485 156 147 108
-0.5768336057662964 0.3682534098625183 0.06927796453237534 183 98 105
-0.5744156837463379 0.3597823977470398 0.044416289776563644 117 36 43
-0.5582519769668579 0.4130763113498688 0.22961479425430298 95 19 19
-0.5624840259552002 0.3880578875541687 0.14520502090454102 169 99 99
-0.5600659847259521 0.4104289710521698 0.21615542471408844 116 14 25
-0.5623820424079895 0.3766395151615143 0.10905393958091736 175 103 106
-0.5537006855010986 0.4450713098049164 0.32694387435913086 35 33 12
-0.5625150799751282 0.4001729190349579 0.17468109726905823 187 115 119
-0.556016743183136 0.44376692175865173 0.3146892189979553 56 45 23
-0.5525977611541748 0.4529072046279907 0.34741294384002686 109 110 35
-0.5572290420532227 0.40533971786499023 0.19361117482185364 169 97 100
-0.5661411285400391 0.388239324092865 0.12249170988798141 177 111 111
-0.5598777532577515 0.37626880407333374 0.09476751834154129 91 8 16
-0.5603340268135071 0.36957332491874695 0.07326027005910873 180 106 107
-0.5538618564605713 0.4312988221645355 0.2657504081726074 180 102 102
-0.5513437986373901 0.43142157793045044 0.2667960822582245 102 13 17
-0.5560023784637451 0.3925689160823822 0.14257383346557617 98 9 15
-0.5641068816184998 0.3631884455680847 0.0416678711771965 100 17 25
-0.5522583723068237 0.43165549635887146 0.2609950602054596 106 34 38
-0.5551118850708008 0.38320985436439514 0.11095304787158966 175 88 96
-0.5546557903289795 0.38287869095802307 0.11054479330778122 175 88 96
-0.5453259348869324 0.41467541456222534 0.2189156860113144 88 12 12
-0.5578201413154602 0.37093305587768555 0.06845828890800476 90 15 19
-0.5553129315376282 0.3768210709095001 0.08982880413532257 113 16 27
-0.5483965277671814 0.40853631496429443 0.19200602173805237 148 86 84
-0.5347247123718262 0.4443076550960541 0.31762292981147766 40 25 3
-0.555576503276825 0.40234237909317017 0.15873515605926514 113 13 21
-0.5578225255012512 0.36893177032470703 0.0558006688952446 191 95 106
-0.5576430559158325 0.44039371609687805 0.2651374340057373 132 61 65
-0.5556319355964661 0.3700921833515167 0.06234158203005791 168 92 94
-0.5493752956390381 0.46192947030067444 0.3422051668167114 124 114 53
-0.5495293736457825 0.43768224120140076 0.26737233996391296 116 38 38
-0.5420817732810974 0.4459259808063507 0.30319687724113464 36 33 8
-0.5532458424568176 0.3892238438129425 0.11019358783960342 110 14 26
-0.5535052418708801 0.4176059663295746 0.18495473265647888 106 23 31
-0.5557875633239746 0.3700837790966034 0.041092757135629654 105 30 37
-0.5428628921508789 0.3977716863155365 0.13947664201259613 200 105 112
-0.5415338277816772 0.42921027541160583 0.23117418587207794 112 11 17
-0.5342422723770142 0.45645520091056824 0.3199947774410248 124 117 18
-0.5342422723770142 0.45645520091056824 0.3199947774410248 124 117 18
-0.5422838926315308 0.3970847427845001 0.1332075297832489 170 98 101
-0.5401644110679626 0.4195094704627991 0.20009908080101013 110 13 22
-0.5416986346244812 0.4131634831428528 0.17278602719306946 99 22 28
-0.5396602153778076 0.4093007445335388 0.16080282628536224 78 5 9
-0.5402687788009644 0.4160115122795105 0.17469872534275055 174 96 100
-0.5285263061523438 0.4378441274166107 0.2565186023712158 111 10 14
-0.5412605404853821 0.44838330149650574 0.25561845302581787 172 98 92
-0.5339264273643494 0.4419499933719635 0.2451486438512802 98 29 22
-0.5368260741233826 0.41321441531181335 0.1582714468240738 99 19 24
-0.5368260741233826 0.41321441531181335 0.1582714468240738 99 19 24
-0.5395673513412476 0.39269182085990906 0.09369582682847977 107 14 25
-0.5395673513412476 0.39269182085990906 0.09369582682847977 107 14 25
-0.53261399269104 0.394599586725235 0.11053086072206497 112 12 22
-0.5263723731040955 0.43195730447769165 0.22574526071548462 89 12 18
-0.5324646234512329 0.4019220471382141 0.1260732114315033 178 107 111
-0.5379705429077148 0.3899904191493988 0.0795009657740593 87 15 18
-0.545459508895874 0.41856780648231506 0.14554724097251892 101 6 12
-0.5371144413948059 0.4080612361431122 0.12949082255363464 132 58 62
-0.5322757363319397 0.44716086983680725 0.24558378756046295 106 35 28
-0.5336483716964722 0.39606529474258423 0.09366437792778015 177 96 103
-0.5342851877212524 0.3920534551143646 0.07884574681520462 161 89 92
-0.5225971341133118 0.464008092880249 0.29889965057373047 152 137 114
-0.5225971341133118 0.464008092880249 0.29889965057373047 152 137 114
-0.5282528400421143 0.4153822064399719 0.15307427942752838 109 7 18
-0.5166667699813843 0.4078776240348816 0.15160974860191345 113 10 21
-0.5208696722984314 0.44018688797950745 0.2294548600912094 109 38 42
-0.5279410481452942 0.3914529085159302 0.07143329828977585 143 70 73
-0.52298903465271 0.4433768391609192 0.22254560887813568 85 13 17
-0.5220981240272522 0.44696712493896484 0.23155979812145233 101 30 34
-0.5231907367706299 0.41893085837364197 0.14916440844535828 178 108 108
-0.5263899564743042 0.4091642200946808 0.11651696264743805 176 88 94
-0.5339756011962891 0.43430033326148987 0.17226722836494446 111 27 34
-0.5212851166725159 0.4175489842891693 0.14593027532100677 121 51 51
-0.524815022945404 0.3983752727508545 0.08504799008369446 93 19 24
-0.5290473103523254 0.3982391357421875 0.07748077064752579 172 96 98
-0.5180194973945618 0.4005410373210907 0.1003338024020195 111 10 18
-0.5271443128585815 0.4149343967437744 0.12355940043926239 105 16 22
-0.5236588716506958 0.44395989179611206 0.20334219932556152 112 12 22
-0.519008457660675 0.4473039507865906 0.21797853708267212 180 88 98
-0.5204243063926697 0.4210864007472992 0.13900576531887054 93 13 16
-0.5227494239807129 0.4192846417427063 0.12350799143314362 185 88 99
-0.5148473381996155 0.4253482222557068 0.1518610715866089 102 9 17
-0.5148473381996155 0.4253482222557068 0.1518610715866089 102 9 17
-0.5433900356292725 0.49747946858406067 0.29424384236335754 90 10 15
-0.5225120186805725 0.42073675990104675 0.1215091422200203 124 36 40
-0.5175433158874512 0.43504491448402405 0.166350856423378 92 25 24
-0.5203368067741394 0.4077860713005066 0.08669807761907578 108 46 47
-0.5179138779640198 0.40191903710365295 0.07397811114788055 114 9 23
-0.5128005743026733 0.42741677165031433 0.14826229214668274 85 1 5
-0.5163351893424988 0.4237464666366577 0.13131190836429596 183 88 99
-0.5164448618888855 0.43462005257606506 0.15356659889221191 105 6 16
-0.5220539569854736 0.420073926448822 0.10326506942510605 111 10 18
-0.5174720287322998 0.42938849329948425 0.13612520694732666 98 24 27
-0.5128164887428284 0.4272925853729248 0.13774025440216064 107 52 47
-0.5139214992523193 0.4546765387058258 0.2088301181793213 109 13 17
-0.5172098278999329 0.4218211770057678 0.11422360688447952 106 9 20
-0.516673743724823 0.442212849855423 0.16557586193084717 89 19 19
-0.516673743724823 0.442212849855423 0.16557586193084717 89 19 19
-0.5175824761390686 0.4159281253814697 0.08480416238307953 185 109 113
-0.5142993330955505 0.4399401545524597 0.15287742018699646 184 89 97
-0.5132806301116943 0.4219977855682373 0.10682738572359085 182 108 109
-0.5115530490875244 0.4439305067062378 0.160214364528656 94 30 28
-0.5143277049064636 0.4452430009841919 0.15215300023555756 108 8 18
-0.4955384135246277 0.43639329075813293 0.16112197935581207 112 13 18
-0.5047100186347961 0.45882749557495117 0.1857633739709854 95 21 22
-0.5056193470954895 0.4418078660964966 0.13156302273273468 100 10 14
-0.5009539127349854 0.4607798457145691 0.18618075549602509 166 90 90
-0.5113142728805542 0.438863605260849 0.10850787162780762 160 86 87
-0.5113142728805542 0.438863605260849 0.10850787162780762 160 86 87
-0.4738464057445526 0.4534740447998047 0.20685912668704987 113 10 13
-0.5066586136817932 0.45637375116348267 0.14644677937030792 112 15 22
-0.5066586136817932 0.45637375116348267 0.14644677937030792 112 15 22
-0.4975654184818268 0.4467209577560425 0.13093820214271545 164 94 96
-0.4995458722114563 0.46771690249443054 0.18076826632022858 115 11 18
-0.4995458722114563 0.46771690249443054 0.18076826632022858 115 11 18
-0.5043677687644958 0.4519464075565338 0.13069315254688263 103 33 35
-0.4957774877548218 0.43821296095848083 0.10913161188364029 117 10 18
-0.49737748503685 0.45621350407600403 0.14341695606708527 182 109 108
-0.4923746585845947 0.46228909492492676 0.16336072981357574 165 70 76
-0.49507394433021545 0.4711650311946869 0.1809968799352646 172 94 92
-0.5015122890472412 0.4407825767993927 0.0910503938794136 170 107 100
-0.4927031397819519 0.4360542297363281 0.09209725260734558 168 94 91
-0.5015537738800049 0.43672892451286316 0.06983155757188797 175 102 103
-0.4958612024784088 0.465598464012146 0.14704254269599915 90 26 22
-0.497474730014801 0.44017526507377625 0.07690084725618362 140 76 73
-0.4986211359500885 0.47304314374923706 0.15167690813541412 180 108 107
-0.49903780221939087 0.44272419810295105 0.0737382173538208 100 29 25
-0.4938729405403137 0.4802229702472687 0.17451733350753784 113 16 23
-0.4972987771034241 0.44132500886917114 0.0702618956565857 122 51 47
-0.4945146143436432 0.47594305872917175 0.16096247732639313 112 16 18
-0.49456503987312317 0.4451614320278168 0.0845857560634613 113 19 20
-0.4897289574146271 0.45554953813552856 0.11801575124263763 106 27 26
-0.4995036721229553 0.47612977027893066 0.14978845417499542 139 80 74
-0.4953855872154236 0.4731311798095703 0.1489698588848114 98 33 29
-0.49325788021087646 0.46651691198349 0.13092921674251556 112 17 21
-0.4971696436405182 0.44211798906326294 0.06306840479373932 166 95 93
-0.48932525515556335 0.48573967814445496 0.1710314005613327 98 18 17
-0.4916943907737732 0.4635855257511139 0.11074024438858032 152 60 61
-0.48663708567619324 0.4663890302181244 0.11499414592981339 166 88 84
-0.48578742146492004 0.490902304649353 0.16776828467845917 96 25 21
-0.48711714148521423 0.4704439043998718 0.11166471987962723 179 107 101
-0.48457345366477966 0.4952831566333771 0.1665937453508377 147 76 72
-0.4911881387233734 0.45885348320007324 0.06267909705638885 114 36 32
-0.4813712239265442 0.49742498993873596 0.16296599805355072 95 24 18
-0.4959460496902466 0.4712403118610382 0.07090147584676743 174 87 86
-0.4822674095630646 0.500318169593811 0.1569966822862625 104 11 14
-0.47829756140708923 0.49058812856674194 0.1180720329284668 107 9 13
-0.48441407084465027 0.47250044345855713 0.06326013803482056 174 93 92
-0.47627198696136475 0.48037204146385193 0.09122641384601593 113 12 15
-0.47627198696136475 0.48037204146385193 0.09122641384601593 113 12 15
-0.4815516173839569 0.4705694317817688 0.05835258588194847 92 14 12
-0.48047754168510437 0.5016750693321228 0.12677228450775146 173 99 96
-0.48262420296669006 0.47417575120925903 0.05296911299228668 99 19 18
-0.4845457375049591 0.49058863520622253 0.08360130339860916 169 98 94
-0.48797670006752014 0.4914860725402832 0.07892689853906631 118 39 35
-0.47809988260269165 0.5022705793380737 0.11833637952804565 179 104 101
-0.47751519083976746 0.511652410030365 0.1379729062318802 101 6 14
-0.47780317068099976 0.510532796382904 0.13038645684719086 87 22 19
-0.47870534658432007 0.48715510964393616 0.07365365326404572 181 107 103
-0.4744327664375305 0.512798547744751 0.13611023128032684 160 92 89
-0.47637617588043213 0.5010319948196411 0.10034502297639847 178 100 99
-0.48170626163482666 0.4809088110923767 0.04284021630883217 172 75 79
-0.4722181260585785 0.5231747627258301 0.15438826382160187 98 15 11
-0.48391491174697876 0.48325374722480774 0.03543727472424507 183 99 99
-0.46972334384918213 0.5173373222351074 0.1361842155456543 102 16 17
-0.47561344504356384 0.49945035576820374 0.0451059564948082 178 114 109
-0.47876957058906555 0.5084332227706909 0.053193092346191406 181 101 98
-0.4791973829269409 0.5058442950248718 0.03771575912833214 121 23 28
-0.4763593375682831 0.5133413672447205 0.045263830572366714 147 71 73
-0.057412125170230865 -0.025062713772058487 -0.2832372188568115 134 56 53
-0.057412125170230865 -0.025062713772058487 -0.2832372188568115 134 56 53
-0.05559786409139633 -0.024674538522958755 -0.28123682737350464 136 57 61
-0.05714471638202667 -0.024819213896989822 -0.2842541038990021 198 123 122
-0.05570993945002556 -0.024343915283679962 -0.2819121778011322 196 117 122
-0.05173905938863754 -0.022816510871052742 -0.27560609579086304 183 115 116
-0.05532669275999069 -0.023538291454315186 -0.282155305147171 201 122 127
-0.053896237164735794 -0.023177167400717735 -0.2794056832790375 196 133 128
-0.05058221146464348 -0.02250836417078972 -0.27378642559051514 129 53 55
-0.05619161203503609 -0.023316441103816032 -0.28452396392822266 192 121 125
-0.049813345074653625 -0.02175469882786274 -0.2739274799823761 192 116 118
-0.04534727707505226 -0.020402487367391586 -0.2669149339199066 132 36 37
-0.047225624322891235 -0.0206309724599123 -0.27082011103630066 134 35 38
-0.049374859780073166 -0.020681438967585564 -0.2741487920284271 132 42 48
-0.04816799983382225 -0.020359210669994354 -0.2727992534637451 189 121 120
-0.048966050148010254 -0.020581644028425217 -0.27555105090141296 185 116 116
-0.04525108262896538 -0.019214747473597527 -0.26875439286231995 174 102 98
-0.05238839238882065 -0.020131129771471024 -0.2815299928188324 203 116 122
-0.042877621948719025 -0.01796489581465721 -0.26490432024002075 184 115 118
-0.043401088565588 -0.0180040430277586 -0.2663576602935791 115 32 34
-0.044048890471458435 -0.017764652147889137 -0.26888540387153625 178 98 101
-0.047537751495838165 -0.01826043426990509 -0.27478674054145813 203 118 125
-0.044852301478385925 -0.017838412895798683 -0.2707219421863556 113 24 28
-0.051001470535993576 -0.019006546586751938 -0.28136107325553894 207 136 140
-0.05110602453351021 -0.018752118572592735 -0.2825179696083069 124 33 40
-0.04190438985824585 -0.016410132870078087 -0.2654753029346466 112 21 28
-0.036581482738256454 -0.014997133985161781 -0.2568264305591583 136 26 37
-0.04674297571182251 -0.017138805240392685 -0.2761659026145935 179 110 113
-0.04674297571182251 -0.017138805240392685 -0.2761659026145935 179 110 113
-0.04906412586569786 -0.01749931462109089 -0.2798726260662079 206 134 137
-0.041111771017313004 -0.015572798438370228 -0.26501619815826416 164 101 100
-0.041111771017313004 -0.015572798438370228 -0.26501619815826416 164 101 100
-0.03933554142713547 -0.015172084793448448 -0.26176899671554565 215 117 124
-0.045520931482315063 -0.016703002154827118 -0.27370381355285645 186 111 116
-0.039986755698919296 -0.015623564831912518 -0.26442480087280273 130 34 45
-0.04367281496524811 -0.016261165961623192 -0.27042073011398315 201 116 123
-0.04367281496524811 -0.016261165961623192 -0.27042073011398315 201 116 123
-0.037305835634469986 -0.014645480550825596 -0.25882261991500854 140 73 70
-0.03952229022979736 -0.015086494386196136 -0.26267507672309875 167 92 97
-0.043059565126895905 -0.01577923260629177 -0.26903560757637024 204 107 113
-0.052059754729270935 -0.017390016466379166 -0.286272794008255 185 115 120
-0.04226269945502281 -0.015234504826366901 -0.26909175515174866 117 24 28
-0.0394928939640522 -0.014437108300626278 -0.26359111070632935 194 119 124
-0.04931154474616051 -0.01616753824055195 -0.28238630294799805 177 97 103
-0.04931154474616051 -0.01616753824055195 -0.28238630294799805 177 97 103
-0.03656448423862457 -0.013258288614451885 -0.2591632008552551 112 40 41
-0.03656448423862457 -0.013258288614451885 -0.2591632008552551 112 40 41
-0.04711905121803284 -0.015674065798521042 -0.27940240502357483 120 23 32
-0.038268622010946274 -0.013033978641033173 -0.2627190947532654 192 125 132
-0.04567835479974747 -0.014767277985811234 -0.2767450511455536 119 21 34
-0.04430801048874855 -0.014372263103723526 -0.2742661237716675 157 98 100
-0.04008065164089203 -0.01329740509390831 -0.2666797935962677 103 24 30
-0.03721890226006508 -0.012576046399772167 -0.2615245282649994 192 108 113
-0.04589790850877762 -0.014545933343470097 -0.2778068780899048 166 91 98
-0.04221150279045105 -0.013654535636305809 -0.270982950925827 121 42 45
-0.03780408576130867 -0.01251386571675539 -0.26308101415634155 161 94 101
-0.03780408576130867 -0.01251386571675539 -0.26308101415634155 161 94 101
-0.034139201045036316 -0.011584705673158169 -0.25650012493133545 99 19 24
-0.04769635945558548 -0.014774762094020844 -0.2816962003707886 119 12 30
-0.035571400076150894 -0.011750474572181702 -0.25935694575309753 86 18 17
-0.035571400076150894 -0.011750474572181702 -0.25935694575309753 86 18 17
-0.0447656512260437 -0.013708401471376419 -0.27620890736579895 121 23 36
-0.04663675278425217 -0.014334631152451038 -0.2804028391838074 129 14 31
-0.03740363195538521 -0.011741784401237965 -0.2627209722995758 171 104 111
-0.034884728491306305 -0.011125441640615463 -0.25831717252731323 122 21 27
-0.03781341761350632 -0.012166795320808887 -0.26527920365333557 108 27 33
-0.03621578589081764 -0.01139882393181324 -0.2616736888885498 120 18 29
-0.041961994022130966 -0.012521754018962383 -0.2716897428035736 110 21 27
-0.03900725394487381 -0.011791396886110306 -0.26648661494255066 187 115 119
-0.04536455124616623 -0.013217013329267502 -0.27865836024284363 184 125 125
-0.04436651989817619 -0.012856238521635532 -0.27718284726142883 198 108 120
-0.04747450351715088 -0.013409890234470367 -0.28295058012008667 112 10 26
-0.034788116812705994 -0.010350631549954414 -0.2596889138221741 124 26 38
-0.034788116812705994 -0.010350631549954414 -0.2596889138221741 124 26 38
-0.03327811136841774 -0.010105380788445473 -0.2582217752933502 119 19 27
-0.04427875578403473 -0.012558858841657639 -0.2783351540565491 159 107 107
-0.032129693776369095 -0.00931519828736782 -0.25479283928871155 196 119 124
-0.03829752653837204 -0.01090038288384676 -0.26675084233283997 170 110 110
-0.03829752653837204 -0.01090038288384676 -0.26675084233283997 170 110 110
-0.04765595868229866 -0.012832502834498882 -0.2835645079612732 205 118 128
-0.04765595868229866 -0.012832502834498882 -0.2835645079612732 205 118 128
-0.04682600498199463 -0.012515324167907238 -0.28231367468833923 211 123 135
-0.04831525310873985 -0.01286063902080059 -0.2851628363132477 201 114 122
-0.04831525310873985 -0.01286063902080059 -0.2851628363132477 201 114 122
-0.03650492802262306 -0.010005694814026356 -0.26361173391342163 144 81 82
-0.03522736579179764 -0.009601636789739132 -0.2612172067165375 167 97 99
-0.03522736579179764 -0.009601636789739132 -0.2612172067165375 167 97 99
-0.03851945325732231 -0.01035375241190195 -0.2675533890724182 177 95 102
-0.04870142787694931 -0.012731431983411312 -0.28619369864463806 96 10 21
-0.03478233516216278 -0.009421772323548794 -0.26077064871788025 113 48 49
-0.049170561134815216 -0.012774801813066006 -0.28712552785873413 106 16 30
-0.03205300122499466 -0.008782743476331234 -0.25585487484931946 177 117 116
-0.03163938224315643 -0.008641036227345467 -0.2551368772983551 102 19 26
-0.03191055357456207 -0.008784824050962925 -0.2559816837310791 178 117 116
-0.03191055357456207 -0.008784824050962925 -0.2559816837310791 178 117 116
-0.03414338082075119 -0.009200875647366047 -0.2598251402378082 138 70 71
-0.03414338082075119 -0.009200875647366047 -0.2598251402378082 138 70 71
-0.042406607419252396 -0.01114591583609581 -0.27502912282943726 169 111 112
-0.037540365010499954 -0.009504767134785652 -0.26509663462638855 116 18 27
-0.037540365010499954 -0.009504767134785652 -0.26509663462638855 116 18 27
-0.04278853163123131 -0.010917970910668373 -0.2769511044025421 104 7 22
-0.04278853163123131 -0.010917970910668373 -0.2769511044025421 104 7 22
-0.048365961760282516 -0.01188252866268158 -0.2866004705429077 179 121 122
-0.048365961760282516 -0.01188252866268158 -0.2866004705429077 179 121 122
-0.04410823807120323 -0.011470047757029533 -0.2810400724411011 116 11 26
-0.03423330560326576 -0.008368903771042824 -0.26081958413124084 108 18 27
-0.03476861119270325 -0.008548885583877563 -0.26240602135658264 116 18 31
-0.03476861119270325 -0.008548885583877563 -0.26240602135658264 116 18 31
-0.04549313709139824 -0.010950513184070587 -0.28195920586586 91 7 20
-0.03153350576758385 -0.007463796995580196 -0.2563249468803406 131 63 64
-0.04724422097206116 -0.01100209355354309 -0.2848373055458069 107 12 24
-0.03166891634464264 -0.007258777506649494 -0.2567766308784485 197 128 129
-0.048748165369033813 -0.011170117184519768 -0.28795480728149414 178 100 106
-0.04237331449985504 -0.009751149453222752 -0.2770675718784332 199 118 127
-0.045078475028276443 -0.010170997120440006 -0.28188586235046387 198 114 127
-0.03890771418809891 -0.008718419820070267 -0.2708342969417572 180 101 101
-0.03534278646111488 -0.007623183075338602 -0.2642129063606262 196 132 133
-0.035189542919397354 -0.0076098875142633915 -0.2642405331134796 197 130 132
-0.04219283536076546 -0.00925511121749878 -0.27749642729759216 95 14 23
-0.04219283536076546 -0.00925511121749878 -0.27749642729759216 95 14 23
-0.0408807210624218 -0.008785459212958813 -0.2749852240085602 100 0 13
-0.03606317192316055 -0.007494737394154072 -0.26594096422195435 124 23 37
-0.036937981843948364 -0.007764184381812811 -0.2682478725910187 186 106 110
-0.030242083594202995 -0.005910949781537056 -0.2558767795562744 181 111 113
-0.04592785984277725 -0.009520823135972023 -0.2844844460487366 192 117 124
-0.03350428491830826 -0.006629561074078083 -0.26206517219543457 201 114 123
-0.030219584703445435 -0.005934780929237604 -0.25683894753456116 154 85 88
-0.030219584703445435 -0.005934780929237604 -0.25683894753456116 154 85 88
-0.041089970618486404 -0.008450853638350964 -0.27671000361442566 187 118 121
-0.04147934541106224 -0.008049225434660912 -0.2769814729690552 104 8 22
-0.04246031492948532 -0.008298785425722599 -0.27936744689941406 173 107 111
-0.041480112820863724 -0.008004549890756607 -0.27758434414863586 194 102 115
-0.035273827612400055 -0.006411998998373747 -0.2661750316619873 113 21 34
-0.0342714786529541 -0.005868546664714813 -0.2648266553878784 168 108 108
-0.03767215460538864 -0.006670053116977215 -0.2712601125240326 178 101 106
-0.04708882048726082 -0.008674593642354012 -0.2881554067134857 112 15 30
-0.04086101055145264 -0.00740268686786294 -0.2780023217201233 111 17 31
-0.04185172915458679 -0.007191568147391081 -0.2790251672267914 92 28 32
-0.0360151082277298 -0.005887171253561974 -0.26877498626708984 194 125 130
-0.0360151082277298 -0.005887171253561974 -0.26877498626708984 194 125 130
-0.03426980599761009 -0.005517815705388784 -0.2658141851425171 192 118 125
-0.03350560739636421 -0.005277850665152073 -0.2643124461174011 181 95 104
-0.04266106337308884 -0.0073855165392160416 -0.28150784969329834 119 9 28
-0.03648361563682556 -0.005805978551506996 -0.2703787386417389 111 14 25
-0.03648361563682556 -0.005805978551506996 -0.2703787386417389 111 14 25
-0.037434209138154984 -0.00585233885794878 -0.27253973484039307 83 23 23
-0.037434209138154984 -0.00585233885794878 -0.27253973484039307 83 23 23
-0.0419391468167305 -0.006372186355292797 -0.2802561819553375 172 94 104
-0.04565230384469032 -0.007216805126518011 -0.2870379686355591 112 25 36
-0.035139113664627075 -0.00470723258331418 -0.26854071021080017 99 30 35
-0.04332084581255913 -0.006603857968002558 -0.2834302484989166 107 17 29
-0.03842325881123543 -0.005293544847518206 -0.274629682302475 117 11 26
-0.03842325881123543 -0.005293544847518206 -0.274629682302475 117 11 26
-0.046723540872335434 -0.007019939832389355 -0.28913500905036926 207 122 137
-0.046723540872335434 -0.007019939832389355 -0.28913500905036926 207 122 137
-0.041572198271751404 -0.00575910834595561 -0.2797294557094574 113 50 56
-0.045373328030109406 -0.006635795347392559 -0.2869068682193756 195 125 133
-0.044423919171094894 -0.006674650125205517 -0.2860482633113861 110 18 31
-0.041838355362415314 -0.005975198931992054 -0.28113001585006714 103 10 25
-0.04288988187909126 -0.006048006936907768 -0.28307682275772095 170 94 99
-0.03624706342816353 -0.004438077099621296 -0.2710215151309967 110 12 25
-0.03695177286863327 -0.004378577694296837 -0.2725808322429657 185 114 118
-0.04612213373184204 -0.006384402047842741 -0.28898608684539795 87 19 28
-0.03287501260638237 -0.0033224676735699177 -0.2655256986618042 176 105 113
-0.04540495201945305 -0.005970593076199293 -0.28746238350868225 88 18 26
-0.028597503900527954 -0.002009226940572262 -0.25741127133369446 178 112 111
-0.028597503900527954 -0.002009226940572262 -0.25741127133369446 178 112 111
-0.030807970091700554 -0.0025198166258633137 -0.2615429759025574 180 104 110
-0.030807970091700554 -0.0025198166258633137 -0.2615429759025574 180 104 110
-0.04559371992945671 -0.0060552991926670074 -0.288650244474411 134 68 75
-0.04385831207036972 -0.005479247774928808 -0.2856074869632721 208 116 129
-0.038785118609666824 -0.004311028867959976 -0.2767108380794525 179 102 108
-0.03370781987905502 -0.0030071455985307693 -0.2672540247440338 113 19 33
-0.03544532135128975 -0.0036396225914359093 -0.2714458107948303 112 14 27
-0.042525649070739746 -0.0049793957732617855 -0.2833372950553894 195 114 121
-0.03983211889863014 -0.004422565456479788 -0.2787605822086334 114 22 36
-0.04466576501727104 -0.005352151580154896 -0.28737586736679077 204 131 138
-0.04081294685602188 -0.004416827578097582 -0.28037863969802856 89 9 18
-0.03290371224284172 -0.0025415667332708836 -0.2663779556751251 166 95 103
-0.03794290870428085 -0.0038179161492735147 -0.2758312225341797 85 8 14
-0.034867942333221436 -0.002664274536073208 -0.2704097330570221 206 109 122
-0.034867942333221436 -0.002664274536073208 -0.2704097330570221 206 109 122
-0.03792034089565277 -0.0032620150595903397 -0.27610912919044495 95 18 24
-0.04395826533436775 -0.004584415815770626 -0.2868853509426117 104 16 28
-0.03066621907055378 -0.0017448755679652095 -0.2643754482269287 117 10 25
-0.03066621907055378 -0.0017448755679652095 -0.2643754482269287 117 10 25
-0.02828126586973667 -0.0006416062824428082 -0.25923022627830505 105 15 24
-0.02828126586973667 -0.0006416062824428082 -0.25923022627830505 105 15 24
-0.03627645596861839 -0.002522846683859825 -0.2739885151386261 189 120 123
-0.03847501054406166 -0.0028393203392624855 -0.27798885107040405 105 14 29
-0.03847501054406166 -0.0028393203392624855 -0.27798885107040405 105 14 29
-0.033708587288856506 -0.0015862795989960432 -0.26932641863822937 177 118 120
-0.03197784349322319 -0.0011874224292114377 -0.2662545144557953 162 85 93
-0.03197784349322319 -0.0011874224292114377 -0.2662545144557953 162 85 93
-0.04289127513766289 -0.0035175548400729895 -0.28560248017311096 104 9 23
-0.039117030799388885 -0.0026633841916918755 -0.27931588888168335 105 14 29
-0.03707534447312355 -0.001930724480189383 -0.2760106325149536 109 13 27
-0.026726750656962395 0.00048494766815565526 -0.25762486457824707 156 106 102
-0.03449256718158722 -0.0010378165170550346 -0.27158111333847046 110 13 24
-0.03135344758629799 -0.00031134081655181944 -0.2662350535392761 190 113 121
-0.03875293955206871 -0.0018441680585965514 -0.2791484594345093 197 106 121
-0.03582780435681343 -0.00099246168974787 -0.274276465177536 201 127 134
-0.02941986359655857 0.0003888680075760931 -0.2631441056728363 188 113 117
-0.02941986359655857 0.0003888680075760931 -0.2631441056728363 188 113 117
-0.038588061928749084 -0.001364786410704255 -0.2795383930206299 89 15 25
-0.03265775367617607 4.846102456212975e-05 -0.2691646218299866 186 112 116
-0.02949564903974533 0.0008190594962798059 -0.26411426067352295 101 8 19
-0.030253367498517036 0.0007016955642029643 -0.26537811756134033 87 22 26
-0.030253367498517036 0.0007016955642029643 -0.26537811756134033 87 22 26
-0.02745180018246174 0.0013419087044894695 -0.260780394077301 114 9 23
-0.0352901965379715 -0.00026474962942302227 -0.27430036664009094 197 121 129
-0.0352901965379715 -0.00026474962942302227 -0.27430036664009094 197 121 129
-0.02683158405125141 0.001723787165246904 -0.25914323329925537 179 102 108
-0.03820899501442909 -0.0007997669163160026 -0.27939215302467346 172 102 110
-0.032526664435863495 0.0003006573242601007 -0.2698681652545929 91 23 25
-0.031258367002010345 0.0008886175928637385 -0.26721957325935364 181 107 114
-0.04297959804534912 -0.001787870773114264 -0.28835609555244446 188 98 110
-0.03001389093697071 0.0012210533022880554 -0.2653418481349945 186 108 116
-0.043816447257995605 -0.0018380580004304647 -0.2902370095252991 112 46 50
-0.03787750005722046 -0.0004150129680056125 -0.2797935903072357 201 131 139
-0.02794817090034485 0.0018910444341599941 -0.2620486915111542 175 104 108
-0.03473441302776337 0.0004939550417475402 -0.27383485436439514 89 8 17
-0.03473441302776337 0.0004939550417475402 -0.27383485436439514 89 8 17
-0.0439554788172245 -0.0015040462603792548 -0.2900957465171814 103 37 41
-0.03717822581529617 3.935784843633883e-05 -0.2784286141395569 174 108 112
-0.03140269219875336 0.0014310162514448166 -0.2685329020023346 114 7 23
-0.02854177914559841 0.0024559420999139547 -0.262561559677124 157 86 90
-0.03870195150375366 -0.00012593380233738571 -0.2814638912677765 93 22 28
-0.03870195150375366 -0.00012593380233738571 -0.2814638912677765 93 22 28
-0.03796617314219475 9.092292748391628e-05 -0.28032511472702026 92 19 28
-0.03796617314219475 9.092292748391628e-05 -0.28032511472702026 92 19 28
-0.042961347848176956 -0.0009638287010602653 -0.28898072242736816 103 19 29
-0.042961347848176956 -0.0009638287010602653 -0.28898072242736816 103 19 29
-0.041485197842121124 -0.0006668696878477931 -0.2866535186767578 85 12 21
-0.04421084001660347 -0.000974871392827481 -0.2906217873096466 192 123 128
-0.02786729857325554 0.0023210900835692883 -0.2628854215145111 88 19 22
-0.026032837107777596 0.00283616385422647 -0.2598602771759033 186 111 116
-0.02890385128557682 0.0021119085140526295 -0.26523101329803467 114 12 25
-0.02890385128557682 0.0021119085140526295 -0.26523101329803467 114 12 25
-0.03243924304842949 0.001744215958751738 -0.2707468569278717 107 31 38
-0.03243924304842949 0.001744215958751738 -0.2707468569278717 107 31 38
-0.028299584984779358 0.0027611488476395607 -0.26353538036346436 152 81 85
-0.028299584984779358 0.0027611488476395607 -0.26353538036346436 152 81 85
-0.030649850144982338 0.0022508332040160894 -0.26773980259895325 190 111 117
-0.038026776164770126 0.000594005105085671 -0.28080567717552185 180 106 115
-0.02770904079079628 0.0028052213601768017 -0.26316937804222107 192 121 125
-0.02770904079079628 0.0028052213601768017 -0.26316937804222107 192 121 125
-0.032065123319625854 0.0022153740283101797 -0.2701590061187744 154 93 93
-0.03816128149628639 0.0006127969827502966 -0.2816227674484253 178 107 113
-0.031601909548044205 0.002330036601051688 -0.2698034644126892 105 26 32
-0.038824405521154404 0.0006643621018156409 -0.28283655643463135 100 7 21
-0.03076944872736931 0.0028408679645508528 -0.2689943313598633 112 11 25
-0.03143194690346718 0.002798780333250761 -0.269961416721344 191 117 124
-0.03143194690346718 0.002798780333250761 -0.269961416721344 191 117 124
-0.02746092528104782 0.003515835152938962 -0.2636442184448242 107 13 24
-0.042359452694654465 0.0003231518785469234 -0.28957757353782654 79 16 17
-0.043230779469013214 0.00039581183227710426 -0.29084423184394836 92 21 27
-0.03781244158744812 0.001707145944237709 -0.2820190489292145 107 19 31
-0.036052025854587555 0.002131917281076312 -0.2789421081542969 166 99 106
-0.02949335053563118 0.003618318820372224 -0.2674722373485565 95 16 22
-0.03883931413292885 0.0017716822912916541 -0.28392934799194336 113 12 26
-0.036800481379032135 0.0021220871713012457 -0.28072893619537354 110 18 29
-0.030780037865042686 0.0037007436621934175 -0.2700013518333435 180 109 115
-0.040529515594244 0.0016618150984868407 -0.28729283809661865 182 104 114
-0.040529515594244 0.0016618150984868407 -0.28729283809661865 182 104 114
-0.03956269100308418 0.0019411728717386723 -0.28546246886253357 96 19 27
-0.03435276448726654 0.0029169933404773474 -0.277232825756073 120 9 26
-0.02452332153916359 0.005185769405215979 -0.2598744332790375 83 21 22
-0.02452332153916359 0.005185769405215979 -0.2598744332790375 83 21 22
-0.03125690296292305 0.004031301010400057 -0.27159881591796875 182 107 115
-0.02985772117972374 0.0045664357021451 -0.2693585157394409 105 14 25
-0.026528092101216316 0.005345406010746956 -0.26396340131759644 159 96 97
-0.04101892188191414 0.0023297034204006195 -0.2891797125339508 111 13 28
-0.037191737443208694 0.0032592962961643934 -0.2823666036128998 104 24 35
-0.03569984436035156 0.0035526221618056297 -0.2799473702907562 167 99 104
-0.0358085073530674 0.0036656565498560667 -0.2805708944797516 94 24 30
-0.0358085073530674 0.0036656565498560667 -0.2805708944797516 94 24 30
-0.031177286058664322 0.004934323951601982 -0.2724168598651886 107 15 26
-0.042461708188056946 0.0026483952533453703 -0.29189738631248474 203 116 125
-0.029684068635106087 0.005298638250678778 -0.2700941562652588 99 12 21
-0.03779691085219383 0.003697639564052224 -0.28402194380760193 184 98 108
-0.03779691085219383 0.003697639564052224 -0.28402194380760193 184 98 108
-0.03493098169565201 0.004340885207056999 -0.2790636122226715 109 42 47
-0.038366276770830154 0.00379214552231133 -0.2852957844734192 108 15 26
-0.026141919195652008 0.0063681830652058125 -0.2644624710083008 92 12 19
-0.03994990885257721 0.0036878399550914764 -0.28807881474494934 198 106 119
-0.03994990885257721 0.0036878399550914764 -0.28807881474494934 198 106 119
-0.04182525724172592 0.0032617668621242046 -0.29186558723449707 85 17 22
-0.03331523761153221 0.005014193709939718 -0.27782633900642395 109 13 25
-0.03331523761153221 0.005014193709939718 -0.27782633900642395 109 13 25
-0.02558905817568302 0.006883405148983002 -0.26435449719429016 107 10 22
-0.03606121987104416 0.004907284397631884 -0.2821487784385681 166 86 95
-0.029830902814865112 0.006239240989089012 -0.2715422809123993 84 22 23
-0.039963770657777786 0.004146897234022617 -0.28950485587120056 109 19 29
-0.040612686425447464 0.004169011022895575 -0.2902475595474243 105 29 36
-0.02949056401848793 0.0067412895150482655 -0.27072426676750183 190 119 125
-0.023150121793150902 0.007958265952765942 -0.2605148255825043 182 103 109
-0.02665521390736103 0.007401258684694767 -0.2664826214313507 119 10 25
-0.03250451385974884 0.0063933115452528 -0.27630415558815 189 96 107
-0.04049510508775711 0.004773901775479317 -0.2906230688095093 201 133 138
-0.03600062057375908 0.005930432118475437 -0.28319886326789856 90 31 30
-0.04138670489192009 0.005159432999789715 -0.2927042543888092 177 96 105
-0.04138670489192009 0.005159432999789715 -0.2927042543888092 177 96 105
-0.03890569508075714 0.005818986799567938 -0.2884635925292969 87 18 21
-0.03350554034113884 0.006887258030474186 -0.2795632779598236 187 110 116
-0.02454477548599243 0.00872804131358862 -0.2645241320133209 177 105 108
-0.024880725890398026 0.008745300583541393 -0.2648521661758423 164 99 100
-0.024880725890398026 0.008745300583541393 -0.2648521661758423 164 99 100
-0.02702912874519825 0.008413335308432579 -0.2687112092971802 114 43 47
-0.030054569244384766 0.007829952985048294 -0.2742241621017456 110 12 25
-0.0219383854418993 0.009435322135686874 -0.26105156540870667 174 101 105
-0.028133733198046684 0.008846430107951164 -0.2706240117549896 106 14 25
-0.03588324785232544 0.007150263991206884 -0.28419291973114014 188 118 123
-0.040850214660167694 0.006167739164084196 -0.29302847385406494 184 105 111
-0.03407330438494682 0.007807392627000809 -0.2814088761806488 99 28 32
-0.02155931666493416 0.010094105266034603 -0.26083528995513916 89 25 25
-0.03955907002091408 0.006720175035297871 -0.2908148765563965 175 113 116
-0.0345308780670166 0.007721345871686935 -0.28233766555786133 90 22 25
-0.0316668301820755 0.008956752717494965 -0.2759004831314087 153 89 90
-0.0316668301820755 0.008956752717494965 -0.2759004831314087 153 89 90
-0.027200620621442795 0.009316230192780495 -0.2699739933013916 106 11 23
-0.03305751085281372 0.008102508261799812 -0.28016847372055054 116 45 47
-0.02540314570069313 0.009584740735590458 -0.2677072286605835 110 17 27
-0.037422437220811844 0.007219358347356319 -0.28842127323150635 105 17 29
-0.02871062606573105 0.009670594707131386 -0.273390531539917 180 103 111
-0.027234334498643875 0.010028138756752014 -0.2716412842273712 99 10 22
-0.024124260991811752 0.01062696147710085 -0.26663175225257874 191 122 125
-0.02779485657811165 0.010137013159692287 -0.2732214629650116 155 82 89
-0.02544027380645275 0.0106229642406106 -0.26928532123565674 174 103 107
-0.024214675650000572 0.011086630634963512 -0.2671218812465668 94 14 21
-0.02568783052265644 0.010622159577906132 -0.27007439732551575 164 89 94
-0.023414744064211845 0.011059525422751904 -0.2663145661354065 96 22 23
-0.033095404505729675 0.009711924009025097 -0.28222617506980896 92 18 23
-0.026188379153609276 0.011229224503040314 -0.27052900195121765 94 19 24
-0.03627854585647583 0.009188450872898102 -0.2876988649368286 187 100 109
-0.0376608707010746 0.008967048488557339 -0.2898832857608795 185 110 115
-0.03974936902523041 0.008879059925675392 -0.29326343536376953 84 11 16
-0.02867147885262966 0.011085628531873226 -0.2753754258155823 107 14 25
-0.03417660668492317 0.009958618320524693 -0.2849763035774231 116 9 25
-0.037096936255693436 0.009492777287960052 -0.2896720767021179 86 15 19
-0.03907405212521553 0.009236167185008526 -0.2928394377231598 105 15 27
-0.036475393921136856 0.010108672082424164 -0.2891451120376587 161 90 94
-0.03265893831849098 0.010960837826132774 -0.2828058898448944 110 13 24
-0.02613871544599533 0.012486194260418415 -0.27200639247894287 100 4 18
-0.039321888238191605 0.009977803565561771 -0.29417920112609863 187 114 123
-0.03792472928762436 0.010314349085092545 -0.29203978180885315 194 124 128
-0.029809311032295227 0.01198172103613615 -0.2782898545265198 177 94 102
-0.026254065334796906 0.012502644211053848 -0.27289098501205444 84 12 15
-0.026254065334796906 0.012502644211053848 -0.27289098501205444 84 12 15
-0.02349136583507061 0.012821362353861332 -0.26900342106819153 108 15 23
-0.031335894018411636 0.011730639263987541 -0.2815861701965332 111 18 29
-0.025750869885087013 0.012956433929502964 -0.2721996009349823 135 46 58
-0.02428015135228634 0.013123982585966587 -0.27021554112434387 183 106 114
-0.02453070506453514 0.012949618510901928 -0.27097705006599426 181 114 118
-0.027047239243984222 0.012702506966888905 -0.2746046185493469 183 118 119
-0.03864406794309616 0.010728441178798676 -0.29404470324516296 87 17 25
-0.03783793747425079 0.011037246324121952 -0.2926570773124695 85 15 22
-0.026479193940758705 0.01318721566349268 -0.27412620186805725 91 20 24
-0.025322137400507927 0.013549054972827435 -0.27240419387817383 177 103 107
-0.021752750501036644 0.013969672843813896 -0.2672633230686188 88 18 20
-0.0387045294046402 0.011587259359657764 -0.2946362793445587 195 105 117
-0.037217650562524796 0.011807174421846867 -0.2926139831542969 190 99 109
-0.023856433108448982 0.014302056282758713 -0.27138611674308777 101 14 23
-0.023856433108448982 0.014302056282758713 -0.27138611674308777 101 14 23
-0.03140805661678314 0.013577650301158428 -0.2838132679462433 114 9 24
-0.03140805661678314 0.013577650301158428 -0.2838132679462433 114 9 24
-0.03738238662481308 0.012765306048095226 -0.29415732622146606 108 10 25
-0.02779165282845497 0.014341370202600956 -0.27897611260414124 143 84 83
-0.02779262885451317 0.014718581922352314 -0.2784046530723572 85 20 22
-0.03228488564491272 0.01390556525439024 -0.2858963906764984 96 25 31
-0.02619806118309498 0.01476325560361147 -0.2769571840763092 105 12 22
-0.02619806118309498 0.01476325560361147 -0.2769571840763092 105 12 22
-0.025025472044944763 0.01506771706044674 -0.27494242787361145 97 14 22
-0.03068537451326847 0.014648832380771637 -0.28343790769577026 173 100 107
-0.023302529007196426 0.015749385580420494 -0.27222347259521484 89 17 21
-0.03181380406022072 0.014576849527657032 -0.28574928641319275 164 93 99
-0.03570040315389633 0.015438134782016277 -0.2891720235347748 110 10 22
-0.031537339091300964 0.015230984427034855 -0.2866330146789551 152 81 85
-0.03710835799574852 0.014298878610134125 -0.29558610916137695 165 103 108
-0.025155100971460342 0.016737349331378937 -0.27713075280189514 164 72 83
-0.03547673672437668 0.015453136526048183 -0.29380297660827637 160 87 94
-0.028990991413593292 0.01687256060540676 -0.2838144898414612 78 9 12
-0.026680639013648033 0.017662782222032547 -0.28075113892555237 179 89 99
-0.02704145759344101 0.018624726682901382 -0.28246811032295227 104 14 24
-0.12791728973388672 0.031127125024795532 -0.2468295395374298 181 123 117
-0.12791728973388672 0.031127125024795532 -0.2468295395374298 181 123 117
-0.13516263663768768 0.03646719455718994 -0.2446734607219696 73 43 27
-0.11641693860292435 0.02142389491200447 -0.2554352581501007 174 141 126
-0.12877140939235687 0.03853118419647217 -0.23928000032901764 196 122 124
-0.10415788739919662 0.018401751294732094 -0.2499375194311142 153 82 80
-0.10415788739919662 0.018401751294732094 -0.2499375194311142 153 82 80
-0.11085740476846695 0.03769586980342865 -0.22845833003520966 139 78 77
-0.11085740476846695 0.03769586980342865 -0.22845833003520966 139 78 77
-0.10593119263648987 0.03292151540517807 -0.23303906619548798 140 73 79
-0.10554223507642746 0.031177667900919914 -0.23577912151813507 147 80 87
-0.10572027415037155 0.033719416707754135 -0.23251311480998993 192 122 127
-0.09841739386320114 0.014863693155348301 -0.25679558515548706 148 58 67
-0.11061054468154907 0.04055509343743324 -0.2282615602016449 130 58 62
-0.10291773080825806 0.030283071100711823 -0.2379123866558075 191 128 136
-0.11120276153087616 0.042659468948841095 -0.22579845786094666 209 137 141
-0.09545575827360153 0.01908906362950802 -0.25055789947509766 207 145 150
-0.09587752819061279 0.01723073050379753 -0.2572091817855835 243 173 181
-0.1158924251794815 0.051709577441215515 -0.22503751516342163 202 141 143
-0.10814499855041504 0.0413544662296772 -0.23481082916259766 130 43 56
-0.10401926934719086 0.035719919949769974 -0.24227795004844666 235 163 167
-0.10505380481481552 0.04042627662420273 -0.24379195272922516 125 43 55
-0.1029747799038887 0.037080537527799606 -0.24714520573616028 134 36 50
-0.11181517690420151 0.04959370568394661 -0.2366342544555664 188 132 131
-0.10879642516374588 0.04559054598212242 -0.24183695018291473 225 155 163
-0.12026209384202957 0.061178166419267654 -0.23161636292934418 137 45 59
-0.12026209384202957 0.061178166419267654 -0.23161636292934418 137 45 59
-0.10144680738449097 0.03591424971818924 -0.25436100363731384 226 137 149
-0.10472878813743591 0.04086850956082344 -0.2509249150753021 170 99 105
-0.10316737741231918 0.03897157683968544 -0.25291553139686584 251 172 182
-0.10907462984323502 0.04899563640356064 -0.24575074017047882 217 142 149
-0.12690198421478271 0.07360628247261047 -0.23583382368087769 110 46 50
-0.5729100108146667 0.3473062217235565 0.16385723650455475 120 47 56
-0.37020543217658997 0.16568249464035034 -0.03599494323134422 148 93 98
-0.504646360874176 0.3054918348789215 0.10945896059274673 112 27 40
-0.3185163140296936 0.11326538026332855 -0.09597156196832657 150 88 91
-0.4954390823841095 0.31240424513816833 0.12208492308855057 126 23 40
-0.512490451335907 0.34467360377311707 0.17219235002994537 154 93 98
-0.512490451335907 0.34467360377311707 0.17219235002994537 154 93 98
-0.47210362553596497 0.2805764079093933 0.07546819746494293 144 94 95
-0.3462795615196228 0.14695873856544495 -0.06551988422870636 149 93 96
-0.3071395456790924 0.10826864838600159 -0.10599862039089203 121 27 41
-0.32480043172836304 0.12866546213626862 -0.08653786778450012 117 23 39
-0.4806462526321411 0.3017334043979645 0.10043198615312576 151 84 91
-0.4806462526321411 0.3017334043979645 0.10043198615312576 151 84 91
-0.4731481671333313 0.3012179136276245 0.10113561898469925 153 86 93
-0.3602644205093384 0.1725650429725647 -0.045181114226579666 151 96 99
-0.3274296522140503 0.13827528059482574 -0.08033648878335953 159 97 104
-0.48885923624038696 0.33342453837394714 0.14152759313583374 120 24 38
-0.48885923624038696 0.33342453837394714 0.14152759313583374 120 24 38
-0.4131128787994385 0.23338480293750763 0.011142845265567303 142 93 94
-0.4628407657146454 0.28909191489219666 0.06902340799570084 161 107 109
-0.414150208234787 0.2412557154893875 0.02184201590716839 115 23 38
-0.33088919520378113 0.14442409574985504 -0.08314262330532074 121 18 35
-0.44927147030830383 0.2873440682888031 0.07511433959007263 134 75 81
-0.36557456851005554 0.18324755132198334 -0.04658081755042076 112 23 37
-0.40350088477134705 0.2285481095314026 0.0015444140881299973 170 102 106
-0.3963835835456848 0.2545894384384155 0.05081991106271744 138 69 74
-0.35588401556015015 0.18498298525810242 -0.05383487045764923 113 24 39
-0.32327914237976074 0.1494559496641159 -0.08871977031230927 120 17 34
-0.4200248420238495 0.268304705619812 0.03550926595926285 138 71 78
-0.37008312344551086 0.22875544428825378 0.010281547904014587 151 88 97
-0.407793253660202 0.2563789486885071 0.016927048563957214 113 17 31
-0.3671606481075287 0.23156225681304932 0.011100911535322666 160 97 106
-0.3384244441986084 0.18332354724407196 -0.06070929393172264 148 87 92
-0.35187628865242004 0.21684178709983826 -0.018448058515787125 145 83 88
-0.30146005749702454 0.1363735944032669 -0.11836306005716324 104 20 35
-0.34668871760368347 0.19912904500961304 -0.05206180736422539 160 74 85
-0.34751373529434204 0.21867217123508453 -0.0145852817222476 101 24 32
-0.34751373529434204 0.21867217123508453 -0.0145852817222476 101 24 32
-0.32425543665885925 0.1694800853729248 -0.08648976683616638 138 57 64
-0.345516562461853 0.22018203139305115 -0.024037888273596764 134 69 75
-0.32357028126716614 0.17736752331256866 -0.08589261025190353 163 89 96
-0.3151865005493164 0.19029375910758972 -0.059805091470479965 152 87 93
-0.2884995937347412 0.16652829945087433 -0.07552158832550049 107 9 24
-0.2884995937347412 0.16652829945087433 -0.07552158832550049 107 9 24
-0.3102358877658844 0.17245998978614807 -0.09342507272958755 137 75 78
-0.28006505966186523 0.1595345139503479 -0.10396556556224823 140 87 87
-0.2895401120185852 0.16458523273468018 -0.10878172516822815 134 60 67
-0.27956631779670715 0.08268015086650848 -0.12890344858169556 109 39 47
-0.2809586226940155 0.09303421527147293 -0.10986487567424774 144 88 91
-0.27690547704696655 0.08572962135076523 -0.12168899178504944 150 73 79
-0.2802433967590332 0.08385705947875977 -0.13597305119037628 150 95 100
-0.27541956305503845 0.08953234553337097 -0.12266139686107635 158 81 89
-0.2733677923679352 0.09762337803840637 -0.10630211234092712 149 94 99
-0.27276498079299927 0.10151517391204834 -0.10016297549009323 116 26 38
-0.2688557505607605 0.08769909292459488 -0.1300896555185318 151 84 91
-0.2688099145889282 0.0913022831082344 -0.12398074567317963 110 24 37
-0.2672369182109833 0.08544857054948807 -0.1378917545080185 110 30 39
-0.25607776641845703 0.11160749942064285 -0.08646152168512344 152 97 100
-0.25828319787979126 0.09661869704723358 -0.12116751819849014 99 30 35
-0.2606242001056671 0.0937933474779129 -0.12964117527008057 110 22 34
-0.2516118288040161 0.11140964925289154 -0.09277030825614929 101 26 33
-0.2493804544210434 0.11410892754793167 -0.08735009282827377 154 92 97
-0.25373855233192444 0.0894787386059761 -0.14151771366596222 98 27 35
-0.24671430885791779 0.12671391665935516 -0.06671570241451263 138 88 86
-0.2397266924381256 0.13841448724269867 -0.037395134568214417 114 106 67
-0.24230730533599854 0.13779689371585846 -0.04340432584285736 48 45 22
-0.2506270408630371 0.09037318825721741 -0.1493338793516159 89 12 22
-0.2494431585073471 0.09405481815338135 -0.14121240377426147 149 67 74
-0.24162620306015015 0.13009114563465118 -0.06603317707777023 150 77 83
-0.24438416957855225 0.09988731890916824 -0.1276245266199112 107 21 32
-0.2479490339756012 0.08702082931995392 -0.1569056659936905 139 77 82
-0.23287281394004822 0.13949346542358398 -0.045026931911706924 118 118 46
-0.23287281394004822 0.13949346542358398 -0.045026931911706924 118 118 46
-0.23714996874332428 0.13770873844623566 -0.05484773963689804 146 132 123
-0.24442346394062042 0.0890619158744812 -0.15949398279190063 96 21 29
-0.23928269743919373 0.09903781116008759 -0.1380455195903778 145 76 84
-0.22747433185577393 0.1510358452796936 -0.0320269837975502 87 38 34
-0.22866182029247284 0.1419980823993683 -0.04991866648197174 41 40 20
-0.23469334840774536 0.12052792310714722 -0.10185067355632782 133 72 77
-0.2372683882713318 0.09406086057424545 -0.15249766409397125 106 12 26
-0.23562771081924438 0.09856898337602615 -0.14324147999286652 137 74 79
-0.24030427634716034 0.09384819120168686 -0.15931065380573273 134 65 72
-0.23424015939235687 0.10463324189186096 -0.14033661782741547 96 9 22
-0.23099933564662933 0.11175443977117538 -0.12485026568174362 144 77 84
-0.2259775549173355 0.11656767874956131 -0.11406935006380081 101 16 27
-0.22656476497650146 0.12728603184223175 -0.09651929885149002 134 79 79
-0.2154773324728012 0.15367135405540466 -0.03802423179149628 143 121 108
-0.22628919780254364 0.11475816369056702 -0.11911547929048538 129 81 84
-0.22509320080280304 0.13007012009620667 -0.09177572280168533 102 10 21
-0.23032687604427338 0.1075696051120758 -0.13884350657463074 136 84 86
-0.21732529997825623 0.15084469318389893 -0.0512215830385685 47 39 16
-0.22300297021865845 0.1349148154258728 -0.08571133017539978 133 68 72
-0.22498983144760132 0.12577760219573975 -0.10436556488275528 108 9 26
-0.22498983144760132 0.12577760219573975 -0.10436556488275528 108 9 26
-0.22834140062332153 0.10826221853494644 -0.1451360285282135 99 7 22
-0.22834140062332153 0.10826221853494644 -0.1451360285282135 99 7 22
-0.22290809452533722 0.11951601505279541 -0.11965900659561157 144 72 76
-0.22242453694343567 0.12530329823493958 -0.11213193833827972 124 76 76
-0.22242453694343567 0.12530329823493958 -0.11213193833827972 124 76 76
-0.22447215020656586 0.12168903648853302 -0.12080930918455124 90 28 33
-0.2213965654373169 0.12789204716682434 -0.1099025309085846 132 60 69
-0.2213965654373169 0.12789204716682434 -0.1099025309085846 132 60 69
-0.22587668895721436 0.11279193311929703 -0.14296045899391174 109 58 59
-0.22539718449115753 0.1084536463022232 -0.14987552165985107 145 75 83
-0.2189229279756546 0.12174654006958008 -0.12041237205266953 90 18 25
-0.22287827730178833 0.11346085369586945 -0.1393170952796936 95 5 17
-0.22231657803058624 0.1105809435248375 -0.1436767280101776 139 69 77
-0.22626174986362457 0.10832078009843826 -0.15270724892616272 87 17 25
-0.21972912549972534 0.12676261365413666 -0.11451807618141174 104 30 40
-0.21984587609767914 0.12400446087121964 -0.1248844638466835 116 62 67
-0.21658124029636383 0.13456588983535767 -0.10624140501022339 136 67 70
-0.21954676508903503 0.1297726333141327 -0.12037917971611023 84 7 17
-0.21954676508903503 0.1297726333141327 -0.12037917971611023 84 7 17
-0.22080601751804352 0.11767352372407913 -0.1466633379459381 118 62 65
-0.21568769216537476 0.1344151496887207 -0.11307177692651749 95 7 19
-0.21553193032741547 0.1282566636800766 -0.12476417422294617 92 11 20
-0.21760879456996918 0.12857797741889954 -0.12676657736301422 84 3 12
-0.21656563878059387 0.1329113394021988 -0.11857017874717712 123 75 75
-0.21555130183696747 0.13089658319950104 -0.12933726608753204 120 64 67
-0.2115836888551712 0.14213205873966217 -0.11112962663173676 122 57 61
-0.21224179863929749 0.13829077780246735 -0.11908016353845596 85 10 17
-0.2152310162782669 0.1309065967798233 -0.1357688158750534 96 6 16
-0.2152310162782669 0.1309065967798233 -0.1357688158750534 96 6 16
-0.21398138999938965 0.13620099425315857 -0.12618421018123627 82 4 14
-0.2109251618385315 0.13972680270671844 -0.11792983114719391 99 4 18
-0.2109251618385315 0.13972680270671844 -0.11792983114719391 99 4 18
-0.2169172614812851 0.12343006581068039 -0.15133750438690186 126 70 73
-0.2129206657409668 0.14009660482406616 -0.1223338395357132 122 75 75
-0.21753495931625366 0.12523868680000305 -0.15334844589233398 145 65 74
-0.2147577852010727 0.12501534819602966 -0.15151233971118927 139 63 73
-0.20865117013454437 0.1326647400856018 -0.13333548605442047 137 60 70
-0.21429498493671417 0.12958501279354095 -0.1483079195022583 93 7 18
-0.2119535654783249 0.13751398026943207 -0.1391628384590149 91 8 18
-0.2119535654783249 0.13751398026943207 -0.1391628384590149 91 8 18
-0.21105137467384338 0.14009758830070496 -0.1343502700328827 125 75 76
-0.20836307108402252 0.14657621085643768 -0.12114466726779938 102 4 19
-0.20836307108402252 0.14657621085643768 -0.12114466726779938 102 4 19
-0.2136090099811554 0.13585346937179565 -0.15035022795200348 94 6 18
-0.21011841297149658 0.13986408710479736 -0.1451912671327591 139 71 78
-0.20709185302257538 0.14597134292125702 -0.13340340554714203 101 10 22
-0.20709185302257538 0.14597134292125702 -0.13340340554714203 101 10 22
-0.2129351645708084 0.13590699434280396 -0.15689703822135925 119 68 69
-0.20768406987190247 0.14540281891822815 -0.13761243224143982 133 78 81
-0.20259179174900055 0.1565656065940857 -0.1192416325211525 136 63 70
-0.2020600289106369 0.15664799511432648 -0.12261924892663956 113 60 62
-0.20433737337589264 0.15398254990577698 -0.13093051314353943 95 8 17
-0.20433737337589264 0.15398254990577698 -0.13093051314353943 95 8 17
-0.21090885996818542 0.13960184156894684 -0.16119645535945892 145 80 86
-0.2065117508172989 0.1551402062177658 -0.13952112197875977 116 60 63
-0.2087082862854004 0.14233705401420593 -0.16143658757209778 126 76 77
-0.21020743250846863 0.14486660063266754 -0.16609111428260803 109 31 41
-0.20900042355060577 0.14826995134353638 -0.16229203343391418 117 56 61
-0.20940233767032623 0.14609162509441376 -0.16795392334461212 84 17 24
-0.21130993962287903 0.14922304451465607 -0.1711195856332779 125 68 71
-0.2086319476366043 0.14913815259933472 -0.1679186373949051 98 6 21
-0.2086319476366043 0.14913815259933472 -0.1679186373949051 98 6 21
-0.1993122398853302 0.17291735112667084 -0.1260891705751419 150 85 89
-0.2062235176563263 0.20419901609420776 -0.1629863977432251 116 17 38
-0.2074461281299591 0.20456424355506897 -0.1747957468032837 104 20 41
-0.3323122560977936 0.09261047840118408 -0.06172815337777138 98 35 43
-0.3311457931995392 0.0948590561747551 -0.059294093400239944 154 97 104
-0.3148655295372009 0.09841838479042053 -0.04140356183052063 143 82 87
-0.33655989170074463 0.09626246988773346 -0.06454239785671234 148 91 98
-0.28731265664100647 0.11033445596694946 -0.0009182409849017859 168 162 151
-0.2790664732456207 0.11498827487230301 0.012854503467679024 81 58 24
-0.3227418065071106 0.1005125492811203 -0.04891899600625038 144 87 94
-0.3227418065071106 0.1005125492811203 -0.04891899600625038 144 87 94
-0.3307890295982361 0.10053955018520355 -0.057569269090890884 150 95 101
-0.3513360321521759 0.09553667157888412 -0.08470166474580765 92 37 43
-0.33438271284103394 0.1000690832734108 -0.06372411549091339 166 96 106
-0.30030739307403564 0.11106385290622711 -0.019279683008790016 123 19 36
-0.2810770273208618 0.12226412445306778 0.012609348632395267 76 71 3
-0.2852187752723694 0.12014510482549667 0.0038135298527777195 51 47 20
-0.3323439061641693 0.10741295665502548 -0.0569702610373497 97 26 34
-0.3193643093109131 0.10940133780241013 -0.04426228255033493 111 19 32
-0.3365545868873596 0.1062254086136818 -0.06325633823871613 150 77 88
-0.30451908707618713 0.11610523611307144 -0.020520221441984177 154 89 93
-0.2841995656490326 0.12448488175868988 0.008768269792199135 43 44 2
-0.2728712856769562 0.1275443434715271 0.022225089371204376 107 93 82
-0.2778867781162262 0.12791068851947784 0.018546098843216896 50 40 14
-0.3181975781917572 0.11550512164831161 -0.03870167210698128 140 94 97
-0.28387176990509033 0.12988625466823578 0.012864429503679276 123 132 40
-0.31093329191207886 0.12074461579322815 -0.025198984891176224 114 15 33
-0.31093329191207886 0.12074461579322815 -0.025198984891176224 114 15 33
-0.3001750409603119 0.12472335249185562 -0.013326249085366726 160 105 111
-0.3369097113609314 0.11565497517585754 -0.058752238750457764 93 15 28
-0.3369097113609314 0.11565497517585754 -0.058752238750457764 93 15 28
-0.26321595907211304 0.13855135440826416 0.039148688316345215 162 151 149
-0.30820387601852417 0.128031924366951 -0.01901565119624138 131 80 81
-0.30820387601852417 0.128031924366951 -0.01901565119624138 131 80 81
-0.34303387999534607 0.11345622688531876 -0.07482679933309555 107 6 14
-0.3223561942577362 0.12272991240024567 -0.04177789390087128 112 7 29
-0.3132722079753876 0.12668991088867188 -0.027562031522393227 155 87 94
-0.31504592299461365 0.12728983163833618 -0.030991513282060623 161 98 106
-0.3140625059604645 0.12859970331192017 -0.02875060774385929 123 72 74
-0.3545921742916107 0.1177353709936142 -0.0808170810341835 82 21 26
-0.28153300285339355 0.1422463208436966 0.02120250277221203 39 33 1
-0.32771843671798706 0.12649007141590118 -0.044970542192459106 92 29 36
-0.27805423736572266 0.14732792973518372 0.03109230473637581 164 141 135
-0.2679123282432556 0.14866726100444794 0.03946242108941078 64 50 50
-0.33920249342918396 0.12665705382823944 -0.05835157632827759 96 10 23
-0.3274539113044739 0.13082249462604523 -0.04353754594922066 149 84 92
-0.3195812404155731 0.13249310851097107 -0.03720688819885254 148 95 101
-0.3366188108921051 0.13219685852527618 -0.05443453788757324 136 88 94
-0.3078363835811615 0.13985387980937958 -0.018300388008356094 156 95 102
-0.3070392310619354 0.14177387952804565 -0.014626657590270042 87 9 20
-0.3070392310619354 0.14177387952804565 -0.014626657590270042 87 9 20
-0.2770915925502777 0.1514807641506195 0.02655724249780178 117 108 69
-0.3421333432197571 0.1308179795742035 -0.06308655440807343 135 66 76
-0.30502909421920776 0.14247317612171173 -0.013253632001578808 108 4 23
-0.30521535873413086 0.1464410126209259 -0.007076289504766464 158 97 104
-0.27653393149375916 0.15804031491279602 0.035466913133859634 149 136 129
-0.2758316397666931 0.15488901734352112 0.02942567877471447 38 33 11
-0.3284476101398468 0.13582319021224976 -0.0472499318420887 148 82 88
-0.3039095997810364 0.14972493052482605 -0.0038483578246086836 154 81 85
-0.27733495831489563 0.15417668223381042 0.024189667776226997 123 128 77
-0.32190844416618347 0.14047013223171234 -0.03640751540660858 157 94 107
-0.34001386165618896 0.13751505315303802 -0.05846083164215088 99 0 21
-0.35952019691467285 0.13396209478378296 -0.08192896842956543 149 108 108
-0.3219429850578308 0.1449698507785797 -0.03220575675368309 145 73 88
-0.316605806350708 0.14769922196865082 -0.02634110115468502 143 87 98
-0.3250400424003601 0.14427629113197327 -0.03965933993458748 104 1 18
-0.34005647897720337 0.14224299788475037 -0.058563608676195145 84 19 30
-0.34746330976486206 0.14154255390167236 -0.06575503945350647 179 98 115
-0.2882762551307678 0.16112114489078522 0.01581314392387867 150 146 147
-0.33801862597465515 0.1443324238061905 -0.054532475769519806 132 71 79
-0.30924203991889954 0.15304499864578247 -0.016165221109986305 146 74 81
-0.34491652250289917 0.14287249743938446 -0.06334786862134933 83 3 19
-0.3564019799232483 0.1386648714542389 -0.08060821890830994 157 97 105
-0.3199963867664337 0.15129424631595612 -0.030348412692546844 83 13 24
-0.3199963867664337 0.15129424631595612 -0.030348412692546844 83 13 24
-0.3331506550312042 0.14868906140327454 -0.046773139387369156 80 5 17
-0.2667838931083679 0.17060118913650513 0.04543977975845337 102 75 66
-0.3162318766117096 0.15279529988765717 -0.026281265541911125 79 18 26
-0.271605908870697 0.1706572026014328 0.039664700627326965 56 55 27
-0.26976922154426575 0.17253296077251434 0.043195150792598724 134 131 112
-0.2765277922153473 0.16959893703460693 0.03243329003453255 30 22 1
-0.34705761075019836 0.14822523295879364 -0.06308853626251221 156 78 94
-0.3351529836654663 0.155579075217247 -0.04130175709724426 102 47 53
-0.3198513686656952 0.15511669218540192 -0.030586950480937958 157 87 98
-0.3226717412471771 0.15401113033294678 -0.03521336615085602 118 55 64
-0.3226717412471771 0.15401113033294678 -0.03521336615085602 118 55 64
-0.33440056443214417 0.1529085487127304 -0.04705030098557472 148 69 82
-0.2958875894546509 0.1602948009967804 -0.004979467950761318 103 1 12
-0.27005675435066223 0.17457321286201477 0.04111737757921219 53 55 16
-0.34485119581222534 0.15038172900676727 -0.0628102645277977 118 75 78
-0.31105923652648926 0.16240328550338745 -0.01570061407983303 116 53 59
-0.33881229162216187 0.15202400088310242 -0.05692432448267937 164 102 113
-0.336301326751709 0.15468183159828186 -0.05151163041591644 129 70 76
-0.3203602731227875 0.1594986915588379 -0.030299166217446327 94 10 26
-0.3233645260334015 0.16017182171344757 -0.03229840099811554 137 80 87
-0.3233645260334015 0.16017182171344757 -0.03229840099811554 137 80 87
-0.3090457618236542 0.1636229157447815 -0.015259378589689732 150 79 87
-0.2776876986026764 0.17577439546585083 0.030496746301651 49 38 21
-0.3255024254322052 0.16122934222221375 -0.035038355737924576 160 91 102
-0.3255024254322052 0.16122934222221375 -0.035038355737924576 160 91 102
-0.36310845613479614 0.14999547600746155 -0.08544488996267319 163 92 108
-0.3375960886478424 0.1558820903301239 -0.05447939783334732 114 55 61
-0.26722368597984314 0.1825655996799469 0.048618920147418976 36 30 6
-0.3475453555583954 0.15622074902057648 -0.06355791538953781 159 94 105
-0.3433694839477539 0.1575472503900528 -0.05825914442539215 79 8 22
-0.2808569073677063 0.17808741331100464 0.02835715562105179 145 142 137
-0.3171707093715668 0.16875441372394562 -0.018648529425263405 103 0 18
-0.32884660363197327 0.15993115305900574 -0.04397306963801384 142 80 88
-0.3230627775192261 0.16544923186302185 -0.029604487121105194 104 0 21
-0.32470542192459106 0.1647094190120697 -0.03299596905708313 82 3 18
-0.3205784261226654 0.16787202656269073 -0.024332603439688683 131 84 87
-0.26479578018188477 0.1847655177116394 0.05023462697863579 134 125 118
-0.3473849892616272 0.15772180259227753 -0.0679258406162262 90 0 18
-0.34739768505096436 0.1739550679922104 -0.040812425315380096 95 0 14
-0.34452059864997864 0.16214579343795776 -0.06033593788743019 146 90 99
-0.32515761256217957 0.17024517059326172 -0.03410395607352257 119 62 69
-0.3170137107372284 0.17236103117465973 -0.023850373923778534 162 92 104
-0.31870120763778687 0.1726243644952774 -0.025128040462732315 121 70 77
-0.31870120763778687 0.1726243644952774 -0.025128040462732315 121 70 77
-0.34315019845962524 0.16483929753303528 -0.061043959110975266 80 24 32
-0.36423662304878235 0.1648315191268921 -0.08349250257015228 119 67 72
-0.34772828221321106 0.17136844992637634 -0.059285979717969894 148 98 104
-0.3274956941604614 0.1724233478307724 -0.04083530604839325 102 0 13
-0.3274956941604614 0.1724233478307724 -0.04083530604839325 102 0 13
-0.33980420231819153 0.17000599205493927 -0.05517982318997383 130 77 81
-0.3208928406238556 0.17510442435741425 -0.031424496322870255 84 0 11
-0.31549549102783203 0.1796431690454483 -0.020740961655974388 101 0 17
-0.31549549102783203 0.1796431690454483 -0.020740961655974388 101 0 17
-0.339578777551651 0.17073890566825867 -0.058861251920461655 153 71 87
-0.3508002460002899 0.17194224894046783 -0.06686493754386902 89 4 16
-0.3255240023136139 0.17761676013469696 -0.03653192147612572 160 92 102
-0.33649930357933044 0.17231467366218567 -0.05529036745429039 154 78 91
-0.3181237578392029 0.180100679397583 -0.02710912749171257 124 71 76
-0.3181237578392029 0.180100679397583 -0.02710912749171257 124 71 76
-0.3228014409542084 0.1798110157251358 -0.03333401307463646 148 80 89
-0.36529579758644104 0.1701095849275589 -0.0888959988951683 151 83 90
-0.3289864659309387 0.17646604776382446 -0.04834422841668129 132 83 89
-0.35046449303627014 0.18072329461574554 -0.06412477791309357 134 79 85
-0.36181801557540894 0.1756237894296646 -0.08267035335302353 150 78 84
-0.3267076015472412 0.1929568499326706 -0.027475692331790924 85 1 16
-0.32872331142425537 0.18634115159511566 -0.04065757989883423 101 0 15
-0.36683282256126404 0.17719101905822754 -0.08910740911960602 151 79 86
-0.31590408086776733 0.19220367074012756 -0.02155597321689129 93 0 15
-0.31590408086776733 0.19220367074012756 -0.02155597321689129 93 0 15
-0.3108977675437927 0.19091680645942688 -0.019974466413259506 133 78 81
-0.3200612962245941 0.19071492552757263 -0.029300229623913765 160 105 112
-0.3232323229312897 0.19130675494670868 -0.03377800062298775 157 95 106
-0.3348434269428253 0.19126518070697784 -0.04467976465821266 131 79 82
-0.3348434269428253 0.19126518070697784 -0.04467976465821266 131 79 82
-0.34775975346565247 0.18431322276592255 -0.06716505438089371 152 90 101
-0.33575189113616943 0.18699821829795837 -0.052974093705415726 97 0 13
-0.32138559222221375 0.1929284781217575 -0.032388534396886826 139 56 72
-0.33419185876846313 0.19176660478115082 -0.048497509211301804 161 90 100
-0.32009097933769226 0.19831275939941406 -0.026513220742344856 108 60 64
-0.32009097933769226 0.19831275939941406 -0.026513220742344856 108 60 64
-0.3184216022491455 0.1974155157804489 -0.02779604122042656 116 63 69
-0.3117946684360504 0.19856201112270355 -0.02048497647047043 158 88 98
-0.3174748420715332 0.20035476982593536 -0.022858262062072754 156 86 96
-0.3146768808364868 0.20037800073623657 -0.020867737010121346 149 76 87
-0.3321104049682617 0.19385488331317902 -0.0474451445043087 72 7 13
-0.3128003478050232 0.2056320458650589 -0.01690671034157276 77 7 17
-0.3128003478050232 0.2056320458650589 -0.01690671034157276 77 7 17
-0.31555554270744324 0.20463208854198456 -0.022190852090716362 95 0 15
-0.34756988286972046 0.19201578199863434 -0.07339143753051758 163 91 98
-0.3489604890346527 0.19681662321090698 -0.06787829846143723 83 1 16
-0.3116503357887268 0.21104629337787628 -0.01917404867708683 139 78 85
-0.3167917728424072 0.20815742015838623 -0.02975107729434967 96 0 10
-0.3167917728424072 0.20815742015838623 -0.02975107729434967 96 0 10
-0.2586408257484436 0.22963246703147888 0.04589289426803589 105 0 16
-0.2435995638370514 0.23895016312599182 0.07027404755353928 69 55 54
-0.22908951342105865 0.2494763284921646 0.0716843381524086 66 50 51
-0.3481597304344177 0.10719023644924164 -0.051270898431539536 101 44 50
-0.33940964937210083 0.10873959213495255 -0.05165787413716316 158 102 105
-0.3343927562236786 0.10536487400531769 -0.06018722429871559 99 31 42
-0.33340057730674744 0.10867233574390411 -0.05588408187031746 115 39 52
-0.3027154207229614 0.1427396833896637 0.015140893869102001 174 168 154
-0.31912901997566223 0.12927213311195374 -0.01883329078555107 98 14 27
-0.3055066764354706 0.13893739879131317 0.0037435602862387896 113 29 29
-0.30549606680870056 0.1364329308271408 -0.0034900123719125986 152 97 100
-0.30881965160369873 0.12845557928085327 -0.018858715891838074 125 81 82
-0.321484237909317 0.11634548008441925 -0.04688538983464241 160 103 109
-0.3233553469181061 0.10579200088977814 -0.06460818648338318 146 76 87
-0.3187018930912018 0.11358751356601715 -0.05054762586951256 112 55 61
-0.30954909324645996 0.12350590527057648 -0.03268694132566452 134 76 88
-0.3220391273498535 0.10204776376485825 -0.07682697474956512 153 87 97
-0.3304050862789154 0.09527282416820526 -0.09448155015707016 92 26 36
-0.2926322817802429 0.13124088943004608 -0.01687992736697197 148 93 99
-0.3203187584877014 0.1077880784869194 -0.0707777664065361 89 23 37
-0.2948713004589081 0.13532650470733643 -0.013727258890867233 95 40 46
-0.29496699571609497 0.13425232470035553 -0.016467493027448654 153 95 102
-0.3002419173717499 0.13104474544525146 -0.02494334615767002 149 88 96
-0.328513503074646 0.09625890851020813 -0.09537339210510254 140 74 84
-0.328513503074646 0.09625890851020813 -0.09537339210510254 140 74 84
-0.29927244782447815 0.13564637303352356 -0.01848776265978813 104 14 26
-0.3017190396785736 0.12843553721904755 -0.03172777593135834 95 13 27
-0.2926315665245056 0.13619635999202728 -0.014228085987269878 162 80 86
-0.2926315665245056 0.13619635999202728 -0.014228085987269878 162 80 86
-0.3115788698196411 0.10651606321334839 -0.07141867280006409 146 86 96
-0.2958810329437256 0.1235450953245163 -0.036488037556409836 95 13 27
-0.32610076665878296 0.09572440385818481 -0.0994231253862381 89 26 37
-0.31648361682891846 0.10509048402309418 -0.07945231348276138 123 63 73
-0.3020256757736206 0.12264974415302277 -0.04790341109037399 156 99 108
-0.3123110830783844 0.1090339869260788 -0.07661988586187363 87 13 30
-0.3013521134853363 0.11809055507183075 -0.057588841766119 97 10 27
-0.29065611958503723 0.13120605051517487 -0.03192518278956413 151 83 93
-0.3069753050804138 0.11215733736753464 -0.07252494990825653 170 92 106
-0.3062812387943268 0.10693522542715073 -0.08086040616035461 87 14 31
-0.29368212819099426 0.1267232596874237 -0.04447953775525093 82 24 38
-0.30909717082977295 0.10819733142852783 -0.08186095207929611 161 88 105
-0.31939107179641724 0.09994285553693771 -0.10462360829114914 149 83 95
-0.2957931160926819 0.12126562744379044 -0.057763051241636276 156 96 104
-0.29195940494537354 0.12882544100284576 -0.045043785125017166 130 74 85
-0.2866132855415344 0.13289521634578705 -0.03665374964475632 139 65 78
-0.30869579315185547 0.10839689522981644 -0.08718883991241455 150 82 97
-0.31892576813697815 0.09955186396837234 -0.10721421986818314 102 36 48
-0.2298193722963333 0.1862059384584427 0.0766659677028656 168 135 142
-0.283031165599823 0.13183905184268951 -0.03781585767865181 141 71 81
-0.29216238856315613 0.12654219567775726 -0.05272866040468216 85 6 22
-0.2922651767730713 0.12424259632825851 -0.05644119158387184 141 76 86
-0.2922651767730713 0.12424259632825851 -0.05644119158387184 141 76 86
-0.3070926070213318 0.11067190021276474 -0.08674781024456024 123 76 84
-0.24933016300201416 0.16586364805698395 0.0312812477350235 55 45 36
-0.2998732924461365 0.11466691642999649 -0.07677724212408066 154 99 110
-0.28365248441696167 0.12823206186294556 -0.04676052927970886 95 4 21
-0.3130793869495392 0.09825483709573746 -0.11030388623476028 86 20 32
-0.2894604206085205 0.12600530683994293 -0.055964499711990356 92 11 26
-0.30316162109375 0.11421222984790802 -0.08440102636814117 87 8 27
-0.2924901843070984 0.1187775731086731 -0.07018151134252548 136 81 87
-0.3063333332538605 0.10575532168149948 -0.09999865293502808 97 0 18
-0.2939593493938446 0.12090681493282318 -0.07194840162992477 125 70 76
-0.2939593493938446 0.12090681493282318 -0.07194840162992477 125 70 76
-0.2857579290866852 0.13264848291873932 -0.05186360329389572 115 73 77
-0.28760936856269836 0.12582048773765564 -0.06301240622997284 143 74 85
-0.3013940453529358 0.10873900353908539 -0.09623674303293228 92 0 20
-0.298966646194458 0.11247046291828156 -0.08981204777956009 157 94 107
-0.30222657322883606 0.1155218854546547 -0.09130311012268066 131 85 95
-0.27922388911247253 0.1344912052154541 -0.05084861069917679 99 0 19
-0.27922388911247253 0.1344912052154541 -0.05084861069917679 99 0 19
-0.2814815938472748 0.13563653826713562 -0.052033599466085434 81 0 14
-0.28622308373451233 0.12380599230527878 -0.0713198259472847 90 0 16
-0.28622308373451233 0.12380599230527878 -0.0713198259472847 90 0 16
-0.2932949960231781 0.11763697862625122 -0.08620578050613403 125 72 78
-0.27915188670158386 0.13191312551498413 -0.05841527879238129 128 79 83
-0.291828453540802 0.11690594255924225 -0.09011738747358322 156 79 99
-0.291828453540802 0.11690594255924225 -0.09011738747358322 156 79 99
-0.2893016040325165 0.11828871071338654 -0.08710239082574844 158 84 99
-0.2893016040325165 0.11828871071338654 -0.08710239082574844 158 84 99
-0.30222752690315247 0.10639595240354538 -0.11409599334001541 144 85 95
-0.2927415072917938 0.11634217202663422 -0.09532961249351501 130 79 86
-0.2884771525859833 0.12420405447483063 -0.08272722363471985 87 0 15
-0.2747529447078705 0.12834732234477997 -0.06804989278316498 89 4 20
-0.27449801564216614 0.1391453891992569 -0.05565592274069786 87 0 14
-0.27449801564216614 0.1391453891992569 -0.05565592274069786 87 0 14
-0.2262657880783081 0.1884084939956665 0.04518146067857742 76 62 62
-0.2262657880783081 0.1884084939956665 0.04518146067857742 76 62 62
-0.2922593355178833 0.11555974930524826 -0.10009989887475967 123 68 77
-0.2888445258140564 0.11775876581668854 -0.09474588930606842 124 56 69
-0.27183881402015686 0.14023350179195404 -0.05281803011894226 142 85 92
-0.2821236848831177 0.12974292039871216 -0.07489827275276184 96 0 16
-0.2821236848831177 0.12974292039871216 -0.07489827275276184 96 0 16
-0.27696341276168823 0.1290123462677002 -0.07222619652748108 132 72 80
-0.2835240364074707 0.1271718442440033 -0.079893097281456 101 41 49
-0.2907986640930176 0.1255568265914917 -0.0900581106543541 98 43 49
-0.26683279871940613 0.14169350266456604 -0.050855785608291626 73 0 5
-0.2803184688091278 0.1254812479019165 -0.08333490788936615 128 67 75
-0.28972554206848145 0.12151647359132767 -0.09588811546564102 75 7 20
-0.28265976905822754 0.12378848344087601 -0.08917675167322159 86 0 12
-0.2721783220767975 0.13668116927146912 -0.06487507373094559 110 62 65
-0.2869494557380676 0.12232238799333572 -0.09471559524536133 157 89 102
-0.2757512629032135 0.13328619301319122 -0.07237041741609573 75 12 21
-0.289728581905365 0.11799044907093048 -0.10310670733451843 154 88 100
-0.2700791656970978 0.1418960988521576 -0.057773325592279434 139 73 83
-0.2708054184913635 0.13600751757621765 -0.06588912755250931 113 64 68
-0.28780093789100647 0.11937211453914642 -0.1006021574139595 138 70 85
-0.2815186381340027 0.1280546635389328 -0.085240937769413 163 92 104
-0.2185956835746765 0.19000104069709778 0.039592087268829346 127 113 113
-0.2185956835746765 0.19000104069709778 0.039592087268829346 127 113 113
-0.26847946643829346 0.14241711795330048 -0.060910146683454514 90 0 15
-0.26470646262168884 0.14748428761959076 -0.05487480014562607 148 80 85
-0.2174471914768219 0.19023852050304413 0.032153479754924774 61 47 47
-0.2650211751461029 0.1477188766002655 -0.05840284377336502 111 50 57
-0.2650211751461029 0.1477188766002655 -0.05840284377336502 111 50 57
-0.26737889647483826 0.14274802803993225 -0.06883537024259567 92 0 17
-0.2796212136745453 0.12736541032791138 -0.0977148786187172 123 68 74
-0.2765553891658783 0.13410203158855438 -0.08886420726776123 91 0 7
-0.2691711485385895 0.13931795954704285 -0.07695817202329636 142 87 92
-0.2794346809387207 0.12614493072032928 -0.10180626809597015 132 75 84
-0.2781229317188263 0.13212400674819946 -0.09668651223182678 78 1 11
-0.2679249942302704 0.14000050723552704 -0.08059707283973694 122 78 81
-0.2691728174686432 0.14032100141048431 -0.08269835263490677 152 90 98
-0.2770443558692932 0.12997502088546753 -0.10180473327636719 123 67 75
-0.2592724561691284 0.15290798246860504 -0.06080479174852371 158 88 98
-0.2546907663345337 0.15481652319431305 -0.063271664083004 73 5 15
-0.2545379400253296 0.15873758494853973 -0.06374385952949524 98 26 37
-0.2564772963523865 0.1554148942232132 -0.06935980916023254 151 85 95
-0.25471264123916626 0.15587665140628815 -0.068146713078022 130 75 80
-0.25390976667404175 0.1511814445257187 -0.07367569953203201 84 3 18
-0.25285226106643677 0.16065457463264465 -0.06595303863286972 81 5 15
-0.07967280596494675 -0.05490858107805252 -0.2099028080701828 144 87 80
-0.07967280596494675 -0.05490858107805252 -0.2099028080701828 144 87 80
-0.0905352532863617 -0.060412097722291946 -0.2273358702659607 94 36 43
-0.08075170964002609 -0.053989991545677185 -0.21728377044200897 91 18 29
-0.08307083696126938 -0.054366979748010635 -0.21997937560081482 92 24 35
-0.0849509984254837 -0.0558261014521122 -0.22520112991333008 125 72 78
-0.0849509984254837 -0.0558261014521122 -0.22520112991333008 125 72 78
-0.08644623309373856 -0.05584217235445976 -0.22655662894248962 99 8 27
-0.08644623309373856 -0.05584217235445976 -0.22655662894248962 99 8 27
-0.08914025127887726 -0.05782131105661392 -0.23135092854499817 143 92 101
-0.08301650732755661 -0.05398774519562721 -0.22205080091953278 129 69 77
-0.08179822564125061 -0.052171893417835236 -0.21868740022182465 116 76 77
-0.0887657105922699 -0.056885283440351486 -0.23120518028736115 121 70 79
-0.08357960730791092 -0.05377371981739998 -0.2241102159023285 88 10 23
-0.08488301187753677 -0.053706396371126175 -0.22625486552715302 141 85 94
-0.0857163742184639 -0.05474405363202095 -0.2287665456533432 137 72 81
-0.08734138309955597 -0.055070288479328156 -0.23037657141685486 82 20 33
-0.08620180934667587 -0.05446171388030052 -0.2293698638677597 70 21 25
-0.08063127845525742 -0.05123775079846382 -0.22209668159484863 80 19 27
-0.08064555376768112 -0.05175197869539261 -0.22423112392425537 123 74 80
-0.08261319994926453 -0.05130530893802643 -0.22496375441551208 87 3 19
-0.08651359379291534 -0.053035419434309006 -0.23133262991905212 83 15 28
-0.08460661768913269 -0.05174960941076279 -0.2286035418510437 87 0 16
-0.07905767858028412 -0.04899533838033676 -0.22154772281646729 125 76 80
-0.07905767858028412 -0.04899533838033676 -0.22154772281646729 125 76 80
-0.08041450381278992 -0.05005810037255287 -0.22405101358890533 69 13 22
-0.07876791059970856 -0.04906275123357773 -0.22177036106586456 125 76 80
-0.07876791059970856 -0.04906275123357773 -0.22177036106586456 125 76 80
-0.07983427494764328 -0.04876293987035751 -0.22296322882175446 75 4 18
-0.07982354611158371 -0.04875495657324791 -0.225100576877594 109 56 62
-0.07873495668172836 -0.04765117168426514 -0.22348636388778687 89 0 16
-0.08608806133270264 -0.05080203711986542 -0.2347087562084198 123 70 78
-0.07884348183870316 -0.04660606011748314 -0.22600117325782776 114 72 73
-0.07884348183870316 -0.04660606011748314 -0.22600117325782776 114 72 73
-0.0731719508767128 -0.04113993048667908 -0.22095270454883575 124 57 64
-0.0738704577088356 -0.04142646864056587 -0.22192317247390747 116 64 66
-0.0762968584895134 -0.0269180815666914 -0.24207426607608795 137 135 138
-0.0762968584895134 -0.0269180815666914 -0.24207426607608795 137 135 138
-0.07123558223247528 -0.022833149880170822 -0.23634031414985657 44 0 10
-0.07202652096748352 -0.022411225363612175 -0.23819449543952942 144 140 141
-0.07202652096748352 -0.022411225363612175 -0.23819449543952942 144 140 141
-0.07202652096748352 -0.022411225363612175 -0.23819449543952942 144 140 141
-0.06653602421283722 -0.016797587275505066 -0.23321522772312164 144 142 143
-0.06653602421283722 -0.016797587275505066 -0.23321522772312164 144 142 143
-0.06740818917751312 -0.015629084780812263 -0.23678083717823029 76 6 26
-0.06740818917751312 -0.015629084780812263 -0.23678083717823029 76 6 26
-0.06544423848390579 -0.013821348547935486 -0.23448452353477478 42 11 17
-0.06530763953924179 -0.012252106331288815 -0.23597806692123413 149 146 146
-0.06530763953924179 -0.012252106331288815 -0.23597806692123413 149 146 146
-0.0700034350156784 -0.01462399959564209 -0.242277130484581 50 6 21
-0.0700034350156784 -0.01462399959564209 -0.242277130484581 50 6 21
-0.0712587758898735 -0.013931727968156338 -0.24527890980243683 97 13 28
-0.06511176377534866 -0.010841702111065388 -0.23849081993103027 138 129 132
-0.06431977450847626 -0.010302490554749966 -0.23787082731723785 11 2 3
-0.06431977450847626 -0.010302490554749966 -0.23787082731723785 11 2 3
-0.06649917364120483 -0.007863936014473438 -0.24743251502513885 43 17 28
-0.06649917364120483 -0.007863936014473438 -0.24743251502513885 43 17 28
-0.5365551114082336 0.08034369349479675 0.3422611653804779 72 57 36
-0.4912625253200531 0.08962835371494293 0.36146584153175354 119 96 86
-0.504741370677948 0.09125935286283493 0.3655194044113159 155 135 120
-0.6757761240005493 0.06905987858772278 0.3184282183647156 104 27 37
-0.41072800755500793 0.13221436738967896 0.4294540584087372 124 94 94
-0.4110970199108124 0.13242630660533905 0.4300231337547302 124 94 94
-0.4477553367614746 0.13692235946655273 0.4266318082809448 155 135 136
-0.4477553367614746 0.13692235946655273 0.4266318082809448 155 135 136
-0.725619375705719 0.09724617749452591 0.33349892497062683 85 19 31
-0.39385104179382324 0.14594334363937378 0.4478091895580292 158 133 131
-0.4476553201675415 0.14535066485404968 0.44150781631469727 116 91 94
-0.409196674823761 0.1595865935087204 0.46334654092788696 120 88 89
-0.40094563364982605 0.1618257611989975 0.4681967496871948 151 125 124
-0.7264638543128967 0.11438287049531937 0.34668418765068054 115 62 70
-0.4634700417518616 0.1579855978488922 0.4554450809955597 148 126 128
-0.4263436198234558 0.16889126598834991 0.46677932143211365 122 94 93
-0.4263436198234558 0.16889126598834991 0.46677932143211365 122 94 93
-0.45739755034446716 0.16675162315368652 0.46017807722091675 118 83 89
-0.5093145966529846 0.15804636478424072 0.4349365532398224 108 94 93
-0.4972486197948456 0.16310319304466248 0.44738534092903137 93 79 78
-0.7518098950386047 0.1301085352897644 0.3569786548614502 84 2 14
-0.48348528146743774 0.16752612590789795 0.4492168724536896 145 129 129
-0.7917449474334717 0.12771378457546234 0.33759838342666626 89 0 15
-0.7413356900215149 0.1374245434999466 0.36041173338890076 89 0 11
-0.4463737905025482 0.18079787492752075 0.4748224914073944 121 97 97
-0.7874712944030762 0.14659230411052704 0.3695276081562042 111 60 67
-0.7874712944030762 0.14659230411052704 0.3695276081562042 111 60 67
-0.5203205347061157 0.17871792614459991 0.451800137758255 72 58 58
-0.43110391497612 0.20143695175647736 0.5063002705574036 136 108 107
-0.5960656404495239 0.18975865840911865 0.46687933802604675 93 9 16
-0.5160470008850098 0.20710264146327972 0.4756292700767517 69 54 51
-0.4355235993862152 0.22491925954818726 0.5185816884040833 111 81 83
-0.5414373278617859 0.21099798381328583 0.4767301678657532 127 112 109
-0.4379279911518097 0.24521760642528534 0.5248023867607117 99 67 70
-0.5385876893997192 0.3289612829685211 0.546222448348999 141 131 130
-0.5385876893997192 0.3289612829685211 0.546222448348999 141 131 130
-0.5058581233024597 0.3675452172756195 0.5527263283729553 18 27 68
-0.52891606092453 0.396016925573349 0.5454539656639099 137 142 168
-0.5079430341720581 0.38289564847946167 0.5214593410491943 28 29 47
-0.5335667133331299 0.39071521162986755 0.5261104702949524 128 143 158
-0.522947371006012 0.3964673578739166 0.5341633558273315 134 135 153
-0.5127458572387695 0.4023978114128113 0.5414871573448181 23 26 57
-0.5220953822135925 0.41317489743232727 0.5449086427688599 131 138 167
-0.5365331172943115 0.4177530109882355 0.5473119020462036 134 131 148
-0.5293282866477966 0.4205915629863739 0.545016348361969 21 19 35
-0.5239893198013306 0.41464221477508545 0.52667236328125 148 150 163
-0.5219529867172241 0.4237569570541382 0.5354698300361633 131 139 170
-0.5315514206886292 0.44158634543418884 0.541088342666626 133 134 154
-0.5371102690696716 0.4373742640018463 0.5074380040168762 132 150 186
-0.5442816615104675 0.4512886106967926 0.5138615965843201 19 37 73
-0.5430905222892761 0.45608851313591003 0.5073626041412354 127 139 163
-0.5187122821807861 0.44967448711395264 0.49924594163894653 21 33 47
-0.5386531352996826 0.46499818563461304 0.5035043358802795 32 43 71
-0.546034038066864 0.470328688621521 0.4967574179172516 141 143 164
-0.554641842842102 0.48690202832221985 0.5100800395011902 18 20 41
-0.5434086918830872 0.4715098440647125 0.48472195863723755 135 155 190
-0.5512650609016418 0.47253626585006714 0.47222983837127686 15 46 93
-0.5325667262077332 0.48460179567337036 0.4660719037055969 146 155 186
-0.5335398316383362 0.483227401971817 0.4573436975479126 22 30 53
-0.5370425581932068 0.4940696656703949 0.44894668459892273 142 150 171
-0.5302051305770874 0.49915775656700134 0.4378175735473633 77 82 101
-0.42163586616516113 0.4866684079170227 0.4513089060783386 109 19 39
-0.42163586616516113 0.4866684079170227 0.4513089060783386 109 19 39
-0.5371219515800476 0.5050226449966431 0.432462215423584 137 149 171
-0.42120301723480225 0.5021800398826599 0.4458520710468292 153 158 153
-0.4705323278903961 0.5239669680595398 0.40616071224212646 36 31 31
-0.3298630118370056 0.09154529124498367 0.15984874963760376 139 128 126
-0.8399438858032227 0.256840318441391 0.2613266110420227 65 3 18
-0.26807376742362976 0.1742512583732605 0.23805265128612518 94 12 18
-0.7508136630058289 0.23754781484603882 0.23331902921199799 49 5 22
-0.8555954694747925 0.2931670546531677 0.28880828619003296 146 129 135
-0.32614409923553467 0.1560165286064148 0.17594528198242188 27 26 42
-0.3343108296394348 0.1571754813194275 0.16733355820178986 103 107 118
-0.3614133298397064 0.3615395426750183 0.5065402388572693 95 7 23
-0.3614133298397064 0.3615395426750183 0.5065402388572693 95 7 23
-0.29172730445861816 0.23051010072231293 0.2963634729385376 142 136 130
-0.6975375413894653 0.2680327296257019 0.23692741990089417 143 137 139
-0.6975375413894653 0.2680327296257019 0.23692741990089417 143 137 139
-0.30978870391845703 0.15451043844223022 0.13392066955566406 28 32 57
-0.3192318379878998 0.1526254564523697 0.12352924048900604 11 35 79
-0.2545818090438843 0.18175478279590607 0.18790055811405182 144 139 136
-0.41473516821861267 0.4771420657634735 0.626818060874939 96 15 24
-0.31824925541877747 0.17657820880413055 0.14665596187114716 120 129 138
-0.31824925541877747 0.17657820880413055 0.14665596187114716 120 129 138
-0.33226197957992554 0.188971146941185 0.15590614080429077 29 29 65
-0.6692675948143005 0.2521640658378601 0.14967331290245056 53 3 17
-0.31552210450172424 0.17145936191082 0.12329066544771194 118 121 140
-0.3377249538898468 0.34521058201789856 0.388349324464798 97 15 25
-0.33384427428245544 0.18890678882598877 0.12839241325855255 13 37 83
-0.754061758518219 0.319734126329422 0.1932406723499298 145 143 146
-0.754061758518219 0.319734126329422 0.1932406723499298 145 143 146
-0.6597937941551208 0.31553980708122253 0.19004248082637787 148 146 149
-0.32046404480934143 0.20574767887592316 0.1210189014673233 44 48 73
-0.3149018883705139 0.29449462890625 0.24161700904369354 156 150 154
-0.3103017807006836 0.2751709818840027 0.21156112849712372 100 58 70
-0.3103017807006836 0.2751709818840027 0.21156112849712372 100 58 70
-0.6645336151123047 0.34730973839759827 0.18249991536140442 153 150 153
-0.6031211018562317 0.27368104457855225 0.08751270174980164 41 20 29
-0.6031211018562317 0.27368104457855225 0.08751270174980164 41 20 29
-0.3461827337741852 0.3476121723651886 0.2844839096069336 96 19 35
-0.36014363169670105 0.3825424015522003 0.3162332773208618 168 140 145
-0.36014363169670105 0.3825424015522003 0.3162332773208618 168 140 145
-0.34245768189430237 0.3451499044895172 0.2700524926185608 92 52 63
-0.7496618628501892 0.38445645570755005 0.16495780646800995 157 155 160
-0.3407094478607178 0.3468416929244995 0.2628840506076813 168 138 146
-0.6844254732131958 0.3944377899169922 0.18515555560588837 155 155 155
-0.8008923530578613 0.42649751901626587 0.17553849518299103 104 24 46
-0.6534070372581482 0.4118116796016693 0.1955193281173706 156 154 155
-0.6534070372581482 0.4118116796016693 0.1955193281173706 156 154 155
-0.4489917457103729 0.5343406200408936 0.4385710656642914 161 138 141
-0.4489917457103729 0.5343406200408936 0.4385710656642914 161 138 141
-0.6340270638465881 0.3784061074256897 0.14179974794387817 161 162 167
-0.27213695645332336 0.0037441893946379423 -0.10253316164016724 141 137 138
-0.27213695645332336 0.0037441893946379423 -0.10253316164016724 141 137 138
-0.18883179128170013 0.03920720890164375 -0.027644503861665726 20 26 52
-0.20014895498752594 0.047731440514326096 -0.02005547657608986 28 35 63
-0.19620196521282196 0.051021870225667953 -0.019812829792499542 44 47 64
-0.19363555312156677 0.04534164071083069 -0.02892032451927662 125 130 136
-0.18393900990486145 0.04370468109846115 -0.03321145102381706 141 143 164
-0.19175761938095093 0.05049095302820206 -0.02888326719403267 25 26 57
-0.2035914957523346 0.06143303960561752 -0.021063225343823433 133 136 155
-0.20345692336559296 0.06972696632146835 -0.017242660745978355 17 36 77
-0.21969959139823914 0.07690693438053131 -0.01387301366776228 9 37 83
-0.20358258485794067 0.06859356164932251 -0.022700004279613495 18 37 88
-0.20469094812870026 0.08143622428178787 -0.01628088392317295 18 39 82
-0.20469094812870026 0.08143622428178787 -0.01628088392317295 18 39 82
-0.3084309697151184 0.06325485557317734 -0.08209701627492905 145 143 144
-0.22872325778007507 0.10875064134597778 0.004753399174660444 29 37 60
-0.24197016656398773 0.12818486988544464 0.013992056250572205 78 81 106
-0.347388356924057 0.10748125612735748 -0.058214668184518814 148 151 150
-0.2555118799209595 0.22693008184432983 0.14177605509757996 116 11 34
-0.4124203622341156 0.1773553490638733 -0.016865473240613937 149 155 155
-0.42537736892700195 0.20237191021442413 -0.001513452036306262 27 16 25
-0.4247065782546997 0.21603770554065704 0.01506873033940792 154 153 158
-0.4247065782546997 0.21603770554065704 0.01506873033940792 154 153 158
-0.5128483772277832 0.23385785520076752 -8.957769023254514e-05 156 155 160
-0.5128483772277832 0.23385785520076752 -8.957769023254514e-05 156 155 160
-0.5565648078918457 0.33675599098205566 0.07386387884616852 163 159 163
-0.5827866792678833 0.3882461488246918 0.11302921175956726 111 9 23
-0.799817681312561 0.5146821141242981 0.15183648467063904 164 164 172
-0.776033878326416 0.5696786046028137 0.20559082925319672 165 167 175
-0.7372931241989136 0.6494455933570862 0.44578051567077637 91 76 55
-0.7372931241989136 0.6494455933570862 0.44578051567077637 91 76 55
-0.6859459280967712 0.6159870028495789 0.3751012086868286 91 77 51
-0.8176692724227905 0.5238695740699768 0.18267524242401123 55 9 29
-0.8176692724227905 0.5238695740699768 0.18267524242401123 55 9 29
-0.7889514565467834 0.5343857407569885 0.16150487959384918 28 12 25
-0.6157387495040894 0.647262692451477 0.32113561034202576 16 37 93
-0.5161483883857727 0.5296876430511475 0.1978055089712143 130 149 189
-0.6686064004898071 0.4854855239391327 0.05777322128415108 151 126 147
-0.5155839323997498 0.5381425023078918 0.19772151112556458 30 44 84
-0.4801502823829651 0.5166913270950317 0.16914942860603333 162 176 205
-0.4801502823829651 0.5166913270950317 0.16914942860603333 162 176 205
-0.5196470618247986 0.21199072897434235 0.27976298332214355 130 120 119
-0.7212591767311096 0.1424156129360199 0.04568096622824669 79 0 6
-0.491009384393692 0.24129147827625275 0.30694088339805603 29 24 56
-0.491009384393692 0.24129147827625275 0.30694088339805603 29 24 56
-0.4319927394390106 0.2766135036945343 0.38512444496154785 126 119 113
-0.4977573752403259 0.23600883781909943 0.27288389205932617 113 110 131
-0.5019882917404175 0.2452501654624939 0.2877732813358307 35 32 53
-0.5019882917404175 0.2452501654624939 0.2877732813358307 35 32 53
-0.49614596366882324 0.2501187026500702 0.29651665687561035 47 46 64
-0.411174476146698 0.3006097078323364 0.41730576753616333 72 10 21
-0.48208534717559814 0.2480512112379074 0.2900184392929077 23 24 45
-0.4330267012119293 0.2876659631729126 0.37788188457489014 83 6 14
-0.44520774483680725 0.29210883378982544 0.3754329979419708 125 120 114
-0.48955038189888 0.2582491636276245 0.29535505175590515 80 78 98
-0.4938388168811798 0.24902652204036713 0.2746839225292206 103 107 132
-0.49532514810562134 0.25749704241752625 0.28917279839515686 121 119 133
-0.4910378158092499 0.2597586512565613 0.29071491956710815 37 35 56
-0.4936525523662567 0.25527799129486084 0.28020375967025757 51 49 63
-0.4924700856208801 0.25996190309524536 0.28439608216285706 113 111 125
-0.489536315202713 0.26315537095069885 0.2832167148590088 39 38 56
-0.4155823290348053 0.3122839629650116 0.3906761705875397 90 32 39
-0.48850929737091064 0.26562678813934326 0.27793067693710327 119 116 133
-0.48630815744400024 0.27157577872276306 0.287145733833313 102 101 119
-0.48474857211112976 0.2615085244178772 0.2663035988807678 24 28 53
-0.6002469658851624 0.2045467346906662 0.1215803325176239 30 0 0
-0.4835152328014374 0.26482224464416504 0.27040210366249084 96 100 125
-0.4835152328014374 0.26482224464416504 0.27040210366249084 96 100 125
-0.48268088698387146 0.25869983434677124 0.2569049298763275 97 111 126
-0.4838511049747467 0.26812300086021423 0.266720712184906 25 29 54
-0.42173072695732117 0.31650805473327637 0.3697788119316101 96 0 14
-0.4227261245250702 0.30780497193336487 0.3507686257362366 133 122 126
-0.3957076370716095 0.3355284035205841 0.40683436393737793 73 6 18
-0.48240476846694946 0.27736398577690125 0.26760005950927734 71 72 94
-0.48525649309158325 0.2817797362804413 0.2674398422241211 111 116 136
-0.4851047694683075 0.2823260724544525 0.26482710242271423 59 65 87
-0.47648873925209045 0.2837546765804291 0.27029183506965637 102 106 131
-0.48346173763275146 0.2820438742637634 0.261531263589859 14 20 42
-0.5932795405387878 0.21898099780082703 0.10343367606401443 126 125 130
-0.48664960265159607 0.2861505150794983 0.25590312480926514 116 118 137
-0.6101850271224976 0.21956363320350647 0.08932849764823914 133 132 137
-0.408334881067276 0.34147584438323975 0.3757789731025696 88 1 18
-0.47974446415901184 0.2929171025753021 0.25571346282958984 5 30 71
-0.48632127046585083 0.2854367792606354 0.23683254420757294 2 30 80
-0.3965455889701843 0.3610604703426361 0.39014309644699097 139 133 137
-0.3965455889701843 0.3610604703426361 0.39014309644699097 139 133 137
-0.4168297350406647 0.3471946120262146 0.35739514231681824 135 134 139
-0.47743648290634155 0.30578526854515076 0.2616572678089142 96 102 128
-0.47743648290634155 0.30578526854515076 0.2616572678089142 96 102 128
-0.4797486364841461 0.30238109827041626 0.2534196078777313 119 120 141
-0.48476290702819824 0.30065369606018066 0.24762380123138428 114 128 163
-0.48476290702819824 0.30065369606018066 0.24762380123138428 114 128 163
-0.48361915349960327 0.3059418797492981 0.25039952993392944 39 45 71
-0.5881103277206421 0.2392885982990265 0.09616430103778839 135 129 131
-0.5881103277206421 0.2392885982990265 0.09616430103778839 135 129 131
-0.47765129804611206 0.30462610721588135 0.24875599145889282 110 116 142
-0.3860092759132385 0.3717625141143799 0.39231282472610474 87 1 14
-0.4758208990097046 0.30221229791641235 0.23916664719581604 32 38 64
-0.4029776453971863 0.3658052682876587 0.37116682529449463 88 0 17
-0.478962779045105 0.3165411055088043 0.24631935358047485 22 28 54
-0.4723818302154541 0.3217253088951111 0.25519806146621704 17 31 60
-0.4870506823062897 0.3124861419200897 0.23125630617141724 2 33 87
-0.614433228969574 0.2446572184562683 0.058654025197029114 137 139 144
-0.37683460116386414 0.39060652256011963 0.3896142542362213 86 11 28
-0.37683460116386414 0.39060652256011963 0.3896142542362213 86 11 28
-0.4317549169063568 0.3543391227722168 0.3075615167617798 69 25 38
-0.4317549169063568 0.3543391227722168 0.3075615167617798 69 25 38
-0.4767811596393585 0.3249623477458954 0.2406001091003418 123 128 150
-0.4796806573867798 0.322241872549057 0.23479127883911133 111 121 152
-0.4780882000923157 0.32603609561920166 0.2394946664571762 75 81 105
-0.5850205421447754 0.2599314749240875 0.08908306062221527 140 140 142
-0.4806707501411438 0.3290064036846161 0.23965543508529663 43 49 73
-0.413753867149353 0.3736003041267395 0.3366655707359314 139 136 145
-0.38043248653411865 0.3929874002933502 0.3805791735649109 138 133 122
-0.478669673204422 0.33326980471611023 0.24224238097667694 120 126 150
-0.4764108657836914 0.33771899342536926 0.2471293807029724 108 120 151
-0.4764108657836914 0.33771899342536926 0.2471293807029724 108 120 151
-0.4799253046512604 0.3304010331630707 0.23361827433109283 118 124 151
-0.3914864957332611 0.3931647837162018 0.36583438515663147 151 122 120
-0.4192552864551544 0.3787449598312378 0.330291748046875 74 17 34
-0.4260208308696747 0.3744218051433563 0.3178809881210327 77 17 33
-0.4357335567474365 0.37445783615112305 0.3136838674545288 139 140 145
-0.4041789174079895 0.38448795676231384 0.33675000071525574 140 140 148
-0.7693488597869873 0.2572233974933624 -0.02122935652732849 193 242 239
-0.42027518153190613 0.38258248567581177 0.3204193413257599 141 147 140
-0.42027518153190613 0.38258248567581177 0.3204193413257599 141 147 140
-0.4274585545063019 0.38142260909080505 0.3151010274887085 74 24 36
-0.5810109972953796 0.27770864963531494 0.0877189189195633 99 0 21
-0.45127061009407043 0.3729403018951416 0.2875322103500366 141 142 147
-0.3873656392097473 0.40633389353752136 0.3643854558467865 144 133 139
-0.42916470766067505 0.38754749298095703 0.31074222922325134 150 136 141
-0.5830649137496948 0.285880446434021 0.08228620141744614 141 144 149
-0.42140528559684753 0.39731189608573914 0.3178693652153015 126 77 83
-0.4173066020011902 0.4028171896934509 0.3237082064151764 150 105 114
-0.4173066020011902 0.4028171896934509 0.3237082064151764 150 105 114
-0.7273179888725281 0.2565217614173889 -0.034460488706827164 77 83 79
-0.42283838987350464 0.399386465549469 0.3157050907611847 168 119 125
-0.41968590021133423 0.40180519223213196 0.31917959451675415 86 41 48
-0.4037522077560425 0.41225531697273254 0.34126773476600647 97 2 26
-0.5726227164268494 0.29459840059280396 0.08410115540027618 25 3 14
-0.5579038858413696 0.30660057067871094 0.1048511415719986 41 0 6
-0.5670769810676575 0.3071885108947754 0.09828267991542816 145 142 150
-0.5670769810676575 0.3071885108947754 0.09828267991542816 145 142 150
-0.41243720054626465 0.40889671444892883 0.3166601359844208 149 132 140
-0.4065624177455902 0.4125414490699768 0.3243217468261719 140 143 152
-0.4065624177455902 0.4125414490699768 0.3243217468261719 140 143 152
-0.4536453187465668 0.379454642534256 0.25339585542678833 47 36 30
-0.4213281273841858 0.41384682059288025 0.312967449426651 148 138 141
-0.5831245183944702 0.3108454644680023 0.08005222678184509 143 150 160
-0.5918579697608948 0.3096233010292053 0.07195307314395905 72 65 74
-0.41167503595352173 0.43251723051071167 0.31665846705436707 72 16 33
-0.5793958306312561 0.32179442048072815 0.07781361788511276 18 0 11
-0.41786566376686096 0.4385725259780884 0.29885563254356384 86 13 32
-0.5813137292861938 0.33359336853027344 0.07219209522008896 145 149 158
-0.5475958585739136 0.3514949083328247 0.10933354496955872 86 63 45
-0.42225927114486694 0.44112780690193176 0.29235386848449707 147 132 148
-0.6138235926628113 0.3200080394744873 0.02918487787246704 144 153 160
-0.6152645349502563 0.32122862339019775 0.029939427971839905 144 153 160
-0.41296979784965515 0.4464140832424164 0.3011285066604614 153 147 149
-0.41296979784965515 0.4464140832424164 0.3011285066604614 153 147 149
-0.44499877095222473 0.42129459977149963 0.24876874685287476 67 53 40
-0.376140832901001 0.4526048004627228 0.31840166449546814 167 114 130
-0.3831741511821747 0.4582073390483856 0.32143735885620117 142 140 139
-0.40667805075645447 0.4549708068370819 0.3049120008945465 70 25 44
-0.40667805075645447 0.4549708068370819 0.3049120008945465 70 25 44
-0.5769862532615662 0.35748523473739624 0.08795498311519623 100 2 17
-0.46058374643325806 0.4217321574687958 0.23210477828979492 77 64 47
-0.6115735769271851 0.32810017466545105 0.023574430495500565 34 32 43
-0.4152678847312927 0.46196892857551575 0.2883863151073456 85 15 35
-0.404794842004776 0.4668598473072052 0.2980174422264099 94 19 55
-0.6126107573509216 0.34395819902420044 0.028337791562080383 150 156 168
-0.5510345101356506 0.38589927554130554 0.10423415899276733 93 61 52
-0.604509174823761 0.3591664433479309 0.03690158575773239 28 18 29
-0.5838392972946167 0.3760828375816345 0.06059011444449425 150 158 171
-0.5838392972946167 0.3760828375816345 0.06059011444449425 150 158 171
-0.6164713501930237 0.3574507534503937 0.01898113638162613 103 3 27
-0.4044570028781891 0.4896324872970581 0.2774507999420166 149 155 153
-0.4044570028781891 0.4896324872970581 0.2774507999420166 149 155 153
-0.5499402284622192 0.41350921988487244 0.09463639557361603 86 65 46
-0.6037144064903259 0.38304463028907776 0.02200852893292904 54 9 30
-0.6037144064903259 0.38304463028907776 0.02200852893292904 54 9 30
-0.3947959840297699 0.481448769569397 0.2535821795463562 163 139 147
-0.618873655796051 0.3798888325691223 0.009363620541989803 144 156 165
-0.6099366545677185 0.38000327348709106 0.010956306010484695 67 75 86
-0.6217146515846252 0.3934967517852783 0.012964420020580292 53 61 72
-0.4555114209651947 0.48742255568504333 0.21052296459674835 153 162 179
-0.413756787776947 0.5022279024124146 0.24968311190605164 70 26 49
-0.6077812314033508 0.4176231920719147 0.030226480215787888 39 7 28
-0.6160375475883484 0.40261927247047424 -0.0006327556329779327 99 5 31
-0.6213769912719727 0.384809285402298 -0.031674422323703766 32 25 33
-0.4798726439476013 0.497658371925354 0.172487273812294 137 151 187
-0.6246898174285889 0.3899790942668915 -0.03847849369049072 155 162 170
-0.5832719206809998 0.4413355588912964 0.04084429144859314 28 0 13
-0.4933180809020996 0.4988747537136078 0.15115699172019958 15 43 97
-0.4657026529312134 0.49363675713539124 0.15662993490695953 0 26 82
-0.6006569266319275 0.41756150126457214 -0.00924269761890173 43 42 56
-0.4777381122112274 0.5091723799705505 0.16295519471168518 137 150 185
-0.48524409532546997 0.5092330574989319 0.15716412663459778 25 37 77
-0.48524409532546997 0.5092330574989319 0.15716412663459778 25 37 77
-0.57093346118927 0.44850218296051025 0.038744162768125534 54 4 15
-0.5969853401184082 0.431550532579422 0.0010285761673003435 70 9 38
-0.603476345539093 0.40485498309135437 -0.03722890093922615 102 0 21
-0.6026242971420288 0.4239589273929596 -0.014990122988820076 164 166 177
-0.5756961107254028 0.46022120118141174 0.027822336181998253 18 0 6
-0.4846591353416443 0.5176746249198914 0.13918666541576385 132 148 181
-0.476820170879364 0.5194337964057922 0.1280832141637802 136 150 187
-0.476820170879364 0.5194337964057922 0.1280832141637802 136 150 187
-0.47147810459136963 0.5178562998771667 0.12337710708379745 73 86 123
-0.5629754066467285 0.4674377739429474 0.012569227255880833 32 1 20
-0.5364797711372375 0.4582958519458771 -0.010779100470244884 32 11 28
-0.7424672245979309 0.4785878360271454 0.6264363527297974 25 26 47
-0.7424672245979309 0.4785878360271454 0.6264363527297974 25 26 47
-0.7856923937797546 0.5092582106590271 0.6295912265777588 47 44 55
-0.5592936277389526 0.4365689754486084 0.5814789533615112 82 9 18
-0.5727509260177612 0.4916352331638336 0.6273582577705383 119 95 88
-0.5173382759094238 0.4434549808502197 0.5649785399436951 97 47 47
-0.5445852279663086 0.47400128841400146 0.5707956552505493 74 1 10
-0.4916580319404602 0.4713757336139679 0.583029568195343 75 8 15
-0.5183563828468323 0.4938602149486542 0.5628787875175476 82 2 15
-0.4363919198513031 0.5347511172294617 0.6439475417137146 26 14 0
-0.45780226588249207 0.6393105983734131 0.7938321232795715 17 8 3
-0.4962054491043091 0.5086672902107239 0.5687625408172607 107 109 96
-0.4962054491043091 0.5086672902107239 0.5687625408172607 107 109 96
-0.5507968664169312 0.5309776663780212 0.5744684934616089 121 110 106
-0.5507968664169312 0.5309776663780212 0.5744684934616089 121 110 106
-0.4560311734676361 0.636005699634552 0.7657632827758789 100 90 89
-0.4560311734676361 0.636005699634552 0.7657632827758789 100 90 89
-0.4781993627548218 0.5143719911575317 0.5629374980926514 74 0 8
-0.5210348963737488 0.5388890504837036 0.5731770396232605 65 1 15
-0.46691229939460754 0.6944016814231873 0.7695969939231873 116 108 106
-0.47857674956321716 0.5530272126197815 0.5614281892776489 137 105 106
-0.49501028656959534 0.5565978288650513 0.5468484163284302 130 106 102
-0.5938909649848938 0.6098523139953613 0.5674859881401062 85 12 32
-0.5499143004417419 0.6038693189620972 0.5733219981193542 127 123 122
-0.5936146974563599 0.6508778929710388 0.5767124891281128 122 72 81
-0.48533380031585693 0.6262081265449524 0.5932022929191589 73 1 12
-0.5609457492828369 0.6181564927101135 0.5437976717948914 144 101 110
-0.5830778479576111 0.6351450681686401 0.5555192828178406 143 93 102
-0.5471535921096802 0.6386042833328247 0.5754539966583252 90 8 22
-0.5225050449371338 0.6423720121383667 0.5906239748001099 95 0 13
-0.506891131401062 0.657557487487793 0.5934064388275146 130 135 131
-0.5850784778594971 0.6620694994926453 0.5576565861701965 129 119 120
-0.5010386109352112 0.7009640336036682 0.6241245269775391 99 5 29
-0.5624873638153076 0.7165988087654114 0.5975958108901978 139 143 154
-0.4863927364349365 0.7159584760665894 0.6286571025848389 139 143 152
-0.5370303392410278 0.7587718963623047 0.6482868194580078 132 112 121
-0.5908458828926086 0.735350489616394 0.5680633783340454 156 133 139
-0.5908458828926086 0.735350489616394 0.5680633783340454 156 133 139
-0.5435438752174377 0.7613592743873596 0.6226179003715515 90 6 24
-0.5787778496742249 0.7424287796020508 0.5687867999076843 96 45 64
-0.5787778496742249 0.7424287796020508 0.5687867999076843 96 45 64
-0.6182728409767151 0.7782709002494812 0.5914533734321594 91 28 45
-0.5695499181747437 0.790522575378418 0.6328421235084534 148 136 148
-0.6270904541015625 0.7847337126731873 0.584614098072052 142 142 152
-0.5374990701675415 0.8006712198257446 0.6468280553817749 148 149 154
-0.5374990701675415 0.8006712198257446 0.6468280553817749 148 149 154
-0.5538133978843689 0.790535569190979 0.6241403222084045 85 15 33
-0.5945234298706055 0.7918071150779724 0.587756872177124 98 46 69
