ply
format ascii 1.0
element vertex 9757
property float x
property float y
property float z
property uchar red
property uchar green
property uchar blue
end_header
-1.4226710796356201 -0.3287305533885956 16.297542572021484 157 110 116
-1.428942084312439 -0.15576212108135223 16.12702178955078 152 101 109
-1.486562728881836 -0.3724633455276489 15.830182075500488 153 106 109
-1.5485485792160034 -0.5968571901321411 15.72596263885498 161 111 115
-1.5976111888885498 1.5892271995544434 15.850072860717773 164 115 115
-1.6499825716018677 5.700222015380859 16.287450790405273 155 153 158
-1.611792802810669 1.6607494354248047 15.772628784179688 160 101 104
-1.6476480960845947 1.6056737899780273 15.532179832458496 101 42 47
-1.7031307220458984 1.5981297492980957 15.660141944885254 152 85 92
-1.8008092641830444 7.073005676269531 16.22109031677246 137 111 122
-1.8420768976211548 7.119118690490723 16.001895904541016 114 102 109
-1.8557298183441162 6.963554859161377 15.9656982421875 103 83 92
-1.926281213760376 7.630728244781494 16.018234252929688 96 84 94
-1.926281213760376 7.630728244781494 16.018234252929688 96 84 94
-2.3165392875671387 9.362293243408203 16.446990966796875 118 89 104
-2.460902452468872 9.501784324645996 16.270822525024414 158 139 148
-2.4471936225891113 9.319790840148926 16.12442970275879 104 98 102
-2.5208511352539062 9.500569343566895 16.255294799804688 100 80 89
-2.3574275970458984 5.260161876678467 14.243206024169922 99 20 25
-2.4836745262145996 5.227784156799316 14.231184005737305 95 70 59
-2.4836745262145996 5.227784156799316 14.231184005737305 95 70 59
-2.5390448570251465 0.49954596161842346 14.24862003326416 59 19 34
-2.490232229232788 0.48242172598838806 13.795233726501465 59 19 34
-2.490232229232788 0.48242172598838806 13.795233726501465 59 19 34
-2.641751289367676 5.598501205444336 14.344873428344727 24 32 69
-2.723968267440796 1.552702784538269 13.85270881652832 92 11 18
-2.8129076957702637 5.259676456451416 13.844956398010254 84 67 59
-2.9194564819335938 5.774963855743408 13.852350234985352 120 119 133
-2.9525392055511475 5.871355056762695 13.822171211242676 23 23 48
-2.9701595306396484 1.1432965993881226 13.389305114746094 36 10 19
-3.0446650981903076 5.756572246551514 13.66574478149414 126 128 143
-3.0446650981903076 5.756572246551514 13.66574478149414 126 128 143
-3.04353666305542 5.650083541870117 13.596969604492188 25 31 59
-2.985074996948242 0.3666181266307831 13.153891563415527 23 11 13
-3.0903735160827637 5.741463661193848 13.520427703857422 16 22 46
-3.018033027648926 0.9655117988586426 13.197840690612793 128 121 127
-3.1527183055877686 5.992842197418213 13.689371109008789 28 25 55
-3.1527183055877686 5.992842197418213 13.689371109008789 28 25 55
-3.529332160949707 8.400506973266602 14.749496459960938 138 134 135
-3.529332160949707 8.400506973266602 14.749496459960938 138 134 135
-3.325146198272705 1.8322705030441284 13.160513877868652 129 120 125
-3.325146198272705 1.8322705030441284 13.160513877868652 129 120 125
-3.7630462646484375 7.944065570831299 14.011996269226074 88 67 57
-3.8171703815460205 7.8784613609313965 14.029876708984375 83 74 90
-3.8171703815460205 7.8784613609313965 14.029876708984375 83 74 90
-3.8313920497894287 7.921055793762207 14.018425941467285 31 30 44
-3.5712828636169434 1.874159574508667 12.903677940368652 23 2 7
-3.5712828636169434 1.874159574508667 12.903677940368652 23 2 7
-3.6364593505859375 1.498849630355835 12.776517868041992 80 12 34
-3.712526321411133 1.750710129737854 12.76683235168457 128 114 114
-3.85758376121521 2.8434596061706543 12.951095581054688 86 0 11
-3.85758376121521 2.8434596061706543 12.951095581054688 86 0 11
-4.116294860839844 7.4156174659729 13.543988227844238 33 30 37
-4.116294860839844 7.4156174659729 13.543988227844238 33 30 37
-3.8709821701049805 1.7210698127746582 12.732282638549805 17 2 5
-3.9465067386627197 2.956371307373047 12.85621166229248 77 55 34
-3.9465067386627197 2.956371307373047 12.85621166229248 77 55 34
-3.965453624725342 2.7282333374023438 12.91031551361084 86 49 33
-3.945117235183716 1.0242373943328857 12.576740264892578 124 112 116
-4.048386096954346 1.5459394454956055 12.662154197692871 74 1 25
-4.1126813888549805 2.008556365966797 12.597012519836426 16 2 0
-4.143951892852783 1.852626085281372 12.568400382995605 125 115 116
-4.436221599578857 1.0255743265151978 12.350229263305664 122 112 113
-4.436221599578857 1.0255743265151978 12.350229263305664 122 112 113
-4.485050678253174 2.0015108585357666 12.410684585571289 9 5 4
-4.498039722442627 1.824797511100769 12.3353271484375 124 112 114
-4.566434383392334 1.169004201889038 12.26916217803955 20 0 1
-4.566434383392334 1.169004201889038 12.26916217803955 20 0 1
-4.570462226867676 0.9292690753936768 12.185853958129883 80 50 58
-4.619942665100098 0.8378426432609558 12.216561317443848 80 0 16
-4.668645858764648 2.896054983139038 12.274751663208008 77 45 30
-4.668645858764648 2.896054983139038 12.274751663208008 77 45 30
-4.696536064147949 2.704347848892212 12.290366172790527 81 48 29
-4.696536064147949 2.704347848892212 12.290366172790527 81 48 29
-4.68829345703125 2.1606497764587402 12.098250389099121 86 0 14
-4.68829345703125 2.1606497764587402 12.098250389099121 86 0 14
-4.756587505340576 1.0167311429977417 12.143054008483887 123 111 113
-4.959365367889404 0.9030786752700806 12.122718811035156 85 0 24
-4.959365367889404 0.9030786752700806 12.122718811035156 85 0 24
-7.131005764007568 3.134885549545288 12.359180450439453 8 4 3
-7.048321723937988 3.5009260177612305 12.129963874816895 65 3 9
-7.582800388336182 1.3233208656311035 12.588793754577637 123 111 113
-7.582800388336182 1.3233208656311035 12.588793754577637 123 111 113
-7.582745552062988 1.393617033958435 12.35680866241455 81 0 25
-7.610192775726318 1.3946021795272827 12.273218154907227 130 115 115
-7.619428634643555 1.4273227453231812 12.12855052947998 72 0 18
-7.623385429382324 1.5608108043670654 12.088202476501465 129 105 111
-2.237764596939087 3.0667426586151123 33.22153854370117 146 105 99
-8.250272750854492 -0.3689776659011841 68.43115234375 137 127 128
-9.17021656036377 2.484370470046997 75.7388916015625 66 25 36
-12.835081100463867 4.388964653015137 84.53428649902344 79 12 19
-14.455806732177734 7.573281288146973 91.58428192138672 40 16 20
-16.434486389160156 2.6414246559143066 102.44176483154297 23 9 12
-9.505175590515137 24.862834930419922 56.52369689941406 128 130 145
-9.505175590515137 24.862834930419922 56.52369689941406 128 130 145
-10.738763809204102 29.13780403137207 62.73016357421875 126 125 133
-19.836538314819336 10.173418998718262 108.6663589477539 73 12 25
-21.322162628173828 6.113711833953857 115.72138977050781 84 2 14
-21.322162628173828 6.113711833953857 115.72138977050781 84 2 14
-18.8070011138916 13.861794471740723 100.94015502929688 133 122 121
-18.8070011138916 13.861794471740723 100.94015502929688 133 122 121
-23.926179885864258 14.123686790466309 118.7589340209961 70 1 10
-23.926179885864258 14.123686790466309 118.7589340209961 70 1 10
-24.840126037597656 17.106388092041016 119.8884048461914 14 2 2
-24.840126037597656 17.106388092041016 119.8884048461914 14 2 2
-28.53928565979004 18.891916275024414 134.49440002441406 131 119 119
-16.673372268676758 8.769400596618652 76.08870697021484 131 115 118
-35.31120300292969 13.048722267150879 159.76747131347656 25 4 7
-35.31120300292969 13.048722267150879 159.76747131347656 25 4 7
-29.587251663208008 73.93749237060547 141.9535369873047 120 119 137
-29.587251663208008 73.93749237060547 141.9535369873047 120 119 137
-27.458951950073242 26.05451774597168 120.14535522460938 84 0 4
-27.458951950073242 26.05451774597168 120.14535522460938 84 0 4
-34.171241760253906 19.575550079345703 147.35520935058594 22 7 10
-40.271244049072266 11.034419059753418 172.010498046875 73 0 13
-38.96440505981445 10.277750015258789 165.34158325195312 87 0 12
-34.87247848510742 30.834178924560547 147.78970336914062 83 50 32
-34.87247848510742 30.834178924560547 147.78970336914062 83 50 32
-31.051504135131836 29.843582153320312 131.4080047607422 75 51 24
-41.28836441040039 13.621070861816406 172.38551330566406 123 113 114
-43.82225036621094 24.90106201171875 171.50274658203125 126 116 117
-57.97404479980469 29.335269927978516 201.30810546875 125 117 115
-57.97404479980469 29.335269927978516 201.30810546875 125 117 115
-58.634742736816406 18.416532516479492 198.72894287109375 21 0 7
-58.634742736816406 18.416532516479492 198.72894287109375 21 0 7
-50.382694244384766 12.46969985961914 168.92469787597656 58 25 34
-2.583997964859009 1.9521390199661255 13.019181251525879 128 119 122
-2.583997964859009 1.9521390199661255 13.019181251525879 128 119 122
-2.7360641956329346 1.9308730363845825 12.38348388671875 18 3 4
-2.7360641956329346 1.9308730363845825 12.38348388671875 18 3 4
-2.836812973022461 1.9350224733352661 12.540597915649414 125 109 110
-2.5249383449554443 6.483137130737305 12.091207504272461 125 124 142
-2.5249383449554443 6.483137130737305 12.091207504272461 125 124 142
-2.521167278289795 6.464075565338135 12.059218406677246 125 124 142
-2.85431170463562 7.680448055267334 13.811903953552246 30 36 62
-2.8271491527557373 1.1201117038726807 11.971108436584473 29 2 5
-2.9223008155822754 1.9346818923950195 12.325908660888672 121 112 113
-2.9223008155822754 1.9346818923950195 12.325908660888672 121 112 113
-2.6448681354522705 6.815239429473877 12.184002876281738 30 36 62
-3.07719087600708 2.750009775161743 12.253087997436523 83 46 28
-3.07719087600708 2.750009775161743 12.253087997436523 83 46 28
-3.0715959072113037 2.9772369861602783 12.218948364257812 78 47 26
-3.107388734817505 1.508036732673645 11.675358772277832 63 2 17
-3.2306716442108154 1.903206706047058 11.865126609802246 121 110 114
-3.48473858833313 1.0872758626937866 11.602375030517578 120 108 110
-3.5619168281555176 2.056135654449463 11.770537376403809 10 0 1
-3.5630688667297363 1.8778488636016846 11.624238014221191 119 110 111
-3.565185070037842 0.9669132828712463 11.388487815856934 126 100 109
-3.620539665222168 0.9837539196014404 11.415731430053711 52 19 30
-3.6536660194396973 0.9169846177101135 11.44678783416748 78 0 17
-3.704159736633301 2.8975284099578857 11.549757957458496 79 51 31
-3.8009867668151855 1.079634189605713 11.428982734680176 120 108 112
-3.7085657119750977 2.138350486755371 11.23538875579834 81 0 8
-3.7085657119750977 2.138350486755371 11.23538875579834 81 0 8
-3.980070114135742 0.9749167561531067 11.389466285705566 71 4 27
-3.980070114135742 0.9749167561531067 11.389466285705566 71 4 27
-3.9677231311798096 1.2428057193756104 11.390707969665527 20 2 6
-3.9677231311798096 1.2428057193756104 11.390707969665527 20 2 6
-3.9453165531158447 1.2285619974136353 11.30215072631836 20 2 6
-3.9453165531158447 1.2285619974136353 11.30215072631836 20 2 6
-3.9561638832092285 1.8580756187438965 11.394163131713867 122 110 112
-3.9561638832092285 1.8580756187438965 11.394163131713867 122 110 112
-3.923110008239746 2.6571054458618164 11.3433256149292 74 46 25
-4.1126203536987305 1.7584521770477295 11.351652145385742 14 2 4
-2.5192692279815674 0.7698526978492737 12.973593711853027 90 19 25
-2.8756983280181885 -0.04011097922921181 14.210003852844238 39 9 14
-2.6044509410858154 1.7815439701080322 11.398179054260254 26 14 14
-2.6044509410858154 1.7815439701080322 11.398179054260254 26 14 14
-3.0014901161193848 1.225609302520752 13.181249618530273 39 15 17
-3.0014901161193848 1.225609302520752 13.181249618530273 39 15 17
-3.0478689670562744 1.2412779331207275 13.44544506072998 39 15 17
-2.850658655166626 1.8605678081512451 11.843093872070312 125 113 115
-2.850658655166626 1.8605678081512451 11.843093872070312 125 113 115
-3.3297770023345947 1.0490071773529053 14.11452865600586 78 7 18
-3.082082986831665 1.8254082202911377 12.61347484588623 38 13 16
-3.422853946685791 2.0719199180603027 12.946876525878906 120 113 111
-3.3520517349243164 2.777657985687256 11.666897773742676 78 5 4
-4.266668319702148 1.448072910308838 15.480406761169434 117 111 108
-4.523900508880615 1.3535709381103516 15.916176795959473 133 104 110
-4.088604927062988 2.284517526626587 14.145451545715332 120 110 108
-4.797332763671875 1.353967308998108 16.68837547302246 78 0 10
-4.9559831619262695 1.5548036098480225 16.445680618286133 120 108 110
-4.453159809112549 2.7443623542785645 14.522785186767578 81 0 6
-4.453159809112549 2.7443623542785645 14.522785186767578 81 0 6
-4.499323844909668 2.4583349227905273 14.199811935424805 68 3 10
-5.021934986114502 1.7054387331008911 15.703742980957031 20 3 6
-5.021934986114502 1.7054387331008911 15.703742980957031 20 3 6
-4.706973552703857 2.9311442375183105 13.496925354003906 15 6 2
-4.657728672027588 3.068998336791992 13.021522521972656 82 46 30
-4.829767227172852 3.228951930999756 13.168296813964844 75 0 5
-5.601865768432617 2.1083321571350098 14.346553802490234 46 0 6
-5.695350646972656 2.143855094909668 14.63538646697998 46 0 6
-6.071743011474609 1.5910695791244507 14.878195762634277 37 5 6
-6.071743011474609 1.5910695791244507 14.878195762634277 37 5 6
-6.5855278968811035 1.3196073770523071 16.273853302001953 16 6 13
-6.5855278968811035 1.3196073770523071 16.273853302001953 16 6 13
-6.712820529937744 1.444797158241272 15.925027847290039 122 117 121
-7.132558345794678 1.3254979848861694 15.994942665100098 79 0 10
-7.115767478942871 1.709501028060913 15.804729461669922 117 110 118
-6.9698052406311035 2.5399398803710938 15.411622047424316 122 119 126
0.36834412813186646 3.5998759269714355 4.936461925506592 104 97 87
0.24898241460323334 3.2671799659729004 4.310626029968262 104 97 87
0.221818208694458 3.191466808319092 4.168190956115723 104 97 87
0.1957697719335556 3.1188483238220215 4.031674861907959 104 97 87
0.17058752477169037 3.0486254692077637 3.8997747898101807 104 97 87
0.1458258479833603 2.979562997817993 3.7701330184936523 104 97 87
0.1228647381067276 2.9155282974243164 3.6498911380767822 104 97 87
0.09973717480897903 2.851052761077881 3.528676748275757 104 97 87
0.076571024954319 2.7864458560943604 3.407365322113037 104 97 87
0.03344416618347168 2.666130304336548 3.181698799133301 104 97 87
0.013140290044248104 2.6094589233398438 3.0755717754364014 104 97 87
-0.007532856427133083 2.5517847537994385 2.9673969745635986 104 97 87
-0.027508936822414398 2.49603533744812 2.8629543781280518 104 97 87
-0.04625583440065384 2.4437036514282227 2.7649922370910645 104 97 87
-0.06522049754858017 2.3907699584960938 2.6658687591552734 104 97 87
-59.872562408447266 23.212003707885742 219.79856872558594 23 5 5
-59.872562408447266 23.212003707885742 219.79856872558594 23 5 5
-48.90345001220703 15.827929496765137 168.8782958984375 125 111 108
-60.1002311706543 25.177425384521484 180.75772094726562 50 3 8
-78.1729507446289 37.146446228027344 234.21681213378906 125 114 112
-39.32905197143555 8.952634811401367 110.56993865966797 26 6 10
-39.32905197143555 8.952634811401367 110.56993865966797 26 6 10
-38.4340705871582 11.319133758544922 108.55982208251953 40 0 8
-38.57011795043945 9.354033470153809 104.08615112304688 128 116 118
-92.83244323730469 57.26602554321289 261.822509765625 83 47 31
-86.44165802001953 53.27091598510742 243.42568969726562 83 47 31
-42.39497756958008 10.415047645568848 110.43851470947266 38 0 8
-44.67302322387695 12.693477630615234 115.89470672607422 27 0 6
-44.67302322387695 12.693477630615234 115.89470672607422 27 0 6
-39.41941452026367 8.280871391296387 100.15399169921875 82 0 9
-60.511070251464844 24.11211585998535 153.7278289794922 128 122 124
-52.68278121948242 17.88237953186035 129.0869598388672 46 1 10
-44.173946380615234 10.417140007019043 102.78773498535156 52 0 5
-44.173946380615234 10.417140007019043 102.78773498535156 52 0 5
-37.64263916015625 6.424402236938477 85.66352081298828 134 129 135
-35.02370834350586 8.534453392028809 79.3493423461914 71 6 26
-35.02370834350586 8.534453392028809 79.3493423461914 71 6 26
-64.43902587890625 10.763550758361816 145.1986541748047 4 0 2
-58.045204162597656 9.639254570007324 130.3165740966797 4 0 2
-63.807899475097656 10.608296394348145 143.50352478027344 1 1 1
-48.37175369262695 9.622763633728027 107.6917724609375 131 125 127
-55.008949279785156 11.512877464294434 118.63146209716797 29 2 13
-43.1417236328125 2.2285966873168945 90.91395568847656 11 0 7
-43.1417236328125 2.2285966873168945 90.91395568847656 11 0 7
-71.18989562988281 23.591175079345703 153.7721405029297 133 127 131
-56.08491516113281 13.295957565307617 119.08922576904297 31 0 10
-68.23941040039062 18.3424015045166 145.6178741455078 127 138 136
-60.90072250366211 11.91867446899414 126.4347152709961 131 126 132
-56.452552795410156 13.05301284790039 117.277099609375 24 7 18
-56.452552795410156 13.05301284790039 117.277099609375 24 7 18
-88.55886840820312 25.412729263305664 185.9049072265625 59 0 18
-88.55886840820312 25.412729263305664 185.9049072265625 59 0 18
-57.531681060791016 15.217216491699219 114.82378387451172 78 0 20
-71.7991943359375 15.560822486877441 142.54942321777344 133 128 132
-71.7991943359375 15.560822486877441 142.54942321777344 133 128 132
-76.47730255126953 23.57024383544922 153.16555786132812 12 0 6
-76.47730255126953 23.57024383544922 153.16555786132812 12 0 6
-72.90119171142578 13.955475807189941 140.87266540527344 49 1 13
-101.14820861816406 29.24376106262207 194.64938354492188 135 133 136
-101.14820861816406 29.24376106262207 194.64938354492188 135 133 136
-92.56636810302734 22.441911697387695 170.34527587890625 36 0 7
-92.56636810302734 22.441911697387695 170.34527587890625 36 0 7
-4.545496463775635 -0.09301027655601501 19.04405403137207 54 34 27
-4.9449381828308105 1.6289139986038208 18.68912696838379 52 34 33
-4.9449381828308105 1.6289139986038208 18.68912696838379 52 34 33
-5.34740686416626 1.3738658428192139 19.766921997070312 89 28 27
-5.255414009094238 2.579674243927002 18.81545639038086 62 40 42
-5.794312477111816 3.030837297439575 19.736331939697266 134 123 117
-6.78173303604126 2.0096182823181152 22.76637840270996 129 118 114
-7.604701042175293 1.9078367948532104 24.960655212402344 77 9 16
-8.152515411376953 2.335603952407837 25.940311431884766 122 116 110
-8.912857055664062 2.227318048477173 27.394107818603516 67 3 18
-8.912857055664062 2.227318048477173 27.394107818603516 67 3 18
-8.647107124328613 2.7434747219085693 26.338926315307617 35 3 4
-8.921234130859375 3.8393354415893555 25.786943435668945 20 4 1
-8.521075248718262 4.937058925628662 23.74068260192871 18 4 3
-8.768474578857422 4.740428447723389 24.452484130859375 120 109 107
-10.099943161010742 4.464838027954102 26.86598777770996 17 3 3
-10.983890533447266 3.958446502685547 28.458545684814453 57 0 11
-10.983890533447266 3.958446502685547 28.458545684814453 57 0 11
-10.739588737487793 4.391257286071777 27.36981964111328 122 114 112
-12.55916976928711 3.2806177139282227 31.7866153717041 46 0 5
-13.244037628173828 2.642698287963867 33.61614990234375 17 0 3
-13.244037628173828 2.642698287963867 33.61614990234375 17 0 3
-14.187461853027344 3.1027519702911377 33.48016357421875 40 0 7
-14.187461853027344 3.1027519702911377 33.48016357421875 40 0 7
-13.94819450378418 3.5273756980895996 32.60723876953125 31 5 11
-13.94819450378418 3.5273756980895996 32.60723876953125 31 5 11
-11.863557815551758 6.202383995056152 26.90020179748535 76 51 29
-11.863557815551758 6.202383995056152 26.90020179748535 76 51 29
-13.23287582397461 4.715018272399902 29.612613677978516 124 118 120
-14.887520790100098 3.2002482414245605 33.17017364501953 124 118 118
-14.887520790100098 3.2002482414245605 33.17017364501953 124 118 118
-14.254552841186523 4.347661972045898 31.25275993347168 59 2 10
-12.837738037109375 6.379258155822754 27.839393615722656 90 44 31
-12.723686218261719 6.804389953613281 27.581151962280273 76 50 27
-15.495658874511719 3.285564661026001 32.85865020751953 38 3 7
-15.495658874511719 3.285564661026001 32.85865020751953 38 3 7
-15.859100341796875 4.746570110321045 30.596195220947266 125 122 128
-16.26462745666504 3.456089735031128 31.207990646362305 19 2 10
-16.220394134521484 3.3505637645721436 30.392183303833008 22 17 23
-16.220394134521484 3.3505637645721436 30.392183303833008 22 17 23
-17.228042602539062 4.444873332977295 32.436668395996094 46 0 9
-17.228042602539062 4.444873332977295 32.436668395996094 46 0 9
-17.423139572143555 3.111159086227417 31.412145614624023 5 0 4
-17.423139572143555 3.111159086227417 31.412145614624023 5 0 4
-17.14464569091797 3.293214797973633 30.598634719848633 130 123 127
-17.161548614501953 4.807601451873779 30.849679946899414 11 0 2
-17.161548614501953 4.807601451873779 30.849679946899414 11 0 2
-82.45941162109375 17.547962188720703 232.5557403564453 136 140 147
-60.4591178894043 13.803215026855469 158.12493896484375 146 146 156
-77.42033386230469 20.817222595214844 194.20396423339844 35 13 29
-47.39463806152344 9.564189910888672 116.6109619140625 87 2 21
-22.550312042236328 4.908593654632568 49.1034049987793 49 8 24
-22.550312042236328 4.908593654632568 49.1034049987793 49 8 24
-22.880849838256836 5.214160919189453 49.60477066040039 81 3 25
-22.880849838256836 5.214160919189453 49.60477066040039 81 3 25
-14.329061508178711 0.5170972347259521 27.55561065673828 23 17 31
-13.659759521484375 0.47272199392318726 26.118072509765625 23 17 31
-30.830087661743164 6.012254238128662 62.9074592590332 44 34 45
-38.28157043457031 7.180859088897705 72.38566589355469 9 4 10
-38.28157043457031 7.180859088897705 72.38566589355469 9 4 10
-31.112085342407227 4.525816917419434 58.08436584472656 17 13 27
-22.065176010131836 3.0873265266418457 40.26526641845703 17 13 27
-70.871337890625 16.20863151550293 125.49797821044922 42 1 23
-14.458097457885742 -0.002326295478269458 21.69020652770996 137 158 167
-26.476871490478516 0.9033796787261963 41.00608825683594 67 0 24
-46.96876525878906 11.606497764587402 74.35951232910156 38 5 19
-46.96876525878906 11.606497764587402 74.35951232910156 38 5 19
-41.215885162353516 0.0021280585788190365 61.89413070678711 144 154 164
-41.215885162353516 0.0021280585788190365 61.89413070678711 144 154 164
-13.182317733764648 0.006055409088730812 17.35526466369629 47 9 20
-6.754939079284668 3.735093355178833 7.634613990783691 91 0 15
-7.956179141998291 1.276135802268982 19.0212459564209 141 135 139
-7.981933116912842 1.4108555316925049 17.704164505004883 134 145 141
-8.223286628723145 1.7685461044311523 17.426456451416016 43 14 24
-8.50499439239502 1.5602531433105469 16.37420082092285 60 11 27
-8.50499439239502 1.5602531433105469 16.37420082092285 60 11 27
-8.532044410705566 1.6423234939575195 16.353092193603516 87 12 31
-8.532044410705566 1.6423234939575195 16.353092193603516 87 12 31
-8.543441772460938 1.258797526359558 15.683891296386719 141 143 156
-8.239742279052734 0.931104838848114 14.972966194152832 16 15 23
-8.414080619812012 0.14401257038116455 14.82744026184082 23 16 24
-8.660191535949707 1.362497091293335 15.293912887573242 32 12 23
-8.446065902709961 -0.027393929660320282 14.490629196166992 132 146 147
-8.89116382598877 1.9615566730499268 14.9544038772583 71 17 23
-8.89116382598877 1.9615566730499268 14.9544038772583 71 17 23
-8.948423385620117 0.33843764662742615 14.091066360473633 90 7 23
-9.679068565368652 2.2718405723571777 15.078765869140625 140 146 158
-9.629744529724121 -0.11608122289180756 13.44472599029541 143 149 163
-10.124850273132324 2.1088082790374756 14.396750450134277 144 151 167
-10.124850273132324 2.1088082790374756 14.396750450134277 144 151 167
-9.927238464355469 1.6664479970932007 13.590291976928711 33 10 20
-10.154372215270996 -0.23871977627277374 13.067985534667969 142 149 165
-10.523706436157227 0.8229654431343079 13.003219604492188 146 156 168
-13.657662391662598 2.963128089904785 37.47171401977539 136 130 134
-13.657662391662598 2.963128089904785 37.47171401977539 136 130 134
-13.278767585754395 2.461480140686035 35.98061752319336 78 22 33
-16.74808120727539 7.568681240081787 45.771724700927734 135 133 136
-13.558444023132324 3.0151140689849854 35.830387115478516 35 16 16
-13.565408706665039 3.295286178588867 33.153724670410156 37 19 27
-13.947057723999023 3.8351972103118896 33.81082534790039 29 20 27
-13.24972152709961 3.273164987564087 31.769548416137695 144 139 146
-13.385107040405273 2.820695400238037 32.020606994628906 87 13 26
-13.427857398986816 3.1072537899017334 30.677902221679688 139 139 149
-13.427857398986816 3.1072537899017334 30.677902221679688 139 139 149
-13.524308204650879 3.1457414627075195 29.40651512145996 62 22 31
-13.524308204650879 3.1457414627075195 29.40651512145996 62 22 31
-13.199869155883789 2.4705452919006348 28.62203025817871 23 23 35
-14.703227996826172 3.6616718769073486 32.294254302978516 86 14 34
-14.703227996826172 3.6616718769073486 32.294254302978516 86 14 34
-12.537856101989746 1.7929304838180542 26.65438461303711 140 140 148
-13.16495132446289 2.5155768394470215 27.150863647460938 137 139 151
-13.533349990844727 2.745025873184204 26.9164981842041 27 24 33
-12.06879997253418 0.5467841029167175 23.630252838134766 21 14 22
-13.081725120544434 1.9092892408370972 25.873947143554688 86 10 22
-14.075434684753418 3.6677606105804443 27.503501892089844 145 148 157
-13.911365509033203 4.133612632751465 26.529687881469727 143 145 157
-14.894489288330078 4.094424724578857 28.544185638427734 70 16 29
-14.894489288330078 4.094424724578857 28.544185638427734 70 16 29
-14.938197135925293 4.410097599029541 27.273542404174805 19 18 20
-14.938197135925293 4.410097599029541 27.273542404174805 19 18 20
-13.515215873718262 1.8290913105010986 23.526134490966797 138 142 153
-13.515215873718262 1.8290913105010986 23.526134490966797 138 142 153
-15.270971298217773 4.293564796447754 26.592273712158203 137 143 157
-15.127893447875977 3.5464797019958496 25.40971565246582 29 11 17
-15.287221908569336 4.05011510848999 25.158531188964844 19 14 24
-15.287221908569336 4.05011510848999 25.158531188964844 19 14 24
-15.400262832641602 3.7973439693450928 24.28235626220703 142 146 158
-15.400262832641602 3.7973439693450928 24.28235626220703 142 146 158
-13.170620918273926 0.11386920511722565 20.06877326965332 140 140 154
-15.182499885559082 3.116144895553589 23.15761947631836 34 3 16
-13.864957809448242 -0.054249752312898636 19.443851470947266 129 148 155
-15.34322452545166 2.7599923610687256 21.665769577026367 74 7 30
-15.34322452545166 2.7599923610687256 21.665769577026367 74 7 30
-15.46541690826416 2.8479509353637695 21.36818504333496 150 135 145
-15.055721282958984 1.5462511777877808 20.417097091674805 142 148 160
-46.00673294067383 3.8321359157562256 111.84532165527344 133 134 138
-45.07805633544922 12.66895866394043 98.94522857666016 140 127 134
-50.75022888183594 11.367820739746094 113.71798706054688 15 10 17
-50.75022888183594 11.367820739746094 113.71798706054688 15 10 17
-43.22660446166992 10.751690864562988 91.98280334472656 44 12 20
-37.94598388671875 7.4985198974609375 80.12242889404297 138 141 150
-37.94598388671875 7.4985198974609375 80.12242889404297 138 141 150
-37.94598388671875 7.4985198974609375 80.12242889404297 138 141 150
-45.97027587890625 16.397865295410156 95.25139617919922 140 146 160
-42.5345344543457 12.764206886291504 84.90476989746094 36 11 17
-42.5345344543457 12.764206886291504 84.90476989746094 36 11 17
-36.22266387939453 11.88582706451416 69.57942199707031 19 13 20
-23.29531478881836 0.9204617738723755 40.99057388305664 139 141 154
-29.235401153564453 7.369429111480713 51.0142936706543 32 8 22
-29.235401153564453 7.369429111480713 51.0142936706543 32 8 22
-32.20868682861328 6.6067585945129395 57.26092529296875 134 137 146
-30.9171085357666 9.018555641174316 53.364688873291016 34 8 25
-22.00699806213379 0.17796510457992554 38.09608840942383 87 12 39
-28.953454971313477 6.902355194091797 47.79572296142578 33 8 17
-29.20557403564453 7.281344413757324 47.81258010864258 145 138 148
-26.551528930664062 5.781323432922363 42.317874908447266 78 6 26
-26.551528930664062 5.781323432922363 42.317874908447266 78 6 26
-21.523229598999023 0.39743107557296753 33.876895904541016 141 139 153
-26.318605422973633 6.651081085205078 40.14673614501953 26 7 13
-23.85991668701172 3.1207048892974854 36.13560485839844 139 147 160
-25.16367530822754 4.569511413574219 37.94100570678711 146 155 170
-20.81832504272461 0.7951176166534424 30.982765197753906 73 12 28
-28.21857452392578 6.028602600097656 42.17995834350586 29 17 24
-28.21857452392578 6.028602600097656 42.17995834350586 29 17 24
-20.570629119873047 0.36816513538360596 29.95470428466797 136 143 153
-24.83787727355957 5.433362007141113 35.694480895996094 145 147 160
-24.83787727355957 5.433362007141113 35.694480895996094 145 147 160
-22.574390411376953 4.6939215660095215 30.916513442993164 29 12 13
-24.781274795532227 4.651828289031982 33.29742431640625 161 105 120
-15.339329719543457 -0.9857199788093567 15.48865795135498 142 100 109
-14.172492980957031 -1.1658660173416138 13.340619087219238 74 44 54
-56.16086196899414 14.780562400817871 149.72019958496094 51 52 57
-36.59772491455078 7.928532123565674 90.45006561279297 32 22 30
-43.39488220214844 13.558088302612305 103.49671936035156 42 16 25
-43.0152587890625 12.531584739685059 102.97148895263672 139 134 140
-34.39191436767578 9.052064895629883 80.66938781738281 46 20 33
-34.39191436767578 9.052064895629883 80.66938781738281 46 20 33
-38.34142303466797 11.178170204162598 87.42555236816406 36 31 35
-18.571346282958984 0.7831282615661621 39.24616241455078 134 132 135
-28.999778747558594 6.975997447967529 60.99411392211914 17 12 16
-27.135343551635742 6.827520847320557 55.96925735473633 135 130 134
-20.296585083007812 3.499587059020996 39.977718353271484 31 26 32
-27.76813316345215 7.315801620483398 56.458290100097656 22 1 8
-23.62662124633789 5.009939193725586 46.28464889526367 43 13 21
-34.58771514892578 11.80715274810791 69.47674560546875 140 142 154
-34.58771514892578 11.80715274810791 69.47674560546875 140 142 154
-27.0646915435791 7.367406368255615 50.97616958618164 51 12 27
-27.0646915435791 7.367406368255615 50.97616958618164 51 12 27
-28.97559356689453 9.08852767944336 53.96614074707031 38 17 26
-28.948978424072266 8.522101402282715 51.636451721191406 141 145 157
-28.948978424072266 8.522101402282715 51.636451721191406 141 145 157
-26.434843063354492 6.469831943511963 45.37757873535156 32 11 20
-16.22515296936035 0.27547696232795715 26.06540298461914 139 141 153
-15.864765167236328 0.23050406575202942 25.277341842651367 139 141 153
-15.864765167236328 0.23050406575202942 25.277341842651367 139 141 153
-27.644773483276367 7.858767509460449 46.870880126953125 33 8 14
-16.124191284179688 -0.1575765311717987 25.731891632080078 89 11 27
-24.403287887573242 5.171706199645996 38.28693771362305 71 13 28
-24.403287887573242 5.171706199645996 38.28693771362305 71 13 28
-15.885224342346191 0.005975504405796528 23.00462532043457 141 139 151
-21.395654678344727 2.635340452194214 31.660823822021484 142 146 158
-24.022703170776367 4.297124862670898 35.882408142089844 148 154 166
-17.63536834716797 0.49181070923805237 25.126577377319336 74 17 34
-17.3354434967041 0.14101170003414154 24.099851608276367 140 143 152
-26.646089553833008 1.3685675859451294 30.42062759399414 171 139 144
-26.646089553833008 1.3685675859451294 30.42062759399414 171 139 144
-24.192556381225586 -0.3089584410190582 27.46836280822754 171 136 142
-26.76051902770996 2.4102540016174316 29.951974868774414 174 117 131
-20.684974670410156 -1.3600305318832397 22.787273406982422 68 33 45
-20.287342071533203 -1.2208553552627563 22.193117141723633 160 136 143
-17.688386917114258 -2.113523483276367 18.837997436523438 83 6 26
-24.624645233154297 1.240820288658142 27.20669937133789 104 60 73
-24.160213470458984 0.8131607174873352 26.691608428955078 89 21 42
-18.245943069458008 -1.8413070440292358 19.41802215576172 139 107 118
-18.988962173461914 -1.5732648372650146 20.29032325744629 94 15 37
-24.79912567138672 1.8043360710144043 27.112499237060547 102 8 32
-20.038883209228516 -1.8094041347503662 21.58685302734375 130 99 104
-23.18280029296875 -0.035008467733860016 25.185386657714844 94 13 28
-20.486927032470703 -0.9496939778327942 21.41669464111328 97 10 27
-16.24286460876465 2.616856575012207 15.321040153503418 163 116 126
-16.1285400390625 2.451787233352661 15.093152046203613 83 9 22
-16.207725524902344 2.7219126224517822 15.1066255569458 75 25 32
-16.0115909576416 2.1249289512634277 15.044071197509766 68 42 45
-15.959582328796387 0.8750129342079163 15.434147834777832 140 111 119
-15.910082817077637 0.46265292167663574 15.490778923034668 179 121 133
-15.992635726928711 1.721658706665039 15.054383277893066 88 20 43
-16.216371536254883 2.527474880218506 15.065095901489258 183 118 138
-16.216371536254883 2.527474880218506 15.065095901489258 183 118 138
-16.099475860595703 1.363497257232666 15.328219413757324 142 115 120
-16.099475860595703 1.363497257232666 15.328219413757324 142 115 120
-15.900142669677734 0.28710097074508667 15.41164493560791 62 30 45
-16.260889053344727 2.1939027309417725 15.202298164367676 80 27 45
-16.260889053344727 2.1939027309417725 15.202298164367676 80 27 45
-16.190866470336914 2.60170316696167 14.946130752563477 127 89 100
-15.712562561035156 1.4176586866378784 14.673209190368652 106 29 47
-15.953396797180176 -0.03341168537735939 15.526756286621094 76 38 49
-15.953396797180176 -0.03341168537735939 15.526756286621094 76 38 49
-15.804433822631836 0.1478501409292221 15.228403091430664 98 60 75
-15.894279479980469 1.5553452968597412 14.832281112670898 72 26 42
-16.100685119628906 2.5336270332336426 14.757719039916992 172 131 142
-15.932307243347168 0.5947962999343872 15.218551635742188 98 9 29
-15.932307243347168 0.5947962999343872 15.218551635742188 98 9 29
-15.923285484313965 1.032814621925354 15.035985946655273 103 11 32
-15.923285484313965 1.032814621925354 15.035985946655273 103 11 32
-15.977359771728516 1.9931288957595825 14.752813339233398 187 145 157
-16.016687393188477 2.565499782562256 14.580168724060059 99 67 71
-15.88275146484375 1.6927380561828613 14.713171005249023 184 147 155
-16.200761795043945 2.6017158031463623 14.81125545501709 83 50 57
-16.200761795043945 2.6017158031463623 14.81125545501709 83 50 57
-16.019134521484375 -0.04279959201812744 15.466556549072266 154 114 125
-16.010168075561523 2.5227882862091064 14.498213768005371 172 135 140
-15.937834739685059 1.7551685571670532 14.675122261047363 77 18 32
-15.937834739685059 1.7551685571670532 14.675122261047363 77 18 32
-15.877005577087402 1.5103758573532104 14.674910545349121 173 140 151
-15.564667701721191 -0.2628062963485718 14.890331268310547 175 132 142
-15.564667701721191 -0.2628062963485718 14.890331268310547 175 132 142
-15.969348907470703 1.5858776569366455 14.701136589050293 173 140 151
-15.747161865234375 1.3400886058807373 14.444817543029785 92 15 35
-15.513206481933594 -1.3534486293792725 15.077055931091309 181 130 142
-15.80005168914795 -1.230164885520935 15.421510696411133 64 32 45
-15.80005168914795 -1.230164885520935 15.421510696411133 64 32 45
-15.845663070678711 0.9866982698440552 14.639205932617188 171 108 121
-15.71135425567627 -0.8407805562019348 15.074822425842285 86 22 36
-15.656454086303711 -0.698107898235321 14.925541877746582 163 131 146
-15.930449485778809 1.9688154458999634 14.326372146606445 76 38 51
-15.762670516967773 1.2160571813583374 14.368056297302246 148 115 124
-15.714624404907227 1.3904427289962769 14.237998008728027 180 133 146
-15.620808601379395 0.5881196856498718 14.386560440063477 179 130 146
-15.709062576293945 1.1098511219024658 14.305935859680176 89 48 62
-15.906270027160645 -1.5020360946655273 15.512496948242188 93 9 33
-15.688528060913086 0.6461296677589417 14.435998916625977 88 57 67
-15.610748291015625 -0.31934064626693726 14.668663024902344 195 129 145
-15.800235748291016 0.9911478161811829 14.447004318237305 76 4 23
-15.800235748291016 0.9911478161811829 14.447004318237305 76 4 23
-15.67126750946045 -0.6073152422904968 14.84775161743164 174 120 130
-15.674762725830078 0.8481001257896423 14.307510375976562 94 14 33
-15.823386192321777 -0.2499883621931076 14.882120132446289 86 50 60
-15.821245193481445 1.60545015335083 14.19808292388916 181 130 139
-15.770369529724121 1.5065906047821045 14.163501739501953 83 39 54
-15.770369529724121 1.5065906047821045 14.163501739501953 83 39 54
-15.900394439697266 0.9811496734619141 14.49869155883789 86 19 36
-15.696043014526367 1.6748043298721313 13.972648620605469 92 18 40
-15.629889488220215 0.25987520813941956 14.38481616973877 176 119 130
-15.63837718963623 0.03598819300532341 14.461413383483887 168 149 155
-16.0020694732666 2.392670154571533 14.10304069519043 177 148 152
-15.393983840942383 -0.2927339971065521 14.226956367492676 146 110 120
-15.573451042175293 -1.1315490007400513 14.772537231445312 176 134 140
-15.575225830078125 -0.6573437452316284 14.593332290649414 170 115 126
-15.575275421142578 -1.2613656520843506 14.793708801269531 160 137 145
-15.65308952331543 0.6213067770004272 14.221115112304688 166 143 151
-15.909147262573242 2.1285672187805176 14.012580871582031 95 16 29
-15.804547309875488 -2.4305825233459473 15.505196571350098 157 123 137
-15.712244033813477 -2.146217107772827 15.279155731201172 163 132 140
-15.750163078308105 1.339095950126648 14.07596492767334 181 130 143
-15.686836242675781 0.8983102440834045 14.125799179077148 130 80 90
-15.686836242675781 0.8983102440834045 14.125799179077148 130 80 90
-15.870720863342285 1.8119468688964844 14.034038543701172 170 137 148
-15.52872085571289 0.6785081028938293 13.966230392456055 201 137 148
-15.704706192016602 0.5565232634544373 14.244636535644531 178 133 148
-15.443750381469727 -0.11034731566905975 14.118721008300781 121 27 53
-15.683691024780273 1.8030633926391602 13.759013175964355 153 136 139
-15.683691024780273 1.8030633926391602 13.759013175964355 153 136 139
-15.819610595703125 1.7385525703430176 13.963244438171387 184 136 152
-15.687535285949707 1.1915479898452759 13.958374977111816 98 17 42
-15.546398162841797 -0.15705636143684387 14.222152709960938 80 2 24
-15.971037864685059 1.952362298965454 14.027853965759277 97 54 67
-15.628387451171875 -0.5605641603469849 14.466363906860352 102 7 29
-15.45699691772461 -0.9302237629890442 14.356266021728516 88 15 32
-15.826777458190918 1.8346625566482544 13.829957008361816 167 145 151
-15.464454650878906 0.19025348126888275 13.932998657226562 177 121 132
-15.518285751342773 -0.038343604654073715 14.082026481628418 174 142 153
-15.929553985595703 2.181553363800049 13.819066047668457 98 47 62
-15.519265174865723 -1.2622922658920288 14.490606307983398 86 47 60
-15.345479011535645 -1.9814420938491821 14.476743698120117 95 11 27
-15.736076354980469 1.4697964191436768 13.772961616516113 195 134 147
-15.736076354980469 1.4697964191436768 13.772961616516113 195 134 147
-15.662870407104492 1.2540264129638672 13.750317573547363 172 143 151
-15.46805191040039 0.21944168210029602 13.847658157348633 89 19 35
-15.430015563964844 -1.3356173038482666 14.3451509475708 166 113 131
-15.892749786376953 2.1762607097625732 13.706931114196777 189 150 161
-15.525618553161621 -1.517098069190979 14.525480270385742 93 10 28
-15.553098678588867 -0.32519853115081787 14.132427215576172 154 114 123
-15.444737434387207 -0.4281562566757202 14.017327308654785 186 135 146
-15.4946870803833 -0.7547730803489685 14.18384838104248 140 105 114
-15.4946870803833 -0.7547730803489685 14.18384838104248 140 105 114
-15.394994735717773 -0.9904099702835083 14.132147789001465 176 120 131
-15.520020484924316 -0.2606813311576843 14.035442352294922 153 113 122
-15.371176719665527 -0.7332130670547485 13.999086380004883 130 72 82
-15.96711540222168 2.3818438053131104 13.678403854370117 89 17 31
-15.394527435302734 -0.6836645007133484 13.990599632263184 95 23 37
-15.575618743896484 1.2001734972000122 13.559173583984375 190 143 154
-15.501751899719238 0.15260574221611023 13.830951690673828 177 125 135
-15.380476951599121 -1.2730920314788818 14.16845989227295 70 2 25
-15.504717826843262 -2.4303131103515625 14.725334167480469 99 54 71
-15.211701393127441 -1.8189008235931396 14.11607837677002 158 111 123
-15.515115737915039 0.5095341801643372 13.689608573913574 66 30 42
-15.499712944030762 -0.365726113319397 13.970982551574707 87 20 38
-15.499712944030762 -0.365726113319397 13.970982551574707 87 20 38
-15.83714485168457 1.8059214353561401 13.643685340881348 181 145 155
-15.60353946685791 0.9318246841430664 13.63475513458252 164 138 142
-15.339447021484375 -0.8364101052284241 13.897090911865234 86 50 60
-15.581629753112793 1.0799918174743652 13.539298057556152 95 18 40
-15.581629753112793 1.0799918174743652 13.539298057556152 95 18 40
-15.493102073669434 0.9136207699775696 13.47758960723877 168 137 143
-15.454551696777344 -2.4235429763793945 14.570208549499512 161 120 136
-15.419806480407715 -0.9056679010391235 13.997875213623047 159 123 133
-15.852167129516602 1.745425820350647 13.604049682617188 92 68 74
-15.71986198425293 1.60841703414917 13.483613014221191 194 149 162
-15.87968921661377 2.1098921298980713 13.501995086669922 179 141 154
-15.17479133605957 -1.205783724784851 13.744434356689453 163 113 122
-15.49039363861084 -0.9939025044441223 14.07792854309082 86 15 29
-15.622498512268066 1.1581902503967285 13.482941627502441 193 145 157
-15.406472206115723 -2.3049471378326416 14.409560203552246 75 32 49
-15.359980583190918 -0.675438404083252 13.77736759185791 93 18 33
-15.428592681884766 -1.488094687461853 14.144956588745117 175 124 133
-15.810333251953125 1.7193635702133179 13.515589714050293 144 122 127
-15.810333251953125 1.7193635702133179 13.515589714050293 144 122 127
-15.323741912841797 -0.49000322818756104 13.647085189819336 177 134 144
-15.387502670288086 0.4500183165073395 13.377792358398438 163 127 139
-15.319109916687012 -1.9426008462905884 14.126758575439453 167 106 124
-15.282654762268066 -1.286672592163086 13.837837219238281 76 38 48
-15.388700485229492 -1.786642074584961 14.142244338989258 149 128 131
-15.388700485229492 -1.786642074584961 14.142244338989258 149 128 131
-15.177021980285645 0.06262955814599991 13.221830368041992 179 129 140
-15.376029968261719 -1.4257781505584717 13.994194030761719 70 32 45
-15.376029968261719 -1.4257781505584717 13.994194030761719 70 32 45
-15.816606521606445 2.1120991706848145 13.293309211730957 152 110 122
-15.6878023147583 1.4598208665847778 13.347122192382812 97 13 36
-15.279802322387695 -0.05498786270618439 13.322002410888672 81 27 45
-15.322357177734375 -0.5650845766067505 13.543871879577637 86 19 37
-15.322357177734375 -0.5650845766067505 13.543871879577637 86 19 37
-15.387474060058594 -0.4269897937774658 13.564254760742188 160 132 137
-15.39140796661377 -1.3984407186508179 13.890010833740234 169 123 136
-15.349348068237305 -0.2716446816921234 13.433658599853516 91 16 36
-15.349348068237305 -0.2716446816921234 13.433658599853516 91 16 36
-15.449845314025879 0.3987807631492615 13.325369834899902 93 54 67
-15.803834915161133 1.9461742639541626 13.241742134094238 97 17 32
-15.109233856201172 -1.0970114469528198 13.401399612426758 95 14 31
-15.165250778198242 -1.4822757244110107 13.600937843322754 99 18 37
-15.09974193572998 -1.6921772956848145 13.585688591003418 167 118 130
-15.267576217651367 -0.8686206340789795 13.518132209777832 88 7 33
-15.212679862976074 -0.6923491954803467 13.378658294677734 97 12 31
-15.182598114013672 -0.1696361005306244 13.154792785644531 95 56 69
-15.44028091430664 0.46949607133865356 13.227509498596191 179 123 136
-15.318942070007324 0.57552170753479 13.017731666564941 103 13 31
-15.214018821716309 0.016866791993379593 13.071702003479004 183 131 140
-15.117542266845703 -1.563673734664917 13.486198425292969 95 14 33
-15.186601638793945 -0.7868436574935913 13.303436279296875 85 1 19
-15.227173805236816 -1.3571466207504272 13.514992713928223 86 58 66
-15.074922561645508 -0.6035193204879761 13.0573091506958 81 23 39
-15.301643371582031 0.153032124042511 13.07267951965332 96 16 35
-15.709686279296875 1.5903643369674683 13.084404945373535 172 147 153
-15.305246353149414 -0.030965901911258698 13.127997398376465 87 59 60
-15.305246353149414 -0.030965901911258698 13.127997398376465 87 59 60
-15.297138214111328 0.8993484973907471 12.79495620727539 100 19 42
-15.297138214111328 0.8993484973907471 12.79495620727539 100 19 42
-15.166104316711426 -1.2545971870422363 13.359292030334473 144 90 100
-15.146860122680664 -0.9711130857467651 13.212824821472168 140 107 116
-15.5521821975708 0.850753128528595 13.091106414794922 99 51 61
-15.110630989074707 -0.11694194376468658 12.872424125671387 177 151 162
-15.24460506439209 -0.8785881996154785 13.297279357910156 85 52 61
-14.854747772216797 -1.7858269214630127 13.1070556640625 151 116 123
-15.773759841918945 1.5334222316741943 13.128045082092285 73 41 52
-15.37086296081543 -0.11342894285917282 13.178417205810547 173 147 158
-15.086671829223633 -1.7517598867416382 13.380062103271484 152 117 124
-15.065601348876953 -2.317397356033325 13.528633117675781 156 124 135
-15.780104637145996 1.7389192581176758 13.036341667175293 89 21 32
-15.134451866149902 -1.1825108528137207 13.218320846557617 155 93 106
-15.240601539611816 -2.062417984008789 13.653751373291016 96 12 28
-15.082709312438965 -2.194225788116455 13.49741268157959 182 131 143
-15.467679977416992 0.9996333718299866 12.86937141418457 190 140 152
-15.19637680053711 -2.4570186138153076 13.704547882080078 164 132 143
-15.393174171447754 0.8071761727333069 12.819048881530762 182 129 142
-15.94199275970459 1.9105072021484375 13.11923885345459 98 43 51
-15.229578971862793 -0.19469232857227325 12.942303657531738 93 67 78
-15.154929161071777 -0.9418190121650696 13.101127624511719 101 68 77
-15.154929161071777 -0.9418190121650696 13.101127624511719 101 68 77
-15.183939933776855 -0.2530462145805359 12.901022911071777 83 31 43
-15.28371810913086 0.6342518925666809 12.719679832458496 161 116 123
-15.980219841003418 2.0890743732452393 13.096739768981934 201 142 148
-16.118457794189453 2.1817626953125 13.234113693237305 93 21 32
-15.646483421325684 1.496126413345337 12.869389533996582 177 149 158
-15.65622329711914 1.6079849004745483 12.836064338684082 181 134 147
-15.210798263549805 -0.3562879264354706 12.953326225280762 97 15 37
-15.629732131958008 1.3934640884399414 12.876368522644043 179 125 143
-15.47931957244873 0.8927178382873535 12.844773292541504 95 18 40
-15.409239768981934 1.0562306642532349 12.694252967834473 165 132 139
-15.409239768981934 1.0562306642532349 12.694252967834473 165 132 139
-15.953137397766113 2.03726863861084 13.034873008728027 85 43 53
-15.453458786010742 1.291553258895874 12.652709007263184 107 33 47
-15.557910919189453 1.412577748298645 12.732205390930176 82 50 61
-15.557910919189453 1.412577748298645 12.732205390930176 82 50 61
-15.17033863067627 -1.9039591550827026 13.375823974609375 170 124 138
-15.17033863067627 -1.9039591550827026 13.375823974609375 170 124 138
-15.07796573638916 -1.1638271808624268 12.99201488494873 97 13 34
-15.156498908996582 -1.7015724182128906 13.269403457641602 155 120 127
-15.074374198913574 -1.2808200120925903 13.02498722076416 86 20 34
-15.56475830078125 1.1626802682876587 12.768831253051758 183 138 147
-15.262739181518555 0.20165207982063293 12.716984748840332 193 149 157
-14.99280071258545 -0.9824855923652649 12.780625343322754 102 66 76
-15.250357627868652 -0.18356050550937653 12.808090209960938 77 45 58
-15.19870376586914 -0.07513407617807388 12.717490196228027 180 131 137
-15.258058547973633 0.5920872688293457 12.557178497314453 179 126 136
-15.48004150390625 0.9413690567016602 12.71401596069336 193 138 153
-14.974040985107422 -0.7673100233078003 12.657761573791504 104 13 31
-15.007055282592773 -1.4777573347091675 12.93842887878418 178 142 154
-15.007055282592773 -1.4777573347091675 12.93842887878418 178 142 154
-15.898721694946289 1.7435015439987183 12.927767753601074 97 19 32
-15.898721694946289 1.7435015439987183 12.927767753601074 97 19 32
-15.089284896850586 -0.971002459526062 12.834223747253418 160 124 134
-15.556042671203613 1.0689738988876343 12.705836296081543 68 35 42
-15.041951179504395 -2.224313735961914 13.18246078491211 170 129 139
-15.432095527648926 0.7564306259155273 12.653645515441895 201 143 157
-15.648838996887207 1.4079957008361816 12.699939727783203 200 147 165
-15.750118255615234 1.558478593826294 12.771194458007812 195 130 148
-14.99476146697998 -1.230491042137146 12.763257026672363 170 100 118
-15.235952377319336 0.4341726303100586 12.498745918273926 98 16 28
-15.196098327636719 0.6194943785667419 12.384384155273438 59 20 26
-14.98159122467041 -0.4142799377441406 12.461610794067383 94 21 40
-14.887468338012695 -1.0078951120376587 12.550034523010254 78 42 52
-15.00632381439209 -2.3143932819366455 13.118277549743652 169 115 130
-14.97991943359375 -0.6054563522338867 12.497507095336914 157 124 129
-14.859945297241211 -1.6963872909545898 12.699625015258789 79 22 35
-14.96640682220459 -1.7903876304626465 12.833897590637207 149 120 124
-15.943702697753906 1.8245843648910522 12.810441017150879 173 139 149
-15.654627799987793 1.429776668548584 12.589624404907227 85 23 40
-15.260516166687012 0.29149436950683594 12.484912872314453 170 132 143
-15.446001052856445 1.0171390771865845 12.463726997375488 74 13 28
-15.495918273925781 1.0721832513809204 12.496822357177734 75 14 29
-15.384540557861328 0.6962264180183411 12.475228309631348 180 124 138
-15.022140502929688 -2.3887510299682617 13.054469108581543 92 23 44
-14.996581077575684 -1.020539402961731 12.557110786437988 67 27 36
-14.996581077575684 -1.020539402961731 12.557110786437988 67 27 36
-14.902292251586914 -0.6807378530502319 12.328248977661133 170 115 128
-15.02447509765625 -0.040350209921598434 12.244819641113281 105 12 31
-15.09522819519043 0.5349177122116089 12.131083488464355 87 58 62
-14.980233192443848 -1.8467203378677368 12.773918151855469 124 104 106
-15.433526039123535 1.045096755027771 12.351513862609863 177 116 131
-15.433526039123535 1.045096755027771 12.351513862609863 177 116 131
-14.972867965698242 -0.607041597366333 12.326711654663086 79 19 34
-15.22495174407959 0.21523180603981018 12.356854438781738 165 127 138
-14.845386505126953 -1.0987725257873535 12.324645042419434 186 138 146
-15.034932136535645 -0.48136281967163086 12.347637176513672 100 12 37
-14.888185501098633 -1.7223153114318848 12.576723098754883 80 27 40
-14.897686958312988 -0.9726229906082153 12.327482223510742 149 109 118
-14.897686958312988 -0.9726229906082153 12.327482223510742 149 109 118
-14.967550277709961 -0.29070302844047546 12.171998023986816 154 122 133
-14.967550277709961 -0.29070302844047546 12.171998023986816 154 122 133
-16.064924240112305 1.9440970420837402 12.744647979736328 179 144 153
-15.213465690612793 0.5339134931564331 12.180774688720703 122 94 98
-15.005789756774902 -0.3911447823047638 12.23275375366211 177 128 140
-15.85334587097168 1.3947007656097412 12.65769100189209 91 59 67
-16.09104347229004 1.8837695121765137 12.783103942871094 155 123 134
-15.359397888183594 0.8008748888969421 12.239526748657227 74 27 39
-15.359397888183594 0.8008748888969421 12.239526748657227 74 27 39
-14.79728889465332 -1.7058467864990234 12.38522720336914 170 101 119
-14.79728889465332 -1.7058467864990234 12.38522720336914 170 101 119
-15.894515991210938 1.6197656393051147 12.591903686523438 104 17 34
-15.593761444091797 1.2820788621902466 12.340686798095703 192 142 157
-15.593761444091797 1.2820788621902466 12.340686798095703 192 142 157
-14.879744529724121 -0.671095609664917 12.127172470092773 162 126 133
-16.212854385375977 2.044856548309326 12.818168640136719 185 112 124
-15.690323829650879 1.3593369722366333 12.401206016540527 129 98 106
-15.690323829650879 1.3593369722366333 12.401206016540527 129 98 106
-15.071319580078125 0.23323363065719604 12.029315948486328 88 17 30
-15.41818904876709 0.8660262823104858 12.219775199890137 164 139 143
-14.930217742919922 0.09399383515119553 11.868443489074707 145 119 124
-14.930217742919922 0.09399383515119553 11.868443489074707 145 119 124
-16.612001419067383 2.375019073486328 13.116523742675781 103 17 28
-15.629061698913574 1.2217514514923096 12.31810188293457 86 22 42
-15.629061698913574 1.2217514514923096 12.31810188293457 86 22 42
-14.728261947631836 -2.011815071105957 12.300224304199219 77 30 40
-14.979705810546875 -0.43005597591400146 12.06283187866211 184 133 145
-16.04998207092285 1.8259371519088745 12.581522941589355 90 54 64
-15.506233215332031 1.1119638681411743 12.169922828674316 100 17 33
-15.428217887878418 1.030388593673706 12.100661277770996 101 18 34
-14.85244083404541 -1.1443698406219482 12.119611740112305 173 126 134
-14.885478019714355 -2.385298252105713 12.564153671264648 157 132 138
-15.13230037689209 0.4092264175415039 11.933008193969727 171 128 138
-16.133943557739258 1.8848638534545898 12.620992660522461 170 134 144
-14.971126556396484 -0.23476764559745789 11.929451942443848 177 128 134
-15.315933227539062 0.9371642470359802 11.944815635681152 175 109 126
-15.198324203491211 0.5843847990036011 11.905510902404785 105 20 39
-14.720979690551758 -1.3964215517044067 11.990457534790039 99 41 51
-14.857718467712402 -2.0681397914886475 12.369866371154785 164 101 112
-15.180634498596191 0.4770159125328064 11.914249420166016 89 21 38
-15.180634498596191 0.4770159125328064 11.914249420166016 89 21 38
-16.25861167907715 1.8800996541976929 12.704818725585938 186 134 141
-16.25861167907715 1.8800996541976929 12.704818725585938 186 134 141
-14.938447952270508 -0.011982770636677742 11.767621994018555 173 141 146
-14.774991989135742 -2.269679546356201 12.310301780700684 170 127 134
-15.361849784851074 0.8167474269866943 11.983427047729492 173 136 143
-14.854140281677246 -1.7058192491531372 12.210525512695312 105 12 33
-14.739912033081055 -1.250654697418213 11.917227745056152 157 93 110
-15.9127779006958 1.7101891040802002 12.322309494018555 85 23 30
-14.898876190185547 -0.2621707320213318 11.766290664672852 93 25 35
-14.85692310333252 -0.46405890583992004 11.777798652648926 182 140 150
-14.646839141845703 -1.05836021900177 11.714351654052734 173 124 135
-14.80549144744873 -1.0040960311889648 11.880170822143555 98 37 51
-14.557122230529785 -1.9080904722213745 11.867310523986816 131 98 107
-14.557122230529785 -1.9080904722213745 11.867310523986816 131 98 107
-15.662516593933105 1.2057064771652222 12.14382553100586 189 135 149
-14.823864936828613 -2.229806423187256 12.274624824523926 88 23 35
-14.647141456604004 -1.500246524810791 11.816686630249023 151 118 125
-15.248047828674316 0.37647056579589844 11.906911849975586 178 132 142
-14.77934455871582 -1.3801783323287964 11.93052864074707 74 15 25
-14.780898094177246 -2.3473589420318604 12.244071960449219 69 38 46
-14.77284049987793 -1.9945050477981567 12.110391616821289 156 123 132
-15.691526412963867 1.2501482963562012 12.125224113464355 67 33 40
-15.691526412963867 1.2501482963562012 12.125224113464355 67 33 40
-15.171538352966309 0.4306808114051819 11.777200698852539 191 152 159
-15.654450416564941 1.2956209182739258 12.064074516296387 71 20 24
-15.654450416564941 1.2956209182739258 12.064074516296387 71 20 24
-15.815185546875 1.3055641651153564 12.190292358398438 172 138 143
-15.64279842376709 1.225611925125122 12.016977310180664 167 129 137
-14.704736709594727 -2.270460367202759 12.056909561157227 177 131 137
-14.704736709594727 -2.270460367202759 12.056909561157227 177 131 137
-14.82408332824707 -1.4492942094802856 11.925267219543457 160 122 129
-15.060088157653809 0.19294193387031555 11.6627197265625 99 19 32
-15.060088157653809 0.19294193387031555 11.6627197265625 99 19 32
-14.742440223693848 -0.5132958889007568 11.515189170837402 176 133 145
-15.735187530517578 1.1958632469177246 12.107409477233887 181 128 141
-14.830599784851074 -2.382660388946533 12.209681510925293 178 147 155
-15.436201095581055 0.9804964065551758 11.817174911499023 100 18 32
-15.436201095581055 0.9804964065551758 11.817174911499023 100 18 32
-15.801419258117676 1.274407148361206 12.1244535446167 89 37 49
-14.561176300048828 -1.9975571632385254 11.73898696899414 155 119 129
-15.321792602539062 0.7599943280220032 11.708711624145508 171 132 135
-14.73285961151123 -2.5772969722747803 12.100847244262695 88 27 42
-15.759632110595703 1.2134226560592651 12.062071800231934 174 122 134
-14.824838638305664 -0.2242083102464676 11.432169914245605 100 18 30
-14.611557960510254 -2.4162182807922363 11.891968727111816 63 19 34
-14.793890953063965 -0.7806558609008789 11.566162109375 76 40 50
-15.363011360168457 0.813027024269104 11.703424453735352 84 30 38
-14.924307823181152 -0.6227177977561951 11.661239624023438 88 11 27
-14.669343948364258 -1.2855888605117798 11.571155548095703 82 23 41
-15.099692344665527 0.2302984744310379 11.547967910766602 104 26 39
-14.704768180847168 -0.8655876517295837 11.43397045135498 180 144 154
-15.12310791015625 0.27864086627960205 11.520614624023438 151 104 113
-14.931026458740234 -0.07127821445465088 11.410476684570312 110 80 87
-14.658768653869629 -2.294442653656006 11.808589935302734 178 119 128
-14.658768653869629 -2.294442653656006 11.808589935302734 178 119 128
-14.64645004272461 -2.505880117416382 11.862066268920898 182 143 151
-14.597739219665527 -1.8724162578582764 11.596067428588867 178 123 132
-15.655107498168945 1.019067645072937 11.876039505004883 174 92 106
-14.58098030090332 -1.7073274850845337 11.509815216064453 149 69 88
-14.571921348571777 -1.9615024328231812 11.572186470031738 70 34 44
-15.024544715881348 -0.05342932045459747 11.462552070617676 177 155 160
-14.731149673461914 -1.3870596885681152 11.551554679870605 101 17 32
-15.858102798461914 1.2357622385025024 11.993387222290039 144 93 102
-15.858102798461914 1.2357622385025024 11.993387222290039 144 93 102
-14.7236909866333 -0.4926762878894806 11.245416641235352 183 141 151
-14.7236909866333 -0.4926762878894806 11.245416641235352 183 141 151
-14.686589241027832 -0.9304576516151428 11.344259262084961 91 28 37
-14.704107284545898 -1.6343867778778076 11.5833158493042 161 120 126
-14.582243919372559 -2.4361519813537598 11.68015193939209 80 29 46
-17.556697845458984 2.543809652328491 13.464430809020996 107 20 37
-15.752477645874023 1.0948177576065063 11.876836776733398 188 137 146
-16.31194305419922 1.6044018268585205 12.350028991699219 105 18 27
-14.747164726257324 -0.4477222263813019 11.21938419342041 79 37 47
-14.585883140563965 -2.6186790466308594 11.72317886352539 91 22 40
-15.568453788757324 0.8082905411720276 11.739615440368652 181 121 129
-14.818243026733398 -0.5474130511283875 11.311104774475098 97 55 65
-14.79200267791748 -0.500878632068634 11.26320743560791 187 145 155
-15.332201957702637 0.47772839665412903 11.546573638916016 96 18 34
-14.355436325073242 -1.7731438875198364 11.153264045715332 102 15 31
-14.355436325073242 -1.7731438875198364 11.153264045715332 102 15 31
-14.515911102294922 -1.9760856628417969 11.399725914001465 152 119 126
-14.6934175491333 -1.133649468421936 11.31915283203125 190 139 146
-15.416898727416992 0.6724434494972229 11.563859939575195 100 23 39
-15.416898727416992 0.6724434494972229 11.563859939575195 100 23 39
-14.68510913848877 -1.0269804000854492 11.27048110961914 106 14 33
-14.68510913848877 -1.0269804000854492 11.27048110961914 106 14 33
-14.998846054077148 -0.35109156370162964 11.395917892456055 96 21 34
-15.034514427185059 -0.18523159623146057 11.374082565307617 93 40 56
-14.768145561218262 -0.3025508224964142 11.103377342224121 101 21 34
-14.575925827026367 -1.6093988418579102 11.304512977600098 135 96 101
-14.575925827026367 -1.6093988418579102 11.304512977600098 135 96 101
-14.573052406311035 -0.8564647436141968 11.053502082824707 142 106 114
-14.73918342590332 -0.5572528839111328 11.13530445098877 192 132 147
-15.018009185791016 0.07475214451551437 11.242331504821777 102 21 38
-14.722156524658203 -2.5532121658325195 11.743048667907715 184 143 151
-14.55173110961914 -1.5292446613311768 11.206452369689941 180 120 132
-15.661659240722656 0.8959016799926758 11.684168815612793 110 15 33
-15.661659240722656 0.8959016799926758 11.684168815612793 110 15 33
-14.64659595489502 -0.6904123425483704 11.040547370910645 101 14 31
-15.232429504394531 0.21270114183425903 11.409221649169922 172 129 134
-14.608474731445312 -1.9242851734161377 11.375287055969238 180 110 123
-14.491943359375 -2.4372007846832275 11.407991409301758 162 132 138
-14.762178421020508 -0.5013708472251892 11.087194442749023 84 24 36
-15.637825012207031 0.752654492855072 11.657487869262695 200 146 151
-15.637825012207031 0.752654492855072 11.657487869262695 200 146 151
-15.472930908203125 0.6122502684593201 11.515320777893066 184 143 151
-15.3568754196167 0.49524936079978943 11.421745300292969 192 145 153
-15.020160675048828 -0.22200126945972443 11.257259368896484 89 27 43
-15.586121559143066 0.6761128902435303 11.56926155090332 76 34 42
-14.467458724975586 -1.621146321296692 11.040152549743652 64 30 34
-15.488014221191406 0.6797370314598083 11.443044662475586 112 65 67
-14.49881362915039 -1.685552954673767 11.082392692565918 185 136 143
-14.897953033447266 -0.21816307306289673 11.056411743164062 187 136 149
-14.499340057373047 -1.3242015838623047 10.961015701293945 169 121 131
-15.055402755737305 0.19773486256599426 11.096052169799805 132 105 110
-14.645513534545898 -0.8263940811157227 10.960670471191406 174 128 135
-14.608199119567871 -1.1526967287063599 11.00003433227539 87 25 36
-14.626791954040527 -1.838016152381897 11.23032283782959 99 17 29
-14.626791954040527 -1.838016152381897 11.23032283782959 99 17 29
-14.622430801391602 -0.9070510268211365 10.907769203186035 90 26 42
-14.610709190368652 -2.3560197353363037 11.341080665588379 193 142 145
-14.725419998168945 -0.6413331031799316 10.922856330871582 191 135 148
-14.485701560974121 -1.6544008255004883 10.956367492675781 77 37 40
-15.526209831237793 0.5100811123847961 11.415027618408203 71 29 39
-14.717177391052246 -0.495002418756485 10.821813583374023 210 150 160
-14.454168319702148 -2.034823417663574 10.97984790802002 117 80 87
-14.78472900390625 -0.6050776839256287 10.893491744995117 78 22 35
-15.48450756072998 0.3574359714984894 11.32711410522461 103 22 41
-14.491289138793945 -1.9763894081115723 10.955368041992188 163 126 133
-15.56826400756836 0.5378391146659851 11.347140312194824 162 120 130
-15.56826400756836 0.5378391146659851 11.347140312194824 162 120 130
-14.888649940490723 -0.5298295617103577 10.907536506652832 176 127 134
-14.502175331115723 -2.525606632232666 11.105928421020508 177 145 150
-14.984642028808594 -0.23719391226768494 10.899864196777344 59 32 37
-14.550559997558594 -2.3844308853149414 11.063573837280273 195 137 145
-14.550559997558594 -2.3844308853149414 11.063573837280273 195 137 145
-14.485407829284668 -2.579237699508667 11.051810264587402 174 128 138
-16.169710159301758 0.8279224634170532 11.82465934753418 107 16 31
-16.169710159301758 0.8279224634170532 11.82465934753418 107 16 31
-16.17205047607422 0.9496883749961853 11.781957626342773 187 129 138
-15.637555122375488 0.5659304857254028 11.312716484069824 79 36 46
-14.56044864654541 -2.4994263648986816 11.049639701843262 90 34 47
-14.56044864654541 -2.4994263648986816 11.049639701843262 90 34 47
-15.07478141784668 -0.18260477483272552 10.87403678894043 170 112 126
-16.311466217041016 1.0181940793991089 11.830937385559082 175 136 137
-15.408252716064453 0.17522503435611725 11.067893981933594 97 47 56
-15.85405445098877 0.5153856873512268 11.417107582092285 186 143 153
-15.750310897827148 0.4674771726131439 11.305336952209473 174 131 141
-15.709382057189941 0.360614150762558 11.294397354125977 195 136 148
-15.989373207092285 0.6186519861221313 11.50537109375 178 135 145
-15.432563781738281 0.09052569419145584 11.054746627807617 168 139 143
-15.79824447631836 0.4096604585647583 11.334171295166016 90 43 52
-15.79824447631836 0.4096604585647583 11.334171295166016 90 43 52
-15.5125150680542 0.16882310807704926 11.061491012573242 158 102 111
-15.92178726196289 0.467305451631546 11.397031784057617 109 58 67
-15.799309730529785 0.40170931816101074 11.280214309692383 201 147 160
-15.799309730529785 0.40170931816101074 11.280214309692383 201 147 160
-15.092561721801758 -0.29599228501319885 10.7344970703125 168 107 115
-15.092561721801758 -0.29599228501319885 10.7344970703125 168 107 115
-15.976252555847168 0.395853728055954 11.41369342803955 104 50 63
-15.976252555847168 0.395853728055954 11.41369342803955 104 50 63
-16.123638153076172 0.484113484621048 11.537283897399902 202 151 160
-16.53360939025879 0.7595985531806946 11.867891311645508 99 21 34
-16.88960838317871 1.0229724645614624 12.159038543701172 95 30 40
-15.64874267578125 0.1371488869190216 11.110471725463867 173 125 131
-15.15565013885498 -0.3587456941604614 10.722962379455566 167 123 130
-15.19627857208252 -0.27127164602279663 10.736410140991211 198 136 145
-15.94968318939209 0.2446417212486267 11.348626136779785 102 25 41
-15.60094165802002 0.0297202430665493 11.012518882751465 170 130 139
-15.254129409790039 -0.4416434168815613 10.704326629638672 184 122 141
-15.29057788848877 -0.5247608423233032 10.709290504455566 85 32 44
-16.491195678710938 0.4097009003162384 11.610483169555664 173 132 140
-15.474573135375977 -0.43035688996315 10.761685371398926 152 117 123
-16.915817260742188 0.4064093232154846 11.879504203796387 188 143 148
-16.241844177246094 -0.034583427011966705 11.320775032043457 95 62 68
-15.756818771362305 -0.37390029430389404 10.876812934875488 192 115 125
-16.913429260253906 0.32637447118759155 11.83323860168457 85 40 45
-16.913429260253906 0.32637447118759155 11.83323860168457 85 40 45
-16.913429260253906 0.32637447118759155 11.83323860168457 85 40 45
-17.065410614013672 0.246209055185318 11.897785186767578 201 151 158
-16.532142639160156 -0.04279446601867676 11.442018508911133 81 38 40
-18.129796981811523 4.065934658050537 28.05001449584961 149 149 157
-18.129796981811523 4.065934658050537 28.05001449584961 149 149 157
-15.66237735748291 0.04588302597403526 24.36712074279785 134 153 157
-17.36960220336914 3.1608633995056152 26.135160446166992 40 14 25
-17.760726928710938 3.72290301322937 26.064367294311523 160 157 168
-17.702007293701172 3.5305564403533936 25.097373962402344 148 150 165
-16.985689163208008 2.7459375858306885 23.765260696411133 73 20 36
-15.392585754394531 -0.1508091539144516 21.849943161010742 146 144 155
-15.392585754394531 -0.1508091539144516 21.849943161010742 146 144 155
-15.4014253616333 -0.47858718037605286 21.827993392944336 95 11 27
-16.634540557861328 2.8553338050842285 22.22330665588379 147 149 162
-16.14851951599121 1.3405780792236328 21.724756240844727 143 149 163
-15.994097709655762 0.8863463401794434 21.466991424560547 87 14 43
-15.40812873840332 -0.09766197949647903 20.4624080657959 142 149 159
-16.98576545715332 2.7085227966308594 22.101879119873047 18 10 25
-16.97541618347168 2.889594554901123 21.66860008239746 151 151 161
-16.97541618347168 2.889594554901123 21.66860008239746 151 151 161
-17.226381301879883 2.833235502243042 21.114866256713867 143 113 125
-17.293441772460938 2.71199631690979 20.934858322143555 175 140 154
-17.300180435180664 2.7747676372528076 20.75726318359375 159 118 132
-17.293895721435547 2.785064697265625 20.67693328857422 167 126 140
-17.489391326904297 2.9114387035369873 20.908851623535156 165 124 138
-17.016565322875977 0.4810677170753479 17.09382438659668 77 14 28
-19.4459228515625 3.623286485671997 19.277923583984375 178 114 130
-19.4459228515625 3.623286485671997 19.277923583984375 178 114 130
-16.695810317993164 -0.2052801102399826 16.864601135253906 166 113 127
-16.93410873413086 0.12636636197566986 17.07007598876953 184 131 144
-20.11693572998047 4.211334228515625 19.940059661865234 87 5 18
-17.306079864501953 0.41371995210647583 17.422821044921875 175 141 155
-17.306079864501953 0.41371995210647583 17.422821044921875 175 141 155
-18.9960880279541 2.944953680038452 18.831443786621094 176 148 158
-18.9960880279541 2.944953680038452 18.831443786621094 176 148 158
-18.9960880279541 2.944953680038452 18.831443786621094 176 148 158
-17.757816314697266 1.1927522420883179 17.730777740478516 155 125 130
-18.84528160095215 2.788504123687744 18.632265090942383 83 14 32
-17.417194366455078 0.6854398250579834 17.430622100830078 166 116 133
-19.748249053955078 3.8792951107025146 19.430770874023438 83 29 45
-18.224367141723633 1.8088929653167725 18.04852294921875 150 121 131
-18.280672073364258 1.666930079460144 18.15313720703125 92 13 32
-17.323719024658203 0.474386990070343 17.234888076782227 67 32 46
-17.323719024658203 0.474386990070343 17.234888076782227 67 32 46
-18.72801971435547 2.3969244956970215 18.447280883789062 86 18 36
-19.649703979492188 3.5877254009246826 19.243106842041016 186 134 144
-19.649703979492188 3.5877254009246826 19.243106842041016 186 134 144
-17.345333099365234 0.22665166854858398 17.29556655883789 94 14 36
-19.356273651123047 3.0646395683288574 18.989652633666992 83 21 46
-19.356273651123047 3.0646395683288574 18.989652633666992 83 21 46
-19.940776824951172 3.7863826751708984 19.483707427978516 128 95 104
-18.712276458740234 2.095726251602173 18.382213592529297 102 12 34
-17.800193786621094 0.8840335607528687 17.575145721435547 93 10 26
-17.800193786621094 0.8840335607528687 17.575145721435547 93 10 26
-18.693748474121094 2.217144250869751 18.27932357788086 75 12 29
-18.06528091430664 1.4416241645812988 17.70834732055664 93 8 29
-18.06528091430664 1.4416241645812988 17.70834732055664 93 8 29
-18.939504623413086 2.5420310497283936 18.47943687438965 163 122 132
-16.767770767211914 -0.4968966543674469 16.634475708007812 142 101 111
-21.779678344726562 6.6540207862854 20.81839942932129 78 26 49
-21.779678344726562 6.6540207862854 20.81839942932129 78 26 49
-19.76296615600586 3.676710844039917 19.166933059692383 180 133 143
-21.856578826904297 6.826320171356201 20.85489845275879 81 15 42
-21.972942352294922 7.023758411407471 20.939680099487305 69 39 54
-22.045835494995117 7.338835716247559 20.911128997802734 84 24 49
-22.335397720336914 7.763787269592285 21.147981643676758 63 27 45
-19.46074867248535 2.9357268810272217 18.988758087158203 178 140 156
-17.42149543762207 0.10236765444278717 17.253786087036133 164 111 124
-19.572166442871094 3.2313661575317383 19.013837814331055 191 128 141
-17.143680572509766 -0.039171893149614334 16.923545837402344 84 43 59
-19.81998634338379 3.772071599960327 19.133464813232422 118 85 94
-17.527250289916992 0.47072601318359375 17.20872688293457 66 30 42
-17.527250289916992 0.47072601318359375 17.20872688293457 66 30 42
-22.005802154541016 6.764662265777588 20.93680191040039 183 143 159
-21.812681198120117 7.0385661125183105 20.592607498168945 174 142 157
-21.812681198120117 7.0385661125183105 20.592607498168945 174 142 157
-21.962671279907227 6.898378849029541 20.822507858276367 171 131 146
-18.817941665649414 2.1957037448883057 18.26641273498535 196 154 164
-17.070289611816406 -0.3185689151287079 16.822301864624023 100 7 28
-17.845584869384766 1.0080420970916748 17.370079040527344 174 126 138
-22.13961410522461 6.716094017028809 21.03204345703125 48 41 49
-22.528011322021484 7.468330383300781 21.28717041015625 64 36 48
-22.008056640625 6.804632186889648 20.831348419189453 78 44 58
-22.099985122680664 7.009450435638428 20.873126983642578 60 47 56
-22.413257598876953 7.565234661102295 21.087682723999023 65 37 49
-22.466188430786133 7.702820777893066 21.095691680908203 170 145 156
-20.15024185180664 3.849877119064331 19.323652267456055 84 42 52
-17.193368911743164 -0.6149398684501648 16.957843780517578 123 100 110
-17.193368911743164 -0.6149398684501648 16.957843780517578 123 100 110
-22.052982330322266 6.859302043914795 20.75264549255371 178 144 158
-19.060808181762695 2.073206663131714 18.467729568481445 101 12 38
-19.960458755493164 3.702249765396118 19.05185890197754 187 136 149
-18.64590072631836 1.6940847635269165 17.99346923828125 111 71 82
-17.76984977722168 0.1969272941350937 17.342077255249023 102 8 32
-22.2447452545166 6.949648857116699 20.79318618774414 56 30 42
-22.2447452545166 6.949648857116699 20.79318618774414 56 30 42
-22.131563186645508 6.712780475616455 20.71488380432129 66 29 42
-17.14324188232422 -0.5251330137252808 16.698530197143555 181 128 142
-20.170207977294922 3.7617557048797607 19.158424377441406 95 26 45
-21.95030403137207 7.160926342010498 20.309080123901367 50 22 34
-18.086524963378906 0.9741113781929016 17.40020179748535 168 120 136
-18.96025848388672 2.123782157897949 18.13525390625 191 136 152
-19.699739456176758 2.98978590965271 18.791831970214844 63 30 46
-18.932104110717773 1.7559263706207275 18.193172454833984 72 32 43
-22.29174041748047 6.672848224639893 20.861513137817383 156 151 163
-18.767208099365234 1.5501775741577148 18.03597068786621 73 18 27
-18.767208099365234 1.5501775741577148 18.03597068786621 73 18 27
-22.632556915283203 7.259445667266846 21.065977096557617 153 154 158
-22.632556915283203 7.259445667266846 21.065977096557617 153 154 158
-18.466175079345703 1.3510571718215942 17.687271118164062 98 15 33
-20.161190032958984 3.6159427165985107 19.09467315673828 188 133 149
-17.045984268188477 -0.4971124529838562 16.46744728088379 88 23 40
-17.986217498779297 0.5677455067634583 17.26215362548828 174 121 137
-17.76785659790039 0.27056562900543213 17.072174072265625 181 141 157
-18.758394241333008 1.1355074644088745 18.040294647216797 146 121 128
-20.435977935791016 3.8605518341064453 19.271669387817383 173 130 143
-22.19122886657715 6.649068355560303 20.582313537597656 64 23 37
-17.203128814697266 -0.5716961622238159 16.621719360351562 164 110 123
-18.934024810791016 1.9493474960327148 17.974693298339844 98 12 37
-18.934024810791016 1.9493474960327148 17.974693298339844 98 12 37
-17.436243057250977 -0.24954864382743835 16.793031692504883 75 30 42
-17.79421043395996 -0.09995872527360916 17.181894302368164 151 115 125
-18.330209732055664 1.0570579767227173 17.483097076416016 146 121 128
-22.39993667602539 6.90347957611084 20.71002197265625 69 38 52
-20.4937686920166 3.7547407150268555 19.30913543701172 175 143 151
-18.696996688842773 1.449027180671692 17.78725814819336 160 99 110
-20.511436462402344 3.8377323150634766 19.27799415588379 93 63 71
-20.511436462402344 3.8377323150634766 19.27799415588379 93 63 71
-19.175363540649414 2.0913944244384766 18.12589454650879 187 139 153
-19.93778419494629 3.2737061977386475 18.686525344848633 107 9 32
-18.69327163696289 1.4509907960891724 17.709299087524414 130 75 83
-20.462167739868164 3.635603666305542 19.192785263061523 96 67 74
-17.725261688232422 0.11059601604938507 16.894399642944336 98 15 35
-17.55534553527832 -0.1369578242301941 16.76102066040039 78 42 52
-17.583879470825195 -0.026334643363952637 16.756004333496094 170 117 127
-17.207895278930664 -0.46508267521858215 16.408193588256836 96 13 31
-19.78124237060547 2.7434539794921875 18.58083152770996 180 139 149
-20.52098274230957 3.688652276992798 19.183826446533203 169 136 147
-22.772790908813477 7.476800918579102 20.773347854614258 77 27 49
-19.850601196289062 2.8917102813720703 18.600486755371094 167 156 164
-19.237356185913086 1.9319756031036377 18.141254425048828 97 20 46
-22.389230728149414 6.651237487792969 20.54104232788086 72 28 43
-22.639238357543945 7.278485298156738 20.638341903686523 56 20 38
-22.639238357543945 7.278485298156738 20.638341903686523 56 20 38
-20.990144729614258 4.047685146331787 19.602731704711914 104 20 33
-17.412378311157227 -0.3013240098953247 16.52501678466797 77 25 37
-17.412378311157227 -0.3013240098953247 16.52501678466797 77 25 37
-17.917566299438477 0.2135709822177887 16.976747512817383 173 131 147
-22.52911949157715 6.730452537536621 20.586484909057617 88 44 59
-20.795238494873047 3.85567307472229 19.353221893310547 155 120 131
-18.594696044921875 1.072483777999878 17.513980865478516 76 15 33
-18.594696044921875 1.072483777999878 17.513980865478516 76 15 33
-22.958539962768555 7.389860153198242 20.887371063232422 74 52 65
-22.39144515991211 6.6058478355407715 20.430641174316406 166 122 137
-22.423917770385742 6.5500640869140625 20.46474266052246 74 30 45
-17.21338653564453 -0.8207597732543945 16.37029457092285 169 127 139
-17.321117401123047 -0.6369139552116394 16.441818237304688 170 116 127
-19.532407760620117 2.0864884853363037 18.25331687927246 185 149 163
-19.77881622314453 2.410688877105713 18.452852249145508 189 131 147
-19.77881622314453 2.410688877105713 18.452852249145508 189 131 147
-22.9591121673584 7.044183254241943 20.87826919555664 173 152 163
-22.87814712524414 6.930817604064941 20.787826538085938 73 38 54
-20.227149963378906 2.956045389175415 18.7670955657959 73 25 46
-20.227149963378906 2.956045389175415 18.7670955657959 73 25 46
-18.91465950012207 1.495740532875061 17.617748260498047 164 124 135
-18.431215286254883 0.511634111404419 17.306928634643555 181 129 142
-18.132164001464844 0.18786606192588806 17.03816032409668 178 133 150
-17.673612594604492 -0.34706050157546997 16.59627914428711 74 10 24
-18.746992111206055 1.0000059604644775 17.47800064086914 58 33 40
-19.663930892944336 2.1775758266448975 18.222055435180664 83 39 54
-19.663930892944336 2.1775758266448975 18.222055435180664 83 39 54
-17.38679313659668 -0.7454153895378113 16.351110458374023 69 31 38
-17.38679313659668 -0.7454153895378113 16.351110458374023 69 31 38
-20.653779983520508 3.3825430870056152 19.01567268371582 184 116 133
-19.16436004638672 1.6006256341934204 17.760635375976562 165 138 145
-22.94270896911621 7.090422630310059 20.604040145874023 157 150 157
-19.41836166381836 1.8513567447662354 17.96320152282715 96 18 42
-19.301227569580078 1.628279447555542 17.884830474853516 154 128 135
-19.505800247192383 2.01497483253479 17.99267578125 111 69 83
-22.844959259033203 6.7892255783081055 20.53791046142578 66 35 45
-20.88751792907715 3.6137993335723877 19.13980484008789 79 47 58
-20.88751792907715 3.6137993335723877 19.13980484008789 79 47 58
-17.494260787963867 -0.5733944177627563 16.329681396484375 93 18 35
-20.529932022094727 3.082852602005005 18.853164672851562 74 21 31
-20.529932022094727 3.082852602005005 18.853164672851562 74 21 31
-22.70807456970215 6.545179843902588 20.399860382080078 70 37 48
-20.16181755065918 2.694861650466919 18.519784927368164 168 130 143
-20.16181755065918 2.694861650466919 18.519784927368164 168 130 143
-18.864736557006836 0.9428573846817017 17.490846633911133 103 70 81
-17.79087257385254 -0.32650530338287354 16.57761573791504 189 145 158
-17.48928451538086 -0.7188870906829834 16.31364631652832 129 85 92
-21.06149673461914 3.7740137577056885 19.2141056060791 167 135 146
-20.04994010925293 2.7856345176696777 18.297082901000977 118 86 99
-19.25101661682129 1.480629801750183 17.74252700805664 166 117 131
-18.86201286315918 0.9638085961341858 17.399198532104492 157 132 138
-18.86201286315918 0.9638085961341858 17.399198532104492 157 132 138
-18.178762435913086 0.1272733509540558 16.813186645507812 171 130 148
-20.60549545288086 3.054194688796997 18.77649688720703 174 117 128
-21.06148338317871 3.4138059616088867 19.20728874206543 170 96 114
-21.067153930664062 3.604557514190674 19.110313415527344 151 116 123
-18.46299171447754 0.2788794934749603 17.028942108154297 84 26 44
-18.347915649414062 -0.014172875322401524 16.93169403076172 93 19 36
-17.67143440246582 -0.7829358577728271 16.361352920532227 90 20 31
-21.239036560058594 3.7460029125213623 19.18867301940918 168 133 140
-17.84525489807129 -0.5624197721481323 16.474498748779297 107 7 28
-18.874927520751953 0.8175550699234009 17.266761779785156 180 129 144
-23.3557071685791 6.781110763549805 20.711538314819336 85 36 50
-19.673431396484375 1.4708905220031738 17.974924087524414 84 48 58
-19.673431396484375 1.4708905220031738 17.974924087524414 84 48 58
-18.337005615234375 -0.13308081030845642 16.86834716796875 171 121 130
-23.071693420410156 6.781468868255615 20.30651092529297 138 91 110
-18.83935546875 0.433512419462204 17.235572814941406 161 131 139
-19.620670318603516 1.260828971862793 17.889537811279297 99 15 30
-23.245161056518555 6.5216965675354 20.506380081176758 76 36 50
-21.052900314331055 3.0355682373046875 18.962162017822266 179 140 146
-19.22073745727539 0.9612748622894287 17.44229507446289 80 19 34
-18.88349723815918 0.3583143651485443 17.219520568847656 76 40 48
-18.88349723815918 0.3583143651485443 17.219520568847656 76 40 48
-20.833311080932617 2.8350563049316406 18.72399139404297 183 150 161
-23.438570022583008 6.716228485107422 20.588525772094727 164 128 140
-19.94178009033203 1.7777968645095825 17.973360061645508 100 17 35
-19.94178009033203 1.7777968645095825 17.973360061645508 100 17 35
-20.613605499267578 2.4574265480041504 18.54855728149414 99 18 37
-18.61077308654785 0.207114577293396 16.879003524780273 150 131 137
-21.51776885986328 3.528113603591919 19.24919891357422 94 11 31
-21.51776885986328 3.528113603591919 19.24919891357422 94 11 31
-20.873571395874023 2.7429137229919434 18.73217010498047 71 38 49
-17.75836181640625 -0.65696781873703 16.10843276977539 100 11 33
-21.144901275634766 3.10323429107666 18.883487701416016 105 17 39
-19.961471557617188 1.6073741912841797 17.9560604095459 160 125 136
-19.91880226135254 1.5134397745132446 17.92793083190918 165 132 143
-20.54450035095215 2.28729248046875 18.414695739746094 185 131 145
-19.187149047851562 0.7751691341400146 17.289901733398438 187 129 144
-20.354583740234375 1.9604085683822632 18.272640228271484 187 139 155
-17.751285552978516 -0.8710634112358093 16.103313446044922 117 96 102
-17.751285552978516 -0.8710634112358093 16.103313446044922 117 96 102
-20.196271896362305 1.672121524810791 18.13905906677246 187 129 139
-21.311214447021484 3.33386492729187 18.925228118896484 87 31 40
-21.731243133544922 3.695417881011963 19.289987564086914 192 146 154
-18.749990463256836 -0.07759210467338562 16.981931686401367 104 12 33
-21.203516006469727 3.2277708053588867 18.80866241455078 200 144 153
-21.203516006469727 3.2277708053588867 18.80866241455078 200 144 153
-19.604644775390625 1.3486080169677734 17.51418685913086 173 140 151
-21.070045471191406 2.775665283203125 18.76886749267578 176 145 156
-20.920686721801758 2.5943591594696045 18.642980575561523 194 147 154
-20.438749313354492 1.8229542970657349 18.312467575073242 102 19 39
-21.177078247070312 2.958451986312866 18.818222045898438 177 130 136
-23.334211349487305 6.39857816696167 20.254627227783203 184 146 161
-23.334211349487305 6.39857816696167 20.254627227783203 184 146 161
-19.145374298095703 0.2849470376968384 17.266132354736328 180 145 153
-19.145374298095703 0.2849470376968384 17.266132354736328 180 145 153
-23.349416732788086 6.519461154937744 20.221426010131836 72 34 48
-17.74089241027832 -1.1435716152191162 16.065807342529297 103 10 31
-20.56521987915039 2.0968551635742188 18.34133529663086 170 147 151
-20.56521987915039 2.0968551635742188 18.34133529663086 170 147 151
-20.960145950317383 2.6518499851226807 18.588069915771484 75 50 56
-21.11619758605957 2.841773509979248 18.701093673706055 68 39 47
-21.123485565185547 2.75704288482666 18.70934295654297 179 148 156
-20.956350326538086 2.5603370666503906 18.573747634887695 191 142 148
-21.907798767089844 3.5970749855041504 19.34273910522461 91 8 30
-20.100921630859375 1.501349687576294 17.898807525634766 162 126 138
-17.793066024780273 -1.3344156742095947 16.091655731201172 158 116 128
-20.743188858032227 2.232196092605591 18.398603439331055 180 137 146
-19.548858642578125 0.37935107946395874 17.58402442932129 170 130 139
-19.4960994720459 0.6152759790420532 17.429622650146484 201 128 141
-18.392236709594727 -0.6220027804374695 16.53689193725586 96 13 29
-20.504941940307617 1.8961117267608643 18.19155502319336 194 141 154
-20.34193229675293 1.4136189222335815 18.13735580444336 172 119 137
-21.658720016479492 3.194153070449829 19.090194702148438 99 15 34
-21.658720016479492 3.194153070449829 19.090194702148438 99 15 34
-21.042638778686523 2.565472364425659 18.553852081298828 103 34 47
-21.488737106323242 2.9326488971710205 18.91028594970703 180 128 136
-21.35704803466797 2.7112600803375244 18.82367515563965 198 143 159
-18.231307983398438 -0.9360063672065735 16.345138549804688 86 61 72
-20.62752914428711 1.9007395505905151 18.21879005432129 69 15 29
-18.86709213256836 -0.1260373294353485 16.798503875732422 100 19 38
-20.250213623046875 1.458739161491394 17.887287139892578 84 19 41
-17.85442543029785 -1.4530080556869507 16.035276412963867 178 136 148
-20.948286056518555 2.222174882888794 18.43531036376953 193 131 142
-18.745031356811523 -0.38644880056381226 16.71270179748535 152 122 130
-21.369789123535156 2.7388718128204346 18.66349983215332 76 9 27
-20.101930618286133 0.9529002904891968 17.765851974487305 190 135 148
-19.20439910888672 -0.011456461623311043 17.01050567626953 181 134 152
-18.497058868408203 -0.9510918855667114 16.486492156982422 74 48 57
-20.461816787719727 1.4971258640289307 17.96377944946289 110 60 77
-19.008026123046875 -0.4757049083709717 16.89653968811035 184 127 143
-19.008026123046875 -0.4757049083709717 16.89653968811035 184 127 143
-18.036094665527344 -1.4724899530410767 16.099454879760742 77 20 37
-18.036094665527344 -1.4724899530410767 16.099454879760742 77 20 37
-22.163904190063477 3.3024981021881104 19.271728515625 86 28 42
-19.63438606262207 0.2755482494831085 17.323156356811523 177 129 141
-22.677000045776367 3.82582950592041 19.67720603942871 104 16 28
-21.203571319580078 2.1995975971221924 18.48301124572754 199 130 141
-19.09109115600586 -0.37742874026298523 16.876951217651367 89 20 41
-18.628311157226562 -1.0519416332244873 16.55259895324707 173 122 139
-19.46592140197754 -0.18001285195350647 17.225318908691406 99 20 39
-20.923433303833008 1.837170124053955 18.247047424316406 188 147 155
-21.661117553710938 2.621347665786743 18.830806732177734 61 23 30
-21.661117553710938 2.621347665786743 18.830806732177734 61 23 30
-22.261632919311523 3.590019941329956 19.18901252746582 181 133 147
-22.48575210571289 3.7274692058563232 19.396955490112305 77 2 13
-22.48575210571289 3.7274692058563232 19.396955490112305 77 2 13
-22.02826499938965 3.4266936779022217 18.96396255493164 171 144 149
-19.74395751953125 0.1194012463092804 17.38492202758789 142 125 133
-19.74395751953125 0.1194012463092804 17.38492202758789 142 125 133
-21.828596115112305 2.9278130531311035 18.848949432373047 88 22 32
-20.670320510864258 1.3968690633773804 18.010814666748047 156 120 130
-20.181777954101562 0.7809664607048035 17.64590835571289 61 40 47
-22.129714965820312 3.1270737648010254 19.088546752929688 109 13 34
-22.129714965820312 3.1270737648010254 19.088546752929688 109 13 34
-21.05436134338379 1.8255140781402588 18.274974822998047 76 40 50
-21.05436134338379 1.8255140781402588 18.274974822998047 76 40 50
-20.98093605041504 1.5669937133789062 18.269351959228516 168 125 135
-18.165287017822266 -1.5591495037078857 16.06537628173828 123 90 101
-21.82341957092285 2.642911911010742 18.86313247680664 173 140 149
-21.82341957092285 2.642911911010742 18.86313247680664 173 140 149
-22.221134185791016 2.957651138305664 19.191709518432617 181 121 129
-21.72698974609375 2.701738119125366 18.700368881225586 125 92 101
-21.72698974609375 2.701738119125366 18.700368881225586 125 92 101
-23.56548309326172 4.370189666748047 20.235414505004883 104 17 26
-21.150951385498047 1.5432552099227905 18.38009262084961 142 106 116
-21.597421646118164 2.0052032470703125 18.729393005371094 166 130 140
-18.926149368286133 -0.5494041442871094 16.506803512573242 174 128 141
-20.214202880859375 0.5196958780288696 17.587810516357422 194 111 127
-22.54222869873047 3.4746897220611572 19.25360870361328 71 46 50
-22.74616050720215 3.32222580909729 19.521995544433594 100 23 40
-18.9781494140625 -0.9007003903388977 16.61478042602539 178 112 124
-21.052261352539062 1.5300010442733765 18.177274703979492 165 127 137
-19.65160369873047 -0.09431671351194382 17.105327606201172 180 130 149
-21.542842864990234 2.348576545715332 18.449764251708984 102 16 35
-22.670034408569336 3.3676116466522217 19.38089942932129 170 132 134
-22.89290428161621 3.6284210681915283 19.538246154785156 176 129 136
-18.683448791503906 -1.2009536027908325 16.295028686523438 108 29 47
-20.09584617614746 0.229742631316185 17.4044189453125 180 123 136
-22.848194122314453 3.5610697269439697 19.425094604492188 187 133 142
-22.848194122314453 3.5610697269439697 19.425094604492188 187 133 142
-21.926864624023438 2.207779884338379 18.80362319946289 176 112 126
-23.053009033203125 3.6826000213623047 19.589139938354492 82 23 33
-21.2792911529541 1.5754117965698242 18.25950813293457 100 19 38
-21.000362396240234 1.3717494010925293 18.008981704711914 89 19 38
-21.000362396240234 1.3717494010925293 18.008981704711914 89 19 38
-19.886430740356445 0.12776046991348267 17.156476974487305 187 151 157
-18.774377822875977 -1.251503348350525 16.317821502685547 166 93 112
-20.539081573486328 0.6192635297775269 17.690086364746094 182 140 154
-22.74946403503418 3.401301622390747 19.27912712097168 90 25 37
-21.742881774902344 1.9749526977539062 18.59848403930664 167 115 131
-21.742881774902344 1.9749526977539062 18.59848403930664 167 115 131
-22.35735321044922 2.799778461456299 19.02326011657715 143 108 115
-22.822097778320312 3.543026924133301 19.297819137573242 183 116 129
-20.299043655395508 0.21715502440929413 17.496461868286133 90 33 46
-20.299043655395508 0.21715502440929413 17.496461868286133 90 33 46
-22.66468620300293 2.90350079536438 19.27398109436035 160 103 109
-19.972084045410156 -0.10450948774814606 17.230539321899414 178 144 158
-19.972084045410156 -0.10450948774814606 17.230539321899414 178 144 158
-22.471323013305664 2.629179000854492 19.113130569458008 180 145 152
-19.03190040588379 -1.089083194732666 16.466888427734375 166 130 142
-19.03609848022461 -1.4420192241668701 16.565025329589844 97 37 53
-18.984018325805664 -1.6107923984527588 16.545080184936523 149 123 129
-21.487041473388672 1.2748616933822632 18.399959564208984 177 119 125
-22.560810089111328 2.717735528945923 19.13119125366211 70 36 43
-22.560810089111328 2.717735528945923 19.13119125366211 70 36 43
-22.573034286499023 2.816044569015503 19.106868743896484 62 27 34
-22.573034286499023 2.816044569015503 19.106868743896484 62 27 34
-19.036827087402344 -1.1769481897354126 16.438823699951172 174 138 150
-19.94816780090332 -0.7814806699752808 17.301979064941406 103 17 38
-20.884315490722656 0.5965240001678467 17.859601974487305 177 118 138
-18.967445373535156 -1.533619999885559 16.412071228027344 172 138 145
-22.830110549926758 2.6720309257507324 19.302705764770508 161 122 130
-20.14439582824707 -0.1548623889684677 17.207542419433594 178 142 154
-19.403873443603516 -1.2055293321609497 16.715986251831055 168 134 148
-22.68241310119629 2.8123910427093506 19.061786651611328 172 111 122
-21.945903778076172 1.8186771869659424 18.554454803466797 79 39 50
-21.816612243652344 2.215538501739502 18.291902542114258 111 13 36
-21.816612243652344 2.215538501739502 18.291902542114258 111 13 36
-22.956504821777344 2.648890972137451 19.38286590576172 181 129 141
-21.08884048461914 0.6821537613868713 17.92022705078125 184 148 160
-21.08884048461914 0.6821537613868713 17.92022705078125 184 148 160
-19.576189041137695 -1.0355318784713745 16.794126510620117 88 48 59
-23.91020965576172 4.244450569152832 19.888898849487305 181 146 150
-20.52630615234375 -0.3099086582660675 17.539356231689453 114 20 44
-22.385896682739258 2.0782248973846436 18.809982299804688 72 20 27
-22.385896682739258 2.0782248973846436 18.809982299804688 72 20 27
-22.193634033203125 1.7532689571380615 18.686124801635742 196 151 161
-21.719289779663086 1.1717497110366821 18.307016372680664 81 31 40
-21.3811092376709 0.8010954260826111 18.044586181640625 95 41 47
-21.784469604492188 1.1110734939575195 18.37798500061035 91 28 41
-21.374670028686523 0.5658780336380005 18.08721160888672 177 147 159
-20.10051155090332 -0.6777188181877136 17.09584617614746 176 134 144
-23.958759307861328 4.323897838592529 19.725839614868164 99 24 42
-18.794273376464844 -2.1207284927368164 16.105796813964844 178 123 137
-18.436246871948242 -2.308243989944458 15.77808952331543 167 122 137
-19.635282516479492 -1.255781888961792 16.715951919555664 158 124 138
-19.84104347229004 -0.9892722964286804 16.850114822387695 82 15 27
-22.103626251220703 1.3533504009246826 18.55275535583496 67 29 36
-22.103626251220703 1.3533504009246826 18.55275535583496 67 29 36
-22.061954498291016 1.279605507850647 18.526599884033203 76 51 54
-22.061954498291016 1.279605507850647 18.526599884033203 76 51 54
-23.172128677368164 2.7686944007873535 19.266517639160156 149 99 108
-23.172128677368164 2.7686944007873535 19.266517639160156 149 99 108
-19.257173538208008 -1.6296601295471191 16.39681053161621 148 98 104
-22.237152099609375 2.980422258377075 18.20022964477539 107 17 27
-24.42868423461914 4.253499984741211 20.137168884277344 174 144 150
-19.290485382080078 -1.7977862358093262 16.46467399597168 152 107 120
-19.290485382080078 -1.7977862358093262 16.46467399597168 152 107 120
-21.513887405395508 0.7600185871124268 18.068220138549805 185 134 139
-22.17804718017578 1.4302968978881836 18.57259750366211 192 128 144
-19.204288482666016 -1.7962528467178345 16.366397857666016 152 107 120
-19.204288482666016 -1.7962528467178345 16.366397857666016 152 107 120
-24.080530166625977 3.8436760902404785 19.87069320678711 202 150 162
-22.35205841064453 1.6988449096679688 18.659391403198242 197 123 140
-23.142942428588867 2.4726412296295166 19.263412475585938 83 20 31
-22.661144256591797 2.0711147785186768 18.86757469177246 192 138 146
-20.336557388305664 -0.7754627466201782 17.23368263244629 85 25 41
-20.864748001098633 -0.07158809900283813 17.566055297851562 178 145 154
-20.864748001098633 -0.07158809900283813 17.566055297851562 178 145 154
-18.758407592773438 -2.2466094493865967 15.977795600891113 158 130 135
-21.106616973876953 0.010216989554464817 17.732778549194336 89 53 59
-20.95981788635254 -0.2425309270620346 17.649328231811523 185 133 143
-20.7752685546875 -0.17036640644073486 17.427988052368164 94 61 70
-19.040632247924805 -2.2941911220550537 16.215702056884766 141 114 118
-22.817235946655273 1.6146702766418457 19.038101196289062 108 14 40
-22.950149536132812 1.933285117149353 19.061370849609375 100 20 41
-18.918174743652344 -2.013275384902954 15.975848197937012 99 16 34
-18.918174743652344 -2.013275384902954 15.975848197937012 99 16 34
-20.02031898498535 -1.0857740640640259 16.854751586914062 181 123 130
-19.779298782348633 -1.3105820417404175 16.666027069091797 163 125 136
-19.779298782348633 -1.3105820417404175 16.666027069091797 163 125 136
-20.323030471801758 -0.9185124635696411 17.10909080505371 107 14 32
-20.323030471801758 -0.9185124635696411 17.10909080505371 107 14 32
-22.627063751220703 1.4138119220733643 18.806230545043945 183 113 132
-23.750707626342773 2.6886727809906006 19.589359283447266 86 29 38
-21.258392333984375 0.2536984384059906 17.670207977294922 107 15 36
-21.171518325805664 -0.6276927590370178 17.822141647338867 120 100 102
-19.469024658203125 -1.8820171356201172 16.413623809814453 173 138 145
-22.163827896118164 0.9205845594406128 18.399660110473633 106 16 34
-19.694721221923828 -1.8237698078155518 16.593238830566406 95 60 67
-23.672203063964844 2.1276321411132812 19.563373565673828 179 118 125
-21.09933853149414 -0.36427298188209534 17.607040405273438 98 20 36
-22.15533447265625 0.6589091420173645 18.40532112121582 90 60 70
-22.15533447265625 0.6589091420173645 18.40532112121582 90 60 70
-20.527170181274414 -1.2305306196212769 17.25400733947754 179 147 158
-23.062023162841797 1.838338851928711 18.993608474731445 194 142 154
-23.957494735717773 2.63799786567688 19.684951782226562 107 50 59
-22.936847686767578 1.6471935510635376 18.90709686279297 198 136 152
-22.936847686767578 1.6471935510635376 18.90709686279297 198 136 152
-21.47728729248047 -0.04462817683815956 17.878381729125977 89 19 39
-23.961944580078125 2.7593560218811035 19.62446403503418 168 111 120
-23.961944580078125 2.7593560218811035 19.62446403503418 168 111 120
-23.961944580078125 2.7593560218811035 19.62446403503418 168 111 120
-19.638465881347656 -1.9612137079238892 16.51143455505371 102 22 40
-23.43680191040039 1.9730291366577148 19.270299911499023 69 25 35
-23.43680191040039 1.9730291366577148 19.270299911499023 69 25 35
-22.552980422973633 1.10344660282135 18.58036231994629 168 127 136
-23.146869659423828 1.9512296915054321 18.936349868774414 88 45 55
-23.886486053466797 2.1890738010406494 19.59659767150879 80 7 18
-19.822999954223633 -1.9160408973693848 16.598047256469727 165 125 136
-25.475906372070312 4.613405704498291 20.51577377319336 180 165 168
-24.915925979614258 3.8244941234588623 20.163772583007812 195 153 162
-20.278148651123047 -1.3733302354812622 16.880081176757812 179 136 143
-20.918537139892578 -0.8078833818435669 17.370328903198242 187 130 144
-19.637331008911133 -2.117702007293701 16.429214477539062 104 15 33
-19.637331008911133 -2.117702007293701 16.429214477539062 104 15 33
-22.780670166015625 1.1931899785995483 18.703519821166992 132 103 108
-19.20726776123047 -2.4323384761810303 16.07730484008789 183 123 139
-21.17854118347168 -0.5771692395210266 17.56043815612793 179 131 141
-20.551942825317383 -1.4676592350006104 17.165149688720703 94 37 46
-22.300586700439453 0.5650230050086975 18.31426429748535 101 18 44
-22.52781867980957 0.35420912504196167 18.594703674316406 103 28 43
-21.249074935913086 -0.7125824093818665 17.58610725402832 86 21 37
-20.854103088378906 -1.0642801523208618 17.28341293334961 171 95 108
-22.830806732177734 1.0351680517196655 18.692310333251953 95 40 54
-23.621715545654297 1.7433043718338013 19.285192489624023 59 20 29
-21.719228744506836 -0.2577610909938812 17.914220809936523 194 146 158
-21.162216186523438 -0.9218015670776367 17.52841567993164 99 20 41
-25.147930145263672 -2.073920488357544 21.892011642456055 76 22 36
-25.453338623046875 4.341975688934326 20.387380599975586 100 24 36
-21.42348861694336 -0.5049797892570496 17.66118812561035 92 20 32
-25.30328369140625 3.9381022453308105 20.33588218688965 86 19 36
-25.30328369140625 3.9381022453308105 20.33588218688965 86 19 36
-22.681699752807617 0.7156789302825928 18.576345443725586 101 18 34
-23.40033531188965 1.602835774421692 19.050033569335938 199 148 161
-23.08922004699707 1.0782965421676636 18.862585067749023 169 122 133
-24.467206954956055 2.613502264022827 19.818572998046875 78 37 41
-19.23221206665039 -2.4812755584716797 15.949951171875 174 133 143
-21.941667556762695 -0.0037275042850524187 17.97859764099121 189 134 143
-19.669279098510742 -2.432137966156006 16.35409927368164 117 89 98
-23.715261459350586 1.7201411724090576 19.269115447998047 177 137 148
-19.194856643676758 -2.844677209854126 15.985880851745605 79 19 31
-23.5221004486084 1.4778752326965332 19.112747192382812 96 19 41
-23.5221004486084 1.4778752326965332 19.112747192382812 96 19 41
-21.95575714111328 -0.1930369734764099 17.99919319152832 95 23 45
-22.941661834716797 0.7787259221076965 18.718481063842773 183 107 120
-21.802906036376953 -0.38385361433029175 17.893226623535156 193 143 149
-21.802906036376953 -0.38385361433029175 17.893226623535156 193 143 149
-21.51580238342285 -0.6497468948364258 17.674970626831055 173 124 132
-20.06968879699707 -1.9782096147537231 16.589107513427734 181 127 141
-20.805362701416016 -1.3195507526397705 17.14324378967285 89 22 40
-23.935930252075195 1.815906286239624 19.409873962402344 151 109 119
-23.935930252075195 1.815906286239624 19.409873962402344 151 109 119
-22.757408142089844 0.40923693776130676 18.60798454284668 99 51 61
-19.70027732849121 -2.3456032276153564 16.292905807495117 164 114 123
-23.011857986450195 0.5349289178848267 18.78443717956543 163 123 134
-24.924901962280273 2.3200454711914062 20.189350128173828 105 21 34
-24.924901962280273 2.3200454711914062 20.189350128173828 105 21 34
-24.83707618713379 2.622391700744629 19.995235443115234 73 36 41
-21.687076568603516 -0.7266745567321777 17.774272918701172 94 63 65
-21.23259925842285 -1.2432645559310913 17.460494995117188 163 115 127
-19.944473266601562 -2.4583184719085693 16.489864349365234 158 130 139
-23.89957618713379 1.4321646690368652 19.356327056884766 99 23 41
-23.89957618713379 1.4321646690368652 19.356327056884766 99 23 41
-20.622995376586914 -1.6629157066345215 16.929765701293945 106 15 33
-20.552650451660156 -1.9214173555374146 16.930233001708984 76 22 36
-20.552650451660156 -1.9214173555374146 16.930233001708984 76 22 36
-21.939838409423828 -0.6555774807929993 17.948503494262695 163 114 123
-21.67328643798828 -1.0789833068847656 17.794118881225586 105 14 31
-21.67328643798828 -1.0789833068847656 17.794118881225586 105 14 31
-24.178569793701172 1.8839308023452759 19.46670913696289 73 31 41
-22.058759689331055 -0.37834298610687256 17.95458221435547 89 16 31
-25.10764503479004 2.624258518218994 20.13620376586914 176 139 145
-24.184782028198242 1.3300672769546509 19.542213439941406 183 127 138
-24.184782028198242 1.3300672769546509 19.542213439941406 183 127 138
-20.446273803710938 -2.2987234592437744 16.81377601623535 183 108 125
-20.446273803710938 -2.2987234592437744 16.81377601623535 183 108 125
-21.933063507080078 -0.8311980962753296 17.87295150756836 95 26 47
-26.00700569152832 4.289299011230469 20.480676651000977 114 18 38
-21.278064727783203 -1.422917127609253 17.370887756347656 118 93 97
-21.278064727783203 -1.422917127609253 17.370887756347656 118 93 97
-25.105257034301758 2.4583048820495605 20.0593318939209 193 139 153
-21.230379104614258 -1.5690739154815674 17.326269149780273 106 55 67
-23.207372665405273 0.3444499373435974 18.737266540527344 198 139 151
-20.85576629638672 -2.0134525299072266 17.0653133392334 124 88 98
-21.1882381439209 -1.51091730594635 17.236234664916992 168 132 139
-26.474451065063477 4.211245536804199 20.852949142456055 198 146 152
-26.210786819458008 3.793924331665039 20.705947875976562 204 154 159
-26.210786819458008 3.793924331665039 20.705947875976562 204 154 159
-25.005306243896484 2.012166738510132 20.0029239654541 187 146 154
-24.562931060791016 1.7429744005203247 19.63031768798828 180 137 147
-24.562931060791016 1.7429744005203247 19.63031768798828 180 137 147
-24.72270393371582 1.5835453271865845 19.83173370361328 192 146 159
-25.396329879760742 2.470235586166382 20.24394989013672 125 71 85
-19.83015251159668 -2.991529941558838 16.251516342163086 197 137 149
-23.416488647460938 1.2562307119369507 18.589136123657227 103 26 44
-23.416488647460938 1.2562307119369507 18.589136123657227 103 26 44
-23.76140785217285 1.0594744682312012 18.960243225097656 169 138 146
-22.22407341003418 -1.1034882068634033 18.007450103759766 181 117 128
-22.22407341003418 -1.1034882068634033 18.007450103759766 181 117 128
-22.937358856201172 -0.18775475025177002 18.436336517333984 95 63 74
-25.314861297607422 2.28775954246521 20.065629959106445 103 21 33
-23.917829513549805 -0.18299813568592072 19.37139320373535 162 130 141
-26.780542373657227 3.8492109775543213 21.045183181762695 212 160 167
-22.54291343688965 -0.8821540474891663 18.20602798461914 93 55 66
-25.843027114868164 2.5923306941986084 20.467369079589844 103 32 49
-21.328678131103516 -1.7735661268234253 17.25787353515625 108 15 33
-21.328678131103516 -1.7735661268234253 17.25787353515625 108 15 33
-21.960918426513672 -1.5795457363128662 17.802043914794922 185 148 158
-22.411468505859375 -1.0745480060577393 18.083797454833984 84 36 46
-22.37813377380371 -0.9174536466598511 18.007080078125 136 98 109
-25.254167556762695 1.5693869590759277 20.121755599975586 191 137 153
-23.339214324951172 -0.1158023402094841 18.712316513061523 184 153 159
-23.778783798217773 0.11547083407640457 19.039175033569336 80 12 27
-20.134380340576172 -3.0477588176727295 16.365612030029297 180 119 132
-25.71157455444336 1.9490940570831299 20.370201110839844 87 36 45
-25.330482482910156 1.6714619398117065 20.06661605834961 91 37 53
-22.55384063720703 -1.1326993703842163 18.145278930664062 169 106 117
-22.834360122680664 -1.2540056705474854 18.43802261352539 107 18 38
-26.36676597595215 2.4857614040374756 20.821775436401367 195 152 159
-23.10004234313965 -0.7095719575881958 18.534265518188477 104 20 36
-23.698827743530273 -0.2555887699127197 18.98520851135254 166 134 145
-26.37342071533203 2.556032419204712 20.79463768005371 90 49 55
-20.252304077148438 -3.0698256492614746 16.408170700073242 90 28 41
-22.532428741455078 -1.4378833770751953 18.146764755249023 164 112 125
-20.93070411682129 -2.689225196838379 16.941226959228516 115 75 86
-24.420326232910156 0.5250137448310852 19.414106369018555 223 154 167
-21.755537033081055 -2.002638339996338 17.527843475341797 159 120 129
-26.264619827270508 2.2928435802459717 20.698974609375 199 124 135
-26.264619827270508 2.2928435802459717 20.698974609375 199 124 135
-27.193960189819336 3.8115007877349854 21.16111183166504 207 147 157
-27.193960189819336 3.8115007877349854 21.16111183166504 207 147 157
-26.329633712768555 2.4565823078155518 20.694711685180664 178 138 144
-26.329633712768555 2.4565823078155518 20.694711685180664 178 138 144
-25.66618537902832 1.7912421226501465 20.232023239135742 187 145 149
-23.65314483642578 -0.16954359412193298 18.828954696655273 188 128 146
-25.538169860839844 1.1081310510635376 20.26922035217285 162 122 130
-24.367891311645508 0.24712418019771576 19.372095108032227 106 22 46
-24.367891311645508 0.24712418019771576 19.372095108032227 106 22 46
-25.51246452331543 1.207565188407898 20.20949363708496 189 149 157
-22.67214012145996 -1.5833740234375 18.199445724487305 130 103 110
-20.4010066986084 -3.4253945350646973 16.515958786010742 186 144 156
-24.13017463684082 -0.514539897441864 19.290254592895508 98 24 43
-23.33161163330078 -0.9724120497703552 18.644371032714844 83 32 47
-23.33161163330078 -0.9724120497703552 18.644371032714844 83 32 47
-21.79880142211914 -2.1569900512695312 17.495683670043945 180 144 154
-22.355392456054688 -1.9743070602416992 17.97439956665039 89 11 24
-24.36993980407715 0.03233044594526291 19.353702545166016 106 22 38
-21.35321807861328 -2.7826855182647705 17.23203468322754 168 126 140
-23.154741287231445 -1.0968594551086426 18.489700317382812 78 27 42
-23.98648452758789 -0.24816390872001648 19.053871154785156 167 119 133
-20.980762481689453 -2.999284029006958 16.91341209411621 109 15 41
-21.210033416748047 -2.815164089202881 17.077802658081055 168 126 140
-27.007869720458984 2.6140408515930176 21.132225036621094 77 34 41
-27.007869720458984 2.6140408515930176 21.132225036621094 77 34 41
-28.171430587768555 4.718755722045898 21.670066833496094 175 169 171
-25.485227584838867 0.966130793094635 20.08104705810547 172 132 140
-24.488656997680664 0.21092022955417633 19.322105407714844 197 141 155
-23.88773536682129 -0.6841289401054382 18.98944091796875 110 14 34
-25.713912963867188 1.1969088315963745 20.210723876953125 185 139 148
-23.136798858642578 -1.2178903818130493 18.411951065063477 153 92 102
-27.046743392944336 2.8495476245880127 21.02572250366211 199 124 131
-27.046743392944336 2.8495476245880127 21.02572250366211 199 124 131
-23.126935958862305 -1.4170548915863037 18.44743537902832 146 88 103
-23.640949249267578 -0.8988656401634216 18.788206100463867 171 113 123
-26.602432250976562 1.780841588973999 20.87740707397461 165 123 133
-22.6336669921875 -1.9882981777191162 18.108291625976562 193 113 127
-22.321794509887695 -2.2040364742279053 17.867151260375977 168 137 144
-22.82331657409668 -1.7276901006698608 18.204992294311523 189 139 154
-22.53759002685547 -2.100346565246582 18.022829055786133 172 122 135
-24.76820182800293 -0.06880007684230804 19.576250076293945 177 116 129
-26.996694564819336 2.2011971473693848 21.064908981323242 111 18 36
-27.512691497802734 3.5972564220428467 21.158885955810547 106 24 35
-28.408599853515625 4.266200065612793 21.825740814208984 211 161 170
-28.408599853515625 4.266200065612793 21.825740814208984 211 161 170
-24.71535301208496 -0.1808554232120514 19.525522232055664 189 130 142
-20.826522827148438 -3.509483814239502 16.72439193725586 195 155 164
-22.584030151367188 -1.141349196434021 17.725500106811523 189 153 163
-21.431961059570312 -3.4687349796295166 17.264293670654297 165 139 148
-26.079936981201172 1.28396475315094 20.363014221191406 105 24 43
-23.020566940307617 -2.0681827068328857 18.359241485595703 101 19 33
-26.328737258911133 0.9247597455978394 20.611021041870117 183 144 147
-28.754961013793945 4.031179428100586 22.050251007080078 83 31 43
-25.798690795898438 0.2932070791721344 20.262819290161133 155 119 129
-25.798690795898438 0.2932070791721344 20.262819290161133 155 119 129
-27.217559814453125 1.7220182418823242 21.1928768157959 177 135 145
-22.319990158081055 -2.753387928009033 17.79778289794922 178 125 135
-21.84351921081543 -3.045822858810425 17.390771865844727 93 33 49
-24.659793853759766 -0.9389595985412598 19.44920539855957 181 135 144
-24.659793853759766 -0.9389595985412598 19.44920539855957 181 135 144
-26.879106521606445 1.7596129179000854 20.799659729003906 85 43 53
-26.73579978942871 0.9961052536964417 20.850236892700195 88 57 60
-27.637392044067383 1.6313978433609009 21.497190475463867 89 23 38
-27.637392044067383 1.6313978433609009 21.497190475463867 89 23 38
-22.003429412841797 -2.894014835357666 17.449859619140625 161 123 134
-25.401973724365234 -0.49864089488983154 19.971580505371094 196 148 160
-25.506855010986328 -0.2928953468799591 20.00617790222168 194 130 143
-24.213979721069336 -1.2132400274276733 19.04437828063965 184 134 145
-29.13326644897461 3.885277032852173 22.258525848388672 206 154 166
-29.13326644897461 3.885277032852173 22.258525848388672 206 154 166
-21.440017700195312 -3.7090799808502197 17.117029190063477 93 26 44
-27.09956932067871 1.3183411359786987 21.040958404541016 102 25 43
-29.429641723632812 4.338812351226807 22.402196884155273 211 157 168
-29.429641723632812 4.338812351226807 22.402196884155273 211 157 168
-28.252126693725586 2.272160768508911 21.835180282592773 176 103 120
-27.619901657104492 1.7630902528762817 21.37839698791504 83 17 31
-28.179880142211914 2.794387102127075 21.620521545410156 106 23 34
-25.313053131103516 -0.6230440735816956 19.86642837524414 87 39 51
-22.375415802001953 -3.1714043617248535 17.791345596313477 148 82 102
-25.80263900756836 -0.3059748709201813 20.197330474853516 186 126 139
-25.639657974243164 -0.31504055857658386 20.04029083251953 186 126 139
-21.61103057861328 -3.6864054203033447 17.181516647338867 193 143 156
-25.802644729614258 -0.5895113348960876 20.233367919921875 163 115 127
-21.972379684448242 -3.5417439937591553 17.469942092895508 199 154 170
-25.623640060424805 -0.8630481958389282 20.11699104309082 93 15 36
-28.874343872070312 2.607396364212036 22.191341400146484 153 122 125
-27.13019371032715 0.871289849281311 21.039913177490234 192 140 149
-25.8966064453125 -0.5927925109863281 20.246339797973633 75 27 39
-27.486549377441406 0.6379842758178711 21.379119873046875 109 21 33
-27.486549377441406 0.6379842758178711 21.379119873046875 109 21 33
-22.12236976623535 -3.647667646408081 17.540529251098633 98 41 60
-22.12236976623535 -3.647667646408081 17.540529251098633 98 41 60
-25.235973358154297 -1.4078848361968994 19.781248092651367 159 92 109
-25.235973358154297 -1.4078848361968994 19.781248092651367 159 92 109
-28.137557983398438 1.4731048345565796 21.680273056030273 167 110 121
-23.6901912689209 -2.3039867877960205 18.58909797668457 72 4 17
-27.113012313842773 0.342284619808197 21.005067825317383 164 108 117
-28.42305564880371 1.6752043962478638 21.848785400390625 176 142 146
-29.05083656311035 1.8393566608428955 22.337522506713867 79 28 37
-29.05083656311035 1.8393566608428955 22.337522506713867 79 28 37
-28.79500389099121 1.6047630310058594 22.152751922607422 75 39 44
-28.79500389099121 1.6047630310058594 22.152751922607422 75 39 44
-28.325397491455078 1.1170287132263184 21.84722328186035 181 121 129
-28.277950286865234 0.8874871730804443 21.861469268798828 195 144 153
-24.354877471923828 -2.3810954093933105 19.119853973388672 193 135 144
-26.27068328857422 -0.9598374962806702 20.49361228942871 103 33 51
-26.27068328857422 -0.9598374962806702 20.49361228942871 103 33 51
-29.350597381591797 2.3688254356384277 22.414213180541992 107 40 54
-27.545330047607422 -0.08322922140359879 21.402263641357422 182 101 118
-25.142305374145508 -1.9402451515197754 19.67374610900879 120 84 96
-28.053556442260742 0.1878383308649063 21.757516860961914 176 120 129
-24.043420791625977 -2.6547741889953613 18.841344833374023 93 39 55
-27.431467056274414 -0.3827739357948303 21.323047637939453 197 147 153
-27.751371383666992 0.34953954815864563 21.420276641845703 197 141 150
-27.751371383666992 0.34953954815864563 21.420276641845703 197 141 150
-26.140789031982422 -1.3578588962554932 20.399173736572266 195 149 159
-23.220273971557617 -3.099990129470825 18.198144912719727 175 148 153
-23.220273971557617 -3.099990129470825 18.198144912719727 175 148 153
-27.977811813354492 0.054923463612794876 21.684894561767578 90 33 42
-26.290767669677734 -1.1293096542358398 20.438325881958008 187 129 143
-25.760778427124023 -1.6009708642959595 20.08026695251465 113 20 38
-22.971017837524414 -3.5845460891723633 18.05500602722168 171 144 151
-25.0147647857666 -2.045347213745117 19.493860244750977 196 152 163
-29.080671310424805 0.6130978465080261 22.476457595825195 100 18 30
-27.55107879638672 -0.3863992691040039 21.33346939086914 105 48 54
-29.191431045532227 0.6694111824035645 22.489269256591797 188 125 134
-23.355989456176758 -3.6980819702148438 18.348440170288086 94 43 56
-23.355989456176758 -3.6980819702148438 18.348440170288086 94 43 56
-26.364459991455078 -1.880249261856079 20.574859619140625 165 129 139
-25.02220916748047 -2.981193780899048 19.636180877685547 102 23 44
-27.281375885009766 -0.8876062035560608 21.090852737426758 172 127 141
-29.282276153564453 0.9133620858192444 22.40675163269043 119 77 87
-28.8514461517334 0.36579757928848267 22.122024536132812 91 26 40
-28.302061080932617 -0.9077696800231934 21.872745513916016 100 57 70
-27.893630981445312 -1.4633142948150635 21.62091064453125 154 114 121
-23.957286834716797 -3.763496160507202 18.70328140258789 166 111 125
-27.750545501708984 -1.1190563440322876 21.34735107421875 109 27 44
-27.750545501708984 -1.1190563440322876 21.34735107421875 109 27 44
-26.94545555114746 -1.9818514585494995 20.833831787109375 180 126 139
-26.732004165649414 -2.236422300338745 20.704498291015625 190 151 159
-25.015844345092773 -3.493035316467285 19.50076675415039 186 135 150
-24.442853927612305 -4.0222601890563965 19.117263793945312 124 95 100
-25.728490829467773 -3.3567731380462646 20.044084548950195 75 38 43
-29.084287643432617 -1.3014817237854004 22.487207412719727 180 125 133
-28.465179443359375 -1.5770820379257202 21.985124588012695 190 143 153
-29.253063201904297 -1.30172598361969 22.480253219604492 91 30 41
-27.599931716918945 -2.8162975311279297 21.41393280029297 177 142 151
-26.23982048034668 -3.2313218116760254 20.31283950805664 104 24 45
-27.588285446166992 -2.4655065536499023 21.28501319885254 103 43 58
-25.869216918945312 -3.628343105316162 20.067180633544922 179 128 143
-27.64657974243164 -3.2769153118133545 21.37594223022461 168 106 119
-28.352384567260742 -2.398296594619751 21.7628173828125 206 158 170
-26.685726165771484 -3.677156686782837 20.632455825805664 168 128 137
-29.154653549194336 -2.529947280883789 22.4643497467041 110 62 74
-26.446271896362305 -4.242349147796631 20.48174285888672 194 145 152
-28.60598373413086 -3.3640296459198 22.126779556274414 99 42 53
-27.386123657226562 -3.903506278991699 21.14299964904785 181 141 150
-27.248628616333008 -4.512905120849609 21.145370483398438 93 51 61
-27.990236282348633 -4.508508682250977 21.723722457885742 194 135 142
-27.990236282348633 -4.508508682250977 21.723722457885742 194 135 142
-21.58310317993164 5.042166709899902 31.287433624267578 33 1 9
-21.609384536743164 2.656402111053467 32.30412673950195 148 150 162
-21.108566284179688 3.5720486640930176 30.619661331176758 149 157 168
-25.540573120117188 5.522303104400635 34.585235595703125 148 106 120
-46.34062957763672 1.5343776941299438 59.516326904296875 152 125 134
-45.32783126831055 4.4533843994140625 56.80329132080078 168 131 139
-36.60266876220703 8.867234230041504 41.9394416809082 174 125 132
-39.744808197021484 6.9623823165893555 47.21210479736328 130 89 101
-36.10568618774414 7.1291399002075195 41.644195556640625 72 19 37
-27.49881935119629 10.8515043258667 27.62693214416504 155 154 159
-52.05988693237305 4.68485164642334 65.57098388671875 96 8 33
-36.63353729248047 4.179619312286377 43.247920989990234 98 7 25
-40.846927642822266 6.323747634887695 48.36381912231445 99 0 23
-40.846927642822266 6.323747634887695 48.36381912231445 99 0 23
-35.364112854003906 9.16751480102539 39.06431579589844 142 107 114
-44.53108596801758 2.0621211528778076 54.79725646972656 105 1 28
-57.704105377197266 1.8819113969802856 72.8643798828125 132 113 122
-57.704105377197266 1.8819113969802856 72.8643798828125 132 113 122
-39.866905212402344 6.428410053253174 45.342201232910156 128 96 107
-39.595916748046875 5.606424331665039 45.23933029174805 90 6 27
-33.7712516784668 5.458423137664795 36.983306884765625 93 18 41
-36.971031188964844 7.290675640106201 40.646583557128906 102 23 47
-48.48615264892578 2.9235177040100098 58.09236145019531 137 99 112
-43.17488479614258 3.0438966751098633 50.4301872253418 94 12 34
-37.8030891418457 8.04852294921875 40.927955627441406 138 114 127
-38.967506408691406 3.952357053756714 43.926429748535156 98 5 26
-30.405513763427734 10.367117881774902 29.78226089477539 89 48 62
-37.07670211791992 6.241639614105225 40.13778305053711 179 141 154
-34.626869201660156 6.4310832023620605 36.552608489990234 93 11 33
-31.41461181640625 11.053367614746094 30.278886795043945 151 155 156
-35.0842170715332 6.94202995300293 36.443424224853516 144 114 126
-44.74917221069336 5.310481071472168 49.651817321777344 156 126 132
-30.27054786682129 10.7347412109375 28.459556579589844 159 160 164
-30.27054786682129 10.7347412109375 28.459556579589844 159 160 164
-48.751731872558594 3.9648404121398926 55.05402755737305 80 36 49
-55.03009796142578 1.766111135482788 63.789772033691406 101 2 31
-30.81121826171875 10.264032363891602 28.953683853149414 98 70 82
-48.26637649536133 6.411510944366455 52.68531036376953 93 9 25
-46.45735168457031 3.0800907611846924 51.60798263549805 167 127 138
-32.11268997192383 10.513111114501953 30.216426849365234 134 98 110
-54.03186798095703 0.546539306640625 61.5515022277832 133 104 112
-45.13920593261719 6.383238315582275 48.01664733886719 155 125 135
-50.48466873168945 2.8885903358459473 55.8801155090332 97 16 35
-41.989410400390625 6.876819610595703 43.40510559082031 143 126 129
-41.989410400390625 6.876819610595703 43.40510559082031 143 126 129
-49.40067672729492 1.100164771080017 54.52876281738281 105 8 33
-34.54385757446289 6.717437744140625 33.75668716430664 101 10 31
-53.017494201660156 2.0604403018951416 58.06360626220703 133 91 103
-37.61857986450195 5.172449111938477 37.717159271240234 98 13 32
-59.60413360595703 3.123609781265259 64.65676879882812 90 11 32
-34.08457565307617 6.841182708740234 32.29447555541992 152 121 129
-50.159671783447266 3.184540033340454 52.9827880859375 153 142 145
-40.98231506347656 4.987090587615967 41.187042236328125 133 98 105
-35.10406494140625 6.545361518859863 33.444820404052734 100 15 36
-54.38323211669922 -1.9854172468185425 59.597084045410156 137 108 112
-34.67081832885742 7.820876121520996 32.2584228515625 107 11 25
-43.643089294433594 5.613992214202881 43.79157257080078 155 111 121
-40.97671890258789 5.943194389343262 40.44829559326172 160 123 133
-39.56887435913086 4.547324180603027 38.7598762512207 108 40 57
-52.38368606567383 -0.3684729337692261 55.46866226196289 145 103 115
-36.60404968261719 5.382986068725586 34.258426666259766 104 11 30
-36.60404968261719 5.382986068725586 34.258426666259766 104 11 30
-40.99265670776367 4.482937812805176 39.55597686767578 147 110 118
-34.560508728027344 7.056546688079834 30.92228889465332 160 133 138
-39.16461944580078 5.159637928009033 36.81272888183594 150 113 120
-33.80158615112305 5.912095546722412 30.32142448425293 110 12 25
-48.609153747558594 0.629887044429779 47.841190338134766 146 113 120
-43.55470657348633 1.0317755937576294 41.98748779296875 97 16 33
-39.81316375732422 3.6574578285217285 36.49365234375 146 115 121
-58.455177307128906 -5.228359699249268 59.25144958496094 145 115 118
-58.455177307128906 -5.228359699249268 59.25144958496094 145 115 118
-47.06896209716797 1.1132402420043945 44.59922409057617 173 120 128
-33.551815032958984 5.840697765350342 28.338090896606445 194 149 156
-45.84760665893555 0.14949850738048553 43.4246711730957 154 118 125
-35.63142013549805 4.314409255981445 30.965961456298828 110 13 33
-35.63142013549805 4.314409255981445 30.965961456298828 110 13 33
-40.96465301513672 2.3542299270629883 37.19133758544922 143 105 116
-40.96465301513672 2.3542299270629883 37.19133758544922 143 105 116
-45.66218948364258 -0.6613978147506714 43.210411071777344 108 9 29
-45.66218948364258 -0.6613978147506714 43.210411071777344 108 9 29
-33.5695686340332 6.328183650970459 27.80968475341797 103 18 42
-46.78909683227539 -1.507696270942688 44.3936882019043 145 108 118
-46.78909683227539 -1.507696270942688 44.3936882019043 145 108 118
-55.59105682373047 -6.215965270996094 55.07544708251953 107 14 32
-55.59105682373047 -6.215965270996094 55.07544708251953 107 14 32
-49.15981674194336 -3.1213717460632324 47.020565032958984 146 122 128
-49.15981674194336 -3.1213717460632324 47.020565032958984 146 122 128
-40.42439651489258 2.6536803245544434 35.88676071166992 105 14 29
-39.930519104003906 0.8233336210250854 35.65837097167969 155 119 129
-44.705020904541016 -0.3310796618461609 40.973480224609375 148 122 124
-46.672569274902344 -1.1014983654022217 42.91255569458008 123 17 39
-44.86284637451172 -1.8458466529846191 40.88876724243164 153 118 125
-50.35013198852539 -5.987027645111084 47.76288986206055 112 12 33
-39.325374603271484 2.1647472381591797 33.71397018432617 106 18 32
-35.05803298950195 3.0094804763793945 29.000368118286133 147 121 124
-34.73937225341797 3.462301015853882 28.43357276916504 108 17 32
-32.779544830322266 5.699931621551514 25.67496681213379 196 169 180
-53.63932418823242 -7.570458889007568 50.84952163696289 164 141 149
-35.694091796875 1.9796631336212158 29.38814353942871 155 112 121
-47.221153259277344 -5.147087574005127 43.13825225830078 150 117 126
-48.378807067871094 -4.506555557250977 43.79414749145508 110 13 30
-35.990116119384766 0.4541158378124237 29.906736373901367 100 22 38
-36.444725036621094 -0.6031159162521362 30.607318878173828 99 17 35
-36.171871185302734 1.4122414588928223 29.58722686767578 111 17 35
-36.171871185302734 1.4122414588928223 29.58722686767578 111 17 35
-33.92116165161133 2.8093180656433105 26.58399772644043 111 19 37
-38.1205940246582 -1.7425698041915894 31.95964241027832 112 20 41
-42.513587951660156 -4.375609874725342 36.67367935180664 105 27 41
-33.836700439453125 0.8311128616333008 26.527423858642578 106 26 37
-33.836700439453125 0.8311128616333008 26.527423858642578 106 26 37
-33.38587188720703 1.5239137411117554 25.793909072875977 105 13 34
-35.113895416259766 0.4450100362300873 27.72028350830078 158 129 134
-39.6589241027832 -2.5890955924987793 32.870094299316406 151 115 125
-32.69053268432617 0.9589869976043701 24.935075759887695 158 118 126
-38.50510787963867 -4.294340133666992 31.96662139892578 106 28 44
-38.75844955444336 -3.2175822257995605 31.83063507080078 106 24 42
-33.27407455444336 0.5139825940132141 25.400758743286133 106 26 37
-35.51913833618164 -2.176861047744751 28.167152404785156 114 24 36
-32.56937026977539 -1.335607886314392 24.919931411743164 114 26 43
-34.17454528808594 -2.6881916522979736 26.77492332458496 170 138 139
-34.17454528808594 -2.6881916522979736 26.77492332458496 170 138 139
-32.54635238647461 -1.8277157545089722 24.90973663330078 161 124 132
-35.139888763427734 -2.4318981170654297 27.14019203186035 120 27 45
-33.74613952636719 -5.814378261566162 26.488492965698242 154 125 130
-28.8785457611084 -3.2393550872802734 37.06004333496094 151 104 109
-28.282270431518555 0.3859306871891022 34.135284423828125 149 113 117
-26.4794979095459 -0.7809314727783203 32.06789016723633 150 110 118
-26.4794979095459 -0.7809314727783203 32.06789016723633 150 110 118
-25.976306915283203 -1.7710374593734741 31.77537727355957 131 90 98
-21.109142303466797 3.0754427909851074 22.462739944458008 162 115 118
-20.899032592773438 2.606255531311035 22.359130859375 140 88 94
-28.167709350585938 -1.343859314918518 34.48726272583008 87 4 24
-22.43524169921875 1.0495814085006714 25.17779541015625 82 15 28
-22.776187896728516 3.6214640140533447 24.397216796875 65 14 19
-22.034420013427734 0.6724010109901428 24.64251708984375 138 91 99
-19.664230346679688 6.724279880523682 18.477323532104492 136 131 125
-22.1640625 2.4722211360931396 23.88090705871582 86 0 15
-30.45067596435547 3.1543970108032227 35.06753158569336 90 0 13
-21.247243881225586 4.423803806304932 21.536684036254883 123 91 89
-27.44420623779297 0.16613554954528809 31.835893630981445 100 65 69
-27.44420623779297 0.16613554954528809 31.835893630981445 100 65 69
-19.218149185180664 7.004000663757324 17.233373641967773 67 25 31
-26.76189613342285 -0.9818494319915771 30.92975425720215 158 123 127
-25.494543075561523 3.3422927856445312 27.22051429748535 98 57 61
-22.664947509765625 3.5578222274780273 23.068639755249023 90 14 26
-28.063974380493164 0.07374106347560883 31.752485275268555 78 5 22
-24.17055892944336 4.279026508331299 24.48212242126465 150 115 119
-32.428958892822266 -1.6284056901931763 38.0144157409668 90 0 22
-19.445199966430664 7.2115397453308105 16.764202117919922 114 71 79
-28.80984878540039 -1.0377923250198364 32.79212951660156 68 10 24
-21.545421600341797 6.4072041511535645 19.86273765563965 80 30 41
-27.509084701538086 2.5370776653289795 28.709379196166992 139 107 111
-27.509084701538086 2.5370776653289795 28.709379196166992 139 107 111
-27.376544952392578 4.91265869140625 27.45336151123047 130 106 106
-20.772050857543945 7.251377582550049 17.940629959106445 162 110 122
-30.714969635009766 -0.6076694130897522 34.068450927734375 93 0 16
-30.527515411376953 1.858038067817688 32.6927375793457 76 13 30
-22.191226959228516 6.9922709465026855 19.790376663208008 142 131 127
-22.191226959228516 6.9922709465026855 19.790376663208008 142 131 127
-22.361059188842773 6.5670952796936035 20.17798614501953 150 128 130
-31.550888061523438 0.4151090979576111 34.500728607177734 88 0 19
-30.532718658447266 5.215118408203125 31.047224044799805 87 5 17
-30.532718658447266 5.215118408203125 31.047224044799805 87 5 17
-20.268171310424805 6.4508161544799805 17.39549446105957 123 94 98
-20.268171310424805 6.4508161544799805 17.39549446105957 123 94 98
-27.059417724609375 2.7478854656219482 27.524803161621094 88 2 13
-20.4526309967041 7.1947736740112305 17.256959915161133 146 125 122
-22.609304428100586 6.690271854400635 20.17616081237793 128 80 92
-30.143516540527344 -2.298356533050537 33.515296936035156 140 99 107
-30.263355255126953 2.2939295768737793 31.535905838012695 93 1 16
-21.631004333496094 6.065650939941406 19.050384521484375 149 127 130
-32.233848571777344 1.886171817779541 34.04411697387695 145 114 119
-31.616275787353516 1.230348825454712 33.26652908325195 85 4 19
-25.61954689025879 4.123210906982422 24.541330337524414 165 126 129
-25.385723114013672 3.3191978931427 24.523204803466797 146 122 120
-25.385723114013672 3.3191978931427 24.523204803466797 146 122 120
-29.836626052856445 0.8166753053665161 30.1481876373291 97 5 26
-35.06830596923828 2.454296827316284 35.64868927001953 92 6 19
-31.750688552856445 1.4395474195480347 31.93421745300293 147 117 119
-28.47281837463379 5.344180583953857 26.3182315826416 135 99 99
-31.480289459228516 3.3952927589416504 30.66120147705078 117 81 85
-30.148117065429688 2.215513229370117 29.323516845703125 140 99 105
-30.148117065429688 2.215513229370117 29.323516845703125 140 99 105
-25.946786880493164 5.235611915588379 23.16189956665039 99 6 16
-30.636577606201172 -1.6726467609405518 30.97771453857422 137 101 103
-26.67133331298828 3.363704204559326 23.904586791992188 98 6 17
-27.060100555419922 5.023359775543213 23.408119201660156 158 120 122
-28.952253341674805 3.308166027069092 26.199804306030273 156 118 119
-27.988056182861328 0.6670198440551758 26.079303741455078 166 129 136
-31.898101806640625 -3.0051422119140625 31.651763916015625 148 107 111
-32.725563049316406 -2.048107862472534 31.936912536621094 128 100 96
-32.725563049316406 -2.048107862472534 31.936912536621094 128 100 96
-32.30594253540039 2.645824909210205 28.90410041809082 135 106 105
-34.869388580322266 -3.4372544288635254 33.70698928833008 131 96 95
-34.869388580322266 -3.4372544288635254 33.70698928833008 131 96 95
-25.541671752929688 2.5503334999084473 21.19194793701172 106 10 28
-25.541671752929688 2.5503334999084473 21.19194793701172 106 10 28
-27.990570068359375 1.1118125915527344 24.246315002441406 121 70 75
-27.990570068359375 1.1118125915527344 24.246315002441406 121 70 75
-23.603748321533203 2.45668625831604 19.102384567260742 124 79 86
-28.199121475219727 -3.4855406284332275 25.98564910888672 105 11 27
-28.199121475219727 -3.4855406284332275 25.98564910888672 105 11 27
-25.21442985534668 2.0258660316467285 20.730987548828125 163 117 127
-28.3359375 -0.6556825637817383 24.62319564819336 141 101 109
-28.142074584960938 0.17732498049736023 24.063552856445312 162 127 133
-24.216201782226562 -1.466679334640503 20.38666534423828 154 113 121
-22.802602767944336 1.3368149995803833 17.702930450439453 156 125 125
-15.49046516418457 -0.972701907157898 16.778833389282227 151 104 112
-15.356599807739258 -1.092422604560852 16.621997833251953 123 72 79
-15.576871871948242 -0.7387647032737732 16.77206039428711 164 102 112
-16.290067672729492 0.603272020816803 17.11707878112793 73 12 20
-16.290067672729492 0.603272020816803 17.11707878112793 73 12 20
-15.074999809265137 -1.8269890546798706 16.481359481811523 63 18 25
-16.126079559326172 -0.008169211447238922 17.140514373779297 152 100 105
-15.623275756835938 -0.9681388139724731 16.826873779296875 70 27 34
-15.623275756835938 -0.9681388139724731 16.826873779296875 70 27 34
-15.798160552978516 -0.3486844301223755 16.784425735473633 154 115 118
-15.605216026306152 -0.797088623046875 16.70099449157715 84 33 40
-15.753850936889648 -0.8772267699241638 16.939306259155273 150 122 121
-16.391469955444336 0.5157108902931213 17.19502830505371 165 128 132
-16.391469955444336 0.5157108902931213 17.19502830505371 165 128 132
-16.05951690673828 0.053723473101854324 16.922945022583008 68 23 28
-16.05951690673828 0.053723473101854324 16.922945022583008 68 23 28
-16.40548324584961 0.7437430024147034 17.063030242919922 160 96 104
-15.568806648254395 -0.8948931097984314 16.61203956604004 148 119 119
-17.76384735107422 3.221871852874756 17.814125061035156 145 84 89
-15.677335739135742 -1.022329568862915 16.792478561401367 145 88 101
-15.133024215698242 -1.6115182638168335 16.278915405273438 86 10 23
-17.383947372436523 2.636937379837036 17.50745964050293 163 108 114
-17.383947372436523 2.636937379837036 17.50745964050293 163 108 114
-16.781686782836914 1.6683940887451172 17.030170440673828 132 88 90
-17.445844650268555 2.6721086502075195 17.504152297973633 93 54 59
-16.259096145629883 0.3289719521999359 16.886816024780273 104 7 27
-17.259546279907227 2.1911094188690186 17.380136489868164 83 21 34
-17.259546279907227 2.1911094188690186 17.380136489868164 83 21 34
-15.214072227478027 -1.739211082458496 16.298234939575195 154 118 120
-16.295984268188477 -0.021247219294309616 17.019798278808594 81 14 26
-15.387883186340332 -1.5192537307739258 16.390241622924805 129 78 87
-17.599151611328125 2.712028741836548 17.533842086791992 82 26 37
-17.80596351623535 3.4581103324890137 17.454940795898438 94 8 20
-16.692922592163086 1.3613847494125366 16.8413143157959 97 4 22
-16.224571228027344 0.198006272315979 16.70492935180664 138 91 96
-16.224571228027344 0.198006272315979 16.70492935180664 138 91 96
-17.868484497070312 3.2589850425720215 17.584827423095703 154 97 104
-15.673001289367676 -1.0618915557861328 16.48113250732422 156 113 123
-15.691018104553223 -0.9407103061676025 16.439287185668945 75 40 46
-17.613801956176758 2.5841469764709473 17.44304656982422 167 122 127
-17.96612548828125 3.250425338745117 17.63039779663086 167 114 120
-16.54213523864746 1.0047357082366943 16.667247772216797 170 107 120
-17.688190460205078 2.8323659896850586 17.40982437133789 158 113 116
-17.688190460205078 2.8323659896850586 17.40982437133789 158 113 116
-18.005117416381836 3.330871343612671 17.59841537475586 119 91 91
-17.99012565612793 2.3126161098480225 17.99826431274414 133 94 95
-15.43738079071045 -1.1969122886657715 16.087751388549805 85 7 23
-17.652673721313477 2.2114152908325195 17.56026840209961 133 94 95
-17.652673721313477 2.2114152908325195 17.56026840209961 133 94 95
-16.32080078125 0.06620392203330994 16.707258224487305 87 19 32
-17.049802780151367 2.2486979961395264 16.704803466796875 93 8 23
-17.049802780151367 2.2486979961395264 16.704803466796875 93 8 23
-17.941608428955078 3.4221351146698 17.389142990112305 96 7 18
-17.628969192504883 2.6270408630371094 17.302602767944336 79 36 38
-15.661413192749023 -0.2915707230567932 15.931173324584961 78 4 15
-15.494093894958496 -1.466080665588379 16.18650245666504 158 101 112
-16.845338821411133 1.3748465776443481 16.720569610595703 173 96 110
-16.427703857421875 0.2783586084842682 16.64545249938965 93 7 20
-16.427703857421875 0.2783586084842682 16.64545249938965 93 7 20
-18.144235610961914 3.4598705768585205 17.529752731323242 99 7 19
-16.345043182373047 -0.015693161636590958 16.643037796020508 157 103 113
-15.505449295043945 -1.7943601608276367 16.30164909362793 157 121 123
-15.323144912719727 -1.9123485088348389 16.10897445678711 68 31 34
-15.323144912719727 -1.9123485088348389 16.10897445678711 68 31 34
-17.777542114257812 3.1200859546661377 17.178449630737305 162 108 114
-15.721168518066406 -1.4062706232070923 16.409343719482422 88 42 52
-16.30137062072754 0.0500354990363121 16.49776840209961 99 50 56
-16.66375732421875 0.9520646929740906 16.574907302856445 168 115 128
-15.75322151184082 -0.9775363802909851 16.18438148498535 158 126 129
-15.824883460998535 -0.8477300405502319 16.221294403076172 164 124 128
-17.473587036132812 1.9663150310516357 17.161075592041016 164 99 113
-16.094688415527344 -0.372811496257782 16.338584899902344 143 94 98
-16.094688415527344 -0.372811496257782 16.338584899902344 143 94 98
-17.38854217529297 1.6292272806167603 17.158836364746094 106 72 70
-15.890327453613281 -0.9202027916908264 16.28472900390625 98 66 69
-17.666749954223633 2.5864968299865723 17.09165382385254 64 25 28
-16.514842987060547 0.35101500153541565 16.535552978515625 156 113 120
-16.514842987060547 0.35101500153541565 16.535552978515625 156 113 120
-18.94668960571289 4.757784366607666 17.82185935974121 144 133 131
-18.94668960571289 4.757784366607666 17.82185935974121 144 133 131
-17.96828842163086 3.2132132053375244 17.203786849975586 71 16 25
-17.96828842163086 3.2132132053375244 17.203786849975586 71 16 25
-15.231681823730469 -2.0814895629882812 15.887179374694824 86 9 23
-17.415620803833008 2.0506467819213867 16.88857078552246 70 24 27
-17.415620803833008 2.0506467819213867 16.88857078552246 70 24 27
-15.975643157958984 -0.9524112343788147 16.30870246887207 150 118 119
-16.742212295532227 -0.0319979302585125 16.902040481567383 155 101 111
-16.15291976928711 -0.2771835923194885 16.195730209350586 96 3 22
-16.074974060058594 -0.47277387976646423 16.175600051879883 78 6 26
-17.260635375976562 2.0832388401031494 16.608531951904297 162 111 114
-17.375526428222656 2.186520576477051 16.69894790649414 94 7 23
-16.47986602783203 0.40585994720458984 16.30495834350586 151 136 133
-15.425673484802246 -1.6702468395233154 15.828302383422852 90 1 19
-16.458290100097656 0.207610085606575 16.34537124633789 86 8 22
-17.150691986083984 1.365710735321045 16.74086570739746 137 63 75
-17.150691986083984 1.365710735321045 16.74086570739746 137 63 75
-18.15233612060547 3.1758832931518555 17.216571807861328 146 112 110
-18.15233612060547 3.1758832931518555 17.216571807861328 146 112 110
-17.87391471862793 2.837001323699951 16.974210739135742 104 1 20
-16.96199607849121 0.9865899682044983 16.59025764465332 147 103 110
-15.965826988220215 -0.9020112156867981 16.1129150390625 153 94 104
-17.325468063354492 1.7116742134094238 16.715702056884766 85 10 27
-16.679468154907227 0.5546613931655884 16.349462509155273 145 85 95
-16.074617385864258 -0.7047897577285767 16.097816467285156 165 104 115
-15.778570175170898 -1.3622925281524658 15.997058868408203 156 108 114
-16.20522117614746 -0.5821523666381836 16.2055606842041 141 114 113
-16.928691864013672 1.0095702409744263 16.445480346679688 86 34 44
-17.50356674194336 1.950960636138916 16.773216247558594 79 23 32
-15.993742942810059 -1.0007779598236084 16.101905822753906 88 17 33
-15.575404167175293 -1.8439760208129883 15.892748832702637 143 101 103
-16.611574172973633 0.07470183074474335 16.376882553100586 151 93 104
-16.39287567138672 -0.653130054473877 16.407840728759766 84 30 38
-15.460548400878906 -1.98403000831604 15.764192581176758 78 36 40
-15.460548400878906 -1.98403000831604 15.764192581176758 78 36 40
-19.44517707824707 5.491027355194092 17.63429832458496 74 18 29
-17.466394424438477 1.8123542070388794 16.641206741333008 170 128 135
-17.466394424438477 1.8123542070388794 16.641206741333008 170 128 135
-17.612024307250977 2.069835901260376 16.711593627929688 163 96 107
-17.227252960205078 1.076181173324585 16.639223098754883 169 115 125
-17.166738510131836 1.363391637802124 16.427221298217773 152 98 105
-19.356063842773438 5.4207329750061035 17.479843139648438 86 27 39
-15.997118949890137 -1.0655235052108765 15.978752136230469 152 107 114
-15.68382740020752 -1.6607340574264526 15.825642585754395 151 80 98
-15.68382740020752 -1.6607340574264526 15.825642585754395 151 80 98
-15.872857093811035 -1.508838415145874 15.968905448913574 143 107 107
-15.872857093811035 -1.508838415145874 15.968905448913574 143 107 107
-17.122726440429688 0.9548215270042419 16.490859985351562 61 34 35
-16.67603302001953 0.1432894766330719 16.272850036621094 87 11 23
-15.547758102416992 -2.1103098392486572 15.80998420715332 140 98 102
-18.24139404296875 3.0081911087036133 17.02992057800293 157 116 120
-17.92942237854004 2.2537126541137695 16.940156936645508 100 0 21
-17.602214813232422 1.8966938257217407 16.638917922973633 77 26 33
-17.982837677001953 2.6113030910491943 16.806421279907227 151 102 108
-15.651850700378418 -1.6347769498825073 15.657745361328125 95 33 46
-18.26511001586914 3.1474123001098633 16.895357131958008 166 108 115
-16.62627601623535 0.017518524080514908 16.152328491210938 150 108 112
-18.13953971862793 2.8242549896240234 16.842674255371094 144 72 86
-16.096683502197266 -0.9489061832427979 15.880703926086426 146 102 104
-16.390361785888672 -0.6471195220947266 16.083938598632812 161 104 111
-15.638322830200195 -1.4081597328186035 15.446114540100098 145 98 101
-16.928913116455078 0.23539862036705017 16.35783576965332 158 115 124
-17.67404556274414 1.3927608728408813 16.783674240112305 158 103 109
-17.861465454101562 2.5315797328948975 16.529800415039062 79 17 21
-17.861465454101562 2.5315797328948975 16.529800415039062 79 17 21
-17.878082275390625 1.6053169965744019 16.931943893432617 167 109 116
-16.483125686645508 -0.8130919337272644 16.20724868774414 103 1 20
-16.783071517944336 -0.09171538800001144 16.273666381835938 154 112 116
-18.06283950805664 3.1045305728912354 16.51022720336914 99 6 17
-18.12993049621582 3.1307928562164307 16.5831241607666 99 6 17
-17.907636642456055 2.4091031551361084 16.60951042175293 130 91 96
-18.295211791992188 2.8658010959625244 16.891433715820312 86 19 31
-16.876359939575195 0.33357495069503784 16.173290252685547 73 4 22
-16.484790802001953 -0.5640033483505249 16.06393814086914 89 15 32
-15.922558784484863 -1.3005356788635254 15.641463279724121 91 6 22
-15.922558784484863 -1.3005356788635254 15.641463279724121 91 6 22
-16.52462387084961 -0.38107481598854065 15.997770309448242 94 2 17
-18.340078353881836 2.8212690353393555 16.84527015686035 164 87 103
-18.340078353881836 2.8212690353393555 16.84527015686035 164 87 103
-17.922832489013672 2.148174285888672 16.609167098999023 96 5 23
-17.922832489013672 2.148174285888672 16.609167098999023 96 5 23
-19.695104598999023 5.404809951782227 17.367660522460938 163 131 134
-15.738531112670898 -1.5387942790985107 15.345183372497559 136 100 102
-16.924270629882812 0.16107624769210815 16.04750633239746 166 129 133
-16.52797508239746 -1.1828759908676147 16.106098175048828 154 110 115
-17.12528419494629 0.5841572880744934 16.075782775878906 97 5 20
-18.13838005065918 2.404982328414917 16.543787002563477 102 63 68
-17.863618850708008 2.402711868286133 16.20189094543457 161 118 123
-18.045787811279297 2.2712674140930176 16.462743759155273 67 33 36
-19.9056453704834 5.505208492279053 17.36338233947754 128 78 89
-16.093969345092773 -1.4169038534164429 15.62603759765625 131 93 92
-16.90802001953125 0.26043131947517395 15.906453132629395 151 115 119
-16.439199447631836 -0.6463973522186279 15.713736534118652 118 78 79
-16.439199447631836 -0.6463973522186279 15.713736534118652 118 78 79
-16.575037002563477 -0.6171275973320007 15.862516403198242 108 68 69
-16.575037002563477 -0.6171275973320007 15.862516403198242 108 68 69
-17.712831497192383 1.5353633165359497 16.318937301635742 99 9 27
-17.712831497192383 1.5353633165359497 16.318937301635742 99 9 27
-16.00908088684082 -1.647365689277649 15.586519241333008 158 100 109
-15.962574005126953 -1.2812048196792603 15.36828899383545 88 17 31
-18.094196319580078 2.328158378601074 16.431964874267578 174 135 140
-19.62777328491211 5.216665267944336 17.057973861694336 80 30 41
-18.444612503051758 2.142251968383789 16.888355255126953 95 9 20
-17.38899803161621 0.7412052750587463 16.183202743530273 177 110 125
-18.310680389404297 2.2970480918884277 16.64191246032715 77 44 45
-17.51548957824707 0.9272444248199463 16.234216690063477 177 116 124
-17.126907348632812 0.34677281975746155 16.01441764831543 104 69 67
-17.00489044189453 0.011092607863247395 15.994999885559082 89 6 22
-19.988525390625 5.368914604187012 17.353092193603516 169 120 131
-18.384437561035156 2.8113045692443848 16.47751808166504 85 7 25
-16.05283546447754 -2.1573493480682373 15.745774269104004 79 39 39
-18.293371200561523 2.537855863571167 16.470539093017578 88 10 23
-19.876317977905273 5.314797401428223 17.18231964111328 170 125 135
-17.741588592529297 1.4119282960891724 16.241849899291992 165 104 112
-15.878823280334473 -1.9798043966293335 15.419581413269043 158 106 108
-18.748065948486328 2.8450865745544434 16.829315185546875 86 20 34
-17.653018951416016 1.332709550857544 16.13962745666504 82 56 52
-15.894693374633789 -2.081423282623291 15.428802490234375 156 122 119
-18.056224822998047 2.2401812076568604 16.207944869995117 163 127 129
-19.91428565979004 5.166151523590088 17.20988655090332 96 50 58
-19.91428565979004 5.166151523590088 17.20988655090332 96 50 58
-18.45871925354004 2.6655163764953613 16.513071060180664 173 111 124
-18.45871925354004 2.6655163764953613 16.513071060180664 173 111 124
-16.416051864624023 -1.144826054573059 15.65196704864502 104 58 61
-16.39345932006836 -1.3909711837768555 15.726065635681152 99 3 20
-16.39345932006836 -1.3909711837768555 15.726065635681152 99 3 20
-18.345125198364258 2.298513650894165 16.519140243530273 170 134 136
-16.882932662963867 -0.4403359293937683 15.896699905395508 97 5 20
-16.3566837310791 -1.7018922567367554 15.78746223449707 148 98 105
-17.0977783203125 0.09834083169698715 15.909697532653809 158 121 128
-18.116369247436523 1.7774080038070679 16.423259735107422 156 125 125
-18.116369247436523 1.7774080038070679 16.423259735107422 156 125 125
-16.7673397064209 -0.9620381593704224 15.936182022094727 156 82 93
-17.076040267944336 -0.11585727334022522 15.937826156616211 157 102 107
-18.359819412231445 2.219334125518799 16.4896240234375 83 48 52
-20.129674911499023 5.305098533630371 17.297182083129883 81 38 47
-18.184051513671875 2.232293128967285 16.256175994873047 176 123 131
-16.797670364379883 -0.7142099738121033 15.823168754577637 110 65 68
-17.993404388427734 1.2289445400238037 16.409944534301758 166 100 110
-17.993404388427734 1.2289445400238037 16.409944534301758 166 100 110
-18.01634979248047 1.601526141166687 16.27590560913086 168 117 126
-18.875030517578125 2.922670602798462 16.74471092224121 84 14 25
-19.978017807006836 5.099703311920166 17.092544555664062 63 43 39
-17.14973258972168 -0.03288310393691063 15.87590503692627 96 9 28
-17.22927474975586 0.5928661227226257 15.698392868041992 98 5 29
-18.19965362548828 1.7780085802078247 16.322021484375 100 49 52
-17.902544021606445 1.2609524726867676 16.176025390625 88 22 32
-17.399471282958984 0.943216860294342 15.719374656677246 98 6 19
-16.32933235168457 -1.7294878959655762 15.560091972351074 154 108 114
-18.35285758972168 2.3368170261383057 16.251087188720703 159 106 114
-16.257015228271484 -1.6292363405227661 15.42452621459961 117 81 83
-18.28010368347168 1.9972167015075684 16.28335952758789 100 5 22
-18.28010368347168 1.9972167015075684 16.28335952758789 100 5 22
-16.514305114746094 -1.1768603324890137 15.516786575317383 81 7 20
-16.514305114746094 -1.1768603324890137 15.516786575317383 81 7 20
-16.871437072753906 -0.7255502939224243 15.746816635131836 97 47 50
-16.871437072753906 -0.7255502939224243 15.746816635131836 97 47 50
-15.995454788208008 -2.2522377967834473 15.3517427444458 137 94 94
-18.762348175048828 2.6667730808258057 16.523723602294922 84 18 28
-17.99118995666504 1.4737850427627563 16.089380264282227 106 1 28
-18.739198684692383 2.7716257572174072 16.414278030395508 101 70 67
-18.582317352294922 2.780005931854248 16.22298812866211 99 58 59
-16.73916244506836 -0.8197181224822998 15.519508361816406 160 109 116
-17.718082427978516 0.46510425209999084 16.123815536499023 100 6 22
-18.54790687561035 2.625499725341797 16.192657470703125 167 118 122
-17.7773494720459 1.28046715259552 15.849164962768555 163 105 113
-17.1937313079834 -0.2531396150588989 15.795514106750488 84 14 24
-16.451772689819336 -1.489345669746399 15.41636848449707 148 84 90
-17.899242401123047 1.1657518148422241 15.97844409942627 115 73 75
-18.385581970214844 1.8100919723510742 16.238506317138672 166 89 102
-18.465457916259766 2.297900915145874 16.12348175048828 158 109 116
-18.150205612182617 1.5175628662109375 16.07775115966797 168 112 123
-17.389678955078125 0.019814012572169304 15.811139106750488 173 129 138
-17.362348556518555 0.1313169300556183 15.734325408935547 156 121 127
-16.43791961669922 -2.2291650772094727 15.620564460754395 156 122 121
-16.76774024963379 -1.093998908996582 15.52939510345459 97 9 25
-16.79452896118164 -1.2382100820541382 15.5994873046875 129 98 96
-16.79452896118164 -1.2382100820541382 15.5994873046875 129 98 96
-20.60197639465332 6.20155668258667 16.891963958740234 174 128 134
-18.087932586669922 1.1756906509399414 16.069332122802734 119 77 79
-18.417926788330078 1.4356074333190918 16.304214477539062 93 9 24
-18.583972930908203 1.7649420499801636 16.35954475402832 84 36 36
-17.600500106811523 0.25296783447265625 15.842028617858887 158 101 105
-17.600500106811523 0.25296783447265625 15.842028617858887 158 101 105
-17.20160484313965 -0.32117676734924316 15.600879669189453 91 55 55
-18.830089569091797 2.74601411819458 16.200448989868164 111 76 74
-16.64891815185547 -1.1599106788635254 15.306384086608887 156 98 106
-19.1773738861084 2.99385404586792 16.48781394958496 167 93 98
-19.1773738861084 2.99385404586792 16.48781394958496 167 93 98
-18.748891830444336 2.212043285369873 16.305988311767578 141 99 101
-18.748891830444336 2.212043285369873 16.305988311767578 141 99 101
-16.393871307373047 -1.8856415748596191 15.275919914245605 155 76 89
-17.832120895385742 0.6403945684432983 15.853646278381348 145 102 109
-17.832120895385742 0.6403945684432983 15.853646278381348 145 102 109
-18.351734161376953 1.4807177782058716 16.09693145751953 166 108 116
-18.351734161376953 1.4807177782058716 16.09693145751953 166 108 116
-18.339147567749023 1.5694019794464111 16.043710708618164 151 107 107
-18.97173309326172 2.7364909648895264 16.287416458129883 155 127 123
-18.856199264526367 2.795616388320923 16.046436309814453 91 15 24
-17.853248596191406 0.4750743508338928 15.847604751586914 88 21 30
-19.189311981201172 2.7716259956359863 16.416614532470703 103 58 58
-16.99681854248047 -0.997474193572998 15.458958625793457 158 74 90
-16.99681854248047 -0.997474193572998 15.458958625793457 158 74 90
-20.774507522583008 6.264733791351318 16.74309539794922 163 135 134
-17.286787033081055 -0.18454132974147797 15.438594818115234 105 12 33
-17.286787033081055 -0.18454132974147797 15.438594818115234 105 12 33
-18.73130226135254 2.151027202606201 16.101131439208984 82 40 42
-16.7969913482666 -1.198965072631836 15.284483909606934 160 103 110
-19.18665313720703 2.809568405151367 16.337858200073242 180 120 125
-17.271320343017578 -0.7691821455955505 15.616944313049316 148 97 102
-18.165498733520508 1.241314172744751 15.790925025939941 94 13 30
-18.247053146362305 0.5631565451622009 16.166488647460938 155 112 119
-18.0416316986084 0.7113486528396606 15.856398582458496 160 105 108
-17.613117218017578 -0.053086116909980774 15.670797348022461 181 133 139
-17.627107620239258 0.1968669593334198 15.572808265686035 88 21 28
-18.122203826904297 1.621812343597412 15.548751831054688 181 119 124
-18.6099796295166 1.9577076435089111 15.94401741027832 93 18 31
-16.70326805114746 -1.295670747756958 15.130735397338867 134 104 102
-20.795135498046875 6.022918224334717 16.708581924438477 179 127 132
-18.755882263183594 2.1667563915252686 16.001731872558594 148 106 108
-17.352184295654297 0.02404787391424179 15.284027099609375 137 101 103
-18.398609161376953 1.590067982673645 15.812620162963867 90 27 36
-19.143970489501953 2.6457910537719727 16.20846176147461 92 16 25
-17.453407287597656 -0.8523374795913696 15.744625091552734 81 38 43
-17.971662521362305 0.1885261833667755 15.847471237182617 173 117 120
-16.70861053466797 -1.3972034454345703 15.078585624694824 169 116 124
-17.68300437927246 -0.042713895440101624 15.607812881469727 88 51 53
-17.378053665161133 -0.6326867938041687 15.505767822265625 103 6 26
-18.286039352416992 1.1369470357894897 15.775101661682129 154 97 104
-18.286039352416992 1.1369470357894897 15.775101661682129 154 97 104
-17.230268478393555 -1.047359585762024 15.475967407226562 159 87 98
-18.436050415039062 1.3615952730178833 15.826355934143066 179 128 133
-17.226465225219727 -0.9717959761619568 15.432466506958008 162 115 123
-19.03905487060547 2.0490024089813232 16.118106842041016 151 104 107
-18.583518981933594 1.4214576482772827 15.85441780090332 91 40 45
-18.407880783081055 0.5776450037956238 15.991503715515137 167 126 132
-19.34185791015625 2.187159299850464 16.345767974853516 95 38 41
-17.490989685058594 -0.2601478397846222 15.285691261291504 99 11 32
-18.82625389099121 1.7826905250549316 15.911630630493164 103 12 27
-18.631755828857422 0.8223682045936584 16.0805721282959 112 10 28
-17.211666107177734 -0.8378331065177917 15.186539649963379 150 93 99
-16.736146926879883 -1.8963769674301147 15.09184455871582 160 108 117
-18.519365310668945 1.4895998239517212 15.666593551635742 160 117 118
-18.072063446044922 -0.022615591064095497 15.787412643432617 162 126 126
-19.600238800048828 3.1640539169311523 16.143131256103516 177 128 131
-16.821292877197266 -1.8233660459518433 15.12022590637207 75 46 48
-19.59383773803711 2.9450769424438477 16.216012954711914 174 125 128
-17.66548728942871 -0.5417335033416748 15.515402793884277 153 112 118
-17.156818389892578 -1.5502369403839111 15.36776351928711 149 61 75
-17.624767303466797 -0.6318577527999878 15.506189346313477 148 91 97
-17.321123123168945 -1.170266032218933 15.36286735534668 102 11 26
-18.846712112426758 1.4878129959106445 15.919231414794922 141 113 109
-18.184085845947266 0.80245041847229 15.474583625793457 98 26 36
-19.724334716796875 3.0235743522644043 16.231029510498047 168 139 135
-19.20611572265625 1.861602783203125 16.086082458496094 159 69 86
-18.565895080566406 0.9933386445045471 15.732718467712402 96 51 54
-18.03597640991211 -0.056158773601055145 15.583247184753418 176 135 139
-18.224029541015625 0.5707414150238037 15.518879890441895 158 120 113
-18.27960968017578 0.09494733065366745 15.756280899047852 179 120 124
-18.075122833251953 -0.05142589285969734 15.59274959564209 174 133 137
-21.270458221435547 5.937716007232666 16.61841583251953 82 32 37
-18.67285919189453 0.8974677324295044 15.842794418334961 168 107 114
-18.67285919189453 0.8974677324295044 15.842794418334961 168 107 114
-18.953880310058594 1.3214256763458252 15.96116828918457 164 103 114
-16.8665714263916 -1.870391845703125 14.982712745666504 148 106 108
-16.8665714263916 -1.870391845703125 14.982712745666504 148 106 108
-19.709592819213867 2.8494176864624023 16.110322952270508 177 135 137
-18.914108276367188 1.5468497276306152 15.72641372680664 197 134 142
-18.62669563293457 1.1413532495498657 15.546594619750977 101 14 31
-18.62669563293457 1.1413532495498657 15.546594619750977 101 14 31
-17.25577163696289 -1.5278880596160889 15.150314331054688 174 129 132
-18.244110107421875 0.026781057938933372 15.516995429992676 168 110 114
-19.917078018188477 3.1785404682159424 16.02092742919922 110 16 32
-19.55683135986328 1.773877501487732 16.190288543701172 107 13 29
-19.55683135986328 1.773877501487732 16.190288543701172 107 13 29
-19.21404266357422 1.5928157567977905 15.895187377929688 79 16 24
-18.847410202026367 0.863578200340271 15.785079956054688 185 128 134
-19.862314224243164 2.8004181385040283 16.03281593322754 179 140 141
-19.862314224243164 2.8004181385040283 16.03281593322754 179 140 141
-16.974763870239258 -1.9167768955230713 14.86820125579834 90 30 40
-18.23157501220703 -0.07852810621261597 15.445101737976074 99 22 35
-19.321195602416992 1.3960503339767456 15.981709480285645 176 121 127
-17.601350784301758 -1.4012895822525024 15.269096374511719 167 103 111
-18.00218963623047 -1.107763409614563 15.5439453125 167 122 127
-17.26589584350586 -1.5520883798599243 14.93792724609375 161 101 109
-19.579517364501953 2.009160280227661 15.940671920776367 166 107 111
-18.545560836791992 0.4729316532611847 15.459136962890625 162 105 109
-18.545560836791992 0.4729316532611847 15.459136962890625 162 105 109
-19.268831253051758 1.431925892829895 15.821914672851562 97 38 44
-19.971426010131836 2.9412107467651367 15.953371047973633 92 43 44
-19.971426010131836 2.9412107467651367 15.953371047973633 92 43 44
-19.31092643737793 1.2971957921981812 15.919861793518066 81 41 42
-18.09767723083496 -0.6569518446922302 15.42027473449707 166 120 128
-18.09767723083496 -0.6569518446922302 15.42027473449707 166 120 128
-18.219472885131836 -0.4796360731124878 15.445292472839355 171 112 118
-18.760202407836914 0.32520925998687744 15.687872886657715 180 121 134
-19.08159637451172 0.8854302763938904 15.788793563842773 163 114 117
-19.28359603881836 1.4114223718643188 15.738865852355957 164 108 111
-17.690704345703125 -1.2405623197555542 15.138641357421875 161 83 97
-18.150165557861328 -0.5941442251205444 15.34808349609375 93 26 40
-18.241519927978516 -0.27042457461357117 15.310601234436035 133 81 86
-18.481781005859375 -0.011612487956881523 15.462054252624512 97 36 41
-18.481781005859375 -0.011612487956881523 15.462054252624512 97 36 41
-20.29521369934082 2.815507173538208 16.220827102661133 163 133 131
-19.213024139404297 1.1781203746795654 15.736337661743164 177 124 130
-18.888065338134766 0.414727121591568 15.699990272521973 103 19 35
-18.412179946899414 -0.41740840673446655 15.513229370117188 103 18 31
-18.743257522583008 0.06949957460165024 15.606912612915039 108 22 35
-17.614730834960938 -1.4794210195541382 15.02513313293457 165 106 112
-18.33161163330078 -0.6989322900772095 15.440885543823242 179 124 131
-19.039939880371094 0.9238647818565369 15.528511047363281 178 133 136
-20.366430282592773 3.095275402069092 16.01521873474121 113 17 38
-18.95503807067871 0.640899658203125 15.527780532836914 100 23 36
-19.259191513061523 0.8634371161460876 15.750308990478516 89 45 48
-20.262178421020508 2.8223984241485596 15.997420310974121 107 16 34
-18.73291778564453 0.1485012322664261 15.467103004455566 156 83 98
-19.167325973510742 1.0145676136016846 15.524580001831055 103 18 34
-18.147722244262695 -1.0248185396194458 15.273272514343262 172 108 115
-18.946659088134766 0.44808176159858704 15.49857234954834 116 32 45
-19.232683181762695 0.20634323358535767 15.87428092956543 97 21 34
-17.562097549438477 -1.5627442598342896 14.85900592803955 104 31 46
-17.562097549438477 -1.5627442598342896 14.85900592803955 104 31 46
-17.69232177734375 -1.3605157136917114 14.90938949584961 113 11 32
-20.830379486083984 2.7133867740631104 16.45447540283203 104 19 30
-20.423786163330078 2.7148821353912354 16.038429260253906 171 146 142
-18.729448318481445 -0.2562204599380493 15.484930038452148 172 123 127
-18.255550384521484 -0.7461090087890625 15.196221351623535 173 111 118
-18.255550384521484 -0.7461090087890625 15.196221351623535 173 111 118
-18.774415969848633 0.20392346382141113 15.339911460876465 178 125 130
-19.105125427246094 0.3139886260032654 15.625531196594238 93 48 51
-18.780109405517578 0.3708369731903076 15.26870346069336 168 123 126
-19.50241470336914 1.670418381690979 15.485922813415527 169 120 124
-19.600997924804688 1.8555536270141602 15.509056091308594 179 118 119
-18.994535446166992 0.2871711254119873 15.47525691986084 140 95 98
-18.994535446166992 0.2871711254119873 15.47525691986084 140 95 98
-17.62468147277832 -1.6721177101135254 14.854581832885742 170 111 123
-17.97494888305664 -1.2339807748794556 15.031119346618652 177 128 131
-19.7341365814209 1.2004235982894897 15.82305908203125 80 29 36
-17.983257293701172 0.16818246245384216 14.453904151916504 140 95 98
-20.060426712036133 1.9462103843688965 15.817550659179688 96 22 26
-17.825315475463867 -1.0784668922424316 14.75412368774414 166 114 116
-18.414348602294922 -0.24622753262519836 15.015581130981445 145 103 107
-18.64768409729004 -0.3215513825416565 15.25880241394043 164 126 127
-18.279329299926758 -0.4974069595336914 14.95949649810791 110 14 31
-20.854299545288086 3.0714850425720215 16.107879638671875 117 17 37
-18.813892364501953 -0.007466409355401993 15.270651817321777 113 14 32
-19.134374618530273 1.6148219108581543 14.961553573608398 167 122 127
-19.704509735107422 1.3038330078125 15.633848190307617 156 108 108
-20.069786071777344 1.704818606376648 15.832265853881836 174 129 134
-19.935434341430664 1.7565138339996338 15.665334701538086 101 56 61
-17.661296844482422 -1.6245908737182617 14.72117805480957 152 116 117
-17.661296844482422 -1.6245908737182617 14.72117805480957 152 116 117
-18.49404525756836 -0.6490110754966736 15.125130653381348 162 113 117
-19.522106170654297 1.1691055297851562 15.41110897064209 166 115 122
-18.550233840942383 -1.2865930795669556 15.395524978637695 176 125 130
-20.44936752319336 2.572796583175659 15.761268615722656 179 145 143
-20.5057373046875 2.8299782276153564 15.709749221801758 187 127 132
-18.618228912353516 0.3712429404258728 14.794563293457031 110 16 30
-18.500659942626953 -0.1982087939977646 14.896227836608887 161 120 124
-20.278148651123047 1.9138902425765991 15.82485294342041 95 23 23
-17.959753036499023 -1.2250498533248901 14.734492301940918 100 55 58
-20.520151138305664 2.640117645263672 15.705026626586914 148 118 116
-19.58306312561035 1.1628646850585938 15.341270446777344 89 38 45
-18.393980026245117 -1.212792158126831 15.094366073608398 150 108 110
-18.382184982299805 -0.7997669577598572 14.904884338378906 147 101 104
-18.245983123779297 -0.5580095052719116 14.670268058776855 112 15 32
-19.893526077270508 0.34301501512527466 15.93547248840332 167 93 105
-20.59488868713379 2.9063103199005127 15.62273120880127 109 23 36
-19.111495971679688 -0.2729973793029785 15.386099815368652 167 129 128
-19.293109893798828 -0.017756331712007523 15.424982070922852 101 42 48
-21.038951873779297 2.8705220222473145 15.985461235046387 192 132 136
-17.756784439086914 -1.7541600465774536 14.567673683166504 163 109 115
-19.75192642211914 0.008235666900873184 15.776278495788574 158 87 98
-19.697275161743164 1.0166056156158447 15.317349433898926 84 29 36
-18.17821502685547 -1.2028359174728394 14.696428298950195 168 107 116
-20.846588134765625 2.683265447616577 15.767814636230469 92 21 33
-20.846588134765625 2.683265447616577 15.767814636230469 92 21 33
-19.636619567871094 0.8297693729400635 15.292628288269043 114 8 31
-19.531909942626953 0.24312399327754974 15.412211418151855 174 105 113
-19.531909942626953 0.24312399327754974 15.412211418151855 174 105 113
-19.405237197875977 0.11223859339952469 15.337722778320312 176 114 125
-20.20823097229004 1.7253680229187012 15.491456985473633 182 130 134
-17.89991569519043 -1.0682154893875122 14.330965995788574 117 16 34
-19.02265167236328 -0.3567284345626831 15.119542121887207 96 63 62
-20.110355377197266 1.411833643913269 15.455846786499023 168 101 111
-20.07894515991211 1.5440646409988403 15.338947296142578 167 117 120
-21.0179443359375 2.535694122314453 15.848871231079102 193 129 135
-20.029037475585938 0.946119487285614 15.497711181640625 180 131 137
-19.287748336791992 -0.1410408765077591 15.184934616088867 120 12 36
-19.287748336791992 -0.1410408765077591 15.184934616088867 120 12 36
-20.09265899658203 1.0959941148757935 15.455741882324219 175 133 134
-19.849897384643555 1.3576780557632446 15.110386848449707 112 38 51
-20.640926361083984 1.573290467262268 15.780553817749023 197 145 150
-19.9374942779541 0.782468855381012 15.408772468566895 109 21 37
-18.579519271850586 0.4308187961578369 14.236627578735352 160 130 130
-19.331199645996094 -0.4813309907913208 15.25557804107666 186 128 138
-20.456422805786133 1.6042773723602295 15.516067504882812 99 44 49
-20.456422805786133 1.6042773723602295 15.516067504882812 99 44 49
-20.179180145263672 1.1547281742095947 15.414650917053223 154 112 113
-18.120820999145508 -1.1961644887924194 14.360937118530273 155 95 102
-20.90830421447754 2.5349643230438232 15.551569938659668 109 16 34
-20.90830421447754 2.5349643230438232 15.551569938659668 109 16 34
-19.093088150024414 -0.3991364538669586 14.95752239227295 77 37 38
-20.970897674560547 2.7732365131378174 15.503300666809082 103 21 35
-19.763338088989258 0.6390749216079712 15.181890487670898 188 125 133
-20.109540939331055 1.6761094331741333 15.074356079101562 183 93 102
-19.9993896484375 0.9650936722755432 15.222126960754395 181 141 141
-18.913074493408203 -0.2876051664352417 14.67236042022705 180 96 111
-20.144271850585938 0.9871601462364197 15.331459999084473 168 133 131
-19.935089111328125 0.8747264742851257 15.181386947631836 135 87 90
-19.236644744873047 -0.16031882166862488 14.903615951538086 113 26 42
-19.451732635498047 2.5235471725463867 14.082655906677246 178 158 159
-18.64133644104004 -0.7055421471595764 14.538814544677734 115 16 36
-18.64133644104004 -0.7055421471595764 14.538814544677734 115 16 36
-19.36043930053711 -0.4262460470199585 15.106721878051758 171 133 135
-19.93356704711914 0.5327213406562805 15.244810104370117 103 32 46
-20.94301414489746 2.379329204559326 15.475116729736328 181 141 142
-19.693513870239258 0.6440197229385376 14.948688507080078 118 10 33
-20.995893478393555 2.597748279571533 15.417009353637695 197 148 152
-20.995893478393555 2.597748279571533 15.417009353637695 197 148 152
-19.910924911499023 0.788811445236206 15.065943717956543 113 68 71
-19.79576301574707 0.2714315950870514 15.084197998046875 177 107 117
-19.857746124267578 0.3869197368621826 15.101744651794434 164 122 123
-19.857746124267578 0.3869197368621826 15.101744651794434 164 122 123
-21.499788284301758 3.1164493560791016 15.570539474487305 167 110 125
-20.879648208618164 2.2827115058898926 15.314262390136719 185 121 130
-20.697839736938477 1.6822518110275269 15.337213516235352 175 104 109
-20.697839736938477 1.6822518110275269 15.337213516235352 175 104 109
-20.101375579833984 0.7478211522102356 15.140201568603516 186 128 135
-19.14990997314453 -0.08911743760108948 14.576326370239258 155 120 126
-19.14990997314453 -0.08911743760108948 14.576326370239258 155 120 126
-18.769113540649414 -0.7949565649032593 14.487295150756836 162 98 108
-21.137123107910156 2.4495527744293213 15.436813354492188 98 27 39
-21.137123107910156 2.4495527744293213 15.436813354492188 98 27 39
-20.323543548583984 1.5154379606246948 15.030424118041992 183 138 139
-18.569013595581055 -0.8936878442764282 14.329071998596191 170 134 134
-20.10102081298828 1.3102010488510132 14.89826774597168 193 131 140
-20.093935012817383 0.9428640007972717 15.028031349182129 92 28 34
-20.10384750366211 0.8080694675445557 15.088154792785645 100 39 47
-18.50558853149414 -0.9817696809768677 14.29410171508789 155 129 128
-20.19847869873047 1.0313758850097656 15.087552070617676 205 133 142
-19.116994857788086 -0.2406497597694397 14.573772430419922 159 114 119
-19.116994857788086 -0.2406497597694397 14.573772430419922 159 114 119
-21.21497917175293 2.68682599067688 15.383384704589844 110 23 40
-20.44341468811035 1.2654378414154053 15.184338569641113 94 23 31
-18.82183837890625 -0.46786633133888245 14.353780746459961 194 128 134
-21.542652130126953 3.211885929107666 15.444470405578613 190 160 166
-19.491321563720703 0.36765649914741516 14.629863739013672 107 62 65
-20.14358901977539 0.7854634523391724 15.04870319366455 92 29 38
-20.14358901977539 0.7854634523391724 15.04870319366455 92 29 38
-19.401451110839844 -0.5203131437301636 14.858869552612305 91 35 44
-18.63887596130371 -0.7591433525085449 14.225483894348145 184 123 134
-19.798967361450195 0.5808727741241455 14.77065658569336 109 24 43
-19.928844451904297 0.8379531502723694 14.770747184753418 95 28 36
-20.754993438720703 1.2548713684082031 15.365621566772461 159 81 89
-21.146198272705078 2.28611159324646 15.3232421875 188 154 153
-21.146198272705078 2.28611159324646 15.3232421875 188 154 153
-19.107568740844727 -0.48156917095184326 14.503035545349121 182 116 123
-21.279359817504883 2.5341527462005615 15.329290390014648 197 148 149
-21.279359817504883 2.5341527462005615 15.329290390014648 197 148 149
-19.145280838012695 -0.35905778408050537 14.458632469177246 121 17 41
-18.89544105529785 -0.5878275632858276 14.299077987670898 98 42 51
-21.54619789123535 2.8870279788970947 15.37835693359375 170 167 162
-20.51473045349121 0.9894961714744568 15.160734176635742 202 129 138
-20.76198387145996 1.4030430316925049 15.22481918334961 140 108 111
-21.32306480407715 3.0388333797454834 15.097660064697266 97 60 68
-18.85027503967285 0.03313412517309189 13.992237091064453 117 16 30
-18.85027503967285 0.03313412517309189 13.992237091064453 117 16 30
-19.130565643310547 -0.1575576364994049 14.301187515258789 112 23 46
-19.48423957824707 0.4176250994205475 14.337320327758789 105 13 31
-19.48423957824707 0.4176250994205475 14.337320327758789 105 13 31
-19.735599517822266 0.33756911754608154 14.597901344299316 106 16 34
-19.663005828857422 0.8017645478248596 14.35065746307373 178 119 121
-19.39360809326172 -0.3430798053741455 14.523111343383789 161 89 101
-21.269346237182617 2.5655643939971924 15.096234321594238 117 30 51
-21.30666160583496 3.7268636226654053 14.6835355758667 193 163 169
-18.879514694213867 -0.8211764097213745 14.210354804992676 192 124 142
-20.73387908935547 1.476575255393982 14.964463233947754 105 26 32
-20.463642120361328 1.030359148979187 14.850739479064941 123 16 34
-18.90366554260254 -0.2766979932785034 13.913670539855957 167 105 115
-19.75737190246582 0.6337815523147583 14.259453773498535 183 141 143
-20.876995086669922 1.2894277572631836 14.880538940429688 114 68 71
-20.405803680419922 3.7530295848846436 13.06910514831543 105 64 73
-20.405803680419922 3.7530295848846436 13.06910514831543 105 64 73
-8.761820793151855 -0.25232720375061035 7.021505832672119 158 113 120
-8.83476734161377 -1.1861827373504639 6.663690567016602 84 43 49
-8.83476734161377 -1.1861827373504639 6.663690567016602 84 43 49
-8.807276725769043 -1.3029974699020386 6.6669697761535645 141 99 101
-8.973005294799805 -0.7351630926132202 6.667705535888672 94 10 25
-8.973005294799805 -0.7351630926132202 6.667705535888672 94 10 25
-8.923945426940918 -0.9114944934844971 6.670670509338379 153 100 106
-8.89570426940918 -1.0041265487670898 6.665975093841553 151 110 114
-8.846121788024902 -1.1615684032440186 6.656865119934082 150 109 113
-8.80160903930664 -1.3813059329986572 6.6718549728393555 94 11 27
-8.8361177444458 -1.238084316253662 6.654389381408691 95 12 30
-8.9461030960083 -0.8617303967475891 6.648462295532227 79 24 30
-8.93576717376709 -0.9162943363189697 6.6517133712768555 182 108 121
-8.993339538574219 -0.7287222743034363 6.65126371383667 163 121 125
-9.224678993225098 -0.011127782054245472 6.661386966705322 97 11 26
-8.814635276794434 -1.4191325902938843 6.659110069274902 160 104 109
-8.858192443847656 -1.276842713356018 6.6561808586120605 135 81 86
-9.210051536560059 -0.16916176676750183 6.650781631469727 88 37 44
-8.992002487182617 -0.8734952211380005 6.621224403381348 84 42 46
-8.902544021606445 -1.1783051490783691 6.619485855102539 71 28 37
-8.902544021606445 -1.1783051490783691 6.619485855102539 71 28 37
-8.983793258666992 -0.8969425559043884 6.6110334396362305 172 106 118
-8.988482475280762 -0.9442510008811951 6.6260786056518555 102 5 22
-9.046561241149902 -0.742991030216217 6.617048263549805 71 30 34
-9.046561241149902 -0.742991030216217 6.617048263549805 71 30 34
-8.97839069366455 -0.9911868572235107 6.621862411499023 160 103 109
-8.904919624328613 -1.2542688846588135 6.6276774406433105 93 6 22
-9.232941627502441 -0.16501756012439728 6.633131504058838 79 14 26
-9.20849895477295 -0.2651369571685791 6.618419647216797 161 98 106
-9.285778999328613 -0.047191862016916275 6.617271900177002 85 19 25
-9.248995780944824 -0.1968180537223816 6.622748374938965 161 118 121
-9.19643783569336 -0.34749606251716614 6.605041980743408 180 124 131
-9.273538589477539 -0.12575365602970123 6.619375705718994 182 116 122
-9.23103141784668 -0.26721057295799255 6.60708475112915 86 22 30
-9.315187454223633 -0.003386920318007469 6.611217498779297 132 102 99
-9.315187454223633 -0.003386920318007469 6.611217498779297 132 102 99
-9.05562973022461 -0.8230879306793213 6.589274883270264 94 7 24
-9.05562973022461 -0.8230879306793213 6.589274883270264 94 7 24
-8.96019172668457 -1.18776273727417 6.597255229949951 151 112 115
-9.27086067199707 -0.17852114140987396 6.605895519256592 77 36 40
-9.213685989379883 -0.3863511383533478 6.599949836730957 97 13 29
-9.324113845825195 -0.08054933696985245 6.621458053588867 100 8 21
-9.022937774658203 -1.0076245069503784 6.587538719177246 154 97 103
-8.944579124450684 -1.3257496356964111 6.601667404174805 80 35 40
-9.097624778747559 -0.7974157929420471 6.576817512512207 163 122 128
-8.984634399414062 -1.182571291923523 6.576362609863281 161 122 125
-9.238447189331055 -0.36156579852104187 6.581573486328125 186 119 130
-9.121806144714355 -0.725398600101471 6.572497367858887 178 111 120
-9.121806144714355 -0.725398600101471 6.572497367858887 178 111 120
-9.04074764251709 -1.036417007446289 6.571798801422119 85 11 24
-9.057906150817871 -0.9775001406669617 6.568580150604248 99 8 25
-9.074325561523438 -0.922740638256073 6.564929962158203 156 103 109
-9.375777244567871 -0.008549480699002743 6.588024139404297 86 10 25
-8.99636459350586 -1.2139403820037842 6.561614990234375 165 103 114
-9.119206428527832 -0.8360748291015625 6.5733537673950195 98 20 34
-9.016380310058594 -1.166461706161499 6.565316677093506 172 95 109
-9.292238235473633 -0.29495394229888916 6.567972183227539 157 112 115
-9.324677467346191 -0.26497089862823486 6.592498302459717 88 8 21
-9.300521850585938 -0.2599625587463379 6.553467750549316 87 7 20
-9.023475646972656 -1.1954418420791626 6.559288024902344 82 20 31
-9.276323318481445 -0.41349709033966064 6.555938720703125 92 11 26
-9.220537185668945 -0.6046852469444275 6.554207801818848 73 12 20
-9.396871566772461 -0.031133875250816345 6.55513334274292 163 118 123
-9.396871566772461 -0.031133875250816345 6.55513334274292 163 118 123
-9.372199058532715 -0.10837680101394653 6.553435325622559 101 8 19
-9.359169960021973 -0.1928623467683792 6.5533366203308105 162 129 130
-9.042303085327148 -1.2157148122787476 6.546804428100586 150 104 107
-9.30801010131836 -0.3494194746017456 6.5470147132873535 84 32 39
-9.092203140258789 -1.0561238527297974 6.541384220123291 80 38 40
-9.013741493225098 -1.350113868713379 6.555578708648682 154 115 116
-9.013741493225098 -1.350113868713379 6.555578708648682 154 115 116
-9.3622465133667 -0.21531356871128082 6.546284198760986 85 55 57
-9.048985481262207 -1.240667700767517 6.542374610900879 73 27 30
-9.048985481262207 -1.240667700767517 6.542374610900879 73 27 30
-9.315949440002441 -0.38421180844306946 6.532750606536865 165 132 133
-9.30091667175293 -0.44426625967025757 6.5369086265563965 174 123 128
-9.219901084899902 -0.652518630027771 6.51300048828125 179 109 124
-9.249683380126953 -0.6256554126739502 6.529915809631348 75 43 47
-9.158763885498047 -0.9446998238563538 6.535871982574463 167 110 119
-9.158763885498047 -0.9446998238563538 6.535871982574463 167 110 119
-9.08474063873291 -1.1794092655181885 6.53251838684082 161 96 102
-9.059453010559082 -1.3283971548080444 6.543295860290527 146 95 99
-9.378129959106445 -0.2768937945365906 6.5306549072265625 95 11 27
-9.396316528320312 -0.235105961561203 6.53535795211792 78 16 29
-9.350030899047852 -0.3612409830093384 6.524910926818848 74 14 24
-9.44235610961914 -0.07157094776630402 6.527913570404053 170 128 132
-9.116247177124023 -1.141448974609375 6.517795562744141 106 2 25
-9.081459999084473 -1.2876359224319458 6.526336669921875 100 6 27
-9.081459999084473 -1.2876359224319458 6.526336669921875 100 6 27
-9.147326469421387 -1.0657403469085693 6.515945911407471 83 13 24
-9.457191467285156 -0.10705012083053589 6.524367332458496 161 93 102
-9.473478317260742 -0.07676832377910614 6.53170919418335 160 118 122
-9.240608215332031 -0.7983927130699158 6.516600608825684 81 13 26
-9.177794456481934 -1.0089002847671509 6.51959228515625 98 4 22
-9.31984806060791 -0.5186532139778137 6.503081321716309 150 105 108
-9.448427200317383 -0.1700330674648285 6.521161079406738 84 24 28
-9.431659698486328 -0.21472042798995972 6.509029865264893 124 83 89
-9.518781661987305 0.0030552006792277098 6.5283894538879395 94 10 18
-9.476313591003418 -0.10509172827005386 6.486530303955078 58 1 4
-9.437824249267578 -0.28903913497924805 6.509314060211182 91 10 22
-9.437824249267578 -0.28903913497924805 6.509314060211182 91 10 22
-9.153969764709473 -1.1938531398773193 6.500526428222656 157 108 111
-9.153969764709473 -1.1938531398773193 6.500526428222656 157 108 111
-9.46613597869873 -0.20740044116973877 6.503320693969727 80 39 40
-9.11994743347168 -1.3230247497558594 6.501278877258301 120 73 76
-9.26107120513916 -0.8501983284950256 6.487730026245117 158 120 122
-9.527889251708984 -0.061294570565223694 6.509893417358398 129 82 88
-9.151034355163574 -1.2809430360794067 6.514991760253906 91 16 32
-9.211331367492676 -1.085445523262024 6.508998394012451 114 69 72
-9.211331367492676 -1.085445523262024 6.508998394012451 114 69 72
-9.322744369506836 -0.7224684953689575 6.4973320960998535 102 5 24
-9.284197807312012 -0.8160304427146912 6.47995138168335 151 114 117
-9.530375480651855 -0.14100703597068787 6.503798484802246 102 7 21
-9.503437995910645 -0.2132939100265503 6.494137287139893 83 42 41
-9.496818542480469 -0.2465987503528595 6.494322776794434 74 29 34
-9.428772926330566 -0.4535881578922272 6.486728668212891 101 10 27
-9.428772926330566 -0.4535881578922272 6.486728668212891 101 10 27
-9.292061805725098 -0.8931570053100586 6.479047775268555 99 6 25
-9.206245422363281 -1.2086046934127808 6.4951863288879395 152 91 98
-9.171092987060547 -1.2660462856292725 6.473464012145996 164 111 115
-9.198789596557617 -1.2391563653945923 6.48237943649292 87 47 48
-9.51922607421875 -0.2532353699207306 6.4813337326049805 67 22 27
-9.236358642578125 -1.1274523735046387 6.470551490783691 175 122 127
-9.366451263427734 -0.7105275988578796 6.466395854949951 78 16 25
-9.366451263427734 -0.7105275988578796 6.466395854949951 78 16 25
-9.53966236114502 -0.21957331895828247 6.48358154296875 95 55 53
-9.53966236114502 -0.21957331895828247 6.48358154296875 95 55 53
-9.581549644470215 -0.09377998113632202 6.482598304748535 101 9 32
-9.226400375366211 -1.1859409809112549 6.470137596130371 157 91 99
-9.775776863098145 0.5358127951622009 6.461356163024902 168 113 126
-9.775776863098145 0.5358127951622009 6.461356163024902 168 113 126
-9.47502613067627 -0.456978440284729 6.477410793304443 100 9 26
-9.47502613067627 -0.456978440284729 6.477410793304443 100 9 26
-9.31936264038086 -0.9306007623672485 6.469587802886963 166 115 120
-9.563727378845215 -0.23738010227680206 6.493905067443848 156 119 120
-9.54835319519043 -0.24773456156253815 6.469865798950195 156 119 120
-9.574609756469727 -0.1450825333595276 6.461452960968018 194 127 136
-9.574609756469727 -0.1450825333595276 6.461452960968018 194 127 136
-9.389266967773438 -0.7295783162117004 6.4628005027771 172 100 111
-9.619048118591309 -0.05908628925681114 6.47646951675415 177 110 114
-9.502718925476074 -0.39336562156677246 6.464914798736572 147 114 110
-9.502718925476074 -0.39336562156677246 6.464914798736572 147 114 110
-9.206158638000488 -1.3335556983947754 6.470243453979492 155 81 92
-9.56081771850586 -0.2879399359226227 6.477357387542725 176 115 122
-9.340465545654297 -0.9059468507766724 6.4496169090271 93 10 26
-9.4585599899292 -0.5548234581947327 6.452226638793945 164 103 113
-9.500314712524414 -0.4378912150859833 6.45362663269043 185 127 134
-9.800037384033203 0.48592886328697205 6.454892635345459 60 17 21
-9.286766052246094 -1.1128838062286377 6.448104381561279 71 22 26
-9.45925521850586 -0.6047001481056213 6.455594539642334 101 9 24
-9.635149955749512 -0.08990810066461563 6.462028980255127 101 14 33
-9.823503494262695 0.553473174571991 6.435384273529053 77 53 51
-9.491311073303223 -0.5332350134849548 6.452550411224365 78 15 26
-9.537667274475098 -0.3914888799190521 6.449507713317871 86 34 36
-9.588144302368164 -0.26769497990608215 6.4527177810668945 190 118 130
-9.606858253479004 -0.2204953134059906 6.455278396606445 176 117 123
-9.245404243469238 -1.3474348783493042 6.455807685852051 173 109 115
-9.580079078674316 -0.3215693235397339 6.4586029052734375 96 4 19
-9.580079078674316 -0.3215693235397339 6.4586029052734375 96 4 19
-9.82667064666748 0.47173836827278137 6.433940887451172 80 39 43
-9.367572784423828 -0.9721434116363525 6.443094253540039 86 19 30
-9.535594940185547 -0.46609336137771606 6.448047161102295 107 7 28
-9.452810287475586 -0.763953447341919 6.454684257507324 101 7 23
-9.502761840820312 -0.5661554336547852 6.434689521789551 169 115 122
-9.535594940185547 -0.5097522735595703 6.4492902755737305 173 110 118
-9.568685531616211 -0.400672048330307 6.443751811981201 79 12 19
-9.619654655456543 -0.25557294487953186 6.444425106048584 87 11 24
-9.28366470336914 -1.268117070198059 6.427850246429443 148 103 106
-9.49071216583252 -0.642253041267395 6.428028583526611 97 8 22
-9.667608261108398 -0.13531775772571564 6.441946506500244 161 119 121
-9.429197311401367 -0.8534011244773865 6.436169624328613 166 125 129
-9.50477123260498 -0.6214812994003296 6.430172920227051 103 9 23
-9.576143264770508 -0.45280346274375916 6.436059474945068 183 129 136
-9.304302215576172 -1.274533748626709 6.430125713348389 78 33 36
-9.310297966003418 -1.2442364692687988 6.425182342529297 156 107 110
-9.649054527282715 -0.22951510548591614 6.429231643676758 184 102 114
-9.378568649291992 -1.013033390045166 6.404843807220459 156 101 110
-9.427424430847168 -0.957205593585968 6.4411091804504395 177 111 118
-9.408801078796387 -0.9877813458442688 6.428671836853027 82 43 40
-9.558121681213379 -0.5547558665275574 6.4334917068481445 110 65 68
-9.590353965759277 -0.4668043255805969 6.423815727233887 69 25 26
-9.579879760742188 -0.49384185671806335 6.417839050292969 98 18 31
-9.61526870727539 -0.40209585428237915 6.421666145324707 91 17 26
-9.537280082702637 -0.7041736245155334 6.432951927185059 151 106 111
-9.537280082702637 -0.7041736245155334 6.432951927185059 151 106 111
-9.594255447387695 -0.5356624126434326 6.431166172027588 130 85 88
-9.710016250610352 -0.1899389922618866 6.42902946472168 108 5 22
-9.668601036071777 -0.2717306613922119 6.410826206207275 184 133 140
-9.668601036071777 -0.2717306613922119 6.410826206207275 184 133 140
-9.75110149383545 -0.06001387536525726 6.4216628074646 165 102 105
-9.630123138427734 -0.43925416469573975 6.424757957458496 160 116 117
-9.364189147949219 -1.2557576894760132 6.4272613525390625 156 108 111
-9.472262382507324 -0.9427390098571777 6.42319393157959 101 11 29
-9.472262382507324 -0.9427390098571777 6.42319393157959 101 11 29
-9.531570434570312 -0.7561150193214417 6.418323993682861 84 16 29
-9.504597663879395 -0.8458002209663391 6.413148403167725 176 124 128
-9.677491188049316 -0.31648167967796326 6.408437252044678 85 26 35
-9.499180793762207 -0.9093633890151978 6.409536361694336 182 129 135
-9.556354522705078 -0.7434218525886536 6.409611225128174 163 118 123
-9.752509117126465 -0.12423913925886154 6.398069858551025 102 56 58
-9.573716163635254 -0.6871960759162903 6.404384136199951 172 110 117
-9.573716163635254 -0.6871960759162903 6.404384136199951 172 110 117
-9.635176658630371 -0.5243006348609924 6.41093111038208 93 11 23
-9.71052360534668 -0.38901466131210327 6.4359450340271 170 109 112
-9.78093433380127 -0.10353895276784897 6.406548976898193 186 126 128
-9.676970481872559 -0.44084396958351135 6.408609867095947 169 110 117
-9.676970481872559 -0.44084396958351135 6.408609867095947 169 110 117
-9.485315322875977 -1.0811458826065063 6.42563533782959 102 8 24
-9.430801391601562 -1.2107888460159302 6.407589435577393 183 104 117
-9.444170951843262 -1.185180425643921 6.40982723236084 160 113 119
-9.740225791931152 -0.3147091567516327 6.388585567474365 177 118 124
-9.71230411529541 -0.4885031580924988 6.417938709259033 185 132 138
-9.391530990600586 -1.4515225887298584 6.399144172668457 86 40 42
-9.497596740722656 -1.141382098197937 6.400157451629639 152 91 98
-9.565979957580566 -0.9631838202476501 6.409994125366211 95 6 24
-9.622649192810059 -0.735162615776062 6.377856254577637 171 130 136
-9.782416343688965 -0.310319185256958 6.388940334320068 150 105 106
-9.69651985168457 -0.5396847724914551 6.367478370666504 115 17 36
-9.69651985168457 -0.5396847724914551 6.367478370666504 115 17 36
-9.678682327270508 -0.6644467115402222 6.392533302307129 109 9 27
-9.698332786560059 -0.6455568075180054 6.379371166229248 100 14 30
-9.4341459274292 -1.4668240547180176 6.387263774871826 142 96 98
-9.4341459274292 -1.4668240547180176 6.387263774871826 142 96 98
-9.915311813354492 0.003682975424453616 6.36480188369751 183 127 128
-9.889994621276855 -0.0673237070441246 6.363191604614258 168 130 129
-9.555153846740723 -1.0845932960510254 6.3727707862854 97 14 28
-9.555153846740723 -1.0845932960510254 6.3727707862854 97 14 28
-9.76344108581543 -0.4655759632587433 6.3699870109558105 168 117 122
-9.639263153076172 -0.9080145955085754 6.396491527557373 167 137 135
-9.45809555053711 -1.4188896417617798 6.380100727081299 99 6 17
-9.627528190612793 -0.9092509150505066 6.373400688171387 167 136 134
-9.69102668762207 -0.7190833687782288 6.3709869384765625 177 117 119
-9.635887145996094 -0.8715768456459045 6.364792823791504 191 131 133
-9.507416725158691 -1.3318578004837036 6.389834880828857 139 105 101
-9.507416725158691 -1.3318578004837036 6.389834880828857 139 105 101
-9.908477783203125 -0.05036376044154167 6.34738826751709 159 127 125
-9.468954086303711 -1.449353575706482 6.374094486236572 166 109 115
-9.945241928100586 0.024464823305606842 6.343317031860352 110 23 39
-9.654056549072266 -0.8982312679290771 6.35861873626709 91 35 41
-9.853658676147461 -0.32675376534461975 6.357043266296387 182 130 134
-9.853658676147461 -0.32675376534461975 6.357043266296387 182 130 134
-9.655527114868164 -0.9511335492134094 6.368486404418945 93 34 41
-9.798413276672363 -0.5475358963012695 6.3625311851501465 113 19 37
-9.798413276672363 -0.5475358963012695 6.3625311851501465 113 19 37
-9.798413276672363 -0.5475358963012695 6.3625311851501465 113 19 37
-9.798413276672363 -0.5475358963012695 6.3625311851501465 113 19 37
-9.481589317321777 -1.4837268590927124 6.3674139976501465 96 16 29
-9.731719970703125 -0.7594333291053772 6.367059707641602 149 108 114
-9.823175430297852 -0.48416757583618164 6.352363586425781 108 14 32
-9.823175430297852 -0.48416757583618164 6.352363586425781 108 14 32
-9.637614250183105 -1.0525548458099365 6.361771106719971 138 108 104
-9.701229095458984 -0.8378920555114746 6.347867012023926 112 9 30
-9.668453216552734 -0.9822840094566345 6.360442638397217 107 12 34
-9.518331527709961 -1.4199542999267578 6.355935096740723 110 12 27
-9.518331527709961 -1.4199542999267578 6.355935096740723 110 12 27
-9.551163673400879 -1.3161107301712036 6.349122047424316 177 110 117
-9.864776611328125 -0.4052192270755768 6.338767051696777 109 12 31
-9.864776611328125 -0.4052192270755768 6.338767051696777 109 12 31
-9.996321678161621 0.003520343219861388 6.320796012878418 105 13 27
-9.592318534851074 -1.227739930152893 6.343999862670898 169 119 126
-9.66378116607666 -1.0902931690216064 6.352892875671387 186 125 132
-9.981318473815918 -0.10413728654384613 6.323668956756592 186 130 137
-9.981318473815918 -0.10413728654384613 6.323668956756592 186 130 137
-9.864888191223145 -0.46061965823173523 6.330368518829346 184 121 126
-9.680158615112305 -1.0388457775115967 6.339559078216553 182 117 123
-9.715051651000977 -0.9772017002105713 6.35041618347168 159 98 105
-9.614485740661621 -1.2672314643859863 6.348811626434326 191 97 114
-9.540054321289062 -1.5002282857894897 6.3490190505981445 137 97 97
-9.862261772155762 -0.5281688570976257 6.331236362457275 87 38 41
-9.770133972167969 -0.8034214377403259 6.335306167602539 177 114 122
-9.882719039916992 -0.4829115867614746 6.335572719573975 92 42 43
-9.85745620727539 -0.637657642364502 6.355569362640381 133 97 93
-9.721312522888184 -0.9704226851463318 6.332856178283691 113 64 67
-10.01915168762207 -0.0635056272149086 6.308027267456055 97 29 40
-10.01915168762207 -0.0635056272149086 6.308027267456055 97 29 40
-9.722423553466797 -1.0202021598815918 6.342206954956055 101 9 24
-9.800885200500488 -0.7777694463729858 6.331578254699707 102 24 40
-9.610709190368652 -1.4327665567398071 6.367497444152832 112 13 31
-9.882797241210938 -0.5539252758026123 6.326775550842285 189 128 136
-9.666321754455566 -1.2159100770950317 6.331601142883301 98 19 35
-10.022951126098633 -0.12377594411373138 6.298973083496094 196 130 137
-10.022951126098633 -0.12377594411373138 6.298973083496094 196 130 137
-9.772859573364258 -0.9528345465660095 6.3287177085876465 102 24 40
-9.751262664794922 -0.9980888366699219 6.321081161499023 198 122 135
-9.751262664794922 -0.9980888366699219 6.321081161499023 198 122 135
-9.888629913330078 -0.6199976801872253 6.324380874633789 187 125 134
-9.85411548614502 -0.7058995366096497 6.313834190368652 106 21 37
-9.629293441772461 -1.36959969997406 6.321443557739258 101 25 38
-9.629293441772461 -1.36959969997406 6.321443557739258 101 25 38
-9.884825706481934 -0.6485756039619446 6.320000171661377 80 41 42
-9.658458709716797 -1.3042653799057007 6.323335647583008 114 13 34
-9.929353713989258 -0.5915985703468323 6.324427604675293 108 20 36
-10.077451705932617 -0.035809069871902466 6.273702144622803 108 21 30
-10.061534881591797 -0.10853540152311325 6.280837535858154 113 19 33
-10.061534881591797 -0.10853540152311325 6.280837535858154 113 19 33
-9.906567573547363 -0.6303310990333557 6.310107707977295 174 104 115
-9.73991870880127 -1.1159244775772095 6.314642429351807 168 122 124
-9.825777053833008 -0.9248824119567871 6.330219745635986 173 127 132
-9.771327018737793 -1.0644813776016235 6.324057579040527 169 114 117
-9.959260940551758 -0.48483017086982727 6.303591728210449 98 28 33
-9.959260940551758 -0.48483017086982727 6.303591728210449 98 28 33
-9.70511531829834 -1.2649856805801392 6.317521095275879 184 138 141
-9.605694770812988 -1.519942045211792 6.305652141571045 197 141 147
-9.605694770812988 -1.519942045211792 6.305652141571045 197 141 147
-9.723164558410645 -1.245241403579712 6.3156819343566895 111 66 69
-9.723164558410645 -1.245241403579712 6.3156819343566895 111 66 69
-9.872593879699707 -0.8097769021987915 6.304472923278809 144 98 101
-9.872593879699707 -0.8097769021987915 6.304472923278809 144 98 101
-10.07766342163086 -0.14776703715324402 6.2637248039245605 181 140 138
-9.98098373413086 -0.516371488571167 6.293287754058838 96 25 37
-9.847347259521484 -0.9578996300697327 6.3180928230285645 163 121 123
-9.679041862487793 -1.3881837129592896 6.296427249908447 153 106 112
-9.679041862487793 -1.3881837129592896 6.296427249908447 153 106 112
-10.011391639709473 -0.4523649215698242 6.292240619659424 115 15 33
-9.959711074829102 -0.5616359114646912 6.2777276039123535 100 31 42
-9.993744850158691 -0.5344476103782654 6.292873382568359 177 125 129
-9.880316734313965 -0.892013669013977 6.305631637573242 123 13 31
-9.901276588439941 -0.8435919284820557 6.301059246063232 190 125 135
-10.013721466064453 -0.5208061337471008 6.284822940826416 125 72 76
-10.045428276062012 -0.41925111413002014 6.270636081695557 196 130 136
-10.062368392944336 -0.367031991481781 6.263614177703857 174 124 127
-9.959141731262207 -0.7592049837112427 6.2970428466796875 114 16 29
-9.931324005126953 -0.8236069679260254 6.2874860763549805 115 18 38
-10.04137897491455 -0.5119464993476868 6.283191204071045 189 129 131
-9.768258094787598 -1.2852591276168823 6.282902240753174 182 132 141
-9.97896957397461 -0.6928372979164124 6.271775722503662 162 123 124
-9.83630657196045 -1.129128098487854 6.282443046569824 160 114 117
-10.029330253601074 -0.5418863892555237 6.2627644538879395 99 48 53
-9.877305030822754 -1.049596905708313 6.293578624725342 121 16 33
-10.0801362991333 -0.3651690185070038 6.244900703430176 114 21 32
-10.051105499267578 -0.5492720603942871 6.268007755279541 99 48 53
-9.900299072265625 -0.9784136414527893 6.270979881286621 181 142 145
-10.098401069641113 -0.38491091132164 6.2352471351623535 191 118 127
-10.100690841674805 -0.42023271322250366 6.245421886444092 105 32 41
-9.924345016479492 -0.9675140380859375 6.2665276527404785 103 64 67
-9.823487281799316 -1.2544400691986084 6.269075393676758 171 115 120
-10.030287742614746 -0.6201645135879517 6.242570877075195 202 136 145
-10.091909408569336 -0.48649361729621887 6.249343395233154 114 20 34
-9.834965705871582 -1.2115347385406494 6.254545211791992 120 15 35
-9.834965705871582 -1.2115347385406494 6.254545211791992 120 15 35
-9.952847480773926 -0.9079848527908325 6.254002571105957 180 108 119
-9.860227584838867 -1.1592137813568115 6.25092887878418 172 125 128
-9.860227584838867 -1.1592137813568115 6.25092887878418 172 125 128
-9.801939964294434 -1.3568860292434692 6.260968208312988 116 17 37
-9.801939964294434 -1.3568860292434692 6.260968208312988 116 17 37
-10.0420560836792 -0.6824959516525269 6.252721309661865 191 127 135
-10.071118354797363 -0.5945237278938293 6.246797561645508 89 19 30
-9.940628051757812 -0.9981095194816589 6.2566986083984375 98 53 56
-9.940628051757812 -0.9981095194816589 6.2566986083984375 98 53 56
-10.054471969604492 -0.6500831842422485 6.241113185882568 122 24 44
-10.134344100952148 -0.40420132875442505 6.219395637512207 191 127 133
-9.846413612365723 -1.2873709201812744 6.253859043121338 166 129 130
-9.98354434967041 -0.8926599621772766 6.245049953460693 117 19 40
-9.98354434967041 -0.8926599621772766 6.245049953460693 117 19 40
-9.899842262268066 -1.148227572441101 6.251707077026367 110 27 42
-9.88546371459961 -1.182608962059021 6.249431610107422 108 15 33
-9.975532531738281 -0.9364423751831055 6.232483386993408 120 17 34
-10.146078109741211 -0.44695502519607544 6.218396186828613 143 106 105
-10.071585655212402 -0.7256928086280823 6.241649627685547 166 127 128
-9.877643585205078 -1.2516509294509888 6.234555244445801 132 81 84
-9.877643585205078 -1.2516509294509888 6.234555244445801 132 81 84
-10.087618827819824 -0.6727831959724426 6.222909450531006 115 21 39
-9.849849700927734 -1.323591947555542 6.2246785163879395 199 136 145
-9.92093276977539 -1.1388750076293945 6.226449489593506 165 110 116
-10.133210182189941 -0.5692611932754517 6.202830791473389 158 97 104
-10.162890434265137 -0.4477125108242035 6.1858296394348145 108 46 51
-9.876989364624023 -1.3144086599349976 6.217648983001709 107 28 45
-10.096088409423828 -0.7073585391044617 6.212338924407959 189 122 131
-10.012200355529785 -0.9689751863479614 6.219839096069336 212 124 136
-9.96652889251709 -1.098393440246582 6.2170610427856445 120 19 35
-10.024683952331543 -0.9373578429222107 6.2094221115112305 116 28 40
-10.134998321533203 -0.6158088445663452 6.195919990539551 170 144 140
-10.112485885620117 -0.6198127865791321 6.168370723724365 170 144 140
-9.863632202148438 -1.3853375911712646 6.19805908203125 123 14 33
-10.118051528930664 -0.6994842886924744 6.18150520324707 129 6 32
-9.92984390258789 -1.2507469654083252 6.194036483764648 117 19 32
-10.038200378417969 -0.9900314807891846 6.198338985443115 126 18 41
-10.038200378417969 -0.9900314807891846 6.198338985443115 126 18 41
-10.038200378417969 -0.9900314807891846 6.198338985443115 126 18 41
-10.131248474121094 -0.7424411773681641 6.1767168045043945 138 95 99
-10.056402206420898 -0.9114654660224915 6.164623260498047 144 108 110
-10.056402206420898 -0.9114654660224915 6.164623260498047 144 108 110
-10.056402206420898 -0.9114654660224915 6.164623260498047 144 108 110
-10.065330505371094 -0.9575091600418091 6.182016372680664 161 101 108
-10.044187545776367 -1.0232330560684204 6.179196357727051 191 131 138
-10.142341613769531 -0.6839089393615723 6.1512837409973145 193 144 147
-10.015178680419922 -1.0675723552703857 6.165762901306152 198 146 154
-10.150745391845703 -0.6652982831001282 6.143279552459717 88 34 42
-10.166037559509277 -0.6229641437530518 6.1420440673828125 89 33 36
-10.139497756958008 -0.7432475090026855 6.1522111892700195 187 136 140
-10.127305030822754 -0.7762884497642517 6.151716232299805 87 38 41
-10.020861625671387 -1.0936740636825562 6.162568092346191 86 44 48
-10.032829284667969 -1.0499308109283447 6.157202243804932 86 41 44
-10.058622360229492 -1.0323816537857056 6.156485557556152 193 118 123
-10.144425392150879 -0.7218048572540283 6.126065731048584 117 30 46
-10.040173530578613 -1.0859776735305786 6.149862289428711 186 120 132
-10.081093788146973 -0.9941155314445496 6.1528191566467285 118 24 40
-10.060951232910156 -1.0618512630462646 6.156040191650391 103 37 49
-10.023834228515625 -1.1453826427459717 6.150355339050293 116 16 38
-10.036466598510742 -1.1127866506576538 6.1473565101623535 99 28 40
-9.997201919555664 -1.210453987121582 6.1375298500061035 179 146 147
-10.177538871765137 -0.8543378710746765 6.179343223571777 120 19 35
-10.177538871765137 -0.8543378710746765 6.179343223571777 120 19 35
-10.109668731689453 -0.9283525347709656 6.133784294128418 119 19 40
-10.052762031555176 -1.09637451171875 6.113447666168213 210 171 174
-10.048778533935547 -1.1370341777801514 6.123571395874023 212 150 161
-10.01386547088623 -1.2288529872894287 6.084275722503662 84 34 37
-10.124265670776367 -0.9686511158943176 6.065390586853027 202 145 152
-7.926250457763672 -0.9092643857002258 6.168801307678223 109 81 78
-7.954470634460449 -0.8336563110351562 6.142852306365967 82 66 66
-7.9724812507629395 -0.7510464191436768 6.147549629211426 97 76 75
-8.041234970092773 -0.5902580618858337 6.10247278213501 160 142 138
-8.063614845275879 -0.593998908996582 6.097257137298584 67 47 39
-8.10196590423584 -0.6073020696640015 6.068967342376709 157 145 147
-8.007336616516113 -1.128373384475708 6.0736870765686035 147 138 141
-8.007336616516113 -1.128373384475708 6.0736870765686035 147 138 141
-8.299284934997559 0.2131827473640442 6.051371097564697 163 143 145
-8.132568359375 -0.6676397323608398 6.0170512199401855 79 42 49
-8.351374626159668 0.2629704475402832 6.006692886352539 170 161 173
-8.082375526428223 -1.0879329442977905 6.033315658569336 146 137 138
-8.204482078552246 -0.5519444346427917 5.988875389099121 40 30 31
-8.204482078552246 -0.5519444346427917 5.988875389099121 40 30 31
-8.226151466369629 -0.631497859954834 5.975649356842041 59 23 29
-8.24924373626709 -0.5835952162742615 5.966728687286377 145 141 142
-8.4384765625 0.30535346269607544 5.951760292053223 78 76 97
-8.284154891967773 -0.5770426988601685 5.930648326873779 32 0 5
-8.487556457519531 0.2667660713195801 5.916260242462158 47 46 77
-8.520743370056152 0.3254203498363495 5.909091949462891 129 126 150
-8.522004127502441 0.3262510299682617 5.910640716552734 129 126 150
-8.330878257751465 -0.5709434747695923 5.919703006744385 157 104 114
-8.531188011169434 0.3519444763660431 5.90036678314209 50 48 69
-8.357884407043457 -0.5670886039733887 5.90689754486084 94 40 50
-8.494894981384277 -1.115697979927063 5.8326616287231445 85 8 24
-8.471505165100098 -1.2537777423858643 5.847509860992432 162 116 122
-8.448211669921875 -1.4015922546386719 5.854450225830078 152 109 118
-8.448211669921875 -1.4015922546386719 5.854450225830078 152 109 118
-8.454244613647461 -1.3735498189926147 5.84821081161499 143 100 108
-8.485894203186035 -1.2345848083496094 5.828317165374756 68 19 25
-8.449804306030273 -1.4384113550186157 5.8536295890808105 85 13 27
-8.507597923278809 -1.1481229066848755 5.819679260253906 154 100 110
-8.478842735290527 -1.3200849294662476 5.839282035827637 89 17 31
-8.574356079101562 -0.9132264852523804 5.812767028808594 88 9 22
-8.506232261657715 -1.2304680347442627 5.8238935470581055 148 91 100
-8.466411590576172 -1.4675213098526 5.854460716247559 157 115 117
-8.571690559387207 -0.938590943813324 5.79325532913208 164 118 121
-8.571690559387207 -0.938590943813324 5.79325532913208 164 118 121
-8.547123908996582 -1.0595060586929321 5.806779384613037 149 98 105
-8.605901718139648 -0.8213991522789001 5.79750919342041 155 69 85
-8.56142807006836 -1.0506105422973633 5.807880878448486 149 98 105
-8.596150398254395 -0.8846215009689331 5.790396690368652 172 109 120
-8.630440711975098 -0.7838897705078125 5.786247730255127 147 108 111
-8.658486366271973 -0.6571648120880127 5.775701522827148 176 104 116
-8.558037757873535 -1.1151574850082397 5.8006391525268555 133 88 94
-8.587297439575195 -0.9930481910705566 5.7970123291015625 70 21 25
-8.526256561279297 -1.300437092781067 5.819936752319336 153 112 118
-8.726512908935547 -0.4383314549922943 5.7578535079956055 93 12 25
-8.593389511108398 -1.0423340797424316 5.7897772789001465 146 93 103
-8.570318222045898 -1.162793755531311 5.804049491882324 159 115 125
-8.67621898651123 -0.6706478595733643 5.764863014221191 140 105 106
-8.697039604187012 -0.5943647623062134 5.762486934661865 169 113 122
-8.591452598571777 -1.0828001499176025 5.789536476135254 92 9 25
-8.731691360473633 -0.4742763638496399 5.757143974304199 172 121 130
-8.657190322875977 -0.8063144087791443 5.772367000579834 77 14 31
-8.740734100341797 -0.43460512161254883 5.74671745300293 93 42 49
-8.532533645629883 -1.397581934928894 5.824059963226318 148 97 106
-8.778727531433105 -0.2918952405452728 5.734203338623047 82 15 24
-8.658721923828125 -0.8445440530776978 5.778741359710693 98 7 24
-8.77984619140625 -0.31425637006759644 5.745290756225586 168 102 111
-8.753350257873535 -0.42389142513275146 5.746504306793213 140 89 96
-8.721595764160156 -0.5682224035263062 5.756027698516846 79 22 31
-8.686756134033203 -0.733346164226532 5.768024921417236 94 6 20
-8.651446342468262 -0.8915727734565735 5.777631759643555 156 102 108
-8.651446342468262 -0.8915727734565735 5.777631759643555 156 102 108
-8.621252059936523 -1.0353463888168335 5.779995441436768 86 16 28
-8.697782516479492 -0.6939481496810913 5.752535820007324 151 98 106
-8.558703422546387 -1.90371835231781 6.128742694854736 198 230 245
-8.71653938293457 -0.6253844499588013 5.7554030418396 94 11 29
-8.732882499694824 -0.5916860103607178 5.755404949188232 74 27 33
-8.59052848815918 -1.2469966411590576 5.799527645111084 157 107 111
-8.765999794006348 -0.46023809909820557 5.743777275085449 79 26 36
-8.582971572875977 -1.2785366773605347 5.796835899353027 144 122 120
-8.544145584106445 -1.4829457998275757 5.819258689880371 83 27 36
-8.634389877319336 -1.0523322820663452 5.772362232208252 149 96 104
-8.7481689453125 -0.5404092073440552 5.738063812255859 165 109 116
-8.747507095336914 -0.5403337478637695 5.736845970153809 165 109 116
-8.561646461486816 -1.4072462320327759 5.810173511505127 143 98 103
-8.649077415466309 -0.9828076958656311 5.765259265899658 94 13 30
-8.649077415466309 -0.9828076958656311 5.765259265899658 94 13 30
-8.745192527770996 -0.6037701964378357 5.740411758422852 173 117 125
-8.782341003417969 -0.48461654782295227 5.743968486785889 169 121 132
-8.565731048583984 -1.4532438516616821 5.806115627288818 94 7 23
-8.565731048583984 -1.4532438516616821 5.806115627288818 94 7 23
-8.624971389770508 -1.1738470792770386 5.775680065155029 164 87 108
-8.760477066040039 -0.5761789679527283 5.737476825714111 121 82 87
-8.760477066040039 -0.5761789679527283 5.737476825714111 121 82 87
-8.774818420410156 -0.5232241153717041 5.737165451049805 90 8 23
-8.774818420410156 -0.5232241153717041 5.737165451049805 90 8 23
-8.773930549621582 -0.5376423597335815 5.741363525390625 69 7 16
-8.728832244873047 -0.7269348502159119 5.748325824737549 170 90 103
-8.79719352722168 -0.4299875497817993 5.732419490814209 164 108 119
-8.79719352722168 -0.4299875497817993 5.732419490814209 164 108 119
-8.738435745239258 -0.7013394236564636 5.750210762023926 162 106 115
-8.830321311950684 -0.33123064041137695 5.72376823425293 129 84 87
-8.683597564697266 -0.9610280990600586 5.754408836364746 158 126 131
-8.760278701782227 -0.634243905544281 5.738028049468994 99 11 33
-8.802392959594727 -0.4675455689430237 5.732793807983398 76 25 35
-8.802392959594727 -0.4675455689430237 5.732793807983398 76 25 35
-8.638388633728027 -1.1931089162826538 5.772658348083496 76 12 29
-8.648157119750977 -1.154075026512146 5.773063659667969 94 21 38
-8.607019424438477 -1.3415828943252563 5.784944534301758 91 7 23
-8.607019424438477 -1.3415828943252563 5.784944534301758 91 7 23
-8.780722618103027 -0.5803869962692261 5.731707572937012 77 32 35
-8.672351837158203 -1.0613561868667603 5.7598876953125 141 95 101
-8.600706100463867 -1.416290283203125 5.7986159324646 140 96 101
-8.632919311523438 -1.2603198289871216 5.778194904327393 164 103 111
-8.698999404907227 -0.9688298106193542 5.743852615356445 81 32 40
-8.698999404907227 -0.9688298106193542 5.743852615356445 81 32 40
-8.711755752563477 -0.9447602033615112 5.751649856567383 144 112 117
-8.703450202941895 -0.9929625391960144 5.757171630859375 91 19 31
-8.60457992553711 -1.4333592653274536 5.785438537597656 87 37 44
-8.6565523147583 -1.2109601497650146 5.768711090087891 150 91 103
-8.724661827087402 -0.9097535610198975 5.748312950134277 79 21 27
-8.864819526672363 -0.3237995505332947 5.723039150238037 100 45 50
-8.652619361877441 -1.2439988851547241 5.764379501342773 92 10 22
-8.86867904663086 -0.33730196952819824 5.722259998321533 169 114 119
-9.022664070129395 0.30934321880340576 5.69083309173584 145 127 127
-8.83747673034668 -0.4694857597351074 5.721015930175781 76 33 40
-8.61358642578125 -1.4516630172729492 5.783748626708984 152 77 90
-8.61358642578125 -1.4516630172729492 5.783748626708984 152 77 90
-8.722047805786133 -0.9711018204689026 5.747050762176514 158 121 128
-8.76842975616455 -0.7840558886528015 5.736382961273193 179 103 120
-8.782390594482422 -0.7322649359703064 5.731133937835693 117 58 65
-8.996880531311035 0.1569097489118576 5.698042869567871 76 33 42
-8.746113777160645 -0.9084035158157349 5.741385459899902 151 90 95
-8.637188911437988 -1.4108291864395142 5.783377170562744 144 108 108
-8.637188911437988 -1.4108291864395142 5.783377170562744 144 108 108
-8.82779312133789 -0.5582607984542847 5.719162464141846 164 107 113
-8.72326946258545 -1.0275540351867676 5.7450737953186035 158 98 106
-8.833394050598145 -0.5302470922470093 5.704185485839844 100 9 26
-8.81599235534668 -0.6209627985954285 5.717036724090576 164 111 124
-9.030816078186035 0.26447397470474243 5.688106060028076 70 27 37
-8.687200546264648 -1.1904577016830444 5.7558417320251465 138 100 103
-9.02698802947998 0.24148088693618774 5.688114643096924 82 27 41
-8.635547637939453 -1.443712592124939 5.781981945037842 90 33 42
-8.694158554077148 -1.168917179107666 5.755305290222168 88 43 48
-9.007438659667969 0.1431305706501007 5.696902751922607 157 107 116
-9.00814151763916 0.14346657693386078 5.697630405426025 157 107 116
-9.00814151763916 0.14346657693386078 5.697630405426025 157 107 116
-8.834700584411621 -0.544008731842041 5.700357437133789 94 13 26
-8.659403800964355 -1.3207796812057495 5.756226539611816 81 27 35
-8.78113842010498 -0.8039916157722473 5.728053092956543 74 13 26
-8.676115036010742 -1.2863653898239136 5.761941909790039 80 44 44
-8.676115036010742 -1.2863653898239136 5.761941909790039 80 44 44
-8.815391540527344 -0.6542209982872009 5.709619522094727 101 18 36
-9.021499633789062 0.15779933333396912 5.6923604011535645 73 39 40
-8.747685432434082 -0.9787696599960327 5.735091209411621 161 122 129
-9.035247802734375 0.205752894282341 5.687066078186035 63 37 38
-9.006704330444336 0.10442011803388596 5.677615642547607 155 125 125
-8.660598754882812 -1.3883302211761475 5.763644695281982 138 98 99
-9.043455123901367 0.234124094247818 5.681240081787109 77 43 44
-8.768633842468262 -0.9169467091560364 5.72830057144165 175 117 122
-9.020792961120605 0.13483256101608276 5.6806440353393555 160 126 127
-8.682330131530762 -1.298364520072937 5.752228260040283 131 88 90
-8.846013069152832 -0.5995659828186035 5.711244106292725 74 23 28
-8.846013069152832 -0.5995659828186035 5.711244106292725 74 23 28
-9.055150032043457 0.25749361515045166 5.68166971206665 153 119 120
-8.722128868103027 -1.1616191864013672 5.7566399574279785 125 77 81
-8.980611801147461 -0.045903436839580536 5.689227104187012 141 130 128
-8.90705680847168 -0.3466078042984009 5.697636604309082 153 123 121
-8.90705680847168 -0.3466078042984009 5.697636604309082 153 123 121
-8.875628471374512 -0.480818510055542 5.699917793273926 160 119 123
-8.791169166564941 -0.8398566246032715 5.716622829437256 154 105 113
-9.060478210449219 0.23657697439193726 5.671544075012207 153 119 120
-9.044357299804688 0.14793463051319122 5.677520275115967 70 36 37
-8.854467391967773 -0.6264236569404602 5.702808380126953 172 123 127
-8.898408889770508 -0.45150190591812134 5.698195934295654 68 28 36
-8.898408889770508 -0.45150190591812134 5.698195934295654 68 28 36
-9.099125862121582 0.3538164794445038 5.67587423324585 145 116 120
-8.691198348999023 -1.3597407341003418 5.754903316497803 94 12 24
-9.045309066772461 0.0985327810049057 5.6873626708984375 151 125 126
-9.097426414489746 0.3335246443748474 5.667259693145752 59 34 37
-8.953071594238281 -0.3004401922225952 5.698483467102051 95 3 16
-8.762025833129883 -1.067348837852478 5.717521667480469 142 116 112
-8.934781074523926 -0.35893282294273376 5.6806488037109375 139 108 106
-9.090519905090332 0.2486693561077118 5.669734954833984 135 90 95
-9.10646915435791 0.3206828832626343 5.663260459899902 148 126 128
-9.081493377685547 0.18560092151165009 5.683346271514893 146 126 125
-8.88003158569336 -0.6097265481948853 5.694242477416992 65 14 19
-8.8077974319458 -0.9270836114883423 5.714051246643066 159 101 107
-8.901275634765625 -0.5408971905708313 5.694206714630127 102 7 25
-8.804987907409668 -0.9611024856567383 5.713940620422363 87 24 35
-8.947121620178223 -0.3775901794433594 5.680547714233398 165 124 130
-8.871220588684082 -0.7307959794998169 5.704152584075928 150 96 102
-8.791436195373535 -1.067370891571045 5.721062183380127 84 55 51
-8.943061828613281 -0.44885945320129395 5.696366310119629 170 93 105
-8.933928489685059 -0.4692515432834625 5.6837477684021 164 123 127
-8.8785400390625 -0.7101994156837463 5.6983513832092285 76 45 43
-8.96206283569336 -0.36514097452163696 5.678043842315674 83 38 41
-8.91291332244873 -0.5781514048576355 5.687070846557617 162 106 109
-8.727706909179688 -1.3882664442062378 5.7430596351623535 120 68 70
-9.126248359680176 0.2878689169883728 5.64522647857666 149 128 127
-8.959419250488281 -0.40580829977989197 5.67830753326416 156 89 104
-8.8856782913208 -0.7312701344490051 5.697641372680664 151 101 105
-8.947471618652344 -0.48364484310150146 5.686634063720703 100 59 63
-8.954597473144531 -0.45642417669296265 5.6792449951171875 90 20 30
-8.739542961120605 -1.355292797088623 5.7271575927734375 93 28 37
-8.943624496459961 -0.4906705915927887 5.673557758331299 132 91 95
-8.83225154876709 -0.965265691280365 5.703529357910156 157 125 126
-8.834558486938477 -0.9989733099937439 5.711832046508789 153 111 115
-9.137805938720703 0.24950088560581207 5.654151916503906 58 37 36
-9.137805938720703 0.24950088560581207 5.654151916503906 58 37 36
-8.785408973693848 -1.1953829526901245 5.715212821960449 107 78 76
-8.785408973693848 -1.1953829526901245 5.715212821960449 107 78 76
-9.16393756866455 0.34403112530708313 5.647067546844482 83 51 52
-8.961005210876465 -0.4761020541191101 5.67836332321167 166 125 129
-8.988483428955078 -0.38169997930526733 5.676772117614746 152 116 120
-8.950801849365234 -0.5504426956176758 5.678430557250977 94 8 24
-8.950801849365234 -0.5504426956176758 5.678430557250977 94 8 24
-8.847049713134766 -0.9730991721153259 5.69434928894043 143 111 116
-8.97398853302002 -0.4623403251171112 5.6736955642700195 164 117 120
-9.119009971618652 0.13423804938793182 5.642470836639404 87 44 51
-8.866331100463867 -0.9007850289344788 5.686300754547119 98 5 23
-8.902112007141113 -0.7805336713790894 5.69351863861084 96 8 22
-8.815402030944824 -1.1670243740081787 5.713622093200684 84 17 27
-8.750587463378906 -1.458895206451416 5.729345321655273 141 94 102
-9.138108253479004 0.1250048279762268 5.652858257293701 153 118 122
-9.0153169631958 -0.3695654273033142 5.664106369018555 131 86 89
-8.853157043457031 -1.0372306108474731 5.693760395050049 94 11 29
-8.998700141906738 -0.4519122540950775 5.6703619956970215 85 17 26
-9.211750030517578 0.42227256298065186 5.615583896636963 65 34 34
-8.781641960144043 -1.400452733039856 5.726467609405518 90 10 23
-8.815614700317383 -1.22755765914917 5.700836658477783 167 117 123
-8.95057201385498 -0.6811161637306213 5.6725077629089355 89 10 25
-9.145243644714355 0.09429622441530228 5.643045902252197 81 37 41
-8.813272476196289 -1.2743983268737793 5.71069860458374 158 85 96
-8.813272476196289 -1.2743983268737793 5.71069860458374 158 85 96
-8.82841968536377 -1.2022098302841187 5.702520847320557 149 113 111
-8.82841968536377 -1.2022098302841187 5.702520847320557 149 113 111
-9.201645851135254 0.31379956007003784 5.62744665145874 86 45 49
-9.005767822265625 -0.5119292140007019 5.676938533782959 49 13 15
-8.806009292602539 -1.3225319385528564 5.710199356079102 168 116 121
-8.992185592651367 -0.539018988609314 5.656017303466797 175 121 129
-8.913776397705078 -0.8859319686889648 5.680070877075195 91 37 46
-8.913776397705078 -0.8859319686889648 5.680070877075195 91 37 46
-8.925189018249512 -0.852821409702301 5.679217338562012 148 101 109
-8.79865837097168 -1.3976495265960693 5.716800212860107 156 76 89
-8.79865837097168 -1.3976495265960693 5.716800212860107 156 76 89
-8.788016319274902 -1.4432231187820435 5.718501567840576 131 91 95
-8.890376091003418 -1.0146315097808838 5.6894307136535645 170 121 130
-9.17014217376709 0.11309636384248734 5.633385181427002 138 107 112
-9.17014217376709 0.11309636384248734 5.633385181427002 138 107 112
-8.899029731750488 -0.9854336977005005 5.682157516479492 71 35 39
-8.854046821594238 -1.1873496770858765 5.698671340942383 156 95 102
-8.961660385131836 -0.7234774231910706 5.662552833557129 106 55 60
-8.90682315826416 -0.9555360674858093 5.6684489250183105 166 117 121
-8.845099449157715 -1.2320363521575928 5.690650463104248 164 111 119
-9.208163261413574 0.2225341498851776 5.625184535980225 146 132 129
-9.208163261413574 0.2225341498851776 5.625184535980225 146 132 129
-8.933403968811035 -0.9016156196594238 5.679455757141113 161 114 118
-8.933403968811035 -0.9016156196594238 5.679455757141113 161 114 118
-8.80969524383545 -1.4102288484573364 5.705483913421631 81 11 21
-8.80969524383545 -1.4102288484573364 5.705483913421631 81 11 21
-8.984819412231445 -0.6856527924537659 5.658783435821533 94 11 27
-8.984819412231445 -0.6856527924537659 5.658783435821533 94 11 27
-9.179339408874512 0.09522886574268341 5.623007297515869 63 17 27
-8.893474578857422 -1.046671748161316 5.668118953704834 97 15 29
-9.060186386108398 -0.39604032039642334 5.645024299621582 90 14 26
-8.864763259887695 -1.21335768699646 5.694467544555664 77 38 37
-8.864763259887695 -1.21335768699646 5.694467544555664 77 38 37
-9.035085678100586 -0.5444076061248779 5.654407501220703 165 111 119
-9.055696487426758 -0.5073332786560059 5.669868469238281 168 129 130
-9.043401718139648 -0.5144986510276794 5.649839401245117 177 131 133
-9.196255683898926 0.08956592530012131 5.625195503234863 174 118 130
-8.84055233001709 -1.3551154136657715 5.6975483894348145 156 101 110
-8.84055233001709 -1.3551154136657715 5.6975483894348145 156 101 110
-9.062647819519043 -0.43253907561302185 5.639516830444336 171 119 124
-9.062647819519043 -0.43253907561302185 5.639516830444336 171 119 124
-8.985573768615723 -0.7592988014221191 5.661531925201416 163 100 111
-9.209463119506836 0.1334490031003952 5.624448299407959 86 35 46
-8.830084800720215 -1.4089038372039795 5.7012553215026855 156 78 91
-9.013583183288574 -0.6658628582954407 5.6527419090271 176 116 126
-8.878313064575195 -1.2371426820755005 5.690835475921631 154 105 111
-9.200389862060547 0.07465055584907532 5.618829727172852 68 25 31
-8.821521759033203 -1.4593545198440552 5.696498870849609 80 51 53
-9.032039642333984 -0.6086158156394958 5.651618957519531 164 118 120
-9.093698501586914 -0.36474722623825073 5.642528057098389 171 112 118
-9.031880378723145 -0.6085012555122375 5.65122127532959 164 118 120
-8.979998588562012 -0.8029269576072693 5.654574394226074 97 9 25
-8.979998588562012 -0.8029269576072693 5.654574394226074 97 9 25
-9.22380542755127 0.1284967064857483 5.614925384521484 74 45 47
-9.004642486572266 -0.7456712126731873 5.649911403656006 84 21 32
-8.9208984375 -1.0994895696640015 5.671544551849365 83 12 23
-9.22829818725586 0.10496227443218231 5.610109329223633 158 117 125
-9.279900550842285 0.29855039715766907 5.601134300231934 63 39 37
-9.07403564453125 -0.5327227711677551 5.633713245391846 167 104 115
-9.067866325378418 -0.5758150219917297 5.638225078582764 96 11 24
-9.067866325378418 -0.5758150219917297 5.638225078582764 96 11 24
-9.098098754882812 -0.45330649614334106 5.631242752075195 93 10 23
-9.098098754882812 -0.45330649614334106 5.631242752075195 93 10 23
-9.090174674987793 -0.49289798736572266 5.63590669631958 160 102 110
-9.040525436401367 -0.6905179619789124 5.645650863647461 102 9 30
-9.016979217529297 -0.7707566618919373 5.639700412750244 155 110 115
-8.956719398498535 -1.0319093465805054 5.657018661499023 184 134 138
-8.956719398498535 -1.0319093465805054 5.657018661499023 184 134 138
-9.299452781677246 0.32448986172676086 5.589101791381836 162 132 130
-9.032726287841797 -0.7294687628746033 5.633176326751709 149 103 109
-9.063156127929688 -0.6380404829978943 5.633708477020264 78 17 24
-8.872044563293457 -1.411717176437378 5.675808906555176 97 6 23
-8.872044563293457 -1.411717176437378 5.675808906555176 97 6 23
-8.923144340515137 -1.249794840812683 5.675363063812256 175 109 121
-9.102129936218262 -0.5213599801063538 5.630485534667969 84 18 30
-9.011106491088867 -0.8938844799995422 5.651581287384033 151 104 112
-9.019976615905762 -0.8504512310028076 5.637501239776611 159 105 111
-9.142829895019531 -0.39194637537002563 5.62587833404541 82 41 42
-8.996790885925293 -0.9774647951126099 5.650089263916016 167 116 118
-9.136706352233887 -0.42585980892181396 5.6215128898620605 155 109 112
-9.148876190185547 -0.40199702978134155 5.620541572570801 146 126 121
-9.115144729614258 -0.5384775400161743 5.625152587890625 173 121 129
-9.122376441955566 -0.5010784864425659 5.610711574554443 149 100 106
-9.11271858215332 -0.5556302070617676 5.6129679679870605 91 37 45
-9.024557113647461 -0.9638494849205017 5.65580940246582 76 2 12
-9.153908729553223 -0.4125167429447174 5.608096599578857 106 66 67
-9.079816818237305 -0.7111232876777649 5.624329566955566 97 8 28
-9.103738784790039 -0.6376510858535767 5.618807315826416 98 39 46
-8.96391487121582 -1.2273006439208984 5.657516002655029 137 84 88
-9.135086059570312 -0.5366200804710388 5.615291595458984 114 72 76
-9.001594543457031 -1.1011961698532104 5.655148029327393 147 94 96
-9.175454139709473 -0.40597110986709595 5.610664367675781 164 124 125
-9.149386405944824 -0.5059680938720703 5.615722179412842 108 66 70
-9.105562210083008 -0.693760097026825 5.623072147369385 182 122 132
-9.143610000610352 -0.5527730584144592 5.61544132232666 169 121 127
-9.15064811706543 -0.5305581092834473 5.616694450378418 149 107 111
-9.15064811706543 -0.5305581092834473 5.616694450378418 149 107 111
-9.113103866577148 -0.6698485016822815 5.617265224456787 150 119 117
-8.951322555541992 -1.317858338356018 5.650690078735352 161 97 107
-9.182056427001953 -0.41282787919044495 5.606823444366455 106 66 67
-9.182056427001953 -0.41282787919044495 5.606823444366455 106 66 67
-9.168704986572266 -0.47063925862312317 5.605600357055664 108 5 22
-9.189380645751953 -0.39956122636795044 5.604548454284668 95 55 56
-9.092480659484863 -0.7871080040931702 5.625724792480469 147 90 97
-9.092480659484863 -0.7871080040931702 5.625724792480469 147 90 97
-9.062834739685059 -0.8933215737342834 5.6257405281066895 90 56 55
-9.062834739685059 -0.8933215737342834 5.6257405281066895 90 56 55
-8.924215316772461 -1.4283584356307983 5.646365165710449 106 3 26
-9.046298027038574 -0.9858433604240417 5.631771564483643 71 5 13
-9.046298027038574 -0.9858433604240417 5.631771564483643 71 5 13
-9.155191421508789 -0.5684598088264465 5.610633850097656 91 17 30
-9.084506034851074 -0.8664002418518066 5.6290602684021 155 100 105
-9.084506034851074 -0.8664002418518066 5.6290602684021 155 100 105
-9.197652816772461 -0.4029712975025177 5.597360610961914 176 130 130
-8.976601600646973 -1.296433448791504 5.647680759429932 158 92 104
-9.024877548217773 -1.1077992916107178 5.638219356536865 164 106 110
-9.129231452941895 -0.7024099826812744 5.61475133895874 171 121 124
-9.068039894104004 -0.9942745566368103 5.6278252601623535 166 102 110
-9.157058715820312 -0.6510770916938782 5.609599590301514 89 37 41
-9.159945487976074 -0.6363750696182251 5.5964250564575195 159 98 103
-9.046089172363281 -1.1162002086639404 5.62762451171875 160 98 105
-9.042434692382812 -1.1588371992111206 5.634774208068848 164 121 130
-9.229429244995117 -0.4076712727546692 5.582839012145996 162 111 112
-9.229429244995117 -0.4076712727546692 5.582839012145996 162 111 112
-9.039843559265137 -1.1792515516281128 5.631020545959473 97 34 43
-9.173797607421875 -0.6742212176322937 5.607823848724365 82 23 29
-9.077155113220215 -1.0605584383010864 5.619668960571289 94 52 54
-9.077155113220215 -1.0605584383010864 5.619668960571289 94 52 54
-9.214405059814453 -0.521920919418335 5.588932514190674 161 91 103
-8.994630813598633 -1.3674509525299072 5.625558853149414 155 95 102
-9.074687004089355 -1.095452070236206 5.6293864250183105 96 9 25
-9.204188346862793 -0.5672779679298401 5.589377403259277 169 117 124
-9.17613410949707 -0.7116274237632751 5.6057562828063965 188 133 138
-9.12105941772461 -0.9069947600364685 5.601362705230713 162 120 124
-9.12105941772461 -0.9069947600364685 5.601362705230713 162 120 124
-9.120037078857422 -0.9271200299263 5.609918594360352 150 108 112
-9.139791488647461 -0.8800920248031616 5.610111713409424 88 18 26
-9.093100547790527 -1.07027006149292 5.617816925048828 169 122 125
-9.231389999389648 -0.5521044135093689 5.599496364593506 69 33 33
-9.186521530151367 -0.6995730996131897 5.586422443389893 78 23 28
-9.175765037536621 -0.7480071187019348 5.582478046417236 99 25 36
-9.175765037536621 -0.7480071187019348 5.582478046417236 99 25 36
-9.004980087280273 -1.4094854593276978 5.6138916015625 165 125 126
-9.230609893798828 -0.5670726895332336 5.577716827392578 158 109 115
-9.1866455078125 -0.7718827724456787 5.58740234375 178 115 123
-9.1866455078125 -0.7718827724456787 5.58740234375 178 115 123
-9.027046203613281 -1.3982762098312378 5.613389015197754 134 94 95
-9.027046203613281 -1.3982762098312378 5.613389015197754 134 94 95
-9.251194953918457 -0.560832142829895 5.577141284942627 157 100 106
-9.119706153869629 -1.0524811744689941 5.592435359954834 171 124 134
-9.228165626525879 -0.6600732803344727 5.581724643707275 72 12 19
-9.224516868591309 -0.6892211437225342 5.5750346183776855 163 134 130
-9.148882865905762 -0.9608838558197021 5.57912540435791 96 21 36
-9.145344734191895 -1.0004525184631348 5.5906267166137695 101 13 27
-9.317119598388672 -0.3699756860733032 5.55458927154541 173 139 137
-9.334227561950684 -0.31388118863105774 5.550731182098389 178 115 121
-9.053391456604004 -1.3935608863830566 5.598241806030273 159 114 119
-9.220903396606445 -0.7817069292068481 5.57958459854126 142 89 95
-9.335713386535645 -0.35385361313819885 5.545629024505615 158 127 124
-9.28542423248291 -0.5566781759262085 5.552999496459961 127 74 76
-9.196855545043945 -0.9022687077522278 5.5710554122924805 175 114 119
-9.059591293334961 -1.3845036029815674 5.5727996826171875 176 117 121
-9.125542640686035 -1.1697790622711182 5.576244354248047 154 120 121
-9.125542640686035 -1.1697790622711182 5.576244354248047 154 120 121
-9.170722961425781 -1.0317203998565674 5.57976770401001 180 116 123
-9.170722961425781 -1.0317203998565674 5.57976770401001 180 116 123
-9.184520721435547 -0.9346535801887512 5.552021026611328 174 138 142
-9.292572975158691 -0.5790535807609558 5.556860446929932 163 125 124
-9.292572975158691 -0.5790535807609558 5.556860446929932 163 125 124
-9.17612075805664 -0.9944140315055847 5.562352657318115 110 9 26
-9.153594017028809 -1.1113535165786743 5.5791015625 116 11 34
-9.24935531616211 -0.7574635744094849 5.5628156661987305 100 16 32
-9.24935531616211 -0.7574635744094849 5.5628156661987305 100 16 32
-9.090974807739258 -1.3127361536026 5.564764022827148 156 111 116
-9.373762130737305 -0.3278481960296631 5.538000106811523 163 130 128
-9.103863716125488 -1.331749677658081 5.574494361877441 93 37 44
-9.221536636352539 -0.9126009345054626 5.559278964996338 173 108 112
-9.107254981994629 -1.3434832096099854 5.562823295593262 163 92 104
-9.30673599243164 -0.6403396725654602 5.5484747886657715 108 12 26
-9.30673599243164 -0.6403396725654602 5.5484747886657715 108 12 26
-9.236854553222656 -0.9230408668518066 5.549414157867432 167 125 127
-9.286164283752441 -0.7532197833061218 5.547458171844482 184 123 131
-9.286164283752441 -0.7532197833061218 5.547458171844482 184 123 131
-9.309120178222656 -0.6846914291381836 5.544153213500977 166 116 120
-9.236227035522461 -0.9642449617385864 5.556286334991455 174 124 128
-9.1992826461792 -1.100337028503418 5.558752536773682 124 67 74
-9.215910911560059 -1.0483018159866333 5.556992530822754 94 40 45
-9.393457412719727 -0.3979329466819763 5.522769451141357 178 130 133
-9.393457412719727 -0.3979329466819763 5.522769451141357 178 130 133
-9.30515193939209 -0.7401899099349976 5.542778015136719 83 38 41
-9.30515193939209 -0.7401899099349976 5.542778015136719 83 38 41
-9.333253860473633 -0.6675271987915039 5.552163124084473 109 13 27
-9.292953491210938 -0.8045538663864136 5.551438808441162 158 108 113
-9.316018104553223 -0.7060474753379822 5.538250923156738 99 49 52
-9.319780349731445 -0.6875964999198914 5.533275127410889 169 115 120
-9.355399131774902 -0.5769053101539612 5.531469345092773 155 93 97
-9.355399131774902 -0.5769053101539612 5.531469345092773 155 93 97
-9.25843334197998 -0.9435124397277832 5.547731876373291 104 15 32
-9.195902824401855 -1.1758646965026855 5.541489124298096 152 111 113
-9.234166145324707 -1.0514285564422607 5.539641380310059 172 114 120
-9.315279960632324 -0.7641326785087585 5.529940605163574 172 123 126
-9.139016151428223 -1.3762907981872559 5.538613319396973 113 12 30
-9.139016151428223 -1.3762907981872559 5.538613319396973 113 12 30
-9.300456047058105 -0.7957389950752258 5.516016483306885 103 23 36
-9.210357666015625 -1.125872015953064 5.5280656814575195 175 118 125
-9.227729797363281 -1.0901671648025513 5.536417484283447 91 34 40
-9.303248405456543 -0.8385591506958008 5.530524730682373 164 118 121
-9.30618953704834 -0.8621042966842651 5.531381607055664 165 113 118
-9.298587799072266 -0.8869152069091797 5.530273914337158 99 18 32
-9.201406478881836 -1.2220032215118408 5.523696422576904 177 122 131
-9.201406478881836 -1.2220032215118408 5.523696422576904 177 122 131
-9.248258590698242 -1.1062064170837402 5.523006916046143 170 122 126
-9.1942138671875 -1.2645512819290161 5.508424758911133 116 12 29
-9.181059837341309 -1.3292609453201294 5.5154709815979 113 74 75
-9.181059837341309 -1.3292609453201294 5.5154709815979 113 74 75
-9.32785701751709 -0.8295409679412842 5.507468223571777 172 110 118
-9.178609848022461 -1.3311054706573486 5.50872278213501 104 65 66
-9.343417167663574 -0.7979995608329773 5.513974666595459 110 23 40
-9.343417167663574 -0.7979995608329773 5.513974666595459 110 23 40
-9.221231460571289 -1.2142316102981567 5.506977081298828 81 10 22
-9.221231460571289 -1.2142316102981567 5.506977081298828 81 10 22
-9.368921279907227 -0.7125446200370789 5.500656604766846 92 32 36
-9.28943920135498 -0.9777681827545166 5.487072467803955 162 132 128
-9.28943920135498 -0.9777681827545166 5.487072467803955 162 132 128
-9.425682067871094 -0.5818367004394531 5.503086566925049 100 23 31
-9.294517517089844 -1.0925694704055786 5.535226345062256 124 82 83
-9.23276424407959 -1.2366297245025635 5.5012102127075195 182 127 135
-9.23276424407959 -1.2366297245025635 5.5012102127075195 182 127 135
-9.348498344421387 -0.8745856881141663 5.5089263916015625 163 115 119
-9.327147483825684 -0.9435064792633057 5.50606632232666 104 18 30
-9.383581161499023 -0.7367721796035767 5.484367370605469 85 36 38
-9.296629905700684 -1.0438871383666992 5.488673210144043 110 19 36
-9.31982707977295 -1.0033209323883057 5.493614196777344 173 117 126
-9.39631175994873 -0.7515512108802795 5.488348007202148 178 127 132
-9.39631175994873 -0.7515512108802795 5.488348007202148 178 127 132
-9.412397384643555 -0.7402056455612183 5.481192588806152 130 82 82
-9.39748764038086 -0.784140408039093 5.469421863555908 188 139 143
-9.34835147857666 -0.9849936366081238 5.486978054046631 117 14 35
-9.353480339050293 -0.9385213851928711 5.4724602699279785 112 16 30
-9.276033401489258 -1.1746692657470703 5.452210426330566 115 21 39
-9.3879976272583 -0.8785393834114075 5.475642204284668 157 128 128
-9.278343200683594 -1.218979001045227 5.459083080291748 150 104 106
-9.33189868927002 -1.0800966024398804 5.462411403656006 139 93 96
-9.358253479003906 -0.9798561334609985 5.4524312019348145 175 103 113
-28.935813903808594 -4.977499961853027 37.7293701171875 81 14 23
-24.195173263549805 -3.679105758666992 29.89933967590332 126 81 84
-21.784900665283203 -3.750551700592041 26.29853057861328 81 14 23
-27.013948440551758 -0.24490956962108612 32.20488739013672 150 105 108
-27.013948440551758 -0.24490956962108612 32.20488739013672 150 105 108
-28.33078956604004 -1.5013701915740967 33.81852722167969 100 4 24
-26.913747787475586 1.3611584901809692 30.543642044067383 95 3 18
-29.588455200195312 2.9939374923706055 33.0107536315918 124 79 82
-27.85055160522461 4.535113334655762 29.913055419921875 133 89 90
-25.74859046936035 1.0167335271835327 28.149383544921875 87 14 23
-28.46456527709961 2.9630930423736572 30.427751541137695 92 8 24
-28.76897621154785 3.4735960960388184 30.39300537109375 136 101 105
-28.76897621154785 3.4735960960388184 30.39300537109375 136 101 105
-25.17882537841797 -3.4543635845184326 28.043922424316406 92 10 24
-25.17882537841797 -3.4543635845184326 28.043922424316406 92 10 24
-21.881593704223633 -4.277037620544434 23.91604995727539 132 98 97
-42.59467315673828 15.350048065185547 42.68388748168945 110 83 80
-24.488039016723633 -2.999089002609253 26.237442016601562 123 83 84
-24.488039016723633 -2.999089002609253 26.237442016601562 123 83 84
-23.781099319458008 -0.20401407778263092 24.20265007019043 92 4 18
-32.54517364501953 -2.1549034118652344 35.480995178222656 98 4 20
-26.153287887573242 -4.128787040710449 28.120162963867188 125 95 92
-25.03358268737793 2.313748359680176 24.15004539489746 132 96 96
-37.35639190673828 15.12057113647461 34.009490966796875 108 72 72
-24.094738006591797 -4.821910381317139 25.35940170288086 138 107 104
-27.897918701171875 -0.29459133744239807 28.09556770324707 93 3 18
-27.128890991210938 -0.8446539044380188 27.24856948852539 141 111 109
-25.77090072631836 -0.05684392526745796 24.88881492614746 135 95 96
-32.30826187133789 4.2935662269592285 30.825454711914062 132 96 96
-30.99252700805664 3.5115134716033936 29.450439453125 102 7 23
-25.578800201416016 1.9430519342422485 23.076091766357422 138 94 95
-25.578800201416016 1.9430519342422485 23.076091766357422 138 94 95
-35.876747131347656 11.3960599899292 30.789644241333008 124 83 84
-22.983566284179688 -4.708463191986084 22.29741668701172 140 104 104
-23.334186553955078 -1.1543757915496826 21.312671661376953 148 108 109
-24.48988914489746 -3.348525285720825 23.373201370239258 136 96 96
-24.48988914489746 -3.348525285720825 23.373201370239258 136 96 96
-30.411632537841797 4.057200908660889 26.98757553100586 156 121 119
-30.89337730407715 0.20433728396892548 28.538665771484375 107 8 23
-29.37375259399414 0.4100722670555115 26.33268928527832 145 99 102
-26.12531280517578 -2.973539113998413 23.45513343811035 140 98 99
-26.12531280517578 -2.973539113998413 23.45513343811035 140 98 99
-26.187641143798828 -3.7748773097991943 23.650938034057617 147 105 109
-26.187641143798828 -3.7748773097991943 23.650938034057617 147 105 109
-24.376882553100586 -1.0965735912322998 20.743736267089844 108 16 31
-30.213890075683594 -1.3719913959503174 25.57993507385254 121 21 42
-25.58221435546875 0.18189465999603271 20.080047607421875 149 107 108
-33.6060791015625 -3.635897636413574 28.848590850830078 113 19 33
-8.528397560119629 -0.8301701545715332 5.190723419189453 135 95 93
-8.519793510437012 -1.3768047094345093 5.059776782989502 136 92 93
-8.546544075012207 -1.3001106977462769 5.045866012573242 136 105 103
-8.618875503540039 -1.0804054737091064 5.042363166809082 147 101 104
-8.608777046203613 -1.138206958770752 5.039122104644775 117 64 70
-8.622302055358887 -1.180159330368042 5.022415637969971 92 8 24
-8.698253631591797 -0.9403452277183533 5.031267166137695 91 11 22
-8.748186111450195 -0.8335691690444946 5.002102851867676 112 68 69
-8.804092407226562 -0.6639583110809326 5.012569904327393 137 87 91
-8.682998657226562 -1.282983660697937 4.98529052734375 91 9 23
-8.90807819366455 -0.4777289927005768 4.9832987785339355 139 126 120
-8.90807819366455 -0.4777289927005768 4.9832987785339355 139 126 120
-8.976022720336914 -0.3191758692264557 4.97367000579834 145 121 117
-8.700230598449707 -1.333803415298462 4.946776866912842 139 89 92
-8.98473072052002 -0.36451977491378784 4.954747200012207 92 57 55
-8.751315116882324 -1.2245169878005981 4.905275344848633 92 8 24
-8.848283767700195 -1.0790749788284302 4.904621601104736 99 7 22
-8.870316505432129 -1.2502164840698242 4.915825843811035 94 6 20
-8.870316505432129 -1.2502164840698242 4.915825843811035 94 6 20
-9.000258445739746 -0.7252554893493652 4.881317615509033 145 105 105
-8.990582466125488 -0.7694277167320251 4.8786725997924805 104 7 18
-9.049863815307617 -0.6456769704818726 4.894717216491699 100 5 13
-9.025028228759766 -0.818867564201355 4.8814873695373535 110 53 59
-9.025028228759766 -0.818867564201355 4.8814873695373535 110 53 59
-8.87509536743164 -1.3897936344146729 4.876233100891113 148 102 103
-8.951802253723145 -1.1545217037200928 4.8843207359313965 173 129 128
-9.102873802185059 -0.6891072392463684 4.842040538787842 146 111 107
-8.985668182373047 -1.3434504270553589 4.815016269683838 113 70 72
-9.061532020568848 -1.3669239282608032 4.785800457000732 159 117 119
-9.19239330291748 -0.9282535910606384 4.775092601776123 105 11 27
-9.12509822845459 -1.1747015714645386 4.754637241363525 108 14 32
-9.136445045471191 -1.2622175216674805 4.774422645568848 110 16 32
-9.180459022521973 -1.1023070812225342 4.761833667755127 113 13 34
-8.924835205078125 -0.3922158181667328 7.223795413970947 141 147 133
-9.07509994506836 -1.1443259716033936 7.0877885818481445 138 98 99
-9.196470260620117 -0.7696507573127747 7.074455261230469 151 103 106
-9.178906440734863 -0.8683655261993408 7.0673441886901855 123 73 78
-9.19614315032959 -0.8147332072257996 7.025158882141113 97 25 37
-9.226446151733398 -0.754985511302948 7.049951076507568 119 80 81
-9.178709983825684 -1.1580184698104858 7.115737438201904 133 94 95
-9.211515426635742 -0.9362497329711914 7.071810722351074 90 10 23
-9.251669883728027 -0.7805929183959961 7.054575443267822 145 105 106
-9.320969581604004 -0.46054115891456604 7.035892486572266 128 84 85
-9.201465606689453 -1.234089970588684 7.0833821296691895 92 18 31
-9.26650619506836 -0.8218739628791809 7.037989139556885 89 15 28
-9.353055953979492 -0.36809027194976807 7.04334020614624 148 91 98
-9.329270362854004 -0.5317584872245789 7.045086860656738 90 13 21
-9.248908996582031 -0.9612175226211548 7.0025410652160645 94 10 23
-9.376320838928223 -0.3408058285713196 7.025261878967285 84 35 38
-9.287789344787598 -0.8891733884811401 7.02159309387207 127 81 83
-9.348234176635742 -0.6142930388450623 6.994847297668457 134 102 105
-9.408278465270996 -0.35412508249282837 6.977043628692627 139 93 96
-9.301558494567871 -1.0360337495803833 7.029430389404297 129 80 83
-9.301558494567871 -1.0360337495803833 7.029430389404297 129 80 83
-9.448766708374023 -0.24256044626235962 7.023005485534668 151 113 112
-9.250361442565918 -1.479255199432373 7.086124897003174 126 95 92
-9.32650375366211 -1.1099720001220703 7.03957986831665 91 9 21
-9.500716209411621 -0.06662849336862564 6.98512601852417 131 89 87
-9.373342514038086 -0.9884939789772034 6.996596813201904 91 9 21
-9.390806198120117 -1.0293604135513306 6.985082149505615 133 81 85
-9.372933387756348 -1.1951346397399902 7.024289131164551 124 90 88
-9.574718475341797 -0.13303031027317047 7.02857780456543 94 11 19
-9.446946144104004 -0.9142210483551025 7.059113025665283 123 81 82
-9.476469993591309 -0.6332831382751465 6.9748382568359375 131 102 98
-9.476469993591309 -0.6332831382751465 6.9748382568359375 131 102 98
-9.5141019821167 -0.7147922515869141 6.980407238006592 99 5 21
-9.489469528198242 -0.8743680715560913 6.98335075378418 90 17 28
-9.536775588989258 -0.5821025967597961 6.941291809082031 94 8 21
-9.460963249206543 -1.0048882961273193 6.948599338531494 92 6 19
-9.484585762023926 -1.896622896194458 7.388718605041504 153 177 186
-9.610450744628906 -0.5213539004325867 6.955883502960205 135 102 100
-9.525240898132324 -1.158633828163147 7.00889778137207 93 5 21
-9.822837829589844 0.4557385742664337 6.924290657043457 102 50 54
-9.68681812286377 -0.39970874786376953 6.95200777053833 155 114 108
-9.62601089477539 -0.7520435452461243 6.93526554107666 94 8 21
-9.61206340789795 -0.8348910808563232 6.93459939956665 145 109 109
-9.61206340789795 -0.8348910808563232 6.93459939956665 145 109 109
-9.671831130981445 -0.5324519872665405 6.926020622253418 96 41 44
-9.710260391235352 -0.47360679507255554 6.918780326843262 104 0 19
-9.714320182800293 -0.6903649568557739 6.938609600067139 138 96 98
-9.740863800048828 -0.5497790575027466 6.933543682098389 131 85 85
-9.689870834350586 -1.04485285282135 7.020596027374268 99 8 25
-9.810456275939941 -0.43853434920310974 6.929377555847168 143 94 97
-9.67868423461914 -1.2074930667877197 6.954050064086914 95 7 23
-9.67868423461914 -1.2074930667877197 6.954050064086914 95 7 23
-9.884482383728027 -0.1393211930990219 6.879684925079346 138 97 95
-9.879948616027832 -0.2578548491001129 6.899298191070557 141 94 94
-9.703108787536621 -1.289935827255249 6.960152626037598 142 91 96
-9.703108787536621 -1.289935827255249 6.960152626037598 142 91 96
-9.797412872314453 -0.7890750169754028 6.917864799499512 98 6 19
-9.87302303314209 -0.4858607053756714 6.912743091583252 160 105 110
-9.97164249420166 -0.0008459261152893305 6.905817985534668 101 5 15
-9.930338859558105 -0.14438305795192719 6.8330607414245605 149 86 92
-9.930338859558105 -0.14438305795192719 6.8330607414245605 149 86 92
-9.93985366821289 -0.2963850796222687 6.908418655395508 137 93 92
-9.93985366821289 -0.2963850796222687 6.908418655395508 137 93 92
-9.82931900024414 -1.0177111625671387 6.932969570159912 142 100 102
-9.935885429382324 -0.4590649902820587 6.882546424865723 148 102 104
-9.9022216796875 -0.8102294206619263 6.915159225463867 102 6 23
-9.923527717590332 -0.6790129542350769 6.844822883605957 103 9 27
-9.923527717590332 -0.6790129542350769 6.844822883605957 103 9 27
-9.857709884643555 -1.2608404159545898 6.9124836921691895 106 9 29
-9.857709884643555 -1.2608404159545898 6.9124836921691895 106 9 29
-10.084162712097168 -0.06416089087724686 6.855914115905762 152 123 119
-10.04845142364502 -0.3977368175983429 6.8701910972595215 107 1 15
-10.04845142364502 -0.3977368175983429 6.8701910972595215 107 1 15
-10.011157035827637 -0.6242790818214417 6.86593770980835 140 98 99
-9.957490921020508 -0.9219484329223633 6.881801128387451 85 30 35
-9.919737815856934 -1.2049541473388672 6.8977580070495605 139 99 100
-10.15300464630127 -0.018397103995084763 6.809772491455078 100 12 28
-9.9766263961792 -1.0053939819335938 6.825435638427734 110 7 26
-9.90876579284668 -1.5122206211090088 6.897372722625732 151 111 111
-10.04176139831543 -1.0893504619598389 6.877305030822754 142 102 102
-10.253080368041992 -0.04521464183926582 6.798198699951172 91 13 26
-10.117032051086426 -0.7923100590705872 6.848727703094482 101 21 34
-10.033659934997559 -1.3116676807403564 6.903122901916504 117 16 34
-10.033659934997559 -1.3116676807403564 6.903122901916504 117 16 34
-10.122234344482422 -0.7404823899269104 6.8232741355896 108 7 25
-10.113313674926758 -0.9421958923339844 6.873656272888184 142 108 109
-10.174474716186523 -0.5098190903663635 6.799715995788574 153 101 105
-10.066520690917969 -1.2434052228927612 6.865563869476318 151 115 115
-10.207242965698242 -0.5292343497276306 6.835712909698486 137 87 88
-10.165648460388184 -0.8148972392082214 6.829817295074463 137 79 85
-10.332152366638184 -0.18398810923099518 6.870935916900635 107 9 24
-10.105866432189941 -1.2087349891662598 6.861276626586914 143 110 105
-10.093018531799316 -1.3387521505355835 6.815827369689941 111 19 34
-10.284918785095215 -0.4653133749961853 6.819182395935059 106 16 28
-10.357562065124512 -0.1480947732925415 6.788391590118408 153 123 119
-10.210333824157715 -1.0564144849777222 6.865984916687012 109 17 30
-10.376636505126953 -0.08140918612480164 6.7538533210754395 97 27 37
-10.315291404724121 -0.6926785111427307 6.88164758682251 156 123 122
-10.307389259338379 -0.6415063142776489 6.832738876342773 109 26 42
-10.390395164489746 -0.1169157475233078 6.764699459075928 166 124 125
-10.3408842086792 -0.4293283224105835 6.783723831176758 165 121 122
-10.402474403381348 -0.10039889812469482 6.721984386444092 98 25 37
-10.34729290008545 -0.5867482423782349 6.783444881439209 161 123 122
-10.33658218383789 -0.6710370182991028 6.778130054473877 100 28 40
-10.292184829711914 -1.0994760990142822 6.819934844970703 112 27 46
-10.462971687316895 -0.1238659992814064 6.714582920074463 105 23 39
-10.37429428100586 -0.738898515701294 6.7850661277771 142 97 100
-10.484551429748535 -0.21731196343898773 6.748805999755859 167 127 125
-10.368797302246094 -0.8274970054626465 6.7390336990356445 112 18 36
-10.368797302246094 -0.8274970054626465 6.7390336990356445 112 18 36
-10.30292797088623 -1.1328908205032349 6.733271598815918 126 39 56
-10.35132122039795 -1.0613493919372559 6.746571063995361 159 125 126
-10.32279109954834 -1.2628936767578125 6.7739577293396 114 20 36
-10.462377548217773 -0.638327956199646 6.7173357009887695 146 101 104
-10.420170783996582 -0.9494054913520813 6.626541614532471 172 137 141
-10.420170783996582 -0.9494054913520813 6.626541614532471 172 137 141
-10.535457611083984 -0.588080108165741 6.673856735229492 121 16 33
-10.492115020751953 -0.8088140487670898 6.666905879974365 156 114 116
-10.490899085998535 -0.8897727727890015 6.646428108215332 120 19 35
-10.45612907409668 0.22457197308540344 10.93763256072998 67 36 33
-10.545143127441406 0.17141197621822357 11.149810791015625 158 148 146
-10.545143127441406 0.17141197621822357 11.149810791015625 158 148 146
-10.726442337036133 0.22178874909877777 11.10580062866211 143 99 100
-11.497994422912598 -0.5547757744789124 11.699874877929688 98 24 34
-11.57868766784668 -0.43103766441345215 11.786285400390625 108 68 69
-11.754804611206055 -0.7940801978111267 12.260404586791992 100 3 22
-11.631278038024902 -0.010493787005543709 11.475647926330566 105 4 22
-11.831945419311523 -0.5492452383041382 12.104469299316406 98 7 22
-11.571733474731445 0.28265392780303955 10.946712493896484 145 90 95
-11.74440860748291 -0.1570180505514145 11.51747989654541 99 63 63
-11.8229341506958 -0.6958342790603638 11.964543342590332 106 62 63
-11.538097381591797 0.7438122630119324 10.589024543762207 161 109 111
-11.76675033569336 0.0871911495923996 11.336309432983398 112 61 64
-11.76675033569336 0.0871911495923996 11.336309432983398 112 61 64
-11.724597930908203 0.4797951579093933 10.766539573669434 150 114 114
-12.122763633728027 -1.1655045747756958 12.418776512145996 98 7 22
-11.888832092285156 -0.06454596668481827 11.314153671264648 99 7 20
-11.888832092285156 -0.06454596668481827 11.314153671264648 99 7 20
-11.857104301452637 0.21036389470100403 11.100895881652832 174 122 126
-11.811375617980957 2.1830148696899414 9.915132522583008 55 13 17
-12.068882942199707 -0.8975809216499329 12.03123664855957 95 2 21
-11.918789863586426 -0.20848318934440613 11.328375816345215 160 118 119
-11.918789863586426 -0.20848318934440613 11.328375816345215 160 118 119
-12.129281044006348 2.5233631134033203 10.245584487915039 90 62 59
-11.928573608398438 0.1289728730916977 11.076602935791016 89 7 21
-11.928573608398438 0.1289728730916977 11.076602935791016 89 7 21
-12.245231628417969 -1.1970272064208984 12.265753746032715 98 6 21
-12.460359573364258 2.75864839553833 10.549057006835938 154 130 126
-12.156316757202148 -0.34918516874313354 11.626557350158691 106 0 20
-11.95164680480957 -0.12075849622488022 11.112250328063965 99 7 18
-12.169454574584961 -0.6657302379608154 11.744332313537598 89 3 16
-12.04086685180664 -0.016306962817907333 11.050520896911621 152 114 113
-12.321198463439941 -1.6862926483154297 12.410941123962402 98 60 59
-11.907402038574219 1.4877903461456299 10.004611015319824 71 23 25
-12.106111526489258 0.19503185153007507 10.908451080322266 163 126 120
-12.106111526489258 0.19503185153007507 10.908451080322266 163 126 120
-12.236058235168457 0.3187662661075592 10.889219284057617 96 13 27
-12.23755931854248 1.5436471700668335 10.143270492553711 103 46 55
-12.064044952392578 0.3716815710067749 10.439862251281738 88 5 15
-12.289838790893555 -0.07120370864868164 11.003498077392578 94 46 46
-12.377577781677246 0.051979221403598785 11.062923431396484 95 18 28
-12.332338333129883 0.11949700117111206 10.85308837890625 163 114 117
-12.1040678024292 0.5714720487594604 10.205448150634766 155 122 117
-12.211918830871582 0.5717513561248779 10.157888412475586 155 98 100
-12.58714485168457 -0.5124397277832031 11.2652006149292 109 2 22
-13.012617111206055 -1.5583592653274536 12.34282398223877 155 111 112
-13.012617111206055 -1.5583592653274536 12.34282398223877 155 111 112
-12.580156326293945 0.0848739817738533 10.777729034423828 167 112 117
-13.007174491882324 -0.9614153504371643 11.844348907470703 138 106 103
-12.878057479858398 -1.7234318256378174 11.991446495056152 109 2 22
-12.802498817443848 -0.5540120601654053 11.26839542388916 100 8 21
-12.684477806091309 0.17716871201992035 10.600089073181152 107 6 22
-12.977227210998535 -0.1949119120836258 11.10904312133789 133 87 89
-13.053118705749512 -0.7693576812744141 11.406764030456543 95 12 28
-13.394497871398926 -1.3663452863693237 12.05882453918457 139 95 96
-13.394497871398926 -1.3663452863693237 12.05882453918457 139 95 96
-8.753230094909668 -1.1705222129821777 5.696533203125 174 102 111
-8.76984691619873 -1.0639485120773315 5.639776229858398 180 115 121
-8.791851997375488 -1.115434169769287 5.7002668380737305 96 29 36
-8.798786163330078 -1.0772035121917725 5.684326171875 90 41 42
-8.822662353515625 -0.8913682699203491 5.58916711807251 87 24 27
-8.798375129699707 -1.096891164779663 5.6855878829956055 179 131 131
-8.798375129699707 -1.096891164779663 5.6855878829956055 179 131 131
-8.856343269348145 -0.869309663772583 5.574842929840088 167 119 117
-8.909883499145508 -0.7992390394210815 5.594089031219482 183 133 132
-8.909883499145508 -0.7992390394210815 5.594089031219482 183 133 132
-8.885249137878418 -1.000497817993164 5.690110683441162 188 125 131
-8.892707824707031 -0.922264575958252 5.634026527404785 119 13 27
-8.98196029663086 -0.5927660465240479 5.544617176055908 188 105 113
-8.922830581665039 -1.0034862756729126 5.713529586791992 185 125 130
-8.947423934936523 -0.8901174068450928 5.6748948097229 198 130 131
-9.025591850280762 -0.44166889786720276 5.500698089599609 107 52 55
-9.025591850280762 -0.44166889786720276 5.500698089599609 107 52 55
-8.960519790649414 -1.1121177673339844 5.855008125305176 165 124 120
-9.027542114257812 -0.4879906177520752 5.528629302978516 191 127 132
-8.997810363769531 -0.5900677442550659 5.526546955108643 95 28 33
-9.02754020690918 -0.532680094242096 5.549309253692627 170 116 116
-8.96036148071289 -1.100999116897583 5.817102909088135 89 49 49
-8.96036148071289 -1.100999116897583 5.817102909088135 89 49 49
-9.032432556152344 -0.5538726449012756 5.56803035736084 169 115 115
-8.963643074035645 -1.1193499565124512 5.81663703918457 179 137 138
-9.065794944763184 -0.4380618631839752 5.5248517990112305 184 128 128
-9.114884376525879 -0.2975335121154785 5.51782751083374 113 16 27
-9.01263427734375 -0.8788456916809082 5.720187664031982 87 36 35
-9.019012451171875 -0.7858139276504517 5.6629462242126465 166 120 120
-9.019012451171875 -0.7858139276504517 5.6629462242126465 166 120 120
-9.0411958694458 -0.5965420603752136 5.567470550537109 170 96 103
-9.026802062988281 -0.829502284526825 5.705269813537598 104 17 29
-9.002531051635742 -0.7885637283325195 5.617831707000732 166 120 120
-9.12302017211914 -0.2505454421043396 5.48478364944458 183 135 131
-9.082235336303711 -0.5140111446380615 5.585232734680176 106 22 35
-9.02760124206543 -0.8918618559837341 5.739299774169922 168 117 116
-9.004766464233398 -1.177483320236206 5.891575813293457 117 10 28
-9.04443073272705 -0.8083340525627136 5.695899486541748 186 125 127
-9.053604125976562 -0.750615119934082 5.667000770568848 187 119 120
-9.033283233642578 -1.0735607147216797 5.836564540863037 111 28 34
-9.05827522277832 -0.8591387867927551 5.725259304046631 166 101 107
-9.120649337768555 -0.5163489580154419 5.5980963706970215 174 119 122
-9.115875244140625 -0.4921687841415405 5.566032409667969 185 133 135
-9.031705856323242 -1.409270167350769 6.050552845001221 81 32 30
-9.115789413452148 -0.5366398096084595 5.593556880950928 184 122 127
-9.081740379333496 -0.8122370839118958 5.719344615936279 183 122 124
-9.059257507324219 -1.1330641508102417 5.891373634338379 173 117 118
-9.168012619018555 -0.35567915439605713 5.558538436889648 80 38 39
-9.055313110351562 -1.168257474899292 5.9042582511901855 171 102 110
-9.096961975097656 -1.2534065246582031 6.044628620147705 166 126 124
-9.096961975097656 -1.2534065246582031 6.044628620147705 166 126 124
-9.093231201171875 -0.8395479321479797 5.732960224151611 101 18 28
-9.062432289123535 -1.4276517629623413 6.09506893157959 182 120 123
-9.159303665161133 -0.47011056542396545 5.604787826538086 98 39 41
-9.104022026062012 -0.9316130876541138 5.812095642089844 181 95 104
-9.104022026062012 -0.9316130876541138 5.812095642089844 181 95 104
-9.140596389770508 -0.5609728097915649 5.6176981925964355 176 128 126
-9.159491539001465 -0.517785370349884 5.626079559326172 112 19 32
-9.159491539001465 -0.517785370349884 5.626079559326172 112 19 32
-9.115094184875488 -0.908100962638855 5.809540748596191 177 113 114
-9.115094184875488 -0.908100962638855 5.809540748596191 177 113 114
-9.201568603515625 -0.38518574833869934 5.591638565063477 195 127 136
-9.201568603515625 -0.38518574833869934 5.591638565063477 195 127 136
-9.116321563720703 -1.0255191326141357 5.864419937133789 177 103 110
-9.169612884521484 -0.6626646518707275 5.717607498168945 161 121 117
-9.169612884521484 -0.6626646518707275 5.717607498168945 161 121 117
-9.0928316116333 -1.1297320127487183 5.887726306915283 164 109 110
-9.198366165161133 -0.5354308485984802 5.673250198364258 182 130 130
-9.15747356414795 -0.9260445237159729 5.865180015563965 91 12 18
-9.15747356414795 -0.9260445237159729 5.865180015563965 91 12 18
-9.157124519348145 -0.7905764579772949 5.7534027099609375 82 26 29
-9.13468074798584 -1.0030137300491333 5.853078365325928 91 22 25
-9.136774063110352 -1.1945017576217651 5.9812397956848145 108 15 26
-9.136774063110352 -1.1945017576217651 5.9812397956848145 108 15 26
-9.234394073486328 -0.40997785329818726 5.622275352478027 108 15 26
-9.19671630859375 -0.6747419834136963 5.726794242858887 102 48 48
-9.184114456176758 -0.8544287085533142 5.823965549468994 87 5 15
-9.176161766052246 -1.0913169384002686 5.963010311126709 105 15 24
-9.241134643554688 -0.47093069553375244 5.645605564117432 91 43 41
-9.180171012878418 -1.4177567958831787 6.184474945068359 172 128 127
-9.201789855957031 -0.7605524063110352 5.761898517608643 170 108 108
-9.25693416595459 -0.4379253387451172 5.649391174316406 179 113 115
-9.232580184936523 -0.6157370805740356 5.72337007522583 111 16 22
-9.161493301391602 -1.2637327909469604 6.026220798492432 163 112 109
-9.217449188232422 -0.8089856505393982 5.803682804107666 89 48 46
-9.226547241210938 -0.7280827164649963 5.755556106567383 119 8 25
-9.311141967773438 -0.32869234681129456 5.651396751403809 177 112 114
-9.223241806030273 -0.797681450843811 5.789646148681641 168 127 125
-9.202320098876953 -1.2230587005615234 6.035123348236084 128 47 56
-9.231986999511719 -1.1895177364349365 6.0697712898254395 102 21 30
-9.236725807189941 -0.8096314668655396 5.813136577606201 186 145 143
-9.25456714630127 -0.5273746848106384 5.649388313293457 118 13 30
-9.25456714630127 -0.5273746848106384 5.649388313293457 118 13 30
-9.297779083251953 -0.36148601770401 5.623125076293945 173 135 129
-9.18317699432373 -1.019972324371338 5.841153144836426 133 89 86
-9.18317699432373 -1.019972324371338 5.841153144836426 133 89 86
-9.273995399475098 -0.690217137336731 5.7916436195373535 185 113 117
-9.330394744873047 -0.55897456407547 5.810392379760742 148 94 94
-9.32181453704834 -0.3731134235858917 5.66029691696167 73 27 24
-9.358162879943848 -0.25292453169822693 5.646819114685059 99 4 15
-9.258605003356934 -0.8568068146705627 5.858681678771973 123 14 33
-9.310867309570312 -0.4406985938549042 5.674076557159424 183 112 116
-9.297584533691406 -0.4983210861682892 5.685544967651367 183 136 131
-9.24425983428955 -1.0803887844085693 5.980108737945557 114 10 26
-9.227595329284668 -1.4124722480773926 6.172425270080566 106 55 54
-9.280314445495605 -0.7144713401794434 5.776562690734863 100 21 30
-9.368809700012207 -0.2712014317512512 5.6484808921813965 111 40 40
-9.241061210632324 -1.3956642150878906 6.165949821472168 182 116 117
-9.340770721435547 -0.5156877040863037 5.759826183319092 111 13 28
-9.258990287780762 -1.125421166419983 6.01102352142334 184 132 129
-9.341228485107422 -0.367194801568985 5.6485700607299805 184 147 141
-9.258423805236816 -1.2174241542816162 6.053929328918457 105 13 26
-9.258423805236816 -1.2174241542816162 6.053929328918457 105 13 26
-9.278495788574219 -1.0273813009262085 5.955554008483887 172 129 123
-9.278495788574219 -1.0273813009262085 5.955554008483887 172 129 123
-9.312170028686523 -0.6587463021278381 5.767057418823242 181 119 122
-9.332932472229004 -0.5474996566772461 5.731947898864746 173 111 114
-9.303081512451172 -0.7003326416015625 5.775407791137695 192 129 132
-9.305066108703613 -0.7748810648918152 5.828186511993408 176 123 121
-9.285127639770508 -1.104414939880371 6.007885932922363 180 97 105
-9.393548965454102 -0.2831990122795105 5.656094551086426 106 14 19
-9.33556842803955 -0.7993988990783691 5.868844985961914 185 136 139
-9.333155632019043 -0.8615409731864929 5.90598726272583 111 8 23
-9.359761238098145 -0.552848219871521 5.743958473205566 195 126 129
-9.325474739074707 -0.9153766632080078 5.921645641326904 167 119 115
-9.317590713500977 -1.2342790365219116 6.112333297729492 186 94 107
-9.411540031433105 -0.33743152022361755 5.689206123352051 197 123 124
-9.359396934509277 -0.5744577050209045 5.7454023361206055 98 27 33
-9.399404525756836 -0.37508121132850647 5.688901901245117 203 137 139
-9.400565147399902 -0.41429293155670166 5.705737113952637 104 4 16
-9.298063278198242 -1.2861748933792114 6.0880608558654785 150 102 100
-9.357064247131348 -0.9365330338478088 5.949514389038086 175 109 113
-9.427619934082031 -0.3606390357017517 5.6927714347839355 91 17 18
-9.393259048461914 -0.593130886554718 5.777431964874268 194 123 129
-9.385062217712402 -0.7491130828857422 5.851291656494141 118 7 23
-9.374589920043945 -1.0217481851577759 6.009194374084473 156 86 92
-9.368760108947754 -1.1443617343902588 6.078110218048096 187 111 116
-9.415416717529297 -0.5825846791267395 5.779585361480713 107 56 53
-9.40029525756836 -0.8191289901733398 5.893759727478027 164 115 115
-9.406840324401855 -0.8476705551147461 5.925704002380371 171 119 119
-9.426321983337402 -0.6002441644668579 5.788074016571045 187 138 134
-9.453800201416016 -0.47105416655540466 5.748317241668701 88 29 28
-9.426801681518555 -0.5866117477416992 5.762112140655518 125 76 72
-9.365766525268555 -1.172545075416565 6.0318684577941895 143 109 105
-9.365766525268555 -1.172545075416565 6.0318684577941895 143 109 105
-9.470834732055664 -0.4641117453575134 5.755691051483154 91 21 21
-9.49260139465332 -0.3979622423648834 5.752516269683838 96 24 28
-9.45484447479248 -0.5344677567481995 5.768246173858643 113 12 28
-9.475854873657227 -0.4739629030227661 5.75394344329834 93 34 34
-9.474251747131348 -0.5673977136611938 5.803081512451172 133 86 82
-9.474251747131348 -0.5673977136611938 5.803081512451172 133 86 82
-9.42993450164795 -1.0733433961868286 6.050477981567383 195 125 129
-9.42993450164795 -1.0733433961868286 6.050477981567383 195 125 129
-9.475393295288086 -0.6953091025352478 5.8861846923828125 177 123 123
-9.496935844421387 -0.4532589316368103 5.757882595062256 184 118 116
-9.480072975158691 -0.6875243186950684 5.854504585266113 180 137 131
-9.481328964233398 -0.7371573448181152 5.886417865753174 93 14 21
-9.47000503540039 -0.8541945219039917 5.941110134124756 80 30 29
-9.47903060913086 -0.7943912744522095 5.917806148529053 191 122 124
-9.48117733001709 -0.8899977803230286 5.971662998199463 114 8 22
-9.48117733001709 -0.8899977803230286 5.971662998199463 114 8 22
-9.478655815124512 -0.9189637303352356 5.980672836303711 190 138 135
-9.47609806060791 -1.0489362478256226 6.0453667640686035 149 93 93
-9.504454612731934 -0.7252184748649597 5.8851399421691895 193 129 130
-9.535192489624023 -0.4740102291107178 5.774209499359131 84 30 24
-9.50533390045166 -0.7960127592086792 5.923155307769775 82 9 12
-9.53331184387207 -0.45921194553375244 5.748006343841553 195 125 125
-9.501387596130371 -1.0888545513153076 6.0871381759643555 185 132 132
-9.570962905883789 -0.5027645230293274 5.83445405960083 82 23 26
-9.563045501708984 -0.47413185238838196 5.797957897186279 89 31 28
-9.568475723266602 -0.4504397213459015 5.7742838859558105 105 17 23
-9.525782585144043 -1.0088520050048828 6.035942077636719 111 6 20
-9.525782585144043 -1.0088520050048828 6.035942077636719 111 6 20
-9.591611862182617 -0.463825523853302 5.799351692199707 193 119 120
-9.601649284362793 -0.5126751661300659 5.815459728240967 93 31 36
-9.568220138549805 -0.9726086258888245 6.044823169708252 170 116 116
-9.575241088867188 -0.7149080634117126 5.892053127288818 185 129 127
-9.601847648620605 -0.5559756755828857 5.838705062866211 101 5 17
-9.615812301635742 -0.4675285816192627 5.79774808883667 190 117 118
-9.57408332824707 -0.9546858668327332 6.023656845092773 78 24 24
-9.567748069763184 -0.9086853861808777 5.977158069610596 120 12 27
-9.6197509765625 -0.4898067116737366 5.804806709289551 185 126 126
-9.624382972717285 -0.5329027771949768 5.816946983337402 190 131 133
-9.578283309936523 -0.9842889904975891 6.017671585083008 168 114 114
-9.578283309936523 -0.9842889904975891 6.017671585083008 168 114 114
-9.623740196228027 -0.503980278968811 5.775883197784424 176 117 119
-9.628790855407715 -0.6104865074157715 5.846721649169922 168 110 109
-9.627379417419434 -0.8258912563323975 5.947113037109375 194 124 127
-9.627379417419434 -0.8258912563323975 5.947113037109375 194 124 127
-9.62984848022461 -0.8591769933700562 5.971171855926514 182 134 130
-9.649014472961426 -0.592294454574585 5.825334072113037 179 126 124
-9.636853218078613 -0.7571943402290344 5.904855728149414 116 38 44
-9.650554656982422 -0.8433998823165894 5.971290588378906 98 41 40
-9.650554656982422 -0.8433998823165894 5.971290588378906 98 41 40
-9.708540916442871 -0.38830965757369995 5.787680149078369 167 113 111
-9.656450271606445 -0.8618367910385132 5.98466157913208 176 128 124
-9.708477973937988 -0.47745776176452637 5.814248085021973 199 110 118
-9.689998626708984 -0.5639837384223938 5.827630519866943 109 16 27
-9.689998626708984 -0.5639837384223938 5.827630519866943 109 16 27
-9.68722152709961 -0.8378515243530273 5.9683709144592285 206 134 135
-9.68320083618164 -0.7984728813171387 5.927920818328857 114 11 25
-9.677068710327148 -0.6820234656333923 5.842574596405029 116 16 24
-9.691614151000977 -0.9812811613082886 6.039700031280518 169 122 116
-9.689410209655762 -0.9200443029403687 5.996788501739502 113 12 26
-9.665592193603516 -0.7440688014030457 5.844088077545166 170 122 118
-9.665592193603516 -0.7440688014030457 5.844088077545166 170 122 118
-9.702242851257324 -0.859528124332428 5.967228412628174 97 9 17
-9.710270881652832 -0.7448673248291016 5.907384872436523 185 137 133
-9.732060432434082 -0.5373251438140869 5.8168721199035645 197 125 131
-9.743307113647461 -0.5229141712188721 5.820104598999023 185 126 130
-9.703484535217285 -0.7077880501747131 5.860414981842041 114 18 26
-9.727680206298828 -0.7277017831802368 5.89168643951416 186 124 127
-9.76510238647461 -0.5257591605186462 5.827021598815918 186 127 131
-9.76510238647461 -0.5257591605186462 5.827021598815918 186 127 131
-9.715784072875977 -1.0144973993301392 6.034010887145996 188 139 135
-9.735657691955566 -0.7689144611358643 5.911648273468018 201 128 132
-9.731003761291504 -0.9677634835243225 6.024078845977783 202 135 137
-9.747118949890137 -0.6637231707572937 5.856236934661865 93 31 32
-9.697554588317871 -0.7058951258659363 5.793096542358398 114 17 26
-9.736841201782227 -0.8645761013031006 5.95585823059082 87 27 27
-9.754561424255371 -0.6389577984809875 5.843453407287598 150 94 93
-9.742469787597656 -0.903154194355011 5.981503009796143 112 47 51
-9.7718505859375 -0.547254204750061 5.8079752922058105 203 144 148
-9.732317924499512 -0.9976373314857483 6.009919166564941 114 22 33
-9.732317924499512 -0.9976373314857483 6.009919166564941 114 22 33
-9.746023178100586 -0.7495690584182739 5.878363132476807 107 19 31
-9.741247177124023 -0.9535829424858093 5.983545780181885 116 8 24
-9.771578788757324 -0.8569496870040894 5.950928211212158 202 132 135
-9.790460586547852 -0.6214094758033752 5.8248748779296875 190 131 133
-9.773327827453613 -0.9882378578186035 6.012014865875244 144 90 88
-9.771468162536621 -0.895438551902771 5.94919490814209 120 15 32
-9.78676700592041 -0.6459203362464905 5.821329116821289 89 33 32
-9.763486862182617 -0.9349037408828735 5.9499688148498535 201 132 134
-9.774518966674805 -1.0093677043914795 5.991284370422363 152 98 96
-9.791794776916504 -0.73908931016922 5.858721733093262 84 25 27
-9.69798755645752 -1.327426552772522 6.047364234924316 117 10 26
-9.803187370300293 -0.6334908604621887 5.801321983337402 177 125 124
-9.782745361328125 -1.0046931505203247 5.98533821105957 104 50 48
-9.782176971435547 -1.0045907497406006 5.98406982421875 104 50 48
-9.77604866027832 -1.2508295774459839 6.069337844848633 200 120 127
-9.772520065307617 -1.2985970973968506 6.087373733520508 191 129 137
-9.786762237548828 -1.1721901893615723 6.030307292938232 183 134 132
-9.85473346710205 -0.8979997038841248 5.979564189910889 140 98 94
-9.797046661376953 -1.1537686586380005 6.026763916015625 136 87 83
-9.797046661376953 -1.1537686586380005 6.026763916015625 136 87 83
-9.795717239379883 -0.7839708924293518 5.802701950073242 183 137 134
-9.825312614440918 -0.9686306118965149 5.95462703704834 117 11 23
-9.77905559539795 -0.7870031595230103 5.770371913909912 183 137 134
-9.82618522644043 -0.666714608669281 5.767324447631836 95 39 38
-9.797927856445312 -1.2043291330337524 6.012327671051025 192 111 120
-9.814596176147461 -0.8753019571304321 5.812622547149658 104 12 21
-9.807669639587402 -0.7482808232307434 5.711076259613037 117 16 24
-9.820855140686035 -0.792776882648468 5.75310754776001 121 12 31
-9.816892623901367 -1.091078281402588 5.910701274871826 201 118 125
-9.798470497131348 -1.2334458827972412 5.947761535644531 108 12 24
-9.777395248413086 -1.3193923234939575 5.961376667022705 181 119 124
-9.821017265319824 -0.6912813782691956 5.6647491455078125 183 132 129
-9.822400093078613 -0.923092246055603 5.757209300994873 164 127 121
-9.827712059020996 -0.8599264025688171 5.71373987197876 91 25 29
-9.828121185302734 -0.8141850829124451 5.6553568840026855 113 32 41
-9.816062927246094 -1.0630261898040771 5.75341796875 199 142 143
-9.777138710021973 -1.3096075057983398 5.823335647583008 105 55 55
-9.724825859069824 -1.2511065006256104 5.6495585441589355 118 12 26
-13.279797554016113 -1.8379437923431396 20.586265563964844 168 113 114
-14.024066925048828 -0.8741915822029114 22.04216957092285 179 120 124
-13.451762199401855 -1.6103906631469727 20.8203125 183 126 127
-13.943062782287598 -1.038443922996521 21.451087951660156 90 19 26
-13.431683540344238 -1.6383198499679565 20.08350944519043 179 123 122
-14.661134719848633 0.2449326068162918 22.302513122558594 161 115 113
-14.00134563446045 -0.9569190144538879 21.033174514770508 172 118 121
-13.279658317565918 -1.911568522453308 19.591371536254883 90 30 32
-14.70786190032959 0.15529415011405945 22.283615112304688 179 113 115
-14.70786190032959 0.15529415011405945 22.283615112304688 179 113 115
-13.422094345092773 -1.7622029781341553 19.853515625 157 116 114
-14.10548210144043 -0.713601291179657 21.06889533996582 162 124 121
-14.646565437316895 -0.019367216154932976 22.077011108398438 120 15 30
-14.435112953186035 -0.17691636085510254 20.701236724853516 117 13 28
-14.435112953186035 -0.17691636085510254 20.701236724853516 117 13 28
-15.16588306427002 0.5644258856773376 22.14314079284668 168 127 123
-15.16588306427002 0.5644258856773376 22.14314079284668 168 127 123
-14.104708671569824 -0.9492911696434021 20.17300033569336 171 110 115
-15.147897720336914 0.3703579604625702 22.181684494018555 103 5 18
-13.97807788848877 -0.9038917422294617 19.5941162109375 102 41 46
-15.256030082702637 0.6980941891670227 22.00830841064453 181 113 114
-14.409819602966309 -0.5218832492828369 20.282751083374023 164 109 109
-14.666147232055664 -0.104437917470932 20.6488094329834 95 24 27
-14.563496589660645 -0.2864626348018646 20.351011276245117 112 13 25
-14.637258529663086 -0.17529146373271942 20.424560546875 171 94 98
-14.773454666137695 -0.07193432748317719 20.662046432495117 167 116 115
-15.565994262695312 1.0257086753845215 21.770795822143555 150 115 111
-15.565994262695312 1.0257086753845215 21.770795822143555 150 115 111
-15.178023338317871 0.4283990263938904 21.065019607543945 84 36 34
-13.876883506774902 -1.648403525352478 18.885717391967773 114 7 23
-14.876124382019043 -0.029615221545100212 20.406715393066406 93 43 42
-14.876124382019043 -0.029615221545100212 20.406715393066406 93 43 42
-14.768951416015625 -0.12753072381019592 20.1854248046875 173 123 122
-14.91015625 0.05222856625914574 20.401308059692383 173 113 115
-14.455450057983398 -0.5825638175010681 19.512699127197266 157 99 98
-14.68249225616455 -0.20581236481666565 19.850311279296875 82 20 22
-14.010218620300293 -1.2747349739074707 18.65164566040039 165 96 104
-15.085630416870117 0.29246586561203003 20.437973022460938 123 75 73
-14.716134071350098 -0.5336797833442688 19.973939895629883 145 87 86
-14.716134071350098 -0.5336797833442688 19.973939895629883 145 87 86
-15.345319747924805 0.652004599571228 20.809406280517578 114 12 25
-13.622206687927246 -1.862256646156311 17.863807678222656 111 61 57
-14.35840129852295 -0.8680277466773987 19.076311111450195 91 12 20
-14.355517387390137 -0.7917773723602295 18.997045516967773 101 5 19
-16.088088989257812 1.634108304977417 21.90176773071289 98 16 26
-16.088088989257812 1.634108304977417 21.90176773071289 98 16 26
-15.03561782836914 0.07656858116388321 20.139034271240234 110 15 29
-16.572586059570312 2.5645997524261475 22.489107131958008 177 126 123
-14.304457664489746 -0.9482078552246094 18.843427658081055 174 114 116
-15.559403419494629 0.8368951678276062 20.802120208740234 167 112 115
-14.464649200439453 -0.6924130320549011 18.95342254638672 175 115 117
-14.891694068908691 -0.35249659419059753 19.808584213256836 109 12 23
-13.944032669067383 -1.417217493057251 18.012544631958008 168 114 114
-15.470603942871094 0.43616029620170593 20.651351928710938 184 121 122
-14.977231979370117 -0.06258587539196014 19.720596313476562 187 114 121
-14.2405424118042 -1.038854718208313 18.468778610229492 169 120 118
-15.634305000305176 0.9054419994354248 20.751020431518555 170 112 115
-16.660978317260742 2.2626280784606934 22.43319320678711 176 116 118
-14.192242622375488 -1.4821993112564087 18.488542556762695 116 70 66
-14.89136028289795 -0.18959401547908783 19.419225692749023 155 99 100
-15.011407852172852 0.01119967270642519 19.592281341552734 113 12 26
-15.738000869750977 1.024306297302246 20.689111709594727 107 14 22
-15.738000869750977 1.024306297302246 20.689111709594727 107 14 22
-16.34585189819336 1.8159359693527222 21.584999084472656 99 50 46
-15.605570793151855 0.6740747094154358 20.37693977355957 179 117 122
-16.667272567749023 2.265511989593506 22.001028060913086 156 100 99
-16.485124588012695 2.0345091819763184 21.655826568603516 118 9 28
-16.485124588012695 2.0345091819763184 21.655826568603516 118 9 28
-14.720784187316895 -0.5949978828430176 18.901599884033203 169 113 114
-15.077641487121582 -0.055719248950481415 19.410350799560547 110 12 25
-15.512880325317383 0.4797937870025635 20.12818717956543 106 13 24
-13.893586158752441 -2.003669023513794 17.63919448852539 162 117 114
-16.855167388916016 2.3505451679229736 22.177879333496094 90 14 22
-15.273303985595703 0.16913029551506042 19.596540451049805 165 127 121
-15.273303985595703 0.16913029551506042 19.596540451049805 165 127 121
-15.698935508728027 0.7023510932922363 20.203615188598633 97 47 48
-15.770142555236816 0.8059403896331787 20.286144256591797 180 112 113
-16.425893783569336 1.8044401407241821 21.257911682128906 166 91 96
-16.667293548583984 2.1827404499053955 21.616195678710938 192 130 133
-15.107165336608887 -0.16941691935062408 19.211788177490234 177 106 109
-16.166770935058594 1.2144612073898315 20.918283462524414 113 70 67
-14.39958667755127 -1.355308175086975 18.135637283325195 112 5 21
-16.193574905395508 1.4807578325271606 20.735336303710938 92 37 36
-16.335723876953125 1.4346916675567627 21.076431274414062 85 4 13
-15.631438255310059 0.6298226714134216 19.771665573120117 149 99 100
-16.078086853027344 1.216707706451416 20.468006134033203 159 105 105
-15.472538948059082 0.24615512788295746 19.49069595336914 175 109 113
-15.69884967803955 0.4935956299304962 19.871366500854492 95 24 28
-15.192728996276855 -0.13062191009521484 19.0263671875 99 11 23
-15.192728996276855 -0.13062191009521484 19.0263671875 99 11 23
-14.831535339355469 -0.6980445384979248 18.48057746887207 158 107 106
-14.388724327087402 -1.1762269735336304 17.625118255615234 165 111 111
-14.701801300048828 -0.9161838889122009 18.17896270751953 94 17 25
-15.575545310974121 0.2370147556066513 19.538068771362305 89 24 28
-16.35662841796875 1.5089008808135986 20.4537296295166 184 127 125
-15.015470504760742 -0.5651534795761108 18.49823570251465 112 6 20
-15.015470504760742 -0.5651534795761108 18.49823570251465 112 6 20
-14.808331489562988 -0.869996964931488 18.156591415405273 177 125 125
-16.37351417541504 1.5533380508422852 20.365413665771484 101 35 36
-16.45651626586914 1.611083984375 20.430744171142578 90 24 25
-13.969083786010742 -1.9622024297714233 16.72367286682129 190 117 121
-16.190940856933594 1.106004238128662 20.08572769165039 162 108 111
-16.190940856933594 1.106004238128662 20.08572769165039 162 108 111
-15.204916000366211 -0.2980034649372101 18.586536407470703 181 115 119
-15.151829719543457 -0.4470585882663727 18.52106475830078 173 119 122
-14.95505142211914 -0.7478294372558594 18.15741539001465 154 103 101
-14.293949127197266 -1.6343027353286743 17.132349014282227 96 45 44
-15.317938804626465 -0.21499298512935638 18.66683006286621 100 8 21
-14.444010734558105 -1.398298740386963 17.29498863220215 146 54 67
-15.217156410217285 -0.48186182975769043 18.50338363647461 167 109 113
-14.65794563293457 -1.1906874179840088 17.604267120361328 155 93 96
-16.302736282348633 1.2452133893966675 19.80105209350586 187 116 122
-14.3895263671875 -1.587222695350647 17.050010681152344 182 110 117
-16.052949905395508 0.7957848310470581 19.44498062133789 99 24 31
-16.052949905395508 0.7957848310470581 19.44498062133789 99 24 31
-15.845865249633789 0.44904381036758423 19.1679744720459 131 87 84
-16.54311180114746 1.4240397214889526 20.155885696411133 163 107 106
-14.588624954223633 -1.4830392599105835 17.37377166748047 111 6 23
-15.405095100402832 -0.06911808252334595 18.38990592956543 167 113 111
-15.795738220214844 0.1052190363407135 19.159406661987305 186 132 130
-16.17953109741211 0.860923707485199 19.593517303466797 183 124 126
-14.74821949005127 -1.3045625686645508 17.47019386291504 153 109 104
-14.74821949005127 -1.3045625686645508 17.47019386291504 153 109 104
-15.527985572814941 -0.18262135982513428 18.585506439208984 175 117 118
-16.329368591308594 1.0196325778961182 19.6967830657959 169 106 110
-16.699331283569336 1.5108187198638916 20.164154052734375 180 108 112
-14.678508758544922 -1.4445339441299438 17.184772491455078 107 12 26
-15.755011558532715 0.025139326229691505 18.714855194091797 193 124 127
-15.755011558532715 0.025139326229691505 18.714855194091797 193 124 127
-16.452476501464844 1.1065870523452759 19.661710739135742 105 11 25
-15.861391067504883 0.17775015532970428 18.82875633239746 110 10 22
-15.662992477416992 -0.26269567012786865 18.600982666015625 117 8 27
-16.266366958618164 0.6601199507713318 19.416799545288086 116 11 26
-14.790985107421875 -1.34656822681427 17.262229919433594 98 58 53
-16.267534255981445 0.4465419054031372 19.508020401000977 168 124 121
-16.3371524810791 0.7986739873886108 19.44171905517578 180 112 115
-16.360782623291016 0.8455582857131958 19.403995513916016 117 61 60
-15.062040328979492 -1.0036821365356445 17.557125091552734 175 124 123
-16.16240882873535 0.5283262729644775 19.074533462524414 102 18 26
-16.408010482788086 1.0834909677505493 19.223365783691406 190 120 126
-16.57745933532715 1.246361255645752 19.495641708374023 174 118 119
-15.08504581451416 -0.9762743711471558 17.43716049194336 102 42 44
-16.13938331604004 0.29511040449142456 18.974285125732422 177 107 115
-14.656253814697266 -1.7697516679763794 16.87335777282715 134 78 79
-14.656253814697266 -1.7697516679763794 16.87335777282715 134 78 79
-16.37589454650879 0.5841202735900879 19.31382179260254 117 9 25
-15.535028457641602 -0.5403938293457031 18.082195281982422 84 25 27
-15.882892608642578 -0.20756259560585022 18.6461124420166 148 89 91
-16.218976974487305 0.7425355315208435 18.77741241455078 150 111 106
-16.165525436401367 0.35505539178848267 18.84537696838379 96 10 23
-15.016581535339355 -1.3254755735397339 17.26565170288086 162 89 96
-15.016581535339355 -1.3254755735397339 17.26565170288086 162 89 96
-15.308773040771484 -0.9743314385414124 17.63157081604004 79 8 14
-15.911239624023438 -0.05485644191503525 18.396888732910156 196 132 136
-15.599127769470215 -0.5101584196090698 17.943187713623047 164 93 99
-15.904884338378906 -0.18263791501522064 18.37900161743164 94 18 26
-15.786450386047363 -0.32298392057418823 18.194297790527344 198 106 119
-15.786450386047363 -0.32298392057418823 18.194297790527344 198 106 119
-16.47523307800293 0.604781985282898 19.128704071044922 107 20 29
-15.305685043334961 -1.0683701038360596 17.526535034179688 180 128 130
-15.044297218322754 -1.3955097198486328 17.147876739501953 106 38 43
-15.650251388549805 -0.5790467262268066 17.978105545043945 130 92 86
-15.13448715209961 -1.2201834917068481 17.218944549560547 108 10 23
-16.45880126953125 0.7435344457626343 18.949596405029297 84 32 32
-15.037155151367188 -1.4926220178604126 17.03139877319336 187 116 124
-15.377686500549316 -1.1076366901397705 17.466781616210938 170 120 121
-15.913858413696289 -0.3395918905735016 18.151418685913086 100 15 25
-15.451774597167969 -0.8299720883369446 17.44183349609375 112 4 20
-15.495038032531738 -1.0466432571411133 17.627288818359375 116 66 67
-15.495038032531738 -1.0466432571411133 17.627288818359375 116 66 67
-16.510175704956055 0.6810226440429688 18.821130752563477 105 57 55
-15.435765266418457 -1.0628644227981567 17.474952697753906 113 63 64
-16.54637908935547 0.4914434850215912 18.91421127319336 110 12 25
-14.908210754394531 -1.8553005456924438 16.684146881103516 96 19 29
-14.908210754394531 -1.8553005456924438 16.684146881103516 96 19 29
-16.53336524963379 0.6126687526702881 18.761384963989258 181 114 116
-16.55561065673828 0.6592950224876404 18.685373306274414 87 38 36
-16.35744857788086 0.1442667543888092 18.505929946899414 196 121 131
-14.908026695251465 -1.9458979368209839 16.573457717895508 184 124 128
-14.908026695251465 -1.9458979368209839 16.573457717895508 184 124 128
-15.951085090637207 -0.5793241262435913 18.003150939941406 172 105 110
-15.701294898986816 -0.7534849643707275 17.564096450805664 159 108 109
-15.701294898986816 -0.7534849643707275 17.564096450805664 159 108 109
-15.490959167480469 -1.2974073886871338 17.364103317260742 107 9 24
-15.490959167480469 -1.2974073886871338 17.364103317260742 107 9 24
-15.031943321228027 -1.8605656623840332 16.69301414489746 114 66 66
-15.031943321228027 -1.8605656623840332 16.69301414489746 114 66 66
-14.970915794372559 -1.904410481452942 16.58737564086914 114 66 66
-14.970915794372559 -1.904410481452942 16.58737564086914 114 66 66
-16.582172393798828 0.396982878446579 18.65894317626953 124 10 28
-16.235889434814453 -0.21228839457035065 18.243818283081055 97 51 51
-16.526214599609375 0.21516487002372742 18.615934371948242 120 28 43
-15.108410835266113 -1.9302235841751099 16.68307113647461 128 76 78
-16.228801727294922 -0.2625671923160553 18.042537689208984 169 125 124
-16.291751861572266 -0.13815946877002716 18.075597763061523 137 83 83
-15.146111488342285 -1.9348924160003662 16.58728790283203 175 123 125
-15.822273254394531 -0.9522094130516052 17.37388801574707 118 8 25
-15.822273254394531 -0.9522094130516052 17.37388801574707 118 8 25
-15.636214256286621 -1.3640589714050293 17.166955947875977 109 13 27
-15.636214256286621 -1.3640589714050293 17.166955947875977 109 13 27
-16.307161331176758 -0.3286837637424469 17.915313720703125 97 47 48
-16.296207427978516 -0.40500617027282715 17.907896041870117 186 134 135
-16.53455924987793 0.17695561051368713 18.102935791015625 202 121 128
-15.769872665405273 -1.1681809425354004 17.192529678344727 163 115 115
-15.769872665405273 -1.1681809425354004 17.192529678344727 163 115 115
-15.250960350036621 -1.9890669584274292 16.52553939819336 96 8 24
-16.229413986206055 -0.4752976894378662 17.709304809570312 99 14 23
-16.38519287109375 -0.321440190076828 17.87688446044922 154 104 105
-15.984416961669922 -1.0599685907363892 17.408214569091797 129 78 75
-15.984416961669922 -1.0599685907363892 17.408214569091797 129 78 75
-16.47022247314453 -0.2843743562698364 17.96082878112793 177 122 125
-16.492204666137695 -0.3629261255264282 17.917173385620117 89 28 33
-15.427417755126953 -2.0205459594726562 16.537595748901367 106 58 58
-15.378182411193848 -2.1646199226379395 16.50321388244629 107 28 37
-15.378182411193848 -2.1646199226379395 16.50321388244629 107 28 37
-16.636093139648438 -0.231607124209404 18.005868911743164 186 94 107
-16.468225479125977 -2.1356518268585205 18.527997970581055 158 108 111
-15.943412780761719 -1.438170075416565 17.22531509399414 116 9 29
-16.367752075195312 -0.6204035878181458 17.652687072753906 121 7 25
-16.367752075195312 -0.6204035878181458 17.652687072753906 121 7 25
-16.50250244140625 -0.4882131814956665 17.73587989807129 190 127 132
-16.623573303222656 -0.6267247796058655 17.747961044311523 208 149 151
-16.667613983154297 -0.5089038610458374 17.76617431640625 179 144 140
-16.66230010986328 -0.3927336037158966 17.695037841796875 201 133 140
-16.66230010986328 -0.3927336037158966 17.695037841796875 201 133 140
-16.544891357421875 -0.7472928762435913 17.54783058166504 102 17 29
-16.56475830078125 -0.5943503975868225 17.51822280883789 85 33 33
-16.746978759765625 -0.45692941546440125 17.77892303466797 102 39 45
-15.959640502929688 -1.7299623489379883 16.87234115600586 99 29 37
-15.959640502929688 -1.7299623489379883 16.87234115600586 99 29 37
-16.75811004638672 -0.41611045598983765 17.662118911743164 195 125 133
-16.00128173828125 -1.6725836992263794 16.8253231048584 91 14 24
-16.67092514038086 -0.5747389197349548 17.556655883789062 184 112 120
-16.548599243164062 -0.74607253074646 17.395212173461914 132 18 40
-16.51749038696289 -0.5281949639320374 17.193456649780273 100 30 38
-16.688234329223633 -0.3220079839229584 17.41134262084961 126 21 36
-16.688234329223633 -0.3220079839229584 17.41134262084961 126 21 36
-16.11890983581543 -1.7427676916122437 16.85358238220215 87 31 34
-16.801298141479492 -0.5878400206565857 17.559215545654297 180 143 142
-16.625606536865234 -0.7243939638137817 17.279468536376953 201 139 146
-16.080541610717773 -1.937778115272522 16.803573608398438 201 135 143
-16.080541610717773 -1.937778115272522 16.803573608398438 201 135 143
-16.051612854003906 -1.7973047494888306 16.67934799194336 202 133 142
-16.22759437561035 -1.7460813522338867 16.926748275756836 187 128 132
-16.35780906677246 -1.4762741327285767 16.92479133605957 191 145 146
-16.35942840576172 -1.8826638460159302 17.06501007080078 180 133 135
-16.572683334350586 -1.0609735250473022 17.099651336669922 202 142 146
-16.044599533081055 -2.1406750679016113 16.5881404876709 168 115 118
-16.4648494720459 -1.418835997581482 17.023391723632812 115 71 72
-16.760299682617188 -0.7649157643318176 17.253328323364258 204 140 147
-16.162080764770508 -2.0232434272766113 16.68651008605957 127 10 29
-16.162080764770508 -2.0232434272766113 16.68651008605957 127 10 29
-16.786407470703125 -0.8886209726333618 17.168861389160156 121 22 37
-16.039730072021484 -2.229698896408081 16.415315628051758 180 139 137
-16.71649169921875 -1.377434492111206 17.174821853637695 179 128 129
-16.006702423095703 -2.4555575847625732 16.351842880249023 128 11 29
-16.386159896850586 -2.0984418392181396 16.845726013183594 190 118 122
-16.298580169677734 -2.1412596702575684 16.684621810913086 155 96 97
-16.139522552490234 -2.3319029808044434 16.455974578857422 188 140 142
-16.741294860839844 -1.1521555185317993 16.987056732177734 178 118 122
-16.741294860839844 -1.1521555185317993 16.987056732177734 178 118 122
-16.502450942993164 -1.9785706996917725 16.842634201049805 201 146 149
-16.502450942993164 -1.9785706996917725 16.842634201049805 201 146 149
-16.3909969329834 -2.047837495803833 16.669679641723633 198 125 134
-16.32379722595215 -2.253959894180298 16.62541389465332 99 15 30
-16.74672508239746 -1.5866490602493286 17.02901840209961 197 126 132
-16.667741775512695 -1.6463483572006226 16.857528686523438 111 30 39
-16.849607467651367 -1.5369646549224854 17.07332420349121 128 83 82
-16.475421905517578 -2.272027015686035 16.719669342041016 171 124 124
-16.69916534423828 -1.6753472089767456 16.845752716064453 203 126 134
-16.809593200683594 -1.6079628467559814 16.97530746459961 200 151 149
-16.470640182495117 -2.1336615085601807 16.57769012451172 119 18 34
-16.470640182495117 -2.1336615085601807 16.57769012451172 119 18 34
-16.257383346557617 -2.6748855113983154 16.371469497680664 210 148 149
-16.472597122192383 -2.5759634971618652 16.59438133239746 126 17 36
-16.257278442382812 -2.9222209453582764 16.26280975341797 210 149 153
-16.439775466918945 -2.7232248783111572 16.46803092956543 213 157 160
-16.853734970092773 -1.5862544775009155 16.71615982055664 100 37 45
-16.853734970092773 -1.5862544775009155 16.71615982055664 100 37 45
-16.64324951171875 -2.138610601425171 16.539594650268555 175 112 116
-16.488143920898438 -2.406317710876465 16.385705947875977 134 90 91
-16.332172393798828 -2.8325459957122803 16.249250411987305 202 156 158
-16.332172393798828 -2.8325459957122803 16.249250411987305 202 156 158
-16.862022399902344 -1.7513957023620605 16.68759536743164 209 131 141
-16.888626098632812 -1.650913119316101 16.649333953857422 207 151 157
-16.736318588256836 -2.077387809753418 16.550125122070312 190 137 139
-16.55590057373047 -2.8345112800598145 16.529001235961914 102 56 58
-16.822296142578125 -1.8649203777313232 16.54544448852539 192 107 120
-16.9482364654541 -1.7456682920455933 16.699270248413086 103 47 50
-16.9482364654541 -1.7456682920455933 16.699270248413086 103 47 50
-16.809097290039062 -2.015716314315796 16.53171157836914 196 160 156
-16.505353927612305 -2.7787106037139893 16.25239372253418 201 152 148
-16.920490264892578 -1.7959109544754028 16.552913665771484 207 133 144
-16.920490264892578 -1.7959109544754028 16.552913665771484 207 133 144
-16.862462997436523 -2.26005220413208 16.559467315673828 131 19 35
-16.729572296142578 -2.690812110900879 16.396116256713867 143 14 38
-16.955677032470703 -2.1536476612091064 16.543067932128906 197 139 143
-17.014366149902344 -2.027435779571533 16.557313919067383 175 120 118
-16.774433135986328 -2.4723594188690186 16.326824188232422 183 128 134
-16.774433135986328 -2.4723594188690186 16.326824188232422 183 128 134
-16.74680519104004 -2.848670482635498 16.32371711730957 216 158 156
-16.889968872070312 -2.586421012878418 16.411901473999023 198 143 146
-16.666107177734375 -2.98551607131958 16.17294692993164 97 55 57
-16.666107177734375 -2.98551607131958 16.17294692993164 97 55 57
-16.9492244720459 -2.5648720264434814 16.283218383789062 126 90 88
-17.09560203552246 -2.4362740516662598 16.316627502441406 135 28 49
-11.678820610046387 -0.776188313961029 12.178096771240234 115 23 34
-11.678820610046387 -0.776188313961029 12.178096771240234 115 23 34
-11.721714973449707 -0.927350640296936 12.047124862670898 142 96 95
-11.874288558959961 -1.052294373512268 12.388745307922363 112 17 29
-11.820710182189941 -1.2380213737487793 12.327814102172852 156 108 106
-11.882326126098633 -0.8253549337387085 12.064916610717773 101 12 24
-12.079243659973145 -1.2059577703475952 12.67022705078125 146 96 95
-12.079243659973145 -1.2059577703475952 12.67022705078125 146 96 95
-12.171143531799316 -0.31321582198143005 12.168746948242188 115 16 29
-12.15807056427002 -0.5985520482063293 12.230936050415039 102 23 29
-12.25418758392334 -0.21750155091285706 12.05748176574707 149 94 97
-12.132079124450684 -0.8406919240951538 12.1973876953125 107 17 27
-12.180071830749512 -1.5131312608718872 12.74402904510498 144 100 97
-12.44699478149414 -0.6187527775764465 12.493077278137207 106 20 29
-12.353801727294922 -1.8939255475997925 13.2449951171875 153 112 108
-12.481389999389648 0.11531388014554977 11.974045753479004 106 20 31
-12.431918144226074 -0.3617120683193207 12.202455520629883 105 13 24
-12.667859077453613 0.020066510885953903 12.299370765686035 132 83 79
-12.701101303100586 -0.21818435192108154 12.491310119628906 157 103 103
-12.701101303100586 -0.21818435192108154 12.491310119628906 157 103 103
-12.782363891601562 0.2164001166820526 12.296643257141113 161 116 113
-12.92888355255127 0.1273036003112793 12.570841789245605 100 15 26
-13.024889945983887 0.07288940995931625 12.629559516906738 169 109 111
-12.898612022399902 -0.013351031579077244 12.307360649108887 141 98 94
-13.005654335021973 -0.3694501519203186 12.759991645812988 111 8 21
-13.131924629211426 -0.09692606329917908 12.804254531860352 109 13 25
-13.131924629211426 -0.09692606329917908 12.804254531860352 109 13 25
-13.217059135437012 0.25212886929512024 12.629389762878418 156 106 105
-13.373882293701172 -0.11405228823423386 13.111655235290527 95 0 7
-13.315661430358887 0.10505849868059158 12.675079345703125 97 11 24
-13.131546974182129 -0.18506081402301788 12.357328414916992 112 10 24
-13.337137222290039 0.3425145149230957 12.421618461608887 115 10 23
-13.337137222290039 0.3425145149230957 12.421618461608887 115 10 23
-13.440971374511719 0.14144037663936615 12.73208236694336 171 104 111
-13.417287826538086 -0.83174067735672 13.229507446289062 93 34 36
-13.888556480407715 -0.054296545684337616 13.816019058227539 112 10 24
-13.527314186096191 -0.020272240042686462 12.899453163146973 150 102 100
-13.581733703613281 -0.5894961953163147 13.213262557983398 93 33 35
-13.636795043945312 0.19706310331821442 12.80022144317627 112 58 58
-13.509316444396973 -0.1550976186990738 12.715435028076172 102 10 23
-13.585529327392578 -1.30049467086792 13.661970138549805 104 8 22
-13.585529327392578 -1.30049467086792 13.661970138549805 104 8 22
-13.600729942321777 -0.8461961150169373 13.380022048950195 160 101 103
-13.766053199768066 0.13405540585517883 12.779200553894043 91 32 34
-13.766053199768066 0.13405540585517883 12.779200553894043 91 32 34
-13.952218055725098 -0.44109252095222473 13.493839263916016 107 11 23
-13.893426895141602 -0.3612968623638153 13.287708282470703 184 114 117
-14.153183937072754 0.5371716618537903 13.252718925476074 154 98 99
-13.830743789672852 -1.3604915142059326 13.698732376098633 107 7 23
-13.830743789672852 -1.3604915142059326 13.698732376098633 107 7 23
-14.017273902893066 -0.19132746756076813 13.324898719787598 113 10 27
-13.953644752502441 -0.3280446529388428 13.248587608337402 113 17 31
-13.985857009887695 -0.9188144207000732 13.618880271911621 145 99 99
-13.997939109802246 0.333682656288147 12.786640167236328 150 65 74
-14.151191711425781 0.441806435585022 12.927490234375 112 50 51
-14.100200653076172 0.2888212502002716 12.858299255371094 127 8 28
-14.159727096557617 -0.04247651249170303 13.15568733215332 175 113 116
-14.172080993652344 -0.5285085439682007 13.308733940124512 120 3 26
-14.172080993652344 -0.5285085439682007 13.308733940124512 120 3 26
-14.357748985290527 -0.6167699098587036 13.742491722106934 166 114 116
-14.344592094421387 -0.5153589248657227 13.396961212158203 98 17 27
-14.310667037963867 0.22526681423187256 12.786988258361816 113 8 23
-14.329063415527344 -1.173716425895691 13.580450057983398 118 7 26
-14.548230171203613 -0.44893524050712585 13.484124183654785 161 119 120
-14.548230171203613 -0.44893524050712585 13.484124183654785 161 119 120
-14.730927467346191 0.18654796481132507 13.363226890563965 199 123 129
-14.462383270263672 -0.3538435995578766 13.058637619018555 116 14 27
-14.666035652160645 -0.6947379112243652 13.64093017578125 196 122 128
-14.473918914794922 -0.948268711566925 13.373480796813965 115 9 26
-14.546868324279785 -0.636422872543335 13.328350067138672 119 12 32
-14.727669715881348 0.45526185631752014 13.047347068786621 94 9 14
-14.872993469238281 -0.307435005903244 13.739557266235352 116 14 27
-14.872993469238281 -0.307435005903244 13.739557266235352 116 14 27
-14.698267936706543 -0.2131621390581131 13.210759162902832 94 17 25
-14.792551040649414 0.1018301248550415 13.189465522766113 168 106 109
-14.903033256530762 -0.03469059616327286 13.039652824401855 159 120 115
-14.822787284851074 -0.6040862202644348 13.088654518127441 182 141 139
-15.109855651855469 0.2862965166568756 13.139779090881348 121 48 55
-14.966941833496094 -0.30613359808921814 13.181438446044922 149 107 108
-14.944064140319824 -1.0785703659057617 13.457510948181152 117 11 31
-14.944064140319824 -1.0785703659057617 13.457510948181152 117 11 31
-15.118918418884277 -0.755017101764679 13.574248313903809 116 17 30
-15.118918418884277 -0.755017101764679 13.574248313903809 116 17 30
-15.03919506072998 -0.4699072539806366 13.246286392211914 117 20 31
-15.254109382629395 0.08388491719961166 13.289823532104492 110 26 34
-15.201308250427246 0.2187061905860901 13.09109115600586 102 41 46
-15.229580879211426 -0.21154382824897766 13.354409217834473 112 24 36
-15.021982192993164 -0.13903899490833282 12.808052062988281 179 142 136
-15.2495756149292 -0.14623132348060608 13.188578605651855 155 104 103
-15.307365417480469 -0.10106062889099121 13.236157417297363 179 142 136
-15.309706687927246 0.06445859372615814 13.103395462036133 127 10 29
-15.298124313354492 -0.6572383642196655 13.442436218261719 176 128 128
-15.203495025634766 -1.094343900680542 13.443669319152832 105 38 45
-15.203495025634766 -1.094343900680542 13.443669319152832 105 38 45
-15.240478515625 -1.2985745668411255 13.481589317321777 158 116 117
-15.373030662536621 -0.40461260080337524 13.225295066833496 174 133 129
-15.373030662536621 -0.40461260080337524 13.225295066833496 174 133 129
-15.345462799072266 -0.7062323689460754 13.260392189025879 109 37 46
-15.55965805053711 0.13033469021320343 13.127474784851074 181 122 124
-15.758450508117676 -0.12251842767000198 13.47069263458252 130 16 24
-15.758450508117676 -0.12251842767000198 13.47069263458252 130 16 24
-15.49946403503418 -0.7662357091903687 13.279328346252441 156 119 118
-15.49946403503418 -0.7662357091903687 13.279328346252441 156 119 118
-15.38794231414795 -0.9317420125007629 13.101746559143066 144 8 38
-15.573083877563477 -0.42302238941192627 13.160805702209473 219 137 141
-15.539422988891602 -1.0780457258224487 13.369638442993164 160 118 118
-15.539422988891602 -1.0780457258224487 13.369638442993164 160 118 118
-15.516219139099121 -1.582555890083313 13.440496444702148 137 15 41
-15.516219139099121 -1.582555890083313 13.440496444702148 137 15 41
-15.637328147888184 -1.8034037351608276 13.413939476013184 164 122 121
-15.667509078979492 -0.8709095120429993 13.032986640930176 166 127 126
-15.667509078979492 -0.8709095120429993 13.032986640930176 166 127 126
-15.700778007507324 -1.9906072616577148 13.392532348632812 131 18 36
-15.789813995361328 -1.124207854270935 12.818735122680664 135 20 37
-15.926467895507812 -0.7369147539138794 12.642404556274414 119 44 57
-15.783891677856445 -2.254441976547241 13.063837051391602 188 133 133
-15.871133804321289 -1.931771159172058 13.047374725341797 176 127 130
-15.871133804321289 -1.931771159172058 13.047374725341797 176 127 130
-15.693607330322266 -3.0509824752807617 13.17258071899414 202 146 147
-15.791207313537598 -2.983120918273926 13.283782005310059 203 157 157
-15.933773040771484 -2.137209177017212 13.072835922241211 137 20 39
-15.89793872833252 -2.6340115070343018 13.110685348510742 174 132 134
-15.866759300231934 -2.9106762409210205 12.908038139343262 138 20 32
-15.946490287780762 -2.2133145332336426 12.691375732421875 139 20 40
-15.946490287780762 -2.2133145332336426 12.691375732421875 139 20 40
-15.787789344787598 -2.4112021923065186 12.23477554321289 190 137 145
-15.718795776367188 -2.8432323932647705 12.237561225891113 134 21 45
-15.877120971679688 -2.7594075202941895 12.322514533996582 185 148 146
-16.25472640991211 -0.9217113852500916 12.136351585388184 160 120 114
-15.769838333129883 -1.421568751335144 11.342133522033691 178 93 109
-15.822159767150879 -3.483428955078125 12.169743537902832 92 34 23
-11.691134452819824 -0.40440329909324646 11.076151847839355 106 26 35
-11.503000259399414 -0.6810754537582397 10.72431755065918 103 22 31
-11.4386625289917 -0.8880342245101929 10.593871116638184 110 18 29
-11.4386625289917 -0.8880342245101929 10.593871116638184 110 18 29
-11.530940055847168 -0.7222829461097717 10.46009349822998 101 23 34
-11.922558784484863 -0.033804893493652344 10.805109977722168 99 30 35
-11.782703399658203 -0.3895130455493927 10.555501937866211 145 105 101
-11.782703399658203 -0.3895130455493927 10.555501937866211 145 105 101
-11.261225700378418 -1.2527605295181274 9.999197959899902 146 98 96
-11.547934532165527 -0.8375117182731628 10.303333282470703 154 106 104
-11.947278022766113 -0.10881735384464264 10.572232246398926 88 19 24
-11.454545974731445 -0.9572142362594604 10.048537254333496 109 13 30
-11.454545974731445 -0.9572142362594604 10.048537254333496 109 13 30
-11.612112998962402 -0.8051708936691284 10.251631736755371 153 99 100
-12.001703262329102 -0.15883082151412964 10.572179794311523 154 98 99
-12.187713623046875 0.23275867104530334 10.657990455627441 136 85 83
-12.187713623046875 0.23275867104530334 10.657990455627441 136 85 83
-12.045499801635742 -0.19709280133247375 10.602357864379883 129 87 85
-11.769713401794434 -0.5509895086288452 10.237348556518555 111 10 24
-11.769713401794434 -0.5509895086288452 10.237348556518555 111 10 24
-11.178282737731934 -1.4911813735961914 9.592896461486816 157 106 105
-12.02546215057373 -0.20166555047035217 10.36021614074707 150 93 94
-11.672761917114258 -0.7596580386161804 10.018566131591797 162 117 112
-12.517475128173828 0.6247823238372803 10.779186248779297 149 111 104
-11.351659774780273 -1.3070571422576904 9.721747398376465 154 102 104
-11.625990867614746 -0.8550395965576172 9.923296928405762 167 111 112
-11.526985168457031 -1.0018948316574097 9.809833526611328 107 15 28
-11.526985168457031 -1.0018948316574097 9.809833526611328 107 15 28
-12.266459465026855 0.18247424066066742 10.497953414916992 146 87 89
-12.266459465026855 0.18247424066066742 10.497953414916992 146 87 89
-11.82190990447998 -0.5852380990982056 10.087686538696289 102 15 24
-12.055378913879395 -0.1748615950345993 10.260540962219238 101 16 27
-12.135924339294434 -0.05303190276026726 10.326319694519043 89 28 27
-11.685935974121094 -0.8128756284713745 9.887109756469727 103 19 30
-11.906451225280762 -0.4009805917739868 10.0012845993042 107 12 24
-11.906451225280762 -0.4009805917739868 10.0012845993042 107 12 24
-11.618123054504395 -0.9537263512611389 9.790359497070312 160 102 106
-12.104535102844238 -0.15483513474464417 10.210594177246094 171 103 110
-11.86374282836914 -0.5342280268669128 9.95658016204834 162 99 107
-11.301971435546875 -1.5351022481918335 9.465063095092773 145 97 95
-11.301971435546875 -1.5351022481918335 9.465063095092773 145 97 95
-12.047229766845703 -0.30450135469436646 10.106939315795898 139 98 94
-11.317142486572266 -1.5029736757278442 9.42496109008789 161 106 105
-11.437712669372559 -1.3055095672607422 9.52645492553711 171 111 111
-11.331958770751953 -1.5369495153427124 9.365778923034668 98 49 48
-11.492900848388672 -1.2560532093048096 9.489727973937988 107 7 23
-12.010706901550293 -0.4078707993030548 9.923955917358398 103 16 25
-11.9412260055542 -0.5593093037605286 9.7684907913208 106 64 62
-11.946043968200684 -0.49315324425697327 9.730164527893066 91 10 19
-11.261116981506348 -1.6594741344451904 9.172684669494629 105 9 23
-11.261116981506348 -1.6594741344451904 9.172684669494629 105 9 23
-12.633506774902344 0.545168936252594 10.356554985046387 168 120 118
-12.57099437713623 0.43813690543174744 10.30622673034668 187 120 124
-11.657502174377441 -1.1385523080825806 9.55196762084961 168 105 109
-12.451583862304688 0.09949951618909836 10.253491401672363 166 122 117
-11.922540664672852 -0.6721387505531311 9.731061935424805 114 3 20
-11.47203254699707 -1.3715921640396118 9.318119049072266 147 108 104
-12.271905899047852 -0.04824916273355484 9.97049617767334 107 10 19
-12.271905899047852 -0.04824916273355484 9.97049617767334 107 10 19
-12.600666999816895 0.4500056207180023 10.236635208129883 106 18 30
-12.041308403015137 -0.48830294609069824 9.748217582702637 115 6 25
-11.552900314331055 -1.2923760414123535 9.3214111328125 102 10 23
-11.552900314331055 -1.2923760414123535 9.3214111328125 102 10 23
-11.989891052246094 -0.5854612588882446 9.683269500732422 98 10 22
-11.750085830688477 -1.006973147392273 9.453446388244629 128 87 85
-11.426648139953613 -1.5960466861724854 9.202239990234375 144 94 95
-12.23516845703125 -0.2758389711380005 9.809896469116211 170 110 114
-11.715047836303711 -1.120639443397522 9.352829933166504 105 11 25
-11.715047836303711 -1.120639443397522 9.352829933166504 105 11 25
-12.348562240600586 -0.09938984364271164 9.85200309753418 105 8 21
-12.232292175292969 -0.3672567307949066 9.789496421813965 155 108 108
-12.269539833068848 -0.25687628984451294 9.774170875549316 89 33 34
-11.365455627441406 -1.699608325958252 9.021140098571777 108 8 20
-12.223381996154785 -0.3361179530620575 9.699239730834961 109 8 27
-11.702391624450684 -1.2235733270645142 9.29024600982666 154 118 117
-12.472806930541992 0.05861348286271095 9.861271858215332 111 9 20
-11.988211631774902 -0.8046731352806091 9.520569801330566 159 101 105
-12.487297058105469 0.027074160054326057 9.901592254638672 173 108 114
-12.425682067871094 -0.03342297673225403 9.8045654296875 157 115 113
-11.74258041381836 -1.1696785688400269 9.24416732788086 147 99 99
-12.140424728393555 -0.5528905987739563 9.52371597290039 109 13 25
-12.140424728393555 -0.5528905987739563 9.52371597290039 109 13 25
-12.781079292297363 0.47149622440338135 10.02270221710205 109 15 29
-11.926036834716797 -0.9588384628295898 9.340727806091309 108 10 23
-11.926036834716797 -0.9588384628295898 9.340727806091309 108 10 23
-12.329276084899902 -0.2779081463813782 9.620855331420898 171 127 126
-11.636975288391113 -1.4493684768676758 9.06688117980957 152 108 107
-11.636975288391113 -1.4493684768676758 9.06688117980957 152 108 107
-12.30444049835205 -0.39247503876686096 9.588397026062012 111 9 28
-12.69874382019043 0.28257668018341064 9.859999656677246 188 132 133
-12.10647964477539 -0.6970186829566956 9.343501091003418 156 110 110
-11.6411714553833 -1.4959825277328491 8.987483024597168 160 116 115
-12.555550575256348 -0.1374841332435608 9.7380952835083 98 19 25
-12.53929615020752 -0.042319126427173615 9.649580001831055 184 123 124
-12.413558959960938 -0.34321102499961853 9.585679054260254 81 16 24
-12.344148635864258 -0.4239426553249359 9.472556114196777 106 14 31
-12.616291999816895 -0.021661587059497833 9.686296463012695 94 15 20
-12.326905250549316 -0.6029959321022034 9.524081230163574 110 11 29
-11.982747077941895 -1.0251387357711792 9.144386291503906 97 0 17
-12.477398872375488 -0.3003680109977722 9.489212989807129 168 109 111
-12.053067207336426 -1.0013940334320068 9.17044734954834 175 129 131
-11.904399871826172 -1.2813191413879395 9.05252456665039 174 115 122
-12.153989791870117 -0.9609739184379578 9.201788902282715 125 83 85
-11.668703079223633 -1.6723517179489136 8.738698959350586 168 113 116
-11.721221923828125 -1.6185429096221924 8.781106948852539 107 10 27
-11.721221923828125 -1.6185429096221924 8.781106948852539 107 10 27
-12.10783576965332 -1.0830000638961792 9.085716247558594 123 17 37
-12.277644157409668 -0.7975104451179504 9.073694229125977 184 142 146
-12.101194381713867 -1.1928211450576782 8.961581230163574 136 91 94
-12.135815620422363 -1.109413981437683 8.961079597473145 105 16 32
-12.675363540649414 -0.3318721055984497 9.382888793945312 91 19 25
-12.407638549804688 -0.7100473046302795 9.15861988067627 116 9 29
-12.57166576385498 -0.5372877717018127 9.290604591369629 105 17 33
-12.64713191986084 -0.39093807339668274 9.288548469543457 171 116 119
-11.866375923156738 -1.6709020137786865 8.715860366821289 117 8 29
-12.624157905578613 -0.4923979938030243 9.24415111541748 145 89 94
-12.624157905578613 -0.4923979938030243 9.24415111541748 145 89 94
-11.892637252807617 -1.6120893955230713 8.702786445617676 177 119 128
-12.762523651123047 -0.3388051688671112 9.334528923034668 120 8 24
-12.899413108825684 -0.04512796923518181 9.327242851257324 122 7 20
-11.972907066345215 -1.607604742050171 8.721747398376465 161 116 119
-11.972907066345215 -1.607604742050171 8.721747398376465 161 116 119
-12.612181663513184 -0.6693817973136902 9.127996444702148 155 134 125
-12.442742347717285 -0.9640335440635681 9.024979591369629 121 7 27
-12.442742347717285 -0.9640335440635681 9.024979591369629 121 7 27
-12.266142845153809 -1.243106484413147 8.892366409301758 159 120 125
-12.837170600891113 -0.312757670879364 9.219500541687012 183 124 131
-12.223944664001465 -1.3516420125961304 8.833527565002441 119 8 27
-12.810144424438477 -0.4955286681652069 9.214303016662598 124 9 22
-12.810144424438477 -0.4955286681652069 9.214303016662598 124 9 22
-12.588329315185547 -0.9077571034431458 9.007428169250488 119 81 81
-12.39395809173584 -1.1911306381225586 8.855263710021973 128 6 32
-12.278046607971191 -1.4736828804016113 8.821293830871582 161 120 124
-12.648530960083008 -0.7942407131195068 9.011040687561035 211 143 152
-12.518482208251953 -1.0121657848358154 8.895878791809082 124 10 30
-12.490376472473145 -1.106694221496582 8.88355827331543 127 86 87
-12.490376472473145 -1.106694221496582 8.88355827331543 127 86 87
-12.155198097229004 -1.6752738952636719 8.651556968688965 140 110 108
-12.7184419631958 -0.7480295300483704 8.99194622039795 100 46 49
-12.516348838806152 -1.1588910818099976 8.85796070098877 209 139 142
-12.347908973693848 -1.4135701656341553 8.738726615905762 120 11 32
-12.347908973693848 -1.4135701656341553 8.738726615905762 120 11 32
-12.545206069946289 -1.135492205619812 8.843192100524902 97 24 33
-12.4891996383667 -1.247101902961731 8.725349426269531 126 8 30
-12.713370323181152 -0.9749303460121155 8.879023551940918 155 114 116
-12.358635902404785 -1.540708065032959 8.6315279006958 140 98 99
-12.347794532775879 -1.6481578350067139 8.549686431884766 135 6 34
-12.341812133789062 -1.7517855167388916 8.56477165222168 173 128 133
-12.341812133789062 -1.7517855167388916 8.56477165222168 173 128 133
-12.773483276367188 -1.1358866691589355 8.718806266784668 127 16 35
-12.49844741821289 -1.5969831943511963 8.55472469329834 159 114 119
-12.619316101074219 -1.627215027809143 8.580286979675293 176 134 136
-12.619316101074219 -1.627215027809143 8.580286979675293 176 134 136
-12.48022747039795 -1.8129119873046875 8.471400260925293 176 137 138
-12.859798431396484 -1.2826077938079834 8.712991714477539 180 142 143
-12.629365921020508 -1.7498464584350586 8.558050155639648 136 17 41
-10.325876235961914 -1.268835186958313 6.260666370391846 84 0 13
-10.217361450195312 -1.6212422847747803 6.337094306945801 77 0 10
-10.217361450195312 -1.6212422847747803 6.337094306945801 77 0 10
-10.543315887451172 -0.7958203554153442 6.249285697937012 65 23 24
-10.454160690307617 -1.0486904382705688 6.2690558433532715 83 1 13
-10.525402069091797 -0.8615232110023499 6.251998424530029 139 80 87
-10.40986156463623 -1.1977487802505493 6.2797956466674805 148 85 93
-10.349727630615234 -1.3964661359786987 6.305243492126465 82 0 15
-10.349727630615234 -1.3964661359786987 6.305243492126465 82 0 15
-10.503841400146484 -0.9493451714515686 6.237405776977539 90 4 17
-10.495223999023438 -0.9980776906013489 6.246767997741699 70 7 15
-10.366036415100098 -1.3589223623275757 6.277415752410889 140 93 97
-10.422483444213867 -1.2296277284622192 6.271204948425293 118 76 78
-10.6354398727417 -0.6435419321060181 6.208427429199219 78 7 15
-10.29109001159668 -1.5796009302139282 6.277115821838379 102 71 68
-10.47991943359375 -1.1125657558441162 6.258354663848877 132 92 90
-10.399307250976562 -1.3292196989059448 6.244509220123291 136 82 87
-10.718304634094238 -0.47072696685791016 6.176962852478027 103 57 57
-10.59023666381836 -0.8360021114349365 6.219237327575684 145 79 89
-10.41098690032959 -1.2972736358642578 6.235230922698975 79 0 9
-10.639391899108887 -0.6949062347412109 6.190704822540283 67 16 17
-10.639472961425781 -0.7422194480895996 6.2118096351623535 85 4 12
-10.601896286010742 -0.8275693655014038 6.182460784912109 68 22 24
-10.497237205505371 -1.1277294158935547 6.216650009155273 91 55 53
-10.613320350646973 -0.8597279787063599 6.220947742462158 86 0 14
-10.733713150024414 -0.5007291436195374 6.155226707458496 70 22 22
-10.733713150024414 -0.5007291436195374 6.155226707458496 70 22 22
-10.587150573730469 -0.9183899760246277 6.171785354614258 126 86 87
-10.671429634094238 -0.7099958062171936 6.163413047790527 121 86 82
-10.73509407043457 -0.5375343561172485 6.135043144226074 143 94 92
-10.42407512664795 -1.384153127670288 6.207207679748535 147 100 104
-10.759175300598145 -0.48642265796661377 6.136279582977295 150 100 101
-10.596928596496582 -0.9751257300376892 6.188180446624756 81 5 15
-10.596928596496582 -0.9751257300376892 6.188180446624756 81 5 15
-10.32160758972168 -1.7016489505767822 6.2222981452941895 148 96 101
-10.799474716186523 -0.425548791885376 6.121398448944092 138 113 109
-10.76866340637207 -0.4767657518386841 6.08917760848999 68 8 14
-10.347046852111816 -1.644417643547058 6.205901145935059 63 0 14
-10.765175819396973 -0.524842381477356 6.121517658233643 72 24 24
-10.765175819396973 -0.524842381477356 6.121517658233643 72 24 24
-10.368304252624512 -1.5994168519973755 6.211452007293701 95 53 57
-10.502177238464355 -1.2058206796646118 6.1489481925964355 90 0 14
-10.502177238464355 -1.2058206796646118 6.1489481925964355 90 0 14
-10.345162391662598 -1.6713650226593018 6.211628437042236 85 1 18
-10.641085624694824 -0.8662375807762146 6.138134002685547 134 91 92
-10.655144691467285 -0.8338767290115356 6.139171123504639 140 98 99
-10.39838981628418 -1.4912943840026855 6.143364906311035 120 89 92
-10.703729629516602 -0.7196741104125977 6.122127056121826 145 96 100
-10.642232894897461 -0.8971652388572693 6.121821403503418 74 11 19
-10.77853012084961 -0.5544630885124207 6.1074419021606445 152 101 101
-10.570549011230469 -1.116052269935608 6.140555381774902 71 0 7
-10.842239379882812 -0.4038604497909546 6.091350555419922 71 46 42
-10.597410202026367 -1.0539307594299316 6.126952171325684 124 88 88
-10.644940376281738 -0.9296040534973145 6.107082366943359 141 78 86
-10.928977966308594 -0.21218116581439972 6.072574615478516 74 48 45
-10.928977966308594 -0.21218116581439972 6.072574615478516 74 48 45
-10.596135139465332 -1.0933321714401245 6.129440784454346 131 83 87
-10.567081451416016 -1.174681305885315 6.132265567779541 137 103 102
-10.55553150177002 -1.208646535873413 6.1346235275268555 134 96 97
-10.729610443115234 -0.7496408820152283 6.105290412902832 141 101 102
-10.581314086914062 -1.144203543663025 6.125063419342041 137 76 84
-10.586215019226074 -1.1236743927001953 6.108945846557617 78 5 18
-10.551504135131836 -1.2397257089614868 6.127493381500244 64 1 9
-10.508265495300293 -1.3747986555099487 6.150990009307861 141 99 101
-10.66503620147705 -0.9520929455757141 6.106267929077148 106 69 68
-10.39820671081543 -1.6734939813613892 6.163179874420166 76 4 16
-10.419975280761719 -1.6457419395446777 6.182408332824707 146 89 97
-10.425973892211914 -1.6006842851638794 6.153448581695557 137 91 96
-10.705146789550781 -0.8480436205863953 6.08278226852417 73 12 17
-10.81530475616455 -0.5743470191955566 6.071371078491211 154 102 106
-10.833582878112793 -0.5250757932662964 6.060619831085205 152 97 102
-10.767385482788086 -0.7055733799934387 6.067209720611572 78 6 13
-10.579469680786133 -1.23665452003479 6.126750469207764 78 4 17
-10.651888847351074 -1.0165396928787231 6.07897424697876 80 4 14
-10.896967887878418 -0.4146021008491516 6.062257289886475 115 87 85
-10.45612907409668 -1.6375737190246582 6.156396865844727 137 101 101
-10.45612907409668 -1.6375737190246582 6.156396865844727 137 101 101
-10.73552417755127 -0.8460623025894165 6.056347370147705 141 91 94
-10.699382781982422 -0.9633747339248657 6.081416606903076 63 15 18
-10.597103118896484 -1.2267876863479614 6.0911865234375 155 95 105
-10.663752555847168 -1.0552750825881958 6.069589614868164 143 76 85
-10.901201248168945 -0.4393709897994995 6.033020496368408 75 54 51
-10.412449836730957 -1.7778985500335693 6.146395683288574 146 115 120
-10.505945205688477 -1.5125014781951904 6.110326290130615 125 80 82
-10.84703254699707 -0.5834646224975586 6.005077838897705 126 90 87
-10.758445739746094 -0.862467885017395 6.044820785522461 70 20 23
-10.758445739746094 -0.862467885017395 6.044820785522461 70 20 23
-10.644043922424316 -1.204655408859253 6.082767486572266 96 70 67
-10.912636756896973 -0.48063480854034424 6.023501873016357 144 132 124
-10.628593444824219 -1.2423287630081177 6.0733795166015625 148 88 98
-10.933124542236328 -0.4380353093147278 6.019885540008545 147 126 123
-10.486934661865234 -1.6288455724716187 6.098189830780029 148 82 90
-10.53592586517334 -1.5343374013900757 6.112682342529297 70 34 34
-10.876334190368652 -0.5989109873771667 6.019162178039551 150 101 102
-10.603541374206543 -1.363351583480835 6.102882385253906 87 0 14
-10.725197792053223 -1.008936882019043 6.0508551597595215 73 16 22
-10.511280059814453 -1.594476342201233 6.105246067047119 95 0 14
-10.734214782714844 -0.982550859451294 6.037267208099365 58 19 20
-10.734214782714844 -0.982550859451294 6.037267208099365 58 19 20
-10.779133796691895 -0.8623352646827698 6.0253424644470215 129 85 86
-10.74069595336914 -0.9504570960998535 5.999825954437256 86 5 19
-10.903580665588379 -0.5399910807609558 5.985053539276123 81 11 22
-10.63070011138916 -1.2754225730895996 6.043710231781006 87 9 25
-10.795975685119629 -0.837439775466919 5.999076843261719 84 1 9
-10.944035530090332 -0.4793800115585327 5.999147415161133 86 65 62
-10.959746360778809 -0.43707966804504395 5.9925408363342285 81 63 59
-10.776229858398438 -0.9248314499855042 6.018543720245361 150 97 102
-10.594934463500977 -1.4883610010147095 6.107150077819824 89 2 18
-10.594934463500977 -1.4883610010147095 6.107150077819824 89 2 18
-10.502095222473145 -1.7237430810928345 6.108505725860596 89 0 17
-10.65687084197998 -1.2556934356689453 6.0228800773620605 134 88 93
-10.9231595993042 -0.5679249167442322 5.982825756072998 152 97 102
-10.904801368713379 -0.6216813325881958 5.988465309143066 167 116 119
-10.540821075439453 -1.6246840953826904 6.087306499481201 121 73 78
-10.957111358642578 -0.5084323883056641 6.00029182434082 143 115 111
-10.641155242919922 -1.347961187362671 6.056324481964111 136 85 92
-10.641155242919922 -1.347961187362671 6.056324481964111 136 85 92
-10.728005409240723 -1.1074912548065186 6.03048038482666 142 101 103
-10.786847114562988 -0.9540145993232727 6.020534515380859 71 0 8
-10.635845184326172 -1.3719420433044434 6.0468878746032715 141 73 86
-10.781397819519043 -0.9904218912124634 6.001487731933594 148 94 100
-10.56485366821289 -1.5813226699829102 6.052361965179443 164 110 118
-10.56485366821289 -1.5813226699829102 6.052361965179443 164 110 118
-10.805304527282715 -0.9416894316673279 6.004339218139648 157 103 109
-10.704928398132324 -1.206317663192749 6.017163276672363 142 84 93
-10.704928398132324 -1.206317663192749 6.017163276672363 142 84 93
-10.542762756347656 -1.6614528894424438 6.063732147216797 63 13 22
-10.742515563964844 -1.1335290670394897 6.01905632019043 156 101 107
-10.775809288024902 -1.0599724054336548 6.0228590965271 91 3 19
-10.779837608337402 -1.0240062475204468 5.998904228210449 155 109 111
-10.82839298248291 -0.8706126809120178 5.962967872619629 87 0 9
-10.883082389831543 -0.7798625826835632 5.9915313720703125 164 105 107
-10.51791000366211 -1.7713656425476074 6.070984363555908 151 100 105
-10.505748748779297 -1.8057234287261963 6.073229789733887 140 118 117
-10.9556245803833 -0.5875722765922546 5.9666032791137695 151 116 114
-10.626513481140137 -1.4533449411392212 6.020360469818115 105 69 73
-10.626513481140137 -1.4533449411392212 6.020360469818115 105 69 73
-10.939177513122559 -0.6365774273872375 5.972197532653809 146 98 101
-10.712621688842773 -1.2424776554107666 6.017367362976074 112 83 83
-10.8089017868042 -0.9756801128387451 5.983062744140625 72 0 9
-10.993999481201172 -0.5243958830833435 5.981850624084473 158 126 127
-10.796918869018555 -1.012992024421692 5.988053798675537 86 47 48
-11.014711380004883 -0.45375916361808777 5.957176685333252 153 133 132
-10.728464126586914 -1.2231909036636353 5.996367931365967 144 102 106
-10.728464126586914 -1.2231909036636353 5.996367931365967 144 102 106
-10.591012001037598 -1.6256526708602905 6.039440155029297 102 0 22
-10.604755401611328 -1.590096116065979 6.026998043060303 145 104 110
-10.648550987243652 -1.495096206665039 6.031923294067383 80 0 13
-10.842948913574219 -0.9494139552116394 5.965053081512451 121 70 72
-10.540898323059082 -1.78171968460083 6.044288635253906 160 108 113
-10.654563903808594 -1.5185370445251465 6.036666393280029 88 4 20
-10.991890907287598 -0.5923957824707031 5.937770366668701 95 4 19
-10.72181224822998 -1.3144609928131104 5.990784645080566 88 2 23
-10.883454322814941 -0.8718790411949158 5.946377754211426 90 5 17
-10.813502311706543 -1.1331357955932617 6.0159430503845215 138 104 105
-10.676168441772461 -1.4686225652694702 5.998713970184326 76 23 35
-10.676168441772461 -1.4686225652694702 5.998713970184326 76 23 35
-10.86074447631836 -0.9878056049346924 5.969066619873047 93 3 18
-10.798102378845215 -1.1408016681671143 5.966586589813232 138 104 105
-10.556675910949707 -1.8236595392227173 6.038783073425293 163 121 131
-10.54651165008545 -1.8562610149383545 6.039592742919922 159 116 125
-10.741072654724121 -1.3219047784805298 5.986115455627441 82 19 28
-10.741072654724121 -1.3219047784805298 5.986115455627441 82 19 28
-10.576146125793457 -1.7937453985214233 6.042788028717041 151 109 119
-11.060206413269043 -0.4876161515712738 5.932439804077148 145 134 132
-10.63458251953125 -1.6258960962295532 6.015528678894043 142 89 97
-11.045126914978027 -0.541931688785553 5.9363508224487305 155 137 137
-10.771841049194336 -1.2541167736053467 5.975921154022217 60 13 19
-10.69117259979248 -1.4865237474441528 5.988426208496094 167 117 128
-10.860569953918457 -1.0450284481048584 5.942806243896484 137 96 100
-11.005694389343262 -0.6684118509292603 5.920816898345947 182 119 122
-11.023107528686523 -0.621163010597229 5.913764476776123 155 120 119
-10.80284309387207 -1.2086138725280762 5.9577555656433105 94 0 17
-10.69614028930664 -1.5129019021987915 5.990869522094727 89 39 50
-10.750298500061035 -1.366668701171875 5.976909160614014 139 98 102
-10.682923316955566 -1.5511873960494995 5.99219274520874 171 99 111
-10.786881446838379 -1.2681944370269775 5.966015815734863 155 108 114
-10.839141845703125 -1.1081815958023071 5.930681228637695 100 0 21
-10.657517433166504 -1.6322344541549683 5.997585773468018 84 4 21
-10.77981948852539 -1.306433081626892 5.96603536605835 165 102 111
-11.094975471496582 -0.4807121753692627 5.914612770080566 96 80 83
-11.076316833496094 -0.5231450796127319 5.908669948577881 113 71 79
-10.836066246032715 -1.155250906944275 5.946621894836426 78 6 18
-10.877291679382324 -1.0343679189682007 5.926837921142578 147 106 110
-10.877291679382324 -1.0343679189682007 5.926837921142578 147 106 110
-10.744551658630371 -1.430579662322998 5.979345321655273 102 0 20
-10.708301544189453 -1.528488039970398 5.983911514282227 173 90 108
-10.590250968933105 -1.8729192018508911 6.0273237228393555 178 127 136
-11.039374351501465 -0.6078308820724487 5.879278659820557 95 10 25
-10.874848365783691 -1.07620108127594 5.9208664894104 162 109 113
-10.939759254455566 -0.9546794891357422 5.9324140548706055 100 3 12
-10.939759254455566 -0.9546794891357422 5.9324140548706055 100 3 12
-10.685013771057129 -1.659632682800293 5.999946117401123 101 0 22
-11.058375358581543 -0.6317721009254456 5.892972469329834 180 122 129
-10.830981254577637 -1.253453016281128 5.945387840270996 166 105 110
-10.897269248962402 -1.0586872100830078 5.917544364929199 93 0 18
-10.8241548538208 -1.2769436836242676 5.943154335021973 98 51 57
-10.759819984436035 -1.4726660251617432 5.972239017486572 166 115 119
-10.856903076171875 -1.2018414735794067 5.9326395988464355 89 28 39
-10.856903076171875 -1.2018414735794067 5.9326395988464355 89 28 39
-10.704305648803711 -1.628960132598877 5.976861000061035 165 101 112
-10.639480590820312 -1.7835747003555298 5.966244220733643 100 0 17
-11.074257850646973 -0.6399383544921875 5.882429599761963 90 24 34
-10.883257865905762 -1.1534537076950073 5.919701099395752 161 114 120
-10.823445320129395 -1.3362135887145996 5.948598384857178 99 0 19
-10.677199363708496 -1.7236207723617554 5.975442409515381 135 105 103
-10.898317337036133 -1.114019751548767 5.905340194702148 163 86 98
-10.898317337036133 -1.114019751548767 5.905340194702148 163 86 98
-10.926589965820312 -1.0543962717056274 5.908882141113281 182 120 125
-10.792283058166504 -1.4354161024093628 5.950671672821045 144 75 86
-10.760236740112305 -1.504528284072876 5.939335346221924 125 92 93
-10.678884506225586 -1.7426589727401733 5.969870090484619 147 101 107
-10.716924667358398 -1.6537361145019531 5.970191955566406 84 1 19
-10.893476486206055 -1.1410746574401855 5.900555610656738 100 8 26
-10.870469093322754 -1.233181357383728 5.92360782623291 99 2 22
-11.09175968170166 -0.6529772281646729 5.880884170532227 173 126 129
-11.09175968170166 -0.6529772281646729 5.880884170532227 173 126 129
-10.698700904846191 -1.735785722732544 5.956472396850586 83 48 49
-10.742120742797852 -1.6274255514144897 5.944055080413818 123 91 94
-11.11574935913086 -0.6323754787445068 5.8693060874938965 92 14 28
-10.838979721069336 -1.4063005447387695 5.934222221374512 105 68 71
-10.71181869506836 -1.7629722356796265 5.969662189483643 175 117 128
-10.921650886535645 -1.1609101295471191 5.8870320320129395 97 5 22
-10.921650886535645 -1.1609101295471191 5.8870320320129395 97 5 22
-10.820155143737793 -1.46896231174469 5.923969745635986 110 0 19
-10.820155143737793 -1.46896231174469 5.923969745635986 110 0 19
-10.74520206451416 -1.6985716819763184 5.959729194641113 97 1 21
-10.801501274108887 -1.5242911577224731 5.919890880584717 70 6 20
-11.12840747833252 -0.6661319136619568 5.860577583312988 175 127 130
-11.114124298095703 -0.7184306979179382 5.871698379516602 175 130 135
-10.899412155151367 -1.2576186656951904 5.879030704498291 106 0 21
-10.766468048095703 -1.6605459451675415 5.932365417480469 176 122 131
-11.114368438720703 -0.7441749572753906 5.867030143737793 91 11 18
-11.136308670043945 -0.7316010594367981 5.869749546051025 163 102 105
-10.878446578979492 -1.3688955307006836 5.866342067718506 110 0 16
-10.726410865783691 -1.8552881479263306 5.955801010131836 180 144 151
-11.16137981414795 -0.6623258590698242 5.840714931488037 108 2 24
-10.85621166229248 -1.54471755027771 5.911702632904053 134 94 94
-10.794180870056152 -1.7092788219451904 5.92014741897583 109 0 25
-10.805743217468262 -1.6727688312530518 5.912805557250977 159 109 118
-11.002314567565918 -1.1322959661483765 5.856827259063721 177 117 125
-10.753595352172852 -1.826284408569336 5.929101467132568 108 1 21
-10.753595352172852 -1.826284408569336 5.929101467132568 108 1 21
-11.27200984954834 -0.536613404750824 5.87915563583374 155 151 148
-10.790974617004395 -1.7762627601623535 5.911137104034424 138 99 102
-10.790974617004395 -1.7762627601623535 5.911137104034424 138 99 102
-10.872997283935547 -1.610853672027588 5.903367519378662 117 0 20
-11.217350006103516 -0.7043790221214294 5.832216739654541 183 129 134
-10.812017440795898 -1.7656638622283936 5.894304275512695 150 111 114
-11.012290000915527 -1.2558369636535645 5.856468200683594 176 132 136
-10.847940444946289 -1.673638105392456 5.87407112121582 150 111 116
-10.847940444946289 -1.673638105392456 5.87407112121582 150 111 116
-10.895874977111816 -1.582323670387268 5.8884453773498535 79 6 21
-10.762693405151367 -1.9423645734786987 5.910281181335449 185 125 140
-10.762693405151367 -1.9423645734786987 5.910281181335449 185 125 140
-11.018847465515137 -1.2445805072784424 5.836081504821777 94 53 57
-10.81429672241211 -1.8469122648239136 5.907149314880371 117 0 24
-10.831147193908691 -1.794666051864624 5.8967437744140625 92 38 46
-10.831147193908691 -1.794666051864624 5.8967437744140625 92 38 46
-11.042484283447266 -1.2353585958480835 5.831819534301758 166 127 132
-11.23701000213623 -0.7755767703056335 5.816430568695068 187 148 149
-11.056671142578125 -1.3043938875198364 5.878446102142334 111 2 25
-10.804936408996582 -1.9283298254013062 5.892040252685547 165 134 140
-11.250236511230469 -0.7940361499786377 5.836109638214111 94 9 18
-10.815495491027832 -1.9102636575698853 5.890312671661377 126 95 101
-10.938143730163574 -1.5794029235839844 5.8584489822387695 150 103 107
-11.256403923034668 -0.760936439037323 5.810999393463135 151 112 113
-10.877506256103516 -1.8104701042175293 5.888082981109619 156 122 123
-11.201685905456543 -0.9550479054450989 5.821755409240723 172 127 132
-11.201685905456543 -0.9550479054450989 5.821755409240723 172 127 132
-11.074893951416016 -1.2487506866455078 5.815398216247559 151 101 112
-11.292664527893066 -0.7318025231361389 5.805698871612549 183 135 138
-11.115067481994629 -1.169126272201538 5.815096378326416 97 10 29
-11.115067481994629 -1.169126272201538 5.815096378326416 97 10 29
-11.350483894348145 -0.6625937819480896 5.850068092346191 166 147 148
-10.892230033874512 -1.7785351276397705 5.858888626098633 89 14 28
-11.29788589477539 -0.7627109289169312 5.803252220153809 98 25 38
-10.86036205291748 -1.913370966911316 5.871129035949707 192 141 146
-11.122552871704102 -1.2099779844284058 5.808234214782715 166 103 113
-11.122552871704102 -1.2099779844284058 5.808234214782715 166 103 113
-10.997613906860352 -1.5614858865737915 5.840663433074951 119 12 30
-11.142509460449219 -1.1570987701416016 5.792996406555176 178 109 118
-10.989224433898926 -1.5972192287445068 5.835402011871338 154 127 125
-10.949112892150879 -1.7118892669677734 5.844574451446533 163 121 131
-10.909148216247559 -1.8820301294326782 5.875887870788574 115 1 26
-11.263242721557617 -0.9385706782341003 5.778597831726074 176 96 105
-11.269522666931152 -0.9548601508140564 5.798837184906006 190 129 131
-11.269522666931152 -0.9548601508140564 5.798837184906006 190 129 131
-10.874711036682129 -1.987892508506775 5.863115310668945 203 152 161
-10.874711036682129 -1.987892508506775 5.863115310668945 203 152 161
-11.125244140625 -1.3144268989562988 5.803592681884766 187 139 147
-11.172151565551758 -1.2025967836380005 5.8020477294921875 166 106 116
-11.096840858459473 -1.4166887998580933 5.824270725250244 174 124 133
-11.354026794433594 -0.7422416806221008 5.772276878356934 118 20 41
-11.000611305236816 -1.6721798181533813 5.831095218658447 122 0 26
-10.900436401367188 -1.963831901550293 5.861347198486328 174 126 137
-10.912606239318848 -1.9532912969589233 5.851278305053711 95 44 53
-10.912606239318848 -1.9532912969589233 5.851278305053711 95 44 53
-11.138425827026367 -1.3411502838134766 5.794915199279785 99 8 23
-11.192214965820312 -1.2070332765579224 5.786603927612305 108 77 80
-10.914849281311035 -2.0042645931243896 5.876500606536865 169 104 114
-10.963563919067383 -1.8426772356033325 5.837736129760742 173 132 138
-11.116555213928223 -1.4559520483016968 5.80117130279541 162 81 101
-11.116555213928223 -1.4559520483016968 5.80117130279541 162 81 101
-10.958451271057129 -1.8932172060012817 5.844184398651123 105 17 36
-11.186196327209473 -1.3162726163864136 5.801961421966553 154 115 120
-11.426645278930664 -0.7809330821037292 5.788140296936035 199 153 156
-11.172377586364746 -1.4371654987335205 5.7920708656311035 182 131 136
-11.360157012939453 -1.026441216468811 5.758471488952637 103 58 61
-11.370990753173828 -1.0614567995071411 5.781310558319092 115 13 26
-11.304895401000977 -1.226661205291748 5.762875080108643 196 137 143
-11.077543258666992 -1.8320890665054321 5.8092942237854 118 17 35
-11.251351356506348 -1.395931601524353 5.759750843048096 173 87 103
-11.295173645019531 -1.2921686172485352 5.751015663146973 96 22 35
-11.273343086242676 -1.4188191890716553 5.765758514404297 116 16 36
-11.100181579589844 -1.958956003189087 5.806802749633789 117 7 35
-11.314692497253418 -1.4429125785827637 5.767652988433838 123 16 40
-11.136775016784668 -1.9232288599014282 5.791353702545166 164 138 137
-11.296869277954102 -1.5377007722854614 5.762823104858398 115 20 40
-11.327064514160156 -1.430329442024231 5.7385969161987305 203 147 156
-11.32641887664795 -1.5088417530059814 5.749197959899902 179 149 147
-11.173807144165039 -1.9462506771087646 5.777641296386719 92 37 46
-11.515398979187012 -1.1062721014022827 5.744926929473877 177 125 132
-11.371935844421387 -1.4612103700637817 5.744769096374512 122 14 38
-11.371935844421387 -1.4612103700637817 5.744769096374512 122 14 38
-11.283286094665527 -1.7709815502166748 5.769039630889893 112 23 43
-11.456543922424316 -1.3496140241622925 5.747454643249512 106 20 39
-11.480806350708008 -1.3208435773849487 5.741194248199463 124 85 93
-11.298430442810059 -1.7654820680618286 5.754931926727295 183 130 136
-11.217805862426758 -2.008168935775757 5.785447597503662 113 19 40
-11.5824613571167 -1.141492247581482 5.764319896697998 104 19 30
-11.25585651397705 -1.9123315811157227 5.767477035522461 114 20 36
-11.25585651397705 -1.9123315811157227 5.767477035522461 114 20 36
-11.47500228881836 -1.3665229082107544 5.739412784576416 186 112 121
-11.490071296691895 -1.3265128135681152 5.732762813568115 176 124 134
-11.494725227355957 -1.3618834018707275 5.739258289337158 88 18 34
-11.347283363342285 -1.8256828784942627 5.761804580688477 127 14 32
-11.261713981628418 -2.0194618701934814 5.755630016326904 104 39 53
-11.338994026184082 -1.8812795877456665 5.751708984375 106 8 33
-11.52674674987793 -1.4430238008499146 5.7281975746154785 189 149 157
-11.356673240661621 -1.9157445430755615 5.75841760635376 206 147 158
-11.591736793518066 -1.3799259662628174 5.7522196769714355 216 145 153
-11.591736793518066 -1.3799259662628174 5.7522196769714355 216 145 153
-11.370532035827637 -1.922387957572937 5.758100509643555 94 29 39
-11.37693977355957 -1.9149836301803589 5.748815536499023 202 146 157
-11.37222671508789 -1.9487934112548828 5.73707914352417 112 15 32
-11.366398811340332 -1.9844712018966675 5.7478532791137695 127 12 27
-11.632072448730469 -1.4150456190109253 5.756321907043457 207 109 124
-11.618276596069336 -1.4892317056655884 5.751788139343262 91 27 38
-11.676959037780762 -1.687635898590088 5.77945613861084 191 101 111
-10.546271324157715 -1.4012486934661865 8.386178970336914 125 89 93
-10.460177421569824 -1.6323927640914917 8.318730354309082 166 119 127
-10.686761856079102 -1.1611336469650269 8.368494033813477 92 16 28
-10.686761856079102 -1.1611336469650269 8.368494033813477 92 16 28
-10.497868537902832 -1.653440237045288 8.19780158996582 168 126 133
-10.763444900512695 -1.0646487474441528 8.317572593688965 163 114 120
-10.929366111755371 -0.6916003227233887 8.34257698059082 83 17 29
-11.001777648925781 -0.5498046875 8.307060241699219 94 12 24
-10.624202728271484 -1.4771808385849 8.174635887145996 161 112 121
-10.624202728271484 -1.4771808385849 8.174635887145996 161 112 121
-10.769514083862305 -1.1863473653793335 8.325892448425293 94 0 18
-10.769514083862305 -1.1863473653793335 8.325892448425293 94 0 18
-10.862259864807129 -0.9586623311042786 8.240436553955078 128 94 95
-10.66571044921875 -1.4508695602416992 8.1814546585083 131 99 106
-10.839736938476562 -1.0586642026901245 8.169456481933594 94 11 30
-10.664463996887207 -1.5485340356826782 8.141312599182129 91 3 27
-11.159497261047363 -0.42168480157852173 8.301836967468262 85 12 27
-11.004531860351562 -0.786568820476532 8.228734970092773 146 109 117
-10.81669807434082 -1.2077800035476685 8.090476036071777 86 13 28
-11.121533393859863 -0.5052809119224548 8.228327751159668 139 105 109
-11.000815391540527 -0.8455716967582703 8.207120895385742 142 105 113
-10.88632583618164 -1.0927400588989258 8.120928764343262 140 90 99
-10.88632583618164 -1.0927400588989258 8.120928764343262 140 90 99
-11.089282989501953 -0.6185882687568665 8.076132774353027 100 6 22
-10.963096618652344 -0.9337954521179199 8.039928436279297 93 2 20
-10.963096618652344 -0.9337954521179199 8.039928436279297 93 2 20
-11.23236083984375 -0.37399688363075256 8.23568058013916 138 110 107
-11.053336143493652 -0.7563206553459167 8.07236099243164 82 15 32
-11.041635513305664 -0.8336024284362793 8.15807056427002 143 97 108
-10.706130981445312 -1.6550860404968262 8.02485179901123 109 76 83
-10.780284881591797 -1.5021897554397583 8.022395133972168 133 97 107
-11.12597370147705 -0.7019315958023071 8.12442398071289 132 107 111
-11.116600036621094 -0.7628895044326782 8.101778030395508 152 102 114
-11.2374906539917 -0.6245084404945374 8.180649757385254 92 3 19
-11.275049209594727 -0.5720940232276917 8.084796905517578 80 30 36
-11.115740776062012 -0.9493280053138733 8.038244247436523 160 120 129
-11.633116722106934 0.23621545732021332 8.23562240600586 87 73 73
-10.940897941589355 -1.3992997407913208 8.01839828491211 69 15 28
-10.875618934631348 -1.5354615449905396 7.949864864349365 145 117 122
-10.875618934631348 -1.5354615449905396 7.949864864349365 145 117 122
-11.539976119995117 0.012579715810716152 8.152941703796387 128 86 90
-10.818015098571777 -1.7248101234436035 7.940892219543457 147 133 137
-11.008055686950684 -1.2657819986343384 7.863511562347412 156 119 127
-11.073568344116211 -1.162908911705017 7.867334842681885 97 0 18
-11.159379959106445 -1.018303632736206 7.958835601806641 81 14 26
-11.028549194335938 -1.3788580894470215 7.8996710777282715 143 100 110
-11.330889701843262 -0.7643551230430603 8.06171703338623 157 120 128
-11.356585502624512 -0.6406344771385193 7.919698715209961 129 88 94
-11.037862777709961 -1.4155439138412476 7.8585734367370605 109 85 89
-11.428552627563477 -0.5380759835243225 7.990190505981445 152 103 110
-11.368124961853027 -0.7148218750953674 7.9539690017700195 96 6 23
-11.538525581359863 -0.31056249141693115 7.974189758300781 165 112 114
-11.431915283203125 -0.5868675708770752 7.954042911529541 82 0 14
-11.269730567932129 -0.9750249981880188 7.912047386169434 139 108 114
-11.736347198486328 0.08659446984529495 8.073041915893555 173 147 146
-11.785083770751953 0.12220364063978195 8.119637489318848 87 52 58
-11.578256607055664 -0.4126392602920532 8.025954246520996 99 5 21
-11.149773597717285 -1.3713723421096802 7.802359580993652 97 2 24
-11.209648132324219 -1.2907248735427856 7.850487232208252 64 37 42
-11.323490142822266 -1.0443865060806274 7.856378555297852 52 0 6
-11.323490142822266 -1.0443865060806274 7.856378555297852 52 0 6
-11.83361530303955 0.08155307918787003 8.071775436401367 160 148 150
-11.350360870361328 -0.9906238317489624 7.845101356506348 80 30 39
-11.085403442382812 -1.6205191612243652 7.773070812225342 121 90 95
-11.23094654083252 -1.3162881135940552 7.841092109680176 157 122 129
-11.500950813293457 -0.6869507431983948 7.887070655822754 148 113 117
-11.500950813293457 -0.6869507431983948 7.887070655822754 148 113 117
-11.40756607055664 -0.922085702419281 7.867693901062012 92 5 21
-11.40756607055664 -0.922085702419281 7.867693901062012 92 5 21
-11.460502624511719 -0.8442736864089966 7.8737688064575195 62 7 21
-11.177593231201172 -1.519758939743042 7.828458786010742 80 3 19
-11.229105949401855 -1.475401759147644 7.826273441314697 81 33 45
-11.65739631652832 -0.5340558886528015 8.002771377563477 100 3 12
-11.65739631652832 -0.5340558886528015 8.002771377563477 100 3 12
-11.200992584228516 -1.5602343082427979 7.784121513366699 93 0 18
-11.321581840515137 -1.299156904220581 7.805422782897949 172 122 128
-11.2337646484375 -1.5170636177062988 7.7742156982421875 155 107 119
-11.157890319824219 -1.7280687093734741 7.806385040283203 94 0 23
-11.418569564819336 -1.1067795753479004 7.800268650054932 96 0 18
-11.286199569702148 -1.4164612293243408 7.7671003341674805 94 1 22
-11.560099601745605 -0.8147175312042236 7.863635063171387 97 10 27
-11.3241605758667 -1.3419580459594727 7.765702247619629 142 118 118
-11.535313606262207 -0.9405640363693237 7.918322563171387 96 0 14
-11.628694534301758 -0.7411440014839172 7.865858554840088 102 52 57
-11.295523643493652 -1.5132499933242798 7.7624831199646 123 90 97
-11.418991088867188 -1.230806827545166 7.7718400955200195 180 125 136
-11.593199729919434 -0.845560610294342 7.824249744415283 89 6 22
-11.593199729919434 -0.845560610294342 7.824249744415283 89 6 22
-11.593199729919434 -0.845560610294342 7.824249744415283 89 6 22
-11.429708480834961 -1.285375714302063 7.813257217407227 103 1 22
-11.429708480834961 -1.285375714302063 7.813257217407227 103 1 22
-11.913098335266113 -0.18904192745685577 7.928385257720947 172 141 143
-11.550691604614258 -0.986248791217804 7.781429767608643 100 0 17
-11.300655364990234 -1.611250638961792 7.787277698516846 96 9 25
-11.693445205688477 -0.8938782811164856 7.964815616607666 139 116 114
-11.693445205688477 -0.8938782811164856 7.964815616607666 139 116 114
-11.422240257263184 -1.4132729768753052 7.755385875701904 169 126 135
-11.708983421325684 -0.8047733306884766 7.789401531219482 182 119 124
-11.467203140258789 -1.3940191268920898 7.757684707641602 147 95 104
-11.90396785736084 -0.481438547372818 7.861248016357422 153 122 123
-11.90396785736084 -0.481438547372818 7.861248016357422 153 122 123
-11.581550598144531 -1.3445508480072021 7.805269241333008 105 0 14
-12.111860275268555 -0.2514142394065857 7.826555252075195 131 98 102
-11.601561546325684 -1.4377776384353638 7.742549419403076 123 82 90
-11.873723030090332 -0.8079926371574402 7.780550956726074 169 123 130
-12.028775215148926 -0.5344351530075073 7.8325605392456055 164 136 135
-12.028775215148926 -0.5344351530075073 7.8325605392456055 164 136 135
-11.586437225341797 -1.608848214149475 7.748471260070801 94 50 54
-11.899614334106445 -0.907208263874054 7.775566577911377 155 78 88
-11.681941032409668 -1.4606306552886963 7.734155654907227 152 115 122
-12.28266429901123 -0.10189905762672424 7.8590474128723145 71 41 49
-12.220508575439453 -0.2281334400177002 7.814894199371338 183 123 133
-12.276845932006836 -0.0962594524025917 7.794597148895264 120 90 98
-12.118263244628906 -0.5375004410743713 7.782590389251709 165 115 124
-12.118263244628906 -0.5375004410743713 7.782590389251709 165 115 124
-11.973434448242188 -0.8944518566131592 7.7730793952941895 164 128 132
-12.207991600036621 -0.3310149908065796 7.764557361602783 97 44 54
-12.140402793884277 -0.5681008100509644 7.822895050048828 136 106 107
-12.140402793884277 -0.5681008100509644 7.822895050048828 136 106 107
-11.635170936584473 -1.7446776628494263 7.734385967254639 142 85 94
-12.173470497131348 -0.5215396285057068 7.81163215637207 74 8 22
-12.344940185546875 -0.09973394125699997 7.769372463226318 106 69 77
-12.25214958190918 -0.33511126041412354 7.777746200561523 178 137 143
-12.25214958190918 -0.33511126041412354 7.777746200561523 178 137 143
-11.645050048828125 -1.806395411491394 7.736541271209717 130 108 111
-11.645050048828125 -1.806395411491394 7.736541271209717 130 108 111
-11.708910942077637 -1.7426948547363281 7.763629913330078 102 4 27
-12.406432151794434 0.008309599943459034 7.706610679626465 179 165 170
-12.055855751037598 -0.9162037968635559 7.727745532989502 147 132 131
-12.055855751037598 -0.9162037968635559 7.727745532989502 147 132 131
-12.431997299194336 -0.012927757576107979 7.680035591125488 101 77 85
-11.750164031982422 -1.744802713394165 7.731280326843262 174 102 114
-11.750164031982422 -1.744802713394165 7.731280326843262 174 102 114
-11.967447280883789 -1.2287681102752686 7.742083549499512 141 117 115
-12.324347496032715 -0.37229660153388977 7.738488674163818 178 147 147
-12.324347496032715 -0.37229660153388977 7.738488674163818 178 147 147
-12.363394737243652 -0.2613552510738373 7.720461845397949 105 7 32
-11.790285110473633 -1.692724347114563 7.736719131469727 82 57 53
-11.837305068969727 -1.6084829568862915 7.765675067901611 103 4 25
-11.837305068969727 -1.6084829568862915 7.765675067901611 103 4 25
-11.783944129943848 -1.7303614616394043 7.73306131362915 87 17 35
-12.08246898651123 -1.006487488746643 7.731858730316162 101 8 26
-12.430776596069336 -0.14075270295143127 7.678518295288086 167 148 155
-12.39490032196045 -0.30668914318084717 7.739905834197998 182 131 138
-12.393489837646484 -0.3664000630378723 7.71542501449585 86 14 28
-12.431316375732422 -0.2860487699508667 7.711330890655518 104 11 34
-11.924847602844238 -1.5556036233901978 7.750873565673828 170 128 138
-11.924847602844238 -1.5556036233901978 7.750873565673828 170 128 138
-12.370814323425293 -0.4247977137565613 7.674605846405029 193 135 141
-12.193821907043457 -0.9486849904060364 7.76811408996582 147 106 112
-12.150981903076172 -1.0199337005615234 7.70466947555542 104 12 30
-12.40672492980957 -0.42325079441070557 7.676856994628906 188 144 145
-12.443723678588867 -0.3486612141132355 7.676299571990967 189 138 143
-12.12402629852295 -1.1986180543899536 7.736102104187012 114 2 26
-11.91274642944336 -1.738970160484314 7.729648113250732 150 117 122
-11.99653434753418 -1.5735183954238892 7.763103008270264 72 38 45
-11.99653434753418 -1.5735183954238892 7.763103008270264 72 38 45
-11.911622047424316 -1.8327431678771973 7.7749552726745605 99 1 24
-12.460798263549805 -0.40811118483543396 7.667421817779541 81 21 29
-12.460798263549805 -0.40811118483543396 7.667421817779541 81 21 29
-12.176855087280273 -1.1870808601379395 7.75823974609375 171 117 123
-12.498388290405273 -0.32291093468666077 7.665520191192627 103 14 36
-12.242597579956055 -1.060369610786438 7.773837089538574 102 6 20
-12.354015350341797 -0.6979095935821533 7.672524929046631 157 134 134
-12.19782543182373 -1.2297251224517822 7.772782325744629 107 8 29
-12.228987693786621 -1.3204528093338013 7.7764201164245605 169 123 130
-12.009130477905273 -1.8636575937271118 7.73750114440918 116 0 29
-12.277368545532227 -1.256311297416687 7.733302593231201 112 9 28
-12.277368545532227 -1.256311297416687 7.733302593231201 112 9 28
-12.395310401916504 -1.0967845916748047 7.729493141174316 94 5 24
-12.252756118774414 -1.5856274366378784 7.864434242248535 108 7 24
-12.489296913146973 -1.1717371940612793 7.987845420837402 156 118 129
-12.235872268676758 -1.6296684741973877 7.828271865844727 171 125 129
-12.11744213104248 -1.9006743431091309 7.778716087341309 99 7 26
-12.11744213104248 -1.9006743431091309 7.778716087341309 99 7 26
-12.206748962402344 -1.824326515197754 7.868864059448242 166 137 139
-12.206748962402344 -1.824326515197754 7.868864059448242 166 137 139
-12.248445510864258 -1.676092267036438 7.796030044555664 164 127 134
-12.524402618408203 -0.9973454475402832 7.776554107666016 111 13 28
-12.459197998046875 -1.1608660221099854 7.768125534057617 104 13 30
-12.14119815826416 -1.93761146068573 7.775552272796631 102 22 36
-12.137481689453125 -2.003159284591675 7.796238422393799 152 122 124
-12.44771957397461 -1.2284891605377197 7.766390323638916 185 150 160
-12.172040939331055 -1.907663106918335 7.728260040283203 96 14 30
-12.262430191040039 -1.775362253189087 7.801126480102539 106 12 28
-12.529659271240234 -1.1018964052200317 7.69124174118042 125 96 96
-12.579155921936035 -1.053765058517456 7.731026649475098 102 25 31
-12.54565143585205 -1.2747039794921875 7.7381744384765625 165 133 138
-12.54565143585205 -1.2747039794921875 7.7381744384765625 165 133 138
-12.533783912658691 -1.4289686679840088 7.814894676208496 165 142 139
-12.317671775817871 -1.9530751705169678 7.807451248168945 105 20 35
-12.322169303894043 -1.8952513933181763 7.758877754211426 98 56 58
-12.29214859008789 -2.005659818649292 7.787419319152832 114 15 26
-12.484073638916016 -1.447319507598877 7.678542137145996 165 142 139
-12.559803009033203 -1.3558357954025269 7.667357444763184 95 18 31
-12.590134620666504 -1.3031444549560547 7.664126873016357 86 40 50
-12.42717456817627 -1.8489576578140259 7.798948764801025 110 14 28
-12.406826972961426 -1.9195200204849243 7.784189701080322 92 29 34
-12.541450500488281 -1.516295075416565 7.689062118530273 105 19 36
-12.605996131896973 -1.383689284324646 7.6922502517700195 174 109 115
-12.466201782226562 -2.0057976245880127 7.734159469604492 89 15 27
-12.466201782226562 -2.0057976245880127 7.734159469604492 89 15 27
-12.62891674041748 -1.7773298025131226 7.752198696136475 111 14 25
-12.595455169677734 -1.8490887880325317 7.691927909851074 174 127 135
-10.605493545532227 -1.7006772756576538 7.670202732086182 133 116 119
-11.019757270812988 -0.7218127250671387 7.657537937164307 95 13 27
-10.986289024353027 -0.8263060450553894 7.616734981536865 165 117 128
-10.659449577331543 -1.6973295211791992 7.610202312469482 86 48 58
-10.686244010925293 -1.6807137727737427 7.601949691772461 156 110 122
-10.673087120056152 -1.7175694704055786 7.600337028503418 161 124 134
-11.038837432861328 -0.8213449120521545 7.603972434997559 133 104 109
-11.034302711486816 -0.8728103041648865 7.6110453605651855 160 96 112
-10.6842622756958 -1.743219256401062 7.607133865356445 56 18 29
-11.263392448425293 -0.3289925754070282 7.645201206207275 148 77 85
-10.97937297821045 -1.0240143537521362 7.604729652404785 170 120 131
-10.999342918395996 -0.9823002815246582 7.601404190063477 151 101 112
-10.999342918395996 -0.9823002815246582 7.601404190063477 151 101 112
-11.171730995178223 -0.5809967517852783 7.595927715301514 57 10 20
-10.837215423583984 -1.413840413093567 7.57641077041626 73 23 35
-10.998713493347168 -1.0249055624008179 7.541512966156006 65 15 26
-10.991515159606934 -1.0973360538482666 7.603238105773926 145 102 111
-11.130566596984863 -0.7650614380836487 7.587481498718262 92 12 23
-11.289714813232422 -0.4017361104488373 7.620918273925781 131 95 95
-10.719633102416992 -1.7881207466125488 7.516866207122803 130 72 82
-11.425633430480957 -0.07941025495529175 7.593132495880127 83 13 29
-11.239423751831055 -0.5402237772941589 7.56027364730835 168 114 119
-11.175238609313965 -0.7040280103683472 7.556423664093018 62 9 19
-11.175238609313965 -0.7040280103683472 7.556423664093018 62 9 19
-10.82556438446045 -1.5794392824172974 7.586738586425781 154 121 128
-10.82556438446045 -1.5794392824172974 7.586738586425781 154 121 128
-10.866325378417969 -1.470528244972229 7.504117965698242 70 19 31
-11.104516983032227 -0.9405534267425537 7.556771755218506 78 4 19
-11.021503448486328 -1.1763454675674438 7.505001068115234 181 117 134
-11.013471603393555 -1.2262364625930786 7.5101799964904785 90 0 22
-11.077766418457031 -1.1072359085083008 7.491894245147705 88 4 27
-10.987654685974121 -1.388453722000122 7.478570938110352 86 0 18
-10.987654685974121 -1.388453722000122 7.478570938110352 86 0 18
-10.934739112854004 -1.519976258277893 7.453735828399658 82 19 36
-10.932398796081543 -1.5631542205810547 7.475550174713135 146 83 100
-11.509733200073242 -0.1570407748222351 7.515605926513672 149 108 114
-10.97377872467041 -1.4707623720169067 7.462914943695068 107 72 79
-11.178488731384277 -0.9820882678031921 7.41211462020874 91 2 20
-11.114009857177734 -1.1879305839538574 7.462594985961914 126 96 100
-11.514264106750488 -0.2134757786989212 7.488773822784424 168 136 139
-11.266097068786621 -0.8319638967514038 7.456094741821289 96 1 25
-11.42978572845459 -0.44852298498153687 7.493974208831787 142 93 99
-11.350423812866211 -0.6440796852111816 7.442935466766357 143 113 111
-11.350423812866211 -0.6440796852111816 7.442935466766357 143 113 111
-11.17825698852539 -1.0697576999664307 7.433860778808594 130 90 99
-11.000621795654297 -1.569408893585205 7.417507171630859 85 1 17
-11.000621795654297 -1.569408893585205 7.417507171630859 85 1 17
-11.436513900756836 -0.5203977823257446 7.432651519775391 154 106 112
-11.388163566589355 -0.6509409546852112 7.453129291534424 165 133 131
-11.191930770874023 -1.153843641281128 7.42561149597168 86 9 29
-11.595193862915039 -0.18982361257076263 7.42915153503418 92 8 21
-11.44243335723877 -0.5732204914093018 7.436672210693359 90 0 10
-11.383376121520996 -0.7272877097129822 7.441491603851318 86 4 16
-11.124815940856934 -1.3624539375305176 7.389503479003906 73 35 42
-11.057695388793945 -1.519805669784546 7.34760856628418 124 100 104
-11.057695388793945 -1.519805669784546 7.34760856628418 124 100 104
-10.944445610046387 -1.828421950340271 7.371095180511475 162 140 145
-10.930173873901367 -1.8680154085159302 7.382214069366455 173 125 139
-11.218401908874512 -1.183921456336975 7.448809623718262 157 118 127
-11.013792991638184 -1.6687166690826416 7.356050491333008 126 89 96
-11.043575286865234 -1.606856346130371 7.392777919769287 91 1 17
-11.260359764099121 -1.0781148672103882 7.402291774749756 70 24 34
-11.56533432006836 -0.3542100489139557 7.486567974090576 99 4 12
-11.274957656860352 -1.0380492210388184 7.36216926574707 78 3 12
-11.391963005065918 -0.8032776713371277 7.399514198303223 158 125 126
-11.391963005065918 -0.8032776713371277 7.399514198303223 158 125 126
-11.302777290344238 -1.024160623550415 7.368847846984863 92 0 17
-11.302777290344238 -1.024160623550415 7.368847846984863 92 0 17
-11.610274314880371 -0.29400959610939026 7.425894737243652 176 127 132
-10.998292922973633 -1.7812416553497314 7.317488670349121 76 2 18
-11.264811515808105 -1.1517143249511719 7.369509220123291 170 112 126
-11.35037899017334 -0.9543195962905884 7.37126350402832 78 19 30
-11.282636642456055 -1.129092812538147 7.353747844696045 125 90 94
-11.258682250976562 -1.2112843990325928 7.383241176605225 159 123 128
-11.260010719299316 -1.1960158348083496 7.321809768676758 84 8 26
-11.018219947814941 -1.8110418319702148 7.331762790679932 186 132 145
-11.378355979919434 -0.9819368720054626 7.381181240081787 137 115 117
-11.378355979919434 -0.9819368720054626 7.381181240081787 137 115 117
-11.121145248413086 -1.6123906373977661 7.3545331954956055 92 0 16
-11.440962791442871 -0.8332276940345764 7.343085289001465 86 6 21
-11.508580207824707 -0.6919029355049133 7.385350704193115 100 3 12
-11.023738861083984 -1.873630404472351 7.327107906341553 72 12 28
-11.023738861083984 -1.873630404472351 7.327107906341553 72 12 28
-11.008858680725098 -1.9217653274536133 7.345783233642578 97 2 28
-11.070378303527832 -1.77510666847229 7.315483093261719 91 0 16
-11.405102729797363 -0.9773777723312378 7.352210998535156 65 39 40
-11.203073501586914 -1.4759604930877686 7.347572326660156 89 0 20
-11.319926261901855 -1.1912986040115356 7.341900825500488 86 1 20
-11.233696937561035 -1.4093775749206543 7.319077491760254 124 92 95
-11.20110034942627 -1.5143191814422607 7.28779935836792 85 0 14
-11.373106956481934 -1.1251888275146484 7.339269161224365 107 60 66
-11.203737258911133 -1.5724315643310547 7.3028364181518555 94 64 66
-11.324318885803223 -1.2841163873672485 7.303579807281494 140 120 122
-11.639575958251953 -0.5633420348167419 7.389152526855469 141 106 105
-11.639575958251953 -0.5633420348167419 7.389152526855469 141 106 105
-11.469925880432129 -0.9590802788734436 7.3055877685546875 93 1 21
-11.469925880432129 -0.9590802788734436 7.3055877685546875 93 1 21
-11.469925880432129 -0.9590802788734436 7.3055877685546875 93 1 21
-11.31916618347168 -1.3659658432006836 7.298559665679932 92 0 17
-11.31916618347168 -1.3659658432006836 7.298559665679932 92 0 17
-11.441091537475586 -1.0801318883895874 7.31101655960083 99 0 20
-11.089412689208984 -1.9522464275360107 7.325582027435303 72 8 25
-11.201010704040527 -1.6682075262069702 7.287481307983398 95 0 17
-11.236490249633789 -1.6125385761260986 7.288675308227539 166 124 132
-11.119827270507812 -1.9052097797393799 7.251824855804443 136 117 121
-11.487139701843262 -1.0316784381866455 7.303387641906738 136 94 104
-11.420577049255371 -1.2101155519485474 7.342250823974609 96 0 18
-11.79118537902832 -0.3355681598186493 7.331676006317139 184 134 143
-11.79118537902832 -0.3355681598186493 7.331676006317139 184 134 143
-11.32007884979248 -1.4792678356170654 7.280012130737305 158 119 124
-11.32007884979248 -1.4792678356170654 7.280012130737305 158 119 124
-11.145245552062988 -1.910560965538025 7.27533483505249 40 25 28
-11.145245552062988 -1.910560965538025 7.27533483505249 40 25 28
-11.77476978302002 -0.39561328291893005 7.340808391571045 73 1 15
-11.443791389465332 -1.1893655061721802 7.290628433227539 194 127 136
-11.50617504119873 -1.0512137413024902 7.204023361206055 102 60 70
-11.21004867553711 -1.8278813362121582 7.270664691925049 97 0 17
-11.354378700256348 -1.4668704271316528 7.249520301818848 80 41 46
-11.350923538208008 -1.5152100324630737 7.256810665130615 90 5 18
-11.735694885253906 -0.6423535943031311 7.2573723793029785 153 117 121
-11.735694885253906 -0.6423535943031311 7.2573723793029785 153 117 121
-11.738691329956055 -0.6837159991264343 7.276577472686768 92 23 36
-11.561640739440918 -1.118348479270935 7.209792137145996 72 0 11
-11.475992202758789 -1.352995753288269 7.223998069763184 99 0 11
-11.766885757446289 -0.6834365129470825 7.254554271697998 183 133 137
-11.316768646240234 -1.7915257215499878 7.209662437438965 73 16 28
-11.316768646240234 -1.7915257215499878 7.209662437438965 73 16 28
-11.339712142944336 -1.8161684274673462 7.25015115737915 180 118 131
-11.364679336547852 -1.7793915271759033 7.217597484588623 154 109 114
-11.938596725463867 -0.4179169833660126 7.261266231536865 102 81 80
-11.844972610473633 -0.7089664340019226 7.29172420501709 78 5 12
-11.502391815185547 -1.534875512123108 7.2401347160339355 163 115 125
-11.847795486450195 -0.692960262298584 7.222222328186035 168 127 133
-11.847795486450195 -0.692960262298584 7.222222328186035 168 127 133
-11.993967056274414 -0.41684848070144653 7.249723434448242 66 17 26
-11.700240135192871 -1.119799256324768 7.206797122955322 168 132 139
-11.700240135192871 -1.119799256324768 7.206797122955322 168 132 139
-11.361943244934082 -1.9440734386444092 7.196347236633301 182 140 142
-11.74044132232666 -1.0613290071487427 7.230140686035156 92 8 24
-11.544300079345703 -1.5338369607925415 7.188296318054199 153 121 124
-11.36517333984375 -1.9850283861160278 7.197358131408691 75 20 36
-11.41927719116211 -1.9027823209762573 7.203824043273926 105 0 24
-11.376575469970703 -2.0433993339538574 7.172889232635498 187 131 137
-11.93702507019043 -0.6892409324645996 7.198714256286621 173 125 126
-11.389604568481445 -2.0074682235717773 7.152992248535156 188 157 162
-11.799641609191895 -1.0211490392684937 7.176363468170166 177 120 129
-12.03658390045166 -0.48271095752716064 7.231926441192627 67 27 35
-12.03658390045166 -0.48271095752716064 7.231926441192627 67 27 35
-11.409512519836426 -2.0108771324157715 7.182082653045654 177 146 151
-11.499261856079102 -1.7970927953720093 7.182088851928711 124 74 84
-11.499261856079102 -1.7970927953720093 7.182088851928711 124 74 84
-11.92761516571045 -0.7424257397651672 7.14169454574585 89 54 61
-11.792580604553223 -1.130692481994629 7.163147926330566 145 106 111
-12.064821243286133 -0.4970168173313141 7.204419136047363 168 141 146
-11.502114295959473 -1.8551782369613647 7.155909061431885 126 100 104
-11.502114295959473 -1.8551782369613647 7.155909061431885 126 100 104
-11.468266487121582 -1.9473036527633667 7.170481204986572 182 121 129
-12.110709190368652 -0.4164101481437683 7.233872413635254 190 128 139
-11.491422653198242 -1.9166940450668335 7.17085599899292 91 10 29
-11.761688232421875 -1.2807399034500122 7.1718831062316895 134 92 101
-11.648965835571289 -1.5814822912216187 7.177979469299316 176 140 142
-11.601226806640625 -1.7302559614181519 7.181292533874512 163 128 134
-11.89567756652832 -1.027127742767334 7.201831340789795 152 114 119
-11.89567756652832 -1.027127742767334 7.201831340789795 152 114 119
-12.156304359436035 -0.4373067021369934 7.21794319152832 189 136 144
-12.004462242126465 -0.814956784248352 7.199220180511475 102 1 15
-11.612041473388672 -1.76382577419281 7.17287015914917 195 149 162
-12.024412155151367 -0.7642551064491272 7.170407772064209 62 11 20
-11.804720878601074 -1.3209482431411743 7.181812763214111 149 109 117
-12.139166831970215 -0.5255346894264221 7.192760467529297 182 141 149
-12.139166831970215 -0.5255346894264221 7.192760467529297 182 141 149
-11.638340950012207 -1.7497004270553589 7.165162086486816 88 10 34
-11.66894245147705 -1.6779229640960693 7.146528720855713 104 0 19
-11.60018253326416 -1.9578521251678467 7.141302585601807 79 17 30
-11.954050064086914 -1.0993744134902954 7.13764762878418 195 133 142
-11.758915901184082 -1.6254382133483887 7.167761325836182 153 132 129
-11.758915901184082 -1.6254382133483887 7.167761325836182 153 132 129
-11.991504669189453 -1.078088402748108 7.140564441680908 155 124 126
-11.977090835571289 -1.1267632246017456 7.157630443572998 91 11 26
-11.637797355651855 -1.974124789237976 7.161588668823242 156 90 105
-11.939857482910156 -1.3003408908843994 7.151374340057373 96 1 21
-11.915613174438477 -1.3499473333358765 7.12930154800415 149 91 98
-11.72374153137207 -1.8441728353500366 7.144684314727783 179 95 111
-11.744318962097168 -1.7949000597000122 7.135396957397461 151 109 119
-11.810028076171875 -1.6498761177062988 7.132913112640381 67 32 33
-12.047507286071777 -1.0961450338363647 7.139432907104492 75 5 23
-11.72864818572998 -1.8852466344833374 7.1258745193481445 83 0 15
-11.698264122009277 -1.9977493286132812 7.174656391143799 94 1 22
-12.051849365234375 -1.1379468441009521 7.112222671508789 192 136 142
-11.998941421508789 -1.3074530363082886 7.144817352294922 83 24 44
-11.990989685058594 -1.3370450735092163 7.132450580596924 92 7 26
-11.990989685058594 -1.3370450735092163 7.132450580596924 92 7 26
-11.849451065063477 -1.7211467027664185 7.179303169250488 165 79 100
-12.066746711730957 -1.2628716230392456 7.203208923339844 139 115 121
-12.206632614135742 -0.8745381832122803 7.118930339813232 183 129 142
-12.237895011901855 -0.8523164987564087 7.123692035675049 98 6 28
-11.767851829528809 -1.998364806175232 7.11179780960083 185 124 135
-12.010124206542969 -1.423193097114563 7.104758262634277 147 112 118
-11.837599754333496 -1.9081109762191772 7.158988952636719 103 1 22
-12.2528076171875 -0.8953216075897217 7.1102213859558105 188 117 133
-12.068940162658691 -1.358215093612671 7.111299991607666 109 0 26
-12.068940162658691 -1.358215093612671 7.111299991607666 109 0 26
-11.951462745666504 -1.6572651863098145 7.124026775360107 104 65 69
-11.939281463623047 -1.7286022901535034 7.1536712646484375 187 136 143
-11.964590072631836 -1.7017204761505127 7.113906383514404 83 13 27
-12.330368041992188 -0.868751585483551 7.180140018463135 79 39 46
-12.330368041992188 -0.868751585483551 7.180140018463135 79 39 46
-12.345623016357422 -0.8310632109642029 7.119190216064453 102 4 21
-11.912541389465332 -1.9471789598464966 7.115826606750488 99 7 28
-11.912541389465332 -1.9471789598464966 7.115826606750488 99 7 28
-11.970105171203613 -1.8837040662765503 7.123163223266602 157 121 129
-11.970105171203613 -1.8837040662765503 7.123163223266602 157 121 129
-11.92124080657959 -2.0422205924987793 7.101581573486328 149 113 123
-12.215094566345215 -1.3376681804656982 7.115660667419434 154 133 132
-12.373955726623535 -0.9603474140167236 7.095064163208008 76 6 24
-12.17843246459961 -1.4821280241012573 7.126235485076904 166 132 139
-12.035310745239258 -1.8364826440811157 7.110000133514404 113 1 26
-12.306694030761719 -1.2163034677505493 7.096914768218994 125 87 90
-12.10443115234375 -1.7277652025222778 7.092008590698242 48 0 2
-12.12787914276123 -1.7554758787155151 7.0964813232421875 184 131 141
-12.481895446777344 -0.913037896156311 7.109096527099609 192 136 137
-12.473621368408203 -0.9594974517822266 7.097505569458008 166 132 136
-12.308404922485352 -1.3794251680374146 7.103714942932129 172 152 151
-12.308404922485352 -1.3794251680374146 7.103714942932129 172 152 151
-12.289475440979004 -1.5223580598831177 7.150039196014404 151 131 130
-12.317689895629883 -1.5962259769439697 7.095270156860352 103 6 31
-12.398089408874512 -1.5953059196472168 7.078791618347168 151 120 122
-12.523231506347656 -1.3130214214324951 7.07198429107666 181 146 146
-12.235113143920898 -2.042175531387329 7.091284275054932 108 9 33
-12.333240509033203 -1.854835867881775 7.095062255859375 172 136 136
-12.294565200805664 -2.089007616043091 7.113445281982422 106 14 25
-12.379416465759277 -1.8985220193862915 7.1299567222595215 201 139 147
-12.354988098144531 -2.0610439777374268 7.111774921417236 140 110 110
-12.421810150146484 -1.888617992401123 7.098577499389648 184 119 125
-12.421810150146484 -1.888617992401123 7.098577499389648 184 119 125
-12.565731048583984 -1.7055398225784302 7.091740131378174 72 5 14
-12.692715644836426 -1.6214834451675415 7.141456604003906 119 15 30
-12.692715644836426 -1.6214834451675415 7.141456604003906 119 15 30
-12.730259895324707 -1.6405510902404785 7.093836784362793 115 17 30
-12.702313423156738 -1.7207567691802979 7.09027099609375 111 69 72
-12.878438949584961 -2.478699207305908 7.160456657409668 235 164 168
-13.01768684387207 -2.150068759918213 7.139500617980957 200 140 144
-12.870386123657227 -2.5459537506103516 7.170954704284668 211 136 149
-13.060256004333496 -2.0447022914886475 7.126619338989258 242 175 178
-13.061361312866211 -2.1084840297698975 7.154998779296875 118 17 23
-13.149456977844238 -1.896635890007019 7.120646953582764 254 188 193
-12.961506843566895 -2.3843584060668945 7.132661819458008 123 16 34
-13.074779510498047 -2.2120370864868164 7.14829158782959 89 31 38
-13.125028610229492 -2.071045398712158 7.121893882751465 224 147 159
-13.247509956359863 -2.278907060623169 7.115845680236816 178 132 142
-13.23077392578125 -2.4195618629455566 7.135611534118652 171 128 129
-11.564966201782227 12.654420852661133 87.61112976074219 130 99 105
-12.345599174499512 8.975934028625488 65.04954528808594 139 82 97
-12.835052490234375 8.227971076965332 60.87726974487305 78 5 24
-12.835052490234375 8.227971076965332 60.87726974487305 78 5 24
-15.697704315185547 18.83761215209961 97.64620971679688 127 56 72
-13.016107559204102 7.2587456703186035 53.00634765625 124 102 105
-13.016107559204102 7.2587456703186035 53.00634765625 124 102 105
-17.908061981201172 20.908849716186523 99.61809539794922 68 11 28
-17.760204315185547 20.369430541992188 97.38348388671875 68 11 28
-13.194893836975098 5.516412258148193 47.23105239868164 83 0 19
-12.429210662841797 2.945481777191162 37.50027084350586 88 0 16
-14.548922538757324 8.93035888671875 59.7574348449707 83 0 16
-14.548922538757324 8.93035888671875 59.7574348449707 83 0 16
-14.25083065032959 7.8003082275390625 51.469154357910156 139 111 115
-14.25083065032959 7.8003082275390625 51.469154357910156 139 111 115
-18.302539825439453 19.319826126098633 86.62850189208984 80 1 18
-17.017515182495117 15.736218452453613 78.04510498046875 87 2 25
-17.31961441040039 15.653514862060547 74.71499633789062 128 96 101
-13.692161560058594 5.615243911743164 45.997074127197266 125 94 100
-15.520478248596191 10.397185325622559 58.736026763916016 120 97 103
-15.388914108276367 9.464977264404297 57.50887680053711 94 0 18
-13.362075805664062 4.142294406890869 41.014339447021484 81 0 20
-12.480493545532227 1.6814630031585693 33.04752731323242 130 105 111
-20.852882385253906 22.43827247619629 96.27056121826172 163 117 128
-12.447078704833984 1.2874059677124023 31.549057006835938 167 137 142
-18.338111877441406 16.007495880126953 80.15384674072266 85 3 21
-12.655021667480469 1.7630841732025146 32.48636245727539 167 133 134
-13.732162475585938 3.942566156387329 40.04755783081055 88 0 19
-23.2355899810791 26.54983139038086 107.5083999633789 89 4 19
-14.560300827026367 5.309953689575195 43.22745132446289 88 0 15
-16.413835525512695 8.9962739944458 54.229896545410156 92 0 12
-16.413835525512695 8.9962739944458 54.229896545410156 92 0 12
-21.764795303344727 20.702028274536133 84.28012084960938 132 108 104
-19.695222854614258 15.533783912658691 70.34944915771484 160 110 116
-22.164073944091797 20.05421257019043 83.52310180664062 161 104 113
-19.70905303955078 14.966742515563965 66.87644958496094 92 7 25
-19.70905303955078 14.966742515563965 66.87644958496094 92 7 25
-22.258560180664062 19.408580780029297 81.04834747314453 62 23 26
-13.486817359924316 1.4046562910079956 28.93107032775879 158 116 126
-14.846266746520996 4.019725322723389 35.78268814086914 126 94 101
-14.28280258178711 2.8067827224731445 33.23301315307617 137 106 111
-14.28280258178711 2.8067827224731445 33.23301315307617 137 106 111
-14.673179626464844 3.1302976608276367 33.59973907470703 92 0 21
-14.673179626464844 3.1302976608276367 33.59973907470703 92 0 21
-22.350482940673828 17.566307067871094 75.91004180908203 174 123 130
-13.991995811462402 1.7664501667022705 30.0035343170166 149 94 105
-13.727876663208008 1.217050552368164 28.420888900756836 145 112 121
-13.979650497436523 1.478308081626892 29.672897338867188 129 96 105
-13.979650497436523 1.478308081626892 29.672897338867188 129 96 105
-17.501615524291992 7.723956108093262 45.94371032714844 151 96 104
-15.233269691467285 3.544807195663452 34.49876022338867 129 83 93
-14.514718055725098 2.15592098236084 30.665225982666016 119 87 92
-27.643980026245117 24.79765510559082 92.52449798583984 94 2 15
-17.296133041381836 6.730695724487305 42.81364440917969 136 96 101
-29.62860107421875 28.312095642089844 101.36337280273438 82 28 38
-15.18513298034668 2.8685076236724854 33.2137451171875 96 0 19
-15.494887351989746 2.9641876220703125 32.46451187133789 158 121 128
-15.494887351989746 2.9641876220703125 32.46451187133789 158 121 128
-21.91222381591797 13.214081764221191 61.37287902832031 123 77 84
-18.981952667236328 7.964542865753174 47.393550872802734 104 8 31
-14.866609573364258 1.5609369277954102 28.478029251098633 135 106 108
-22.15809440612793 12.692499160766602 59.99814224243164 89 35 48
-17.946979522705078 6.133496284484863 41.410213470458984 81 43 50
-28.42241096496582 22.441316604614258 84.71553802490234 164 127 129
-21.711124420166016 11.67986011505127 57.2500114440918 166 126 134
-19.32179069519043 7.884823799133301 46.4758415222168 153 128 128
-16.25299644470215 3.0151207447052 33.3583869934082 145 109 117
-16.029083251953125 2.5237555503845215 32.046878814697266 164 129 136
-16.07258415222168 2.735713481903076 31.34779167175293 75 2 14
-18.544958114624023 6.046535015106201 42.11079406738281 141 109 114
-15.392419815063477 1.4547276496887207 28.906518936157227 158 127 132
-15.392419815063477 1.4547276496887207 28.906518936157227 158 127 132
-16.59855842590332 3.0083727836608887 33.30418395996094 127 85 87
-16.35614585876465 2.753450393676758 31.938669204711914 119 80 81
-19.74200439453125 7.400595188140869 46.39375305175781 98 3 23
-19.74200439453125 7.400595188140869 46.39375305175781 98 3 23
-20.43165397644043 8.473838806152344 47.21354675292969 94 8 21
-20.43165397644043 8.473838806152344 47.21354675292969 94 8 21
-16.404434204101562 2.5411956310272217 31.832664489746094 78 30 42
-17.008481979370117 2.951469659805298 34.21263122558594 172 117 122
-16.103357315063477 1.5066065788269043 29.74620246887207 179 126 140
-21.3116455078125 8.569396018981934 48.97993850708008 94 4 25
-15.955026626586914 1.2459064722061157 28.384567260742188 158 106 119
-16.092863082885742 1.3967812061309814 28.430788040161133 93 6 22
-23.126401901245117 10.438193321228027 53.84324645996094 185 121 130
-22.853103637695312 10.01557445526123 53.0037956237793 92 50 59
-16.539640426635742 1.4328373670578003 29.588808059692383 156 76 89
-22.95783042907715 9.500109672546387 52.23316192626953 200 128 145
-20.601520538330078 6.504929065704346 42.98007583618164 161 134 139
-17.78461456298828 2.6669247150421143 33.91276550292969 65 3 10
-18.850112915039062 4.134995937347412 37.04581832885742 93 9 27
-23.24541473388672 9.657876968383789 52.31775665283203 91 22 37
-16.82663917541504 1.4487212896347046 29.791582107543945 92 9 23
-19.145458221435547 4.436450004577637 37.37069320678711 161 130 135
-16.60604476928711 1.067914366722107 27.99484634399414 97 6 23
-17.762435913085938 2.053555727005005 32.522315979003906 86 55 60
-19.598501205444336 4.266079902648926 38.370052337646484 92 4 26
-16.88711929321289 0.7379834055900574 28.72866439819336 161 95 107
-24.158782958984375 8.666341781616211 53.11510467529297 97 11 24
-21.690418243408203 5.942188739776611 44.2889289855957 99 5 29
-21.44472885131836 5.343250274658203 43.91478729248047 150 126 130
-22.232738494873047 6.474564075469971 45.5717658996582 195 134 147
-22.232738494873047 6.474564075469971 45.5717658996582 195 134 147
-24.287168502807617 8.515783309936523 52.45920944213867 107 21 34
-24.287168502807617 8.515783309936523 52.45920944213867 107 21 34
-22.03997039794922 5.752607345581055 43.80418395996094 191 122 132
-22.03997039794922 5.752607345581055 43.80418395996094 191 122 132
-23.251527786254883 7.027276992797852 47.505855560302734 191 135 148
-18.523298263549805 1.7197514772415161 32.625030517578125 144 121 121
-20.76311683654785 4.101348876953125 39.58054733276367 95 4 24
-22.521024703979492 5.777456760406494 45.35136032104492 102 8 26
-23.616552352905273 6.986058712005615 48.37895584106445 58 5 17
-23.71463394165039 6.434168338775635 49.03670120239258 102 7 29
-17.746152877807617 0.6118038296699524 29.771907806396484 145 119 120
-23.56450080871582 6.6165666580200195 46.995216369628906 88 34 47
-18.029321670532227 0.3532191514968872 30.222169876098633 88 10 26
-23.13389015197754 5.555148601531982 45.03298568725586 109 8 32
-18.579404830932617 0.7438385486602783 31.8389949798584 86 9 25
-19.302095413208008 0.8183748722076416 33.70828628540039 137 92 95
-19.720930099487305 1.0600348711013794 34.83427810668945 189 119 130
-22.848770141601562 4.206604957580566 43.16024398803711 95 18 34
-11.4912748336792 -2.1896471977233887 3.654500961303711 82 42 42
-11.514081001281738 -2.2463929653167725 3.6820297241210938 76 2 15
-11.514081001281738 -2.2463929653167725 3.6820297241210938 76 2 15
-11.596345901489258 -2.0962698459625244 3.5391714572906494 132 92 93
-11.538702964782715 -2.222381353378296 3.6558821201324463 121 85 89
-11.54629898071289 -2.2091734409332275 3.6413583755493164 144 91 97
-11.559353828430176 -2.196150541305542 3.6252939701080322 58 0 4
-11.628125190734863 -2.0548503398895264 3.4988861083984375 95 74 79
-11.520187377929688 -2.293849229812622 3.706552028656006 76 0 13
-11.55037784576416 -2.2343175411224365 3.6590805053710938 132 96 100
-11.584291458129883 -2.163576364517212 3.593107223510742 122 80 84
-11.584291458129883 -2.163576364517212 3.593107223510742 122 80 84
-11.622367858886719 -2.085322618484497 3.523348808288574 71 8 16
-11.54310131072998 -2.256439447402954 3.673734188079834 74 0 11
-11.536449432373047 -2.273977756500244 3.6896820068359375 51 12 20
-11.559794425964355 -2.2288877964019775 3.6523005962371826 155 107 113
-11.538445472717285 -2.3033063411712646 3.7093393802642822 69 3 14
-11.644791603088379 -2.0741355419158936 3.506690740585327 145 125 127
-11.568038940429688 -2.24884033203125 3.6623964309692383 70 17 27
-11.568038940429688 -2.24884033203125 3.6623964309692383 70 17 27
-11.664727210998535 -2.0495429039001465 3.4840891361236572 87 78 81
-11.664727210998535 -2.0495429039001465 3.4840891361236572 87 78 81
-11.59870433807373 -2.2081141471862793 3.623652935028076 81 0 6
-11.546326637268066 -2.333115339279175 3.715883493423462 137 92 99
-11.6474609375 -2.1111667156219482 3.527550220489502 156 130 127
-11.570716857910156 -2.2867021560668945 3.679056167602539 54 6 18
-11.633793830871582 -2.175938367843628 3.5849015712738037 128 96 97
-11.633793830871582 -2.175938367843628 3.5849015712738037 128 96 97
-11.59142780303955 -2.282407760620117 3.673495054244995 177 105 117
-11.668879508972168 -2.126307487487793 3.5302929878234863 162 110 115
-11.596861839294434 -2.2927961349487305 3.681422710418701 122 89 96
-11.596861839294434 -2.2927961349487305 3.681422710418701 122 89 96
-11.607240676879883 -2.2755606174468994 3.6591076850891113 78 0 10
-11.679429054260254 -2.118621826171875 3.5220999717712402 170 135 139
-11.689664840698242 -2.101813793182373 3.510230302810669 80 2 24
-11.665386199951172 -2.1889805793762207 3.5761983394622803 125 83 89
-11.665386199951172 -2.1889805793762207 3.5761983394622803 125 83 89
-11.722210884094238 -2.0637567043304443 3.4785959720611572 138 134 133
-11.69339370727539 -2.132392168045044 3.529168128967285 169 113 117
-11.70290470123291 -2.1211416721343994 3.516211986541748 60 24 28
-11.626700401306152 -2.327693223953247 3.6851775646209717 81 0 8
-11.645102500915527 -2.2877697944641113 3.65653395652771 74 0 9
-11.645102500915527 -2.2877697944641113 3.65653395652771 74 0 9
-11.721406936645508 -2.110642910003662 3.5043938159942627 89 11 30
-11.642256736755371 -2.3176755905151367 3.672860860824585 164 115 125
-11.66472053527832 -2.2756361961364746 3.637890577316284 45 10 11
-11.704866409301758 -2.201838493347168 3.574361562728882 149 108 116
-11.704866409301758 -2.201838493347168 3.574361562728882 149 108 116
-11.657524108886719 -2.3551788330078125 3.689289093017578 160 108 112
-11.770153045654297 -2.1140763759613037 3.493802785873413 173 130 140
-11.770030975341797 -2.126023530960083 3.502753734588623 81 4 20
-11.758516311645508 -2.154524326324463 3.518883228302002 57 2 12
-11.767210006713867 -2.1381568908691406 3.503293752670288 60 8 15
-11.74522876739502 -2.199462652206421 3.55879282951355 70 4 14
-11.769186019897461 -2.1555120944976807 3.5197222232818604 186 133 143
-11.769186019897461 -2.1555120944976807 3.5197222232818604 186 133 143
-11.778520584106445 -2.1380653381347656 3.5070197582244873 171 115 124
-11.688094139099121 -2.3778316974639893 3.6900079250335693 118 84 88
-11.762739181518555 -2.2203519344329834 3.566634178161621 60 19 25
-11.79273796081543 -2.1631112098693848 3.518667221069336 156 121 121
-11.810190200805664 -2.1500039100646973 3.5006964206695557 181 119 130
-11.826927185058594 -2.1249842643737793 3.4825849533081055 66 39 44
-11.756698608398438 -2.3064157962799072 3.623965263366699 151 117 118
-11.82194995880127 -2.143376350402832 3.4963815212249756 82 2 20
-11.731406211853027 -2.385841131210327 3.680889844894409 130 81 85
-11.740036010742188 -2.372905731201172 3.6708061695098877 88 0 16
-11.749327659606934 -2.3523898124694824 3.6519713401794434 62 6 19
-11.821898460388184 -2.1745409965515137 3.5166478157043457 163 119 120
-11.830678939819336 -2.1558706760406494 3.5045833587646484 167 122 127
-11.808127403259277 -2.222445011138916 3.551335096359253 84 0 8
-11.769906997680664 -2.3369717597961426 3.637692451477051 79 0 10
-11.836270332336426 -2.173581123352051 3.5086886882781982 56 2 8
-11.836270332336426 -2.173581123352051 3.5086886882781982 56 2 8
-11.779132843017578 -2.324979066848755 3.623323917388916 147 108 113
-11.845827102661133 -2.1524147987365723 3.495140552520752 77 0 16
-11.81318473815918 -2.240722179412842 3.5638558864593506 121 97 92
-11.768189430236816 -2.3579795360565186 3.644460678100586 65 20 31
-11.800911903381348 -2.3225338459014893 3.6224584579467773 113 80 83
-11.83452320098877 -2.250638723373413 3.5558509826660156 75 9 19
-11.86957836151123 -2.1607658863067627 3.4950809478759766 81 2 21
-11.788244247436523 -2.3928234577178955 3.6607446670532227 82 0 13
-11.788244247436523 -2.3928234577178955 3.6607446670532227 82 0 13
-11.872208595275879 -2.185795545578003 3.5104756355285645 79 38 40
-11.810798645019531 -2.353360891342163 3.6320550441741943 79 0 7
-11.810798645019531 -2.353360891342163 3.6320550441741943 79 0 7
-11.855685234069824 -2.254812240600586 3.563565731048584 111 74 74
-11.855685234069824 -2.254812240600586 3.563565731048584 111 74 74
-11.837878227233887 -2.3702659606933594 3.6326699256896973 80 4 16
-11.87609577178955 -2.2739412784576416 3.564629316329956 176 134 138
-11.849752426147461 -2.3639333248138428 3.6278202533721924 162 89 100
-11.849752426147461 -2.3639333248138428 3.6278202533721924 162 89 100
-11.919021606445312 -2.1775970458984375 3.495314121246338 83 0 21
-11.924750328063965 -2.192753314971924 3.5024352073669434 160 113 113
-11.88001537322998 -2.367244243621826 3.6181323528289795 170 109 118
-11.943292617797852 -2.196340560913086 3.489445686340332 82 0 12
-11.871750831604004 -2.4040746688842773 3.6417832374572754 147 115 120
-11.850327491760254 -2.4662554264068604 3.6725878715515137 76 0 15
-11.915648460388184 -2.284787893295288 3.5596954822540283 151 116 116
-11.890266418457031 -2.3635270595550537 3.607992172241211 66 0 4
-11.863495826721191 -2.4516379833221436 3.6681880950927734 122 102 101
-11.926741600036621 -2.29732608795166 3.5708792209625244 69 14 20
-11.853361129760742 -2.5011839866638184 3.6873581409454346 87 0 6
-11.853361129760742 -2.5011839866638184 3.6873581409454346 87 0 6
-11.927648544311523 -2.2953739166259766 3.5591654777526855 165 127 127
-11.857491493225098 -2.5495758056640625 3.7061171531677246 137 94 102
-11.975784301757812 -2.2341725826263428 3.509169101715088 85 0 5
-11.95643424987793 -2.2969014644622803 3.5558595657348633 126 94 99
-11.91738510131836 -2.451157331466675 3.6467196941375732 87 0 16
-11.926780700683594 -2.4391915798187256 3.6354663372039795 189 129 139
-11.946798324584961 -2.3907382488250732 3.606637477874756 148 117 117
-11.94015884399414 -2.41545033454895 3.6218161582946777 88 0 12
-11.94015884399414 -2.41545033454895 3.6218161582946777 88 0 12
-11.922431945800781 -2.470442056655884 3.6552419662475586 168 117 124
-11.937228202819824 -2.436171293258667 3.625920295715332 81 3 19
-11.990815162658691 -2.308939218521118 3.560743570327759 176 143 142
-11.942317008972168 -2.4576029777526855 3.6412951946258545 186 125 136
-11.952733993530273 -2.4340593814849854 3.6272828578948975 186 130 141
-11.933606147766113 -2.5037553310394287 3.659843683242798 76 0 13
-11.948663711547852 -2.472296953201294 3.646563768386841 86 1 20
-12.003291130065918 -2.3207125663757324 3.5539016723632812 67 38 36
-12.003291130065918 -2.3207125663757324 3.5539016723632812 67 38 36
-11.959879875183105 -2.4457011222839355 3.627662420272827 62 6 17
-12.011112213134766 -2.3313004970550537 3.556046485900879 169 108 112
-11.976537704467773 -2.4495463371276855 3.6294517517089844 73 15 27
-12.058756828308105 -2.207617998123169 3.4814302921295166 128 97 105
-11.982057571411133 -2.4697515964508057 3.632023334503174 80 7 21
-11.982057571411133 -2.4697515964508057 3.632023334503174 80 7 21
-11.984029769897461 -2.483675003051758 3.6381897926330566 95 0 18
-12.071676254272461 -2.2211191654205322 3.480962038040161 74 47 54
-11.98877239227295 -2.5026612281799316 3.645946979522705 178 136 142
-12.086219787597656 -2.226059675216675 3.4847586154937744 154 153 151
-11.996037483215332 -2.5152292251586914 3.648848295211792 66 2 13
-11.996037483215332 -2.5152292251586914 3.648848295211792 66 2 13
-12.00737476348877 -2.499521493911743 3.642508029937744 95 1 19
-11.953619003295898 -2.6555869579315186 3.704840660095215 180 111 121
-11.949560165405273 -2.667998790740967 3.707864284515381 183 113 123
-12.10886001586914 -2.224853277206421 3.477686643600464 97 56 68
-12.010835647583008 -2.535593271255493 3.6492722034454346 193 148 153
-12.113518714904785 -2.244239568710327 3.4877984523773193 185 150 150
-12.018815994262695 -2.532102584838867 3.6459248065948486 91 52 55
-12.135815620422363 -2.236203193664551 3.485992193222046 207 177 187
-12.146685600280762 -2.242528200149536 3.4827466011047363 72 42 52
-12.163687705993652 -2.25874400138855 3.486985206604004 162 160 161
-12.067530632019043 -2.8636536598205566 3.705203056335449 188 115 124
-12.0906400680542 -2.8129656314849854 3.6926422119140625 226 169 178
-12.209604263305664 -2.4774281978607178 3.574273109436035 103 7 18
-12.133203506469727 -2.708604097366333 3.664929151535034 95 50 53
-12.087000846862793 -2.8383243083953857 3.6964776515960693 208 140 155
-12.159724235534668 -2.6419572830200195 3.6374173164367676 105 4 20
-12.159724235534668 -2.6419572830200195 3.6374173164367676 105 4 20
-12.104474067687988 -2.803325891494751 3.6873598098754883 165 118 126
-12.192073822021484 -2.5571281909942627 3.60786771774292 112 0 21
-12.176858901977539 -2.600076913833618 3.6198718547821045 100 2 16
-12.118828773498535 -2.780822277069092 3.6787803173065186 101 7 25
-12.230440139770508 -2.4542038440704346 3.560776948928833 226 176 185
-12.232754707336426 -2.4421632289886475 3.5536112785339355 212 197 197
-12.232754707336426 -2.4421632289886475 3.5536112785339355 212 197 197
-12.22890853881836 -2.4607582092285156 3.5622153282165527 99 17 37
-12.1113920211792 -2.8265695571899414 3.6896355152130127 209 155 168
-12.146051406860352 -2.734255075454712 3.66237735748291 90 0 25
-12.225869178771973 -2.500138282775879 3.5783607959747314 220 158 165
-12.198113441467285 -2.589155435562134 3.6146726608276367 91 31 39
-12.198113441467285 -2.589155435562134 3.6146726608276367 91 31 39
-12.224300384521484 -2.513295888900757 3.5825822353363037 219 127 140
-12.224300384521484 -2.513295888900757 3.5825822353363037 219 127 140
-12.105932235717773 -2.860044002532959 3.6950485706329346 144 94 106
-12.105932235717773 -2.860044002532959 3.6950485706329346 144 94 106
-12.115386009216309 -2.8455615043640137 3.685648202896118 97 13 36
-12.115386009216309 -2.8455615043640137 3.685648202896118 97 13 36
-12.240928649902344 -2.5005853176116943 3.576411724090576 185 137 141
-12.240928649902344 -2.5005853176116943 3.576411724090576 185 137 141
-12.188470840454102 -2.6575608253479004 3.6330461502075195 110 0 27
-12.188470840454102 -2.6575608253479004 3.6330461502075195 110 0 27
-12.117517471313477 -2.85727858543396 3.6877880096435547 218 155 172
-12.158170700073242 -2.7527236938476562 3.662902593612671 76 28 40
-12.16722583770752 -2.7289018630981445 3.654926061630249 72 20 33
-12.16722583770752 -2.7289018630981445 3.654926061630249 72 20 33
-12.16722583770752 -2.7289018630981445 3.654926061630249 72 20 33
-12.113429069519043 -2.882692575454712 3.691410541534424 87 23 39
-12.119046211242676 -2.87107253074646 3.691448211669922 93 20 40
-12.119046211242676 -2.87107253074646 3.691448211669922 93 20 40
-12.140236854553223 -2.818838596343994 3.6825320720672607 83 19 35
-12.240072250366211 -2.528515100479126 3.5823957920074463 105 7 22
-12.240072250366211 -2.528515100479126 3.5823957920074463 105 7 22
-12.185653686523438 -2.7134060859680176 3.6500766277313232 103 7 21
-12.185653686523438 -2.7134060859680176 3.6500766277313232 103 7 21
-12.133339881896973 -2.8671562671661377 3.6856462955474854 207 134 154
-12.21346378326416 -2.6441287994384766 3.6269419193267822 170 117 127
-12.270901679992676 -2.468240261077881 3.5539534091949463 223 190 193
-12.13936996459961 -2.8593525886535645 3.6794369220733643 103 25 47
-12.204277038574219 -2.692992687225342 3.642258405685425 175 129 134
-12.283143043518066 -2.464083671569824 3.552126407623291 93 19 32
-12.283143043518066 -2.464083671569824 3.552126407623291 93 19 32
-12.187853813171387 -2.7682230472564697 3.658540725708008 106 24 43
-12.187853813171387 -2.7682230472564697 3.658540725708008 106 24 43
-12.243583679199219 -2.6150119304656982 3.6107609272003174 94 19 31
-12.263707160949707 -2.567422866821289 3.600206136703491 158 108 111
-12.263707160949707 -2.567422866821289 3.600206136703491 158 108 111
-12.278525352478027 -2.5240142345428467 3.5767343044281006 141 84 91
-12.278525352478027 -2.5240142345428467 3.5767343044281006 141 84 91
-12.29637622833252 -2.469893455505371 3.5517890453338623 232 171 176
-12.256857872009277 -2.6149940490722656 3.607567071914673 141 70 78
-12.163293838500977 -2.886709451675415 3.680025815963745 216 143 160
-12.197000503540039 -2.8025004863739014 3.6574745178222656 173 121 133
-12.176597595214844 -2.863736391067505 3.673259973526001 80 24 39
-12.20944881439209 -2.784576416015625 3.652336835861206 98 14 37
-12.297679901123047 -2.529890298843384 3.575160503387451 107 17 34
-12.175119400024414 -2.8838772773742676 3.675917863845825 80 12 30
-12.285554885864258 -2.582794189453125 3.5953266620635986 82 14 21
-12.292753219604492 -2.5613698959350586 3.5850818157196045 119 8 27
-12.266389846801758 -2.6510329246520996 3.6173133850097656 115 7 31
-12.266389846801758 -2.6510329246520996 3.6173133850097656 115 7 31
-12.178635597229004 -2.897853136062622 3.675405979156494 229 160 178
-12.188990592956543 -2.8929831981658936 3.672107458114624 88 19 37
-12.274757385253906 -2.675328493118286 3.617713212966919 83 18 32
-12.338042259216309 -2.493544816970825 3.5500473976135254 198 144 150
-12.301773071289062 -2.621290683746338 3.607572078704834 108 12 26
-12.33547306060791 -2.502161979675293 3.553095579147339 137 86 90
-12.285768508911133 -2.6579270362854004 3.605349063873291 96 17 36
-12.31608772277832 -2.5820977687835693 3.5808417797088623 109 13 27
-12.244889259338379 -2.8058202266693115 3.6528923511505127 99 14 34
-12.2904052734375 -2.692286491394043 3.6203107833862305 162 106 117
-12.260313034057617 -2.794363498687744 3.647151231765747 102 52 58
-12.326883316040039 -2.5999755859375 3.5882112979888916 216 141 148
-12.277432441711426 -2.745295524597168 3.6298038959503174 171 123 129
-12.277432441711426 -2.745295524597168 3.6298038959503174 171 123 129
-12.369101524353027 -2.462013006210327 3.5306243896484375 112 10 21
-12.356283187866211 -2.5327279567718506 3.5675466060638428 96 7 19
-12.363809585571289 -2.5126211643218994 3.5569846630096436 157 117 115
-12.224596977233887 -2.914194107055664 3.6636197566986084 112 35 51
-12.232882499694824 -2.8954803943634033 3.6574299335479736 180 119 135
-12.232882499694824 -2.8954803943634033 3.6574299335479736 180 119 135
-12.265647888183594 -2.8200292587280273 3.648942470550537 97 15 35
-12.22120189666748 -2.9487357139587402 3.656938076019287 101 7 23
-12.319417953491211 -2.692002296447754 3.6089682579040527 102 13 35
-12.263598442077637 -2.913099765777588 3.654231548309326 186 139 149
-12.263598442077637 -2.913099765777588 3.654231548309326 186 139 149
-12.337632179260254 -2.7163381576538086 3.6119165420532227 200 127 141
-12.35108757019043 -2.6865572929382324 3.607440710067749 171 120 129
-12.320618629455566 -2.784423828125 3.6304235458374023 213 143 154
-12.326421737670898 -2.7700531482696533 3.6254286766052246 159 85 95
-12.298251152038574 -2.8717312812805176 3.644535541534424 162 108 121
-12.280196189880371 -2.9317564964294434 3.6514012813568115 98 12 31
-12.297371864318848 -2.925652503967285 3.6518056392669678 186 138 142
-12.297371864318848 -2.925652503967285 3.6518056392669678 186 138 142
-12.297371864318848 -2.925652503967285 3.6518056392669678 186 138 142
-12.347152709960938 -2.7969894409179688 3.624835729598999 142 86 95
-12.347152709960938 -2.7969894409179688 3.624835729598999 142 86 95
-12.329023361206055 -2.8737118244171143 3.6351680755615234 98 18 33
-12.788858413696289 -2.435525894165039 3.564169406890869 162 109 115
-12.832070350646973 -2.4239776134490967 3.5827627182006836 152 90 101
-11.495819091796875 -2.2254319190979004 3.888381004333496 131 80 89
-11.480669975280762 -2.330770492553711 3.8985700607299805 110 82 81
-11.529742240905762 -2.256927013397217 3.8930253982543945 120 70 73
-11.525044441223145 -2.3361475467681885 3.906466484069824 111 70 74
-11.525044441223145 -2.3361475467681885 3.906466484069824 111 70 74
-11.521316528320312 -2.40499210357666 3.9108121395111084 114 82 83
-11.521316528320312 -2.40499210357666 3.9108121395111084 114 82 83
-11.592103004455566 -2.1434645652770996 3.8858230113983154 106 67 72
-11.592103004455566 -2.1434645652770996 3.8858230113983154 106 67 72
-11.543144226074219 -2.372849702835083 3.908656597137451 62 0 7
-11.543144226074219 -2.372849702835083 3.908656597137451 62 0 7
-11.623470306396484 -2.185666561126709 3.88397216796875 66 0 8
-11.643546104431152 -2.122178554534912 3.8795342445373535 66 0 6
-11.643546104431152 -2.122178554534912 3.8795342445373535 66 0 6
-11.570965766906738 -2.4109389781951904 3.9172441959381104 115 85 83
-11.570965766906738 -2.4109389781951904 3.9172441959381104 115 85 83
-11.589022636413574 -2.3482306003570557 3.900761127471924 108 72 74
-11.589022636413574 -2.3482306003570557 3.900761127471924 108 72 74
-11.595803260803223 -2.3814306259155273 3.9180171489715576 66 0 8
-11.65921401977539 -2.144620180130005 3.8901846408843994 127 87 88
-11.666065216064453 -2.1587882041931152 3.891091823577881 76 37 38
-11.666065216064453 -2.1587882041931152 3.891091823577881 76 37 38
-11.656567573547363 -2.244464874267578 3.8942017555236816 50 0 2
-11.627685546875 -2.4245405197143555 3.9252026081085205 62 18 19
-11.642491340637207 -2.3901538848876953 3.9231152534484863 68 0 6
-11.642491340637207 -2.3901538848876953 3.9231152534484863 68 0 6
-11.691071510314941 -2.2293853759765625 3.9059910774230957 108 73 71
-11.673250198364258 -2.3612332344055176 3.924656867980957 111 69 73
-11.673250198364258 -2.3612332344055176 3.924656867980957 111 69 73
-11.669572830200195 -2.432342290878296 3.9320228099823 113 74 75
-11.669572830200195 -2.432342290878296 3.9320228099823 113 74 75
-11.768692970275879 -2.110703945159912 3.8865599632263184 106 64 65
-11.783534049987793 -2.148367404937744 3.8987510204315186 79 0 9
-11.753854751586914 -2.3560216426849365 3.9316041469573975 116 70 72
-11.820290565490723 -2.1221694946289062 3.8937151432037354 101 61 61
-11.802824020385742 -2.222240686416626 3.90714693069458 67 0 8
-11.802824020385742 -2.222240686416626 3.90714693069458 67 0 8
-11.736429214477539 -2.475450038909912 3.9607486724853516 62 1 8
-11.830070495605469 -2.1588566303253174 3.901993751525879 76 0 7
-11.830070495605469 -2.1588566303253174 3.901993751525879 76 0 7
-11.764216423034668 -2.392022132873535 3.9440228939056396 128 79 82
-11.78415584564209 -2.383849859237671 3.947718381881714 106 77 73
-11.8283052444458 -2.2748863697052 3.9160616397857666 117 77 77
-11.861684799194336 -2.17409610748291 3.9095046520233154 72 2 10
-11.829169273376465 -2.3814339637756348 3.94537615776062 131 86 88
-11.81362533569336 -2.435164213180542 3.967768907546997 55 4 6
-11.895522117614746 -2.1730806827545166 3.9170987606048584 73 0 8
-11.817412376403809 -2.460402011871338 3.9640135765075684 82 40 41
-11.834089279174805 -2.4273643493652344 3.961665391921997 70 0 4
-11.875482559204102 -2.2974348068237305 3.930687665939331 73 0 5
-11.924541473388672 -2.1457011699676514 3.9095215797424316 63 4 8
-11.877649307250977 -2.3361387252807617 3.9509341716766357 75 0 4
-11.877649307250977 -2.3361387252807617 3.9509341716766357 75 0 4
-11.84898567199707 -2.436501979827881 3.965791702270508 69 0 4
-11.845211029052734 -2.4637436866760254 3.9711294174194336 70 0 11
-11.980278015136719 -2.0369627475738525 3.8815877437591553 72 40 37
-11.922908782958984 -2.2578680515289307 3.9401721954345703 71 1 9
-11.950545310974121 -2.1954402923583984 3.9127814769744873 70 0 3
-12.006674766540527 -2.0453684329986572 3.881347179412842 123 83 83
-12.006674766540527 -2.0453684329986572 3.881347179412842 123 83 83
-11.953606605529785 -2.2567360401153564 3.937957763671875 79 0 11
-11.94465160369873 -2.291525363922119 3.9456400871276855 127 87 87
-11.990653991699219 -2.170581340789795 3.917238712310791 125 83 84
-11.982555389404297 -2.2023942470550537 3.9313371181488037 77 2 9
-11.982555389404297 -2.2023942470550537 3.9313371181488037 77 2 9
-12.01647663116455 -2.1669363975524902 3.91786527633667 149 75 83
-11.99032974243164 -2.2762269973754883 3.9459340572357178 78 5 14
-12.062490463256836 -2.06599760055542 3.888169050216675 108 76 71
-12.062490463256836 -2.06599760055542 3.888169050216675 108 76 71
-11.94741439819336 -2.510807514190674 4.008725643157959 72 2 10
-12.0321044921875 -2.2815773487091064 3.9468207359313965 72 1 10
-11.984383583068848 -2.5026533603668213 4.005870819091797 106 47 53
-12.053467750549316 -2.2867891788482666 3.9605507850646973 86 0 12
-12.0464506149292 -2.315948724746704 3.9624922275543213 66 17 21
-12.0464506149292 -2.315948724746704 3.9624922275543213 66 17 21
-12.064764976501465 -2.3371775150299072 3.9684948921203613 137 95 97
-12.074570655822754 -2.3294129371643066 3.969139575958252 110 68 70
-12.170019149780273 -2.627835512161255 4.076902389526367 176 118 126
-12.307784080505371 -2.239835739135742 3.9463353157043457 186 120 124
-12.252639770507812 -2.4232306480407715 4.017812252044678 93 1 14
-12.252639770507812 -2.4232306480407715 4.017812252044678 93 1 14
-12.204588890075684 -2.5858025550842285 4.069082260131836 93 0 18
-12.289567947387695 -2.324640989303589 3.9777755737304688 94 3 16
-12.338608741760254 -2.1877171993255615 3.9182522296905518 203 168 174
-12.338608741760254 -2.1877171993255615 3.9182522296905518 203 168 174
-12.253719329833984 -2.4607627391815186 4.029313564300537 166 110 119
-12.218945503234863 -2.570341110229492 4.062280654907227 147 100 103
-12.342774391174316 -2.187804698944092 3.9136319160461426 198 163 169
-12.210444450378418 -2.6052889823913574 4.07885217666626 163 99 108
-12.257895469665527 -2.476221799850464 4.02962064743042 73 12 18
-12.2779541015625 -2.4162676334381104 4.019526958465576 182 129 137
-12.2779541015625 -2.4162676334381104 4.019526958465576 182 129 137
-12.298460006713867 -2.357341766357422 3.996105909347534 105 66 66
-12.298460006713867 -2.357341766357422 3.996105909347534 105 66 66
-12.357488632202148 -2.1779441833496094 3.919750928878784 55 19 26
-12.296174049377441 -2.382514476776123 4.002845287322998 85 8 24
-12.337698936462402 -2.2598648071289062 3.95257306098938 82 25 32
-12.324028015136719 -2.3094117641448975 3.9737720489501953 79 11 22
-12.288217544555664 -2.435270071029663 4.0220866203308105 97 0 17
-12.209620475769043 -2.684864044189453 4.102803707122803 89 12 28
-12.209620475769043 -2.684864044189453 4.102803707122803 89 12 28
-12.349555015563965 -2.253909111022949 3.9477546215057373 164 107 114
-12.349471092224121 -2.282355308532715 3.9620158672332764 106 2 21
-12.28593921661377 -2.4996957778930664 4.045859336853027 96 1 19
-12.28593921661377 -2.4996957778930664 4.045859336853027 96 1 19
-12.236737251281738 -2.664132833480835 4.102446556091309 98 24 41
-12.335980415344238 -2.3710553646087646 4.00072717666626 133 86 94
-12.38581657409668 -2.2129101753234863 3.9242188930511475 199 170 169
-12.226178169250488 -2.7142977714538574 4.1164164543151855 144 83 94
-12.252079010009766 -2.6464688777923584 4.0958733558654785 175 121 134
-12.221930503845215 -2.7474822998046875 4.141510009765625 92 9 15
-12.293041229248047 -2.558286666870117 4.072147846221924 96 29 44
-12.403766632080078 -2.2270004749298096 3.9241392612457275 208 175 176
-12.396745681762695 -2.2762651443481445 3.9565579891204834 155 99 108
-12.332027435302734 -2.478804349899292 4.048380374908447 80 6 21
-12.332027435302734 -2.478804349899292 4.048380374908447 80 6 21
-12.414761543273926 -2.2207999229431152 3.9152557849884033 209 172 173
-12.26912784576416 -2.6909074783325195 4.116843223571777 171 110 118
-12.303223609924316 -2.586300849914551 4.075254440307617 201 138 151
-12.33842658996582 -2.495540142059326 4.053534030914307 169 118 125
-12.291902542114258 -2.6439852714538574 4.1032257080078125 76 24 36
-12.427956581115723 -2.2204160690307617 3.9238224029541016 63 19 20
-12.273036003112793 -2.711215019226074 4.130929946899414 79 12 29
-12.422021865844727 -2.246316432952881 3.9250361919403076 85 21 37
-12.321131706237793 -2.5712335109710693 4.075263023376465 95 14 36
-12.435887336730957 -2.236630916595459 3.921193838119507 184 149 155
-12.435887336730957 -2.236630916595459 3.921193838119507 184 149 155
-12.332432746887207 -2.56326961517334 4.070766925811768 135 81 94
-12.350188255310059 -2.50844669342041 4.044924736022949 162 101 112
-12.415885925292969 -2.3172364234924316 3.9737772941589355 106 4 25
-12.420960426330566 -2.2988016605377197 3.956498146057129 192 114 128
-12.360979080200195 -2.496610641479492 4.055693626403809 168 117 123
-12.380255699157715 -2.4401657581329346 4.031556606292725 155 109 119
-12.399994850158691 -2.3978936672210693 4.0135416984558105 156 101 107
-12.36933708190918 -2.4973413944244385 4.057885646820068 165 114 119
-12.36933708190918 -2.4973413944244385 4.057885646820068 165 114 119
-12.31906795501709 -2.6593639850616455 4.118992328643799 143 102 108
-12.301799774169922 -2.718360662460327 4.136496067047119 182 132 143
-12.306652069091797 -2.7332561016082764 4.137625694274902 81 31 42
-12.335308074951172 -2.6575610637664795 4.128428936004639 83 24 34
-12.461994171142578 -2.278442621231079 3.9397835731506348 105 4 18
-12.445562362670898 -2.3364546298980713 3.975644111633301 103 8 26
-12.448192596435547 -2.362539291381836 3.9919307231903076 161 104 111
-12.448192596435547 -2.362539291381836 3.9919307231903076 161 104 111
-12.42800521850586 -2.4366648197174072 4.0320024490356445 92 24 39
-12.339427947998047 -2.722407579421997 4.145070552825928 86 30 39
-12.454108238220215 -2.374065399169922 3.999429941177368 192 131 139
-12.363879203796387 -2.6835999488830566 4.128593444824219 167 113 126
-12.363879203796387 -2.6835999488830566 4.128593444824219 167 113 126
-12.39958667755127 -2.5977444648742676 4.101953029632568 82 8 23
-12.407815933227539 -2.589524030685425 4.088958740234375 86 15 31
-12.413402557373047 -2.5791537761688232 4.085162162780762 82 14 25
-12.422600746154785 -2.5597493648529053 4.082873821258545 103 9 25
-12.456393241882324 -2.4545905590057373 4.032874584197998 85 1 16
-12.383662223815918 -2.7015042304992676 4.1403985023498535 189 135 148
-12.383662223815918 -2.7015042304992676 4.1403985023498535 189 135 148
-12.44266414642334 -2.5343847274780273 4.073211193084717 149 102 112
-12.409332275390625 -2.694770336151123 4.149789810180664 157 112 119
-12.409332275390625 -2.694770336151123 4.149789810180664 157 112 119
-12.430268287658691 -2.6291513442993164 4.123960971832275 83 12 30
-12.424700736999512 -2.645650863647461 4.117654323577881 68 1 13
-12.458756446838379 -2.5433084964752197 4.077743053436279 77 9 22
-12.407496452331543 -2.7096753120422363 4.148367881774902 78 26 36
-12.407496452331543 -2.7096753120422363 4.148367881774902 78 26 36
-12.496549606323242 -2.4475257396698 4.0302252769470215 138 91 99
-12.440908432006836 -2.633483648300171 4.11646032333374 179 110 127
-12.472721099853516 -2.538952350616455 4.072634220123291 159 91 102
-12.455096244812012 -2.5993006229400635 4.108332633972168 149 108 116
-12.42979621887207 -2.686014175415039 4.146625518798828 194 110 125
-12.440898895263672 -2.662199020385742 4.130579948425293 94 20 33
-12.413606643676758 -2.7553203105926514 4.172634601593018 92 7 23
-12.448345184326172 -2.6479854583740234 4.127302169799805 146 102 104
-12.479857444763184 -2.5495359897613525 4.085617542266846 86 18 29
-12.432862281799316 -2.7122011184692383 4.1574387550354 94 10 29
-12.461389541625977 -2.6260597705841064 4.121861457824707 92 10 29
-12.447418212890625 -2.696699380874634 4.147176742553711 189 125 139
-12.43580150604248 -2.7536582946777344 4.183804512023926 70 7 16
-12.485980987548828 -2.614475727081299 4.116143226623535 162 119 128
-12.462361335754395 -2.702108144760132 4.158074378967285 176 129 137
-12.536842346191406 -2.467956304550171 4.034573554992676 117 67 76
-12.501994132995605 -2.5883073806762695 4.106433391571045 105 7 22
-12.501994132995605 -2.5883073806762695 4.106433391571045 105 7 22
-12.479175567626953 -2.662613868713379 4.13776159286499 179 111 124
-12.531086921691895 -2.4915359020233154 4.048628330230713 100 16 32
-12.489103317260742 -2.6454033851623535 4.124407768249512 97 17 35
-12.480791091918945 -2.717292308807373 4.173248767852783 200 137 148
-12.488175392150879 -2.720259189605713 4.1707563400268555 102 42 52
-12.493279457092285 -2.7283194065093994 4.178410530090332 170 109 124
-12.555187225341797 -2.542985677719116 4.079001426696777 102 31 43
-12.578787803649902 -2.5692505836486816 4.092046737670898 104 12 27
-12.550952911376953 -2.7229976654052734 4.178681373596191 101 21 34
-11.873745918273926 -2.0586111545562744 3.543238401412964 111 70 74
-11.882179260253906 -2.030482769012451 3.537407875061035 67 7 16
-11.869285583496094 -2.1498613357543945 3.549804925918579 112 71 75
-11.90275764465332 -2.0701394081115723 3.5524258613586426 142 97 99
-11.914034843444824 -2.029171943664551 3.5485634803771973 64 11 17
-11.912610054016113 -2.0381150245666504 3.5523128509521484 41 0 0
-11.871232032775879 -2.2816274166107178 3.5631837844848633 114 86 83
-11.929311752319336 -2.0703446865081787 3.566014528274536 156 111 112
-11.916773796081543 -2.166083335876465 3.5724713802337646 117 81 83
-11.916773796081543 -2.166083335876465 3.5724713802337646 117 81 83
-11.954527854919434 -2.032684087753296 3.565463066101074 62 3 9
-11.934198379516602 -2.1567580699920654 3.5749871730804443 119 67 69
-11.934198379516602 -2.1567580699920654 3.5749871730804443 119 67 69
-11.910832405090332 -2.282284736633301 3.5868799686431885 102 60 61
-11.972505569458008 -2.062065362930298 3.5815250873565674 137 91 93
-11.972505569458008 -2.062065362930298 3.5815250873565674 137 91 93
-11.98257827758789 -2.0653631687164307 3.5836236476898193 59 13 15
-11.98257827758789 -2.0653631687164307 3.5836236476898193 59 13 15
-11.9284029006958 -2.3316824436187744 3.6026179790496826 130 67 75
-11.966667175292969 -2.1704821586608887 3.5932717323303223 91 46 49
-11.945588111877441 -2.3246753215789795 3.606121301651001 68 1 10
-12.007097244262695 -2.0386335849761963 3.587550640106201 60 1 8
-11.971169471740723 -2.28951358795166 3.6132707595825195 57 17 18
-11.964934349060059 -2.3364150524139404 3.618048906326294 126 84 85
-12.02646255493164 -2.08162260055542 3.598663568496704 138 96 95
-11.973650932312012 -2.320784091949463 3.619845390319824 76 0 10
-11.996240615844727 -2.2908878326416016 3.623185396194458 60 0 5
-12.009324073791504 -2.288455009460449 3.6301956176757812 127 64 72
-12.009324073791504 -2.288455009460449 3.6301956176757812 127 64 72
-12.004188537597656 -2.363360643386841 3.6445469856262207 122 80 84
-12.013161659240723 -2.3224575519561768 3.6501917839050293 70 0 7
-12.049355506896973 -2.300663709640503 3.653231620788574 118 80 79
-12.091140747070312 -2.161316156387329 3.6390750408172607 70 0 1
-12.083677291870117 -2.183114767074585 3.650782823562622 74 28 28
-12.06205940246582 -2.3122174739837646 3.656040906906128 128 90 89
-12.136584281921387 -2.025325298309326 3.641566514968872 130 117 108
-12.082545280456543 -2.3920159339904785 3.69834303855896 76 0 11
-12.178763389587402 -2.0360915660858154 3.662642478942871 75 46 44
-12.105993270874023 -2.405115842819214 3.7083191871643066 77 0 12
-12.105993270874023 -2.405115842819214 3.7083191871643066 77 0 12
-12.212871551513672 -2.0315847396850586 3.6744210720062256 44 0 1
-12.120306968688965 -2.4338676929473877 3.7223920822143555 82 43 44
-12.2332124710083 -2.0456738471984863 3.689840316772461 53 18 22
-12.266615867614746 -2.0006558895111084 3.6835079193115234 137 128 121
-12.25368595123291 -2.043461322784424 3.6987133026123047 78 40 45
-12.304092407226562 -2.361943483352661 3.8116257190704346 154 102 106
-12.273845672607422 -2.4943220615386963 3.8334708213806152 81 0 10
-12.273845672607422 -2.4943220615386963 3.8334708213806152 81 0 10
-12.269220352172852 -2.5404775142669678 3.8451526165008545 150 89 97
-12.349222183227539 -2.2492477893829346 3.7952966690063477 159 144 143
-12.349222183227539 -2.2492477893829346 3.7952966690063477 159 144 143
-12.277325630187988 -2.538403034210205 3.8551902770996094 77 26 33
-12.277325630187988 -2.538403034210205 3.8551902770996094 77 26 33
-12.295923233032227 -2.4833242893218994 3.8419971466064453 157 105 110
-12.295923233032227 -2.4833242893218994 3.8419971466064453 157 105 110
-12.314436912536621 -2.4254231452941895 3.82928729057312 83 32 37
-12.275368690490723 -2.5763816833496094 3.8586673736572266 143 91 95
-12.31191349029541 -2.4476571083068848 3.837677478790283 76 0 13
-12.336551666259766 -2.3715109825134277 3.830195903778076 71 8 16
-12.304620742797852 -2.4978294372558594 3.855151653289795 91 0 13
-12.298399925231934 -2.5276598930358887 3.863370656967163 150 104 107
-12.298399925231934 -2.5276598930358887 3.863370656967163 150 104 107
-12.358820915222168 -2.30877685546875 3.827930450439453 152 102 105
-12.359333992004395 -2.339801073074341 3.8324601650238037 82 3 16
-12.382065773010254 -2.2561845779418945 3.82633638381958 76 41 48
-12.303773880004883 -2.5624167919158936 3.863412857055664 85 2 12
-12.303773880004883 -2.5624167919158936 3.863412857055664 85 2 12
-12.393844604492188 -2.248307466506958 3.8239328861236572 181 129 132
-12.392061233520508 -2.2609710693359375 3.8249101638793945 170 135 142
-12.325746536254883 -2.5059027671813965 3.8640501499176025 83 7 17
-12.347759246826172 -2.430065631866455 3.852975606918335 97 55 57
-12.397615432739258 -2.295952081680298 3.827876567840576 85 2 12
-12.408777236938477 -2.267951488494873 3.838697671890259 182 141 147
-12.360305786132812 -2.4553639888763428 3.8692626953125 83 5 18
-12.360305786132812 -2.4553639888763428 3.8692626953125 83 5 18
-12.360305786132812 -2.4553639888763428 3.8692626953125 83 5 18
-12.366004943847656 -2.4332644939422607 3.8666293621063232 85 7 20
-12.419485092163086 -2.2609026432037354 3.8350908756256104 162 140 137
-12.403090476989746 -2.324568510055542 3.8499417304992676 138 89 92
-12.30385684967041 -2.6897385120391846 3.9129104614257812 166 110 116
-12.318428993225098 -2.637652635574341 3.910979747772217 172 115 122
-12.382895469665527 -2.4363629817962646 3.873347759246826 158 105 111
-12.43869686126709 -2.265873908996582 3.843921422958374 171 125 130
-12.439435958862305 -2.2720913887023926 3.8491501808166504 136 108 107
-12.439435958862305 -2.2720913887023926 3.8491501808166504 136 108 107
-12.30740737915039 -2.7503044605255127 3.9390530586242676 170 112 124
-12.411839485168457 -2.383187770843506 3.8711085319519043 85 7 20
-12.435564994812012 -2.306426525115967 3.8523123264312744 91 1 13
-12.335193634033203 -2.662299633026123 3.9261581897735596 81 24 31
-12.406176567077637 -2.415092945098877 3.8810086250305176 86 2 17
-12.421619415283203 -2.3637473583221436 3.8662655353546143 89 1 15
-12.393552780151367 -2.4651105403900146 3.8933064937591553 96 12 27
-12.393552780151367 -2.4651105403900146 3.8933064937591553 96 12 27
-12.371349334716797 -2.5482096672058105 3.906829833984375 155 102 110
-12.371349334716797 -2.5482096672058105 3.906829833984375 155 102 110
-12.388581275939941 -2.4900224208831787 3.8966903686523438 162 123 124
-12.406617164611816 -2.44570255279541 3.890155553817749 154 103 110
-12.43781852722168 -2.3358209133148193 3.8667073249816895 141 98 99
-12.43781852722168 -2.3358209133148193 3.8667073249816895 141 98 99
-12.378860473632812 -2.547238349914551 3.913825750350952 156 116 117
-12.378860473632812 -2.547238349914551 3.913825750350952 156 116 117
-12.462523460388184 -2.261213541030884 3.845183849334717 95 5 14
-12.463038444519043 -2.2703802585601807 3.8505666255950928 160 103 109
-12.428261756896973 -2.3910186290740967 3.880740165710449 158 101 107
-12.428261756896973 -2.3910186290740967 3.880740165710449 158 101 107
-12.412464141845703 -2.45924711227417 3.894641399383545 166 109 116
-12.322942733764648 -2.7789385318756104 3.958735942840576 69 19 31
-12.4490966796875 -2.3745436668395996 3.886568307876587 86 3 23
-12.434098243713379 -2.4285407066345215 3.893568992614746 91 5 18
-12.376130104064941 -2.6350390911102295 3.9344077110290527 83 13 24
-12.462100982666016 -2.348006248474121 3.880157947540283 127 95 93
-12.462100982666016 -2.348006248474121 3.880157947540283 127 95 93
-12.342435836791992 -2.7730743885040283 3.965039014816284 74 18 31
-12.420482635498047 -2.500734806060791 3.9154837131500244 130 93 97
-12.451630592346191 -2.4015285968780518 3.8961081504821777 152 98 103
-12.451630592346191 -2.4015285968780518 3.8961081504821777 152 98 103
-12.345741271972656 -2.780822277069092 3.970282793045044 154 98 105
-12.433345794677734 -2.481442451477051 3.9103333950042725 93 15 31
-12.42727279663086 -2.5313994884490967 3.9324262142181396 92 10 22
-12.374724388122559 -2.726593017578125 3.9706871509552 129 83 89
-12.374724388122559 -2.726593017578125 3.9706871509552 129 83 89
-12.452319145202637 -2.4614830017089844 3.9198150634765625 103 75 72
-12.551056861877441 -2.1551218032836914 3.808872699737549 150 150 148
-12.399216651916504 -2.68493914604187 3.9685099124908447 84 35 39
-12.428410530090332 -2.601057767868042 3.9512710571289062 91 10 19
-12.459526062011719 -2.4911625385284424 3.9298548698425293 87 17 28
-12.41519832611084 -2.6725058555603027 3.9728996753692627 119 73 76
-12.483684539794922 -2.472670078277588 3.9324705600738525 80 34 37
-12.406100273132324 -2.747086763381958 3.9923605918884277 178 127 133
-12.415755271911621 -2.715776205062866 3.983004331588745 157 94 102
-12.415755271911621 -2.715776205062866 3.983004331588745 157 94 102
-12.423928260803223 -2.7012195587158203 3.989748239517212 92 9 19
-12.514805793762207 -2.3958520889282227 3.915372610092163 100 5 21
-12.514805793762207 -2.3958520889282227 3.915372610092163 100 5 21
-12.43604850769043 -2.6692111492156982 3.982893228530884 82 6 19
-12.416997909545898 -2.733976125717163 4.002629280090332 120 79 83
-12.441795349121094 -2.658320903778076 3.98309063911438 92 9 25
-12.484904289245605 -2.5217607021331787 3.953993320465088 161 107 114
-12.497960090637207 -2.479593515396118 3.9421815872192383 143 97 100
-12.471001625061035 -2.585223436355591 3.9716436862945557 151 98 106
-12.521137237548828 -2.428118944168091 3.9347503185272217 156 107 110
-12.45298957824707 -2.684399366378784 3.997257947921753 136 87 93
-12.523063659667969 -2.4590203762054443 3.9454314708709717 95 4 22
-12.438612937927246 -2.74812912940979 4.014280796051025 89 11 27
-12.465259552001953 -2.6625590324401855 3.9942126274108887 85 19 29
-12.534850120544434 -2.434049367904663 3.938819169998169 87 16 24
-12.534850120544434 -2.434049367904663 3.938819169998169 87 16 24
-12.431146621704102 -2.8097481727600098 4.036388874053955 114 74 75
-12.433107376098633 -2.8160877227783203 4.035823822021484 179 130 134
-12.540897369384766 -2.447831153869629 3.9407176971435547 172 102 113
-12.442107200622559 -2.7907161712646484 4.029648780822754 70 4 16
-12.442107200622559 -2.7907161712646484 4.029648780822754 70 4 16
-12.45768928527832 -2.744885206222534 4.020420074462891 150 122 121
-12.45768928527832 -2.744885206222534 4.020420074462891 150 122 121
-12.502691268920898 -2.598334312438965 3.9865949153900146 144 98 101
-12.466529846191406 -2.7366557121276855 4.024499416351318 157 108 114
-12.466529846191406 -2.7366557121276855 4.024499416351318 157 108 114
-12.531209945678711 -2.5196917057037354 3.9651241302490234 93 17 30
-12.503884315490723 -2.6206347942352295 4.003665447235107 97 5 23
-12.503884315490723 -2.6206347942352295 4.003665447235107 97 5 23
-12.482368469238281 -2.6969008445739746 4.014394283294678 145 96 100
-12.49100112915039 -2.673543691635132 4.023475646972656 86 15 29
-12.46391487121582 -2.7719597816467285 4.038698196411133 93 5 24
-12.49026107788086 -2.683901786804199 4.013108730316162 140 78 86
-12.514053344726562 -2.6045010089874268 3.994121551513672 146 101 106
-12.55791187286377 -2.4752509593963623 3.959498167037964 91 3 17
-12.506750106811523 -2.6532435417175293 4.01326847076416 85 38 44
-12.484147071838379 -2.752077341079712 4.036125183105469 182 119 130
-12.584754943847656 -2.430647611618042 3.94561505317688 98 3 17
-12.565025329589844 -2.507835626602173 3.9765982627868652 143 97 100
-12.475696563720703 -2.8172528743743896 4.059261322021484 118 69 75
-12.585959434509277 -2.447843313217163 3.9568941593170166 149 89 93
-12.601363182067871 -2.406316041946411 3.9379937648773193 157 104 110
-12.601363182067871 -2.406316041946411 3.9379937648773193 157 104 110
-12.495925903320312 -2.7600913047790527 4.052369594573975 166 111 124
-12.495009422302246 -2.7869575023651123 4.064779758453369 88 16 27
-12.572222709655762 -2.531996011734009 3.989179849624634 88 18 29
-12.566007614135742 -2.557054281234741 3.9961349964141846 160 103 109
-12.58912181854248 -2.4934449195861816 3.975724697113037 90 9 24
-12.58912181854248 -2.4934449195861816 3.975724697113037 90 9 24
-12.520942687988281 -2.7370522022247314 4.059106826782227 93 11 25
-12.558589935302734 -2.6179070472717285 4.020132064819336 125 81 84
-12.612229347229004 -2.4452712535858154 3.9564261436462402 96 6 15
-12.593311309814453 -2.5204036235809326 3.9874978065490723 139 97 96
-12.587352752685547 -2.5441336631774902 3.9985358715057373 91 23 34
-12.613779067993164 -2.4778435230255127 3.974691867828369 146 90 93
-12.53056812286377 -2.7738759517669678 4.07517671585083 163 114 120
-12.599536895751953 -2.5457746982574463 4.003006935119629 85 18 29
-12.533151626586914 -2.7735772132873535 4.082180500030518 156 109 115
-12.62325382232666 -2.5062832832336426 3.9957029819488525 103 11 26
-12.550935745239258 -2.747953176498413 4.0803961753845215 95 8 25
-12.570432662963867 -2.7013134956359863 4.071008205413818 85 22 30
-12.646627426147461 -2.4612112045288086 3.966576099395752 95 11 24
-12.545495986938477 -2.8083977699279785 4.1106133460998535 84 25 31
-12.542211532592773 -2.822826623916626 4.114346981048584 157 98 104
-12.589465141296387 -2.683863401412964 4.066032886505127 130 88 90
-12.63208293914795 -2.5427403450012207 4.00930118560791 148 98 101
-12.628911018371582 -2.5639052391052246 4.019476890563965 90 29 37
-12.589122772216797 -2.6958730220794678 4.0745110511779785 164 105 111
-12.66246509552002 -2.4694578647613525 3.980328321456909 94 11 19
-12.66246509552002 -2.4694578647613525 3.980328321456909 94 11 19
-12.573457717895508 -2.780432939529419 4.110668659210205 166 103 111
-12.60194206237793 -2.7002506256103516 4.073264122009277 87 22 30
-12.60194206237793 -2.7002506256103516 4.073264122009277 87 22 30
-12.655086517333984 -2.52537202835083 4.003236770629883 95 14 23
-12.63389778137207 -2.6201770305633545 4.048236846923828 96 14 26
-12.656813621520996 -2.553067445755005 4.018083095550537 127 73 76
-12.650904655456543 -2.576024293899536 4.028440475463867 93 28 34
-12.668770790100098 -2.5422255992889404 4.01230525970459 132 77 80
-12.681192398071289 -2.509918451309204 3.999486207962036 145 93 95
-12.681192398071289 -2.509918451309204 3.999486207962036 145 93 95
-12.639477729797363 -2.6463427543640137 4.059928894042969 80 18 23
-12.687744140625 -2.542576551437378 4.017805576324463 91 20 28
-12.687744140625 -2.542576551437378 4.017805576324463 91 20 28
-12.661227226257324 -2.6327121257781982 4.066679000854492 97 10 22
-12.661227226257324 -2.6327121257781982 4.066679000854492 97 10 22
-12.675779342651367 -2.587798595428467 4.049019813537598 98 33 39
-10.433317184448242 -2.045308828353882 4.681581974029541 115 81 79
-10.385323524475098 -2.1296513080596924 4.767225742340088 118 77 79
-10.385323524475098 -2.1296513080596924 4.767225742340088 118 77 79
-10.537803649902344 -1.831516146659851 4.705878257751465 114 78 78
-10.413379669189453 -2.0002055168151855 4.835066795349121 77 0 6
-10.56524658203125 -2.0353012084960938 4.691469669342041 77 0 6
-10.411735534667969 -2.2254815101623535 4.8401780128479 119 80 83
-10.622603416442871 -1.7397093772888184 4.678781509399414 122 86 84
-10.53259563446045 -1.8612911701202393 4.7684173583984375 73 0 10
-10.967366218566895 -1.4788914918899536 4.378750801086426 74 34 35
-10.356674194335938 -2.148007869720459 4.932378768920898 73 1 13
-10.623082160949707 -1.788811445236206 4.698001861572266 72 21 26
-10.875679969787598 -1.649686336517334 4.510995388031006 100 57 61
-10.461318969726562 -2.122488260269165 4.906668663024902 123 60 69
-10.444753646850586 -2.081420660018921 4.961954593658447 49 3 8
-10.748372077941895 -1.745507836341858 4.699584484100342 115 75 75
-10.571910858154297 -1.8973866701126099 4.875194072723389 102 72 70
-10.620415687561035 -1.9323680400848389 4.824629306793213 115 74 76
-11.051164627075195 -1.527606725692749 4.423361778259277 144 99 101
-10.44143295288086 -2.0842230319976807 5.012556552886963 124 85 86
-11.063453674316406 -1.5140615701675415 4.436351776123047 119 89 86
-10.434259414672852 -2.2025513648986816 5.028242111206055 107 79 76
-10.988354682922363 -1.6352866888046265 4.539216995239258 59 15 16
-10.675856590270996 -1.8942856788635254 4.865560531616211 120 71 75
-10.819632530212402 -1.7466589212417603 4.737462520599365 123 66 72
-10.492189407348633 -2.081221342086792 5.083289623260498 116 77 80
-10.756627082824707 -1.8069403171539307 4.85273551940918 47 7 8
-10.711949348449707 -1.8236836194992065 4.900211334228516 119 79 80
-11.033379554748535 -1.623518943786621 4.59944486618042 123 81 82
-11.033379554748535 -1.623518943786621 4.59944486618042 123 81 82
-10.681281089782715 -1.8998867273330688 4.954315185546875 114 72 74
-10.91382122039795 -1.7597147226333618 4.749279975891113 106 72 71
-11.07148265838623 -1.6233818531036377 4.616799831390381 56 6 9
-11.07148265838623 -1.6233818531036377 4.616799831390381 56 6 9
-10.853397369384766 -1.780510425567627 4.846489429473877 68 0 4
-10.574299812316895 -2.085005044937134 5.140212535858154 104 63 65
-11.211331367492676 -1.5155335664749146 4.516088962554932 117 67 68
-11.128402709960938 -1.6376830339431763 4.6178154945373535 83 34 37
-10.960101127624512 -1.7544305324554443 4.811514377593994 58 9 12
-11.145394325256348 -1.673886775970459 4.613719463348389 58 3 6
-10.877104759216309 -1.8297972679138184 4.903792381286621 126 92 90
-10.65542984008789 -2.0873169898986816 5.176863670349121 98 67 64
-10.65542984008789 -2.0873169898986816 5.176863670349121 98 67 64
-11.011932373046875 -1.7647377252578735 4.814875602722168 100 60 60
-10.969670295715332 -1.7988606691360474 4.87567663192749 61 2 4
-10.812999725341797 -1.902911901473999 5.050867557525635 103 59 60
-11.199501037597656 -1.676636815071106 4.663536071777344 54 6 6
-11.075984954833984 -1.8199137449264526 4.881188869476318 64 0 2
-10.905181884765625 -1.9420907497406006 5.077494144439697 146 95 97
-11.10025405883789 -1.7924339771270752 4.864300727844238 123 66 72
-11.121312141418457 -1.8019180297851562 4.84058141708374 123 66 72
-11.033671379089355 -1.8523238897323608 4.948446750640869 86 48 45
-11.033671379089355 -1.8523238897323608 4.948446750640869 86 48 45
-11.297739028930664 -1.6599788665771484 4.675480842590332 105 61 58
-11.332487106323242 -1.6366246938705444 4.662082672119141 75 0 4
-11.149324417114258 -1.7872642278671265 4.874641418457031 124 80 77
-11.332716941833496 -1.6548535823822021 4.680591583251953 119 75 72
-11.177169799804688 -1.795323371887207 4.874229907989502 74 24 23
-11.12786865234375 -1.8590598106384277 4.940990924835205 136 77 81
-11.070027351379395 -1.9185574054718018 5.019824981689453 51 0 0
-11.127336502075195 -1.8771593570709229 4.97154426574707 81 24 29
-11.368942260742188 -1.6721457242965698 4.719935894012451 98 48 47
-11.192575454711914 -1.8681830167770386 4.957772731781006 132 74 79
-11.061315536499023 -1.9455127716064453 5.122816562652588 125 92 87
-11.180854797363281 -1.8700141906738281 4.9980974197387695 60 1 5
-11.149442672729492 -1.918078064918518 5.036374568939209 73 0 5
-11.172464370727539 -1.8875901699066162 5.0309977531433105 147 87 91
-11.1751708984375 -1.9277101755142212 5.058432102203369 79 0 8
-11.1751708984375 -1.9277101755142212 5.058432102203369 79 0 8
-11.145013809204102 -1.9194765090942383 5.1252007484436035 85 14 23
-11.145013809204102 -1.9194765090942383 5.1252007484436035 85 14 23
-11.213308334350586 -1.9277211427688599 5.093654155731201 81 0 8
-11.175149917602539 -1.973405361175537 5.144269943237305 102 51 52
-11.15648078918457 -2.0028557777404785 5.172224521636963 117 65 67
-11.205289840698242 -1.993567943572998 5.149392604827881 140 84 87
-11.28541088104248 -1.8948146104812622 5.083121299743652 65 0 3
-11.142884254455566 -2.410309314727783 5.697315692901611 166 110 113
-11.207291603088379 -2.363365888595581 5.603560447692871 141 80 82
-11.137121200561523 -2.4679031372070312 5.714109897613525 163 97 107
-11.499889373779297 -2.053478240966797 5.245490550994873 174 113 118
-11.182117462158203 -2.4151997566223145 5.69131326675415 78 12 22
-11.369828224182129 -2.244645357131958 5.462272644042969 174 108 116
-11.517695426940918 -2.056396484375 5.268208980560303 87 0 11
-11.708696365356445 -1.7501564025878906 5.033397674560547 150 126 121
-11.16784381866455 -2.4951345920562744 5.771798610687256 109 71 72
-11.201558113098145 -2.4581615924835205 5.743325233459473 85 17 27
-11.201558113098145 -2.4581615924835205 5.743325233459473 85 17 27
-11.201558113098145 -2.4581615924835205 5.743325233459473 85 17 27
-11.310531616210938 -2.3124470710754395 5.604028224945068 111 58 64
-11.310531616210938 -2.3124470710754395 5.604028224945068 111 58 64
-11.310531616210938 -2.3124470710754395 5.604028224945068 111 58 64
-11.525956153869629 -2.0790655612945557 5.310999393463135 153 105 108
-11.525956153869629 -2.0790655612945557 5.310999393463135 153 105 108
-11.226350784301758 -2.4849162101745605 5.731340408325195 142 87 93
-11.580161094665527 -1.986814260482788 5.248085975646973 94 31 39
-11.580161094665527 -1.986814260482788 5.248085975646973 94 31 39
-11.580161094665527 -1.986814260482788 5.248085975646973 94 31 39
-11.68098258972168 -1.850543737411499 5.116408348083496 158 92 96
-11.584400177001953 -2.0307047367095947 5.245377063751221 83 5 15
-11.209419250488281 -2.511035919189453 5.780543804168701 53 0 6
-11.209419250488281 -2.511035919189453 5.780543804168701 53 0 6
-11.386466979980469 -2.271024703979492 5.553781032562256 61 14 20
-11.661699295043945 -1.9181439876556396 5.165854454040527 74 9 15
-11.382462501525879 -2.2934610843658447 5.566217422485352 91 44 50
-11.491677284240723 -2.140803337097168 5.425136089324951 143 91 93
-11.72734260559082 -1.8302385807037354 5.108582019805908 152 93 97
-11.72734260559082 -1.8302385807037354 5.108582019805908 152 93 97
-11.448718070983887 -2.1807994842529297 5.527583599090576 88 0 12
-11.448718070983887 -2.1807994842529297 5.527583599090576 88 0 12
-11.710317611694336 -1.870370864868164 5.152617931365967 78 2 12
-11.727887153625488 -1.8437975645065308 5.154432773590088 84 21 25
-11.59770393371582 -2.0692715644836426 5.331113338470459 93 41 45
-11.550081253051758 -2.104200601577759 5.4105048179626465 77 2 9
-11.59420394897461 -2.0716474056243896 5.34818172454834 155 103 107
-11.59420394897461 -2.0716474056243896 5.34818172454834 155 103 107
-11.776362419128418 -1.7173885107040405 5.125043869018555 171 123 123
-11.548565864562988 -2.1551856994628906 5.422431468963623 136 84 88
-11.737017631530762 -1.81586754322052 5.1965107917785645 63 1 4
-11.737017631530762 -1.81586754322052 5.1965107917785645 63 1 4
-11.460272789001465 -2.290438413619995 5.58530855178833 73 1 12
-11.460272789001465 -2.290438413619995 5.58530855178833 73 1 12
-11.465352058410645 -2.2927439212799072 5.577469825744629 73 1 12
-11.465352058410645 -2.2927439212799072 5.577469825744629 73 1 12
-11.266850471496582 -2.540372371673584 5.8809661865234375 67 1 11
-11.407121658325195 -2.368971824645996 5.687452793121338 88 6 18
-11.759407043457031 -1.8162801265716553 5.201204776763916 136 84 88
-11.654192924499512 -2.0357112884521484 5.336287021636963 77 0 8
-11.654192924499512 -2.0357112884521484 5.336287021636963 77 0 8
-11.513908386230469 -2.1953680515289307 5.559926509857178 92 0 13
-11.594850540161133 -2.1711585521698 5.430816650390625 76 2 14
-11.467527389526367 -2.3211910724639893 5.637237548828125 159 104 113
-11.75924015045166 -1.8244109153747559 5.242397308349609 164 112 116
-11.454716682434082 -2.3314712047576904 5.678572654724121 124 73 80
-11.628850936889648 -2.1591053009033203 5.424840450286865 144 78 84
-11.493677139282227 -2.2940824031829834 5.6464056968688965 80 17 26
-11.789047241210938 -1.7015256881713867 5.31776237487793 130 94 94
-11.339204788208008 -2.5676839351654053 5.924793720245361 57 9 14
-11.7798433303833 -1.8813488483428955 5.294436931610107 92 0 14
-11.616494178771973 -2.1884098052978516 5.518389701843262 145 89 92
-11.742206573486328 -1.9680553674697876 5.345663070678711 90 2 14
-11.767359733581543 -1.6924744844436646 5.390327453613281 163 111 115
-11.688403129577637 -2.0385212898254395 5.43576717376709 69 4 10
-11.688403129577637 -2.0385212898254395 5.43576717376709 69 4 10
-11.674263954162598 -2.0806424617767334 5.452609539031982 169 112 118
-11.7117919921875 -2.0037317276000977 5.431829929351807 116 64 68
-11.792851448059082 -1.8206514120101929 5.332719802856445 163 116 118
-11.630282402038574 -2.1732940673828125 5.541605472564697 157 113 112
-11.630282402038574 -2.1732940673828125 5.541605472564697 157 113 112
-11.800017356872559 -1.8081690073013306 5.33129358291626 73 12 19
-11.768033981323242 -1.9159551858901978 5.3770318031311035 162 110 112
-11.768033981323242 -1.9159551858901978 5.3770318031311035 162 110 112
-11.599720001220703 -2.2142996788024902 5.6568684577941895 90 2 14
-11.586556434631348 -2.319511890411377 5.663313388824463 71 14 21
-11.742435455322266 -1.9582669734954834 5.482146263122559 88 1 10
-11.786774635314941 -1.870240330696106 5.429917812347412 84 7 17
-11.786774635314941 -1.870240330696106 5.429917812347412 84 7 17
-11.725675582885742 -2.0946102142333984 5.50161075592041 117 66 70
-11.489181518554688 -2.4693315029144287 5.865839004516602 82 25 32
-11.489181518554688 -2.4693315029144287 5.865839004516602 82 25 32
-11.756834030151367 -2.0633299350738525 5.474309921264648 77 16 23
-11.640641212463379 -2.274304151535034 5.658909320831299 78 17 25
-11.675551414489746 -2.1855530738830566 5.625864505767822 131 76 82
-11.675551414489746 -2.1855530738830566 5.625864505767822 131 76 82
-11.636733055114746 -2.272261619567871 5.689975261688232 143 82 90
-11.636733055114746 -2.272261619567871 5.689975261688232 143 82 90
-11.513269424438477 -2.475350856781006 5.890965461730957 125 73 77
-11.746066093444824 -2.0010480880737305 5.603732585906982 128 78 78
-11.725390434265137 -2.0855884552001953 5.6166510581970215 123 64 70
-11.598747253417969 -2.3148951530456543 5.823751449584961 83 13 23
-11.732348442077637 -2.1014795303344727 5.6199798583984375 152 100 102
-11.785621643066406 -1.7833712100982666 5.6501946449279785 176 111 115
-11.68679428100586 -2.254114866256714 5.693331241607666 86 8 21
-11.68679428100586 -2.254114866256714 5.693331241607666 86 8 21
-11.782666206359863 -2.0694096088409424 5.564834117889404 80 21 27
-11.616727828979492 -2.3736016750335693 5.839643478393555 135 88 90
-11.700389862060547 -2.2043325901031494 5.746833324432373 151 94 101
-11.658447265625 -2.304093599319458 5.822332859039307 78 17 24
-11.543163299560547 -2.507913112640381 6.009327411651611 170 107 115
-11.750633239746094 -2.1438891887664795 5.72420072555542 92 6 17
-11.750633239746094 -2.1438891887664795 5.72420072555542 92 6 17
-11.591490745544434 -2.4171767234802246 5.9743332862854 98 3 19
-11.674468994140625 -2.349046230316162 5.845905303955078 83 13 23
-11.759835243225098 -2.0838966369628906 5.786293029785156 135 90 89
-11.709990501403809 -2.3042078018188477 5.833437919616699 132 73 79
-11.59396743774414 -2.5022945404052734 6.089138984680176 90 7 23
-11.59396743774414 -2.5022945404052734 6.089138984680176 90 7 23
-11.637361526489258 -2.4557783603668213 6.013997554779053 85 9 19
-11.675827026367188 -2.338815689086914 5.978753089904785 87 26 34
-11.675827026367188 -2.338815689086914 5.978753089904785 87 26 34
-11.638781547546387 -2.4144785404205322 6.053616046905518 170 95 104
-11.66080093383789 -2.461609125137329 6.188122749328613 82 6 19
-11.66080093383789 -2.461609125137329 6.188122749328613 82 6 19
-13.451213836669922 -1.1123601198196411 2.504976987838745 97 57 58
-13.482412338256836 -1.0811327695846558 2.459491491317749 108 77 75
-13.38387680053711 -1.1382293701171875 2.5232174396514893 93 62 60
-13.38387680053711 -1.1382293701171875 2.5232174396514893 93 62 60
-13.279927253723145 -1.2068393230438232 2.6178269386291504 58 0 3
-13.29049301147461 -1.1933560371398926 2.5959906578063965 118 76 78
-13.256333351135254 -1.216307520866394 2.6233999729156494 57 12 19
-13.242308616638184 -1.2206918001174927 2.637230157852173 117 72 79
-13.438398361206055 -1.096497654914856 2.3986082077026367 107 65 67
-13.345982551574707 -1.149674415588379 2.4756476879119873 102 74 70
-13.365133285522461 -1.139072299003601 2.450911045074463 61 0 3
-13.356054306030273 -1.1245046854019165 2.406069040298462 81 35 37
-13.323705673217773 -1.1382131576538086 2.4095864295959473 64 0 5
-13.12851333618164 -1.252912998199463 2.553527355194092 70 0 4
-13.12851333618164 -1.252912998199463 2.553527355194092 70 0 4
-13.147951126098633 -1.2370213270187378 2.5298569202423096 83 39 42
-13.283498764038086 -1.1229454278945923 2.3256847858428955 101 72 68
-13.078559875488281 -1.2646023035049438 2.4995665550231934 73 0 3
-13.238574981689453 -1.124121069908142 2.2830374240875244 85 20 26
-13.091035842895508 -1.2250910997390747 2.4145028591156006 75 0 6
-13.091035842895508 -1.2250910997390747 2.4145028591156006 75 0 6
-12.897619247436523 -0.3798294961452484 1.9883058071136475 122 151 159
-12.715866088867188 -0.34156057238578796 1.8107786178588867 129 177 181
-13.446151733398438 -2.091184616088867 1.2186819314956665 144 92 96
-13.446151733398438 -2.091184616088867 1.2186819314956665 144 92 96
-13.409289360046387 -2.1026337146759033 1.2448493242263794 79 0 12
-13.417806625366211 -2.094689130783081 1.231927514076233 87 0 10
-13.385369300842285 -2.1074986457824707 1.2571632862091064 59 7 11
-13.385369300842285 -2.1074986457824707 1.2571632862091064 59 7 11
-13.431358337402344 -2.0746843814849854 1.2029637098312378 69 4 12
-13.432125091552734 -2.063527822494507 1.1901721954345703 65 6 12
-13.371177673339844 -2.1009933948516846 1.2544695138931274 63 8 11
-13.39567756652832 -2.079324960708618 1.2252490520477295 86 0 12
-13.395445823669434 -2.0796210765838623 1.2247369289398193 86 0 12
-13.426167488098145 -2.059285879135132 1.183773398399353 148 91 97
-13.419546127319336 -2.0616061687469482 1.1909255981445312 139 84 89
-13.377331733703613 -2.081386089324951 1.2307751178741455 109 64 66
-13.408807754516602 -2.051632881164551 1.1853337287902832 89 0 15
-13.325861930847168 -2.117905378341675 1.2763597965240479 78 1 11
-13.374565124511719 -2.066598892211914 1.2143504619598389 91 0 13
-13.34652042388916 -2.083693504333496 1.2412785291671753 115 65 70
-13.40942668914795 -2.039278030395508 1.1668394804000854 169 102 111
-13.396308898925781 -2.0434658527374268 1.181120753288269 148 88 94
-13.332919120788574 -2.092892646789551 1.2489020824432373 88 0 12
-13.321937561035156 -2.101416826248169 1.2591325044631958 64 8 15
-13.342611312866211 -2.0697665214538574 1.2258365154266357 90 0 18
-13.3495512008667 -2.0564587116241455 1.206405520439148 72 0 10
-13.388070106506348 -2.0242059230804443 1.1631882190704346 74 31 38
-13.385505676269531 -2.01936411857605 1.1571892499923706 179 114 128
-13.337393760681152 -2.05385160446167 1.21192467212677 128 87 89
-13.308430671691895 -2.0833215713500977 1.242209553718567 83 5 19
-13.290428161621094 -2.1017189025878906 1.258163571357727 94 0 14
-13.290428161621094 -2.1017189025878906 1.258163571357727 94 0 14
-13.296135902404785 -2.0885605812072754 1.2449711561203003 136 90 92
-13.296135902404785 -2.0885605812072754 1.2449711561203003 136 90 92
-13.35049819946289 -2.034031629562378 1.1841509342193604 68 19 23
-13.359790802001953 -2.023594856262207 1.1737803220748901 82 1 16
-13.314299583435059 -2.065660238265991 1.2215849161148071 141 95 98
-13.307791709899902 -2.0613632202148438 1.2199469804763794 78 29 32
-13.35508918762207 -2.0096004009246826 1.157820224761963 76 15 23
-13.340804100036621 -2.010990619659424 1.1631569862365723 78 0 15
-13.331156730651855 -2.0172476768493652 1.1711206436157227 150 108 112
-13.308244705200195 -2.034674882888794 1.1949472427368164 125 80 83
-13.321429252624512 -2.010348081588745 1.1676299571990967 72 11 21
-13.270212173461914 -2.0542705059051514 1.2119594812393188 89 1 15
-13.290895462036133 -2.0248634815216064 1.1846014261245728 138 86 90
-13.28964614868164 -2.0108821392059326 1.1696172952651978 97 0 16
-13.308609962463379 -1.9746283292770386 1.129218578338623 96 4 19
-13.252448081970215 -2.0316576957702637 1.1881555318832397 122 75 75
-13.234359741210938 -2.055551528930664 1.2005817890167236 183 104 119
-13.234359741210938 -2.055551528930664 1.2005817890167236 183 104 119
-13.286127090454102 -1.9855903387069702 1.1457902193069458 95 4 21
-13.263802528381348 -2.008561849594116 1.170020341873169 143 102 100
-13.271612167358398 -1.9809482097625732 1.141760230064392 171 129 130
-13.271612167358398 -1.9809482097625732 1.141760230064392 171 129 130
-13.259182929992676 -1.991438388824463 1.1521692276000977 96 10 23
-13.241558074951172 -2.0045156478881836 1.160772681236267 88 17 25
-13.268864631652832 -1.9656882286071777 1.1273976564407349 92 12 23
-13.243486404418945 -1.9947853088378906 1.1544468402862549 164 105 111
-13.247767448425293 -1.9784936904907227 1.1410810947418213 93 13 24
-13.237997055053711 -1.9906553030014038 1.1471531391143799 75 16 22
-13.2435884475708 -1.9677866697311401 1.126250147819519 85 25 33
-13.24094009399414 -1.9601432085037231 1.1226691007614136 172 107 116
-13.222237586975098 -1.9904781579971313 1.1419365406036377 124 69 74
-13.2282075881958 -1.9755233526229858 1.1337302923202515 97 7 22
-13.223223686218262 -1.9584624767303467 1.1175869703292847 76 7 18
-15.49824333190918 0.27344363927841187 3.679377555847168 73 15 14
-15.460541725158691 0.28648656606674194 3.7343647480010986 120 76 70
-15.35144329071045 0.3374701142311096 3.7057337760925293 69 7 10
-15.173213005065918 0.3446321189403534 4.019128322601318 142 96 96
-15.306042671203613 0.39277005195617676 3.684512138366699 134 80 82
-15.264505386352539 0.3744056224822998 3.7429535388946533 82 0 7
-15.106809616088867 0.3375887870788574 4.116686820983887 74 9 15
-15.11451530456543 0.34134113788604736 4.092921257019043 74 9 15
-15.134671211242676 0.3411712348461151 4.017271518707275 121 75 77
-15.134671211242676 0.3411712348461151 4.017271518707275 121 75 77
-15.233421325683594 0.3723791539669037 3.794687509536743 121 83 77
-15.063753128051758 0.3391982614994049 4.152441501617432 63 7 10
-15.260048866271973 0.3974322974681854 3.675478219985962 124 76 76
-15.05251693725586 0.3247755765914917 4.098757743835449 51 0 0
-15.06068229675293 0.3741413354873657 4.02223539352417 135 85 85
-15.217265129089355 0.42921262979507446 3.6683619022369385 65 2 5
-15.049654960632324 0.38789987564086914 3.9918949604034424 101 51 54
-15.175126075744629 0.4469708502292633 3.657951593399048 98 29 34
-14.996343612670898 0.42108243703842163 4.121466636657715 146 94 96
-14.99120044708252 0.39056023955345154 4.040215969085693 82 0 5
-14.919661521911621 0.42139095067977905 4.099435806274414 122 81 77
-14.965309143066406 0.43828633427619934 3.956666946411133 74 35 35
-14.946128845214844 0.44722071290016174 3.979259967803955 142 87 87
-14.958775520324707 0.6984030604362488 3.393794298171997 182 109 120
-14.95459270477295 0.710000216960907 3.349275827407837 69 8 16
-14.852134704589844 0.687264621257782 3.49554705619812 80 0 7
-14.91482162475586 0.7269197106361389 3.3482258319854736 105 58 60
-14.692399978637695 0.6421727538108826 3.7726621627807617 82 0 7
-14.883435249328613 0.7270720601081848 3.3789358139038086 88 5 20
-14.875223159790039 0.7431808114051819 3.3206589221954346 62 9 11
-14.814263343811035 0.738791286945343 3.422748327255249 71 1 11
-14.873885154724121 0.7928856611251831 3.327038288116455 173 117 120
-14.778426170349121 0.7393127083778381 3.471565008163452 90 0 14
-14.84827995300293 0.7779703140258789 3.3450722694396973 184 114 124
-14.616253852844238 0.6703155636787415 3.7742223739624023 81 0 10
-14.616253852844238 0.6703155636787415 3.7742223739624023 81 0 10
-14.634608268737793 0.6962367296218872 3.760838747024536 89 0 10
-14.634608268737793 0.6962367296218872 3.760838747024536 89 0 10
-14.726146697998047 0.7493887543678284 3.5051939487457275 161 111 114
-14.802826881408691 0.7908968925476074 3.3106017112731934 87 0 13
-14.61919116973877 0.7306976318359375 3.6887900829315186 148 101 103
-14.673236846923828 0.7581000328063965 3.523362159729004 81 3 19
-14.70841121673584 0.7794256806373596 3.437171459197998 91 0 14
-14.75234317779541 0.8161530494689941 3.346893072128296 184 122 133
-14.761116027832031 0.8246720433235168 3.3291449546813965 70 2 11
-14.76844596862793 0.8310078382492065 3.30810809135437 182 113 122
-14.631516456604004 0.7611107230186462 3.5533978939056396 85 33 37
-14.600480079650879 0.760646641254425 3.6076254844665527 89 0 8
-14.497638702392578 0.7207796573638916 3.8201255798339844 93 0 13
-14.477439880371094 0.7267879843711853 3.8776519298553467 90 13 23
-14.612992286682129 0.7933412194252014 3.493884325027466 88 1 18
-14.722989082336426 0.8567160964012146 3.284775733947754 193 131 139
-14.728913307189941 0.8822226524353027 3.2478013038635254 91 38 44
-14.726284980773926 0.8972867131233215 3.2182421684265137 199 137 144
-14.476446151733398 0.7800403833389282 3.6775877475738525 89 0 11
-14.476446151733398 0.7800403833389282 3.6775877475738525 89 0 11
-14.44926643371582 0.7831757068634033 3.7377748489379883 214 161 165
-14.431899070739746 0.7927888631820679 3.8029873371124268 90 0 17
-14.70142936706543 0.9045802354812622 3.223544120788574 67 14 20
-14.682551383972168 0.9006962776184082 3.2506885528564453 59 4 12
-14.488622665405273 0.8066011071205139 3.618330955505371 176 130 132
-14.488622665405273 0.8066011071205139 3.618330955505371 176 130 132
-14.62997817993164 0.8908371925354004 3.339287757873535 79 17 28
-14.639430046081543 0.9594515562057495 3.241758108139038 80 21 27
-14.386797904968262 0.8583330512046814 3.7230260372161865 154 103 107
-14.58714771270752 0.9430668354034424 3.251204490661621 79 5 18
-14.561266899108887 0.9369894862174988 3.2875301837921143 111 67 72
-14.526849746704102 0.9541085958480835 3.272306442260742 100 20 37
-14.44346809387207 1.0209466218948364 3.24456524848938 92 47 48
-14.447467803955078 1.028028130531311 3.2061336040496826 182 136 138
-14.45311450958252 1.0976500511169434 3.103746175765991 75 29 31
-14.45311450958252 1.0976500511169434 3.103746175765991 75 29 31
-14.426292419433594 1.101091742515564 3.130925178527832 81 9 20
-14.182806968688965 0.9810892343521118 3.6024274826049805 183 124 130
-14.364027976989746 1.0569709539413452 3.2103307247161865 75 30 33
-14.335053443908691 1.0571858882904053 3.2487666606903076 97 9 25
-14.3385591506958 1.0683987140655518 3.202787399291992 199 145 149
-14.295491218566895 1.0698022842407227 3.3171114921569824 98 7 24
-14.251606941223145 1.028028964996338 3.3575093746185303 118 72 74
-14.39319896697998 1.1301095485687256 3.0878405570983887 87 17 27
-14.39319896697998 1.1301095485687256 3.0878405570983887 87 17 27
-14.290018081665039 1.0681679248809814 3.2706875801086426 92 40 44
-14.359436988830566 1.1204699277877808 3.151484251022339 104 1 23
-14.359436988830566 1.1204699277877808 3.151484251022339 104 1 23
-14.203312873840332 1.047225832939148 3.4052700996398926 99 6 17
-14.203312873840332 1.047225832939148 3.4052700996398926 99 6 17
-14.234625816345215 1.066102385520935 3.2938787937164307 93 11 23
-14.333671569824219 1.1272945404052734 3.1088106632232666 96 13 29
-14.357087135314941 1.1707711219787598 3.06681752204895 203 153 154
-14.292731285095215 1.1660916805267334 3.1806893348693848 78 21 28
-14.22464656829834 1.1013051271438599 3.2410759925842285 109 58 63
-14.23863410949707 1.1328761577606201 3.2007715702056885 102 8 24
-14.310946464538574 1.1891107559204102 3.0547773838043213 101 27 39
-14.123279571533203 1.112564206123352 3.3640599250793457 100 8 21
-14.123279571533203 1.112564206123352 3.3640599250793457 100 8 21
-14.220169067382812 1.1851298809051514 3.1426661014556885 81 16 24
-14.220169067382812 1.1851298809051514 3.1426661014556885 81 16 24
-14.135101318359375 1.1444714069366455 3.3057587146759033 127 80 80
-14.250163078308105 1.2149479389190674 3.0415077209472656 198 126 137
-14.25912857055664 1.2352112531661987 3.0151233673095703 94 7 24
-13.971169471740723 1.1925570964813232 3.520612955093384 95 34 41
-14.205672264099121 1.282267689704895 2.9851205348968506 92 9 27
-13.990775108337402 1.2178690433502197 3.2898616790771484 101 1 21
-13.990775108337402 1.2178690433502197 3.2898616790771484 101 1 21
-14.160710334777832 1.3205821514129639 2.9527251720428467 123 84 89
-14.125197410583496 1.3197609186172485 3.0279037952423096 201 132 150
-13.925907135009766 1.2653608322143555 3.4048402309417725 97 3 17
-14.00572395324707 1.2986667156219482 3.1212222576141357 119 56 67
-14.05045223236084 1.3061907291412354 3.0038790702819824 87 11 24
-13.93549919128418 1.3029241561889648 3.2487685680389404 106 3 20
-14.059535026550293 1.357094168663025 2.9589622020721436 105 19 32
-14.002145767211914 1.3420835733413696 3.0664329528808594 106 2 19
-14.054162979125977 1.3915215730667114 2.9158220291137695 81 25 31
-13.88452434539795 1.3482602834701538 3.24250864982605 109 3 23
-13.88452434539795 1.3482602834701538 3.24250864982605 109 3 23
-14.002361297607422 1.4161169528961182 2.981436014175415 85 17 28
-13.841737747192383 1.3856759071350098 3.3011276721954346 185 133 137
-14.023099899291992 1.4708664417266846 2.8772051334381104 98 8 26
-13.887811660766602 1.377646565437317 3.1071932315826416 92 11 26
-13.860689163208008 1.4180493354797363 3.15862774848938 156 93 102
-13.940670013427734 1.5108460187911987 2.889453172683716 95 5 22
-13.940670013427734 1.5108460187911987 2.889453172683716 95 5 22
-13.834836959838867 1.4944101572036743 3.0366475582122803 46 7 6
-13.771117210388184 1.4994006156921387 3.1101322174072266 173 125 125
-13.799803733825684 1.5221726894378662 3.0412063598632812 158 82 94
-13.767776489257812 1.5397073030471802 3.0642430782318115 102 18 31
-13.744209289550781 1.5390589237213135 3.0930659770965576 96 12 25
-14.032025337219238 -1.0581220388412476 2.4180805683135986 128 83 78
-14.067456245422363 -1.0332423448562622 2.327845573425293 74 10 10
-14.02974796295166 -1.037144660949707 2.3808538913726807 79 18 15
-14.047013282775879 -1.0319184064865112 2.3418128490448 126 85 83
-14.007353782653809 -1.0290824174880981 2.412921905517578 120 76 73
-14.007353782653809 -1.0290824174880981 2.412921905517578 120 76 73
-14.031654357910156 -1.0217806100845337 2.347766399383545 108 77 72
-13.993610382080078 -1.021851658821106 2.3998453617095947 124 73 72
-13.968811988830566 -0.9992462396621704 2.4094784259796143 116 62 62
-13.92924976348877 -1.0116996765136719 2.4778146743774414 132 91 87
-13.951449394226074 -0.9906126856803894 2.403897762298584 65 6 10
-13.943960189819336 -0.9870302677154541 2.441596508026123 72 8 8
-13.922049522399902 -0.9840939044952393 2.459221601486206 142 94 92
-13.927897453308105 -0.9724640250205994 2.416485548019409 131 70 75
-13.903922080993652 -0.9640921354293823 2.4301652908325195 76 0 5
-13.885580062866211 -0.9648745656013489 2.460928201675415 132 81 80
-13.908266067504883 -0.9440358281135559 2.3971328735351562 122 76 76
-13.861849784851074 -0.946951150894165 2.453291177749634 76 0 5
-13.904145240783691 -0.9269432425498962 2.384143114089966 57 9 9
-13.902295112609863 -0.9242031574249268 2.377397298812866 57 6 5
-13.884653091430664 -0.9231948852539062 2.394843816757202 57 0 1
-13.869939804077148 -0.9008792638778687 2.3979761600494385 89 24 32
-13.909112930297852 -0.803738534450531 2.1970162391662598 47 10 0
-13.746030807495117 -0.7380431890487671 2.3174164295196533 65 0 5
-13.788700103759766 -0.7130289673805237 2.230621099472046 178 118 126
-13.718890190124512 -0.7451542615890503 2.35174822807312 79 1 14
-13.743026733398438 -0.7308437824249268 2.3135504722595215 153 98 103
-13.766799926757812 -0.7179771661758423 2.2655410766601562 175 104 118
-13.760400772094727 -0.7195906639099121 2.2790613174438477 78 0 12
-13.716133117675781 -0.7414808869361877 2.342808961868286 161 79 91
-13.716133117675781 -0.7414808869361877 2.342808961868286 161 79 91
-13.745320320129395 -0.7156060338020325 2.3067221641540527 163 108 113
-13.724699974060059 -0.7206664681434631 2.3137474060058594 171 116 121
-13.731880187988281 -0.7165828943252563 2.305851697921753 133 78 83
-13.632343292236328 -0.7692339420318604 2.457249164581299 193 113 122
-13.705770492553711 -0.7197164297103882 2.331766366958618 84 0 13
-13.719100952148438 -0.7106387615203857 2.305126428604126 78 23 28
-13.719100952148438 -0.7106387615203857 2.305126428604126 78 23 28
-13.745904922485352 -0.6968885660171509 2.2567520141601562 181 111 121
-13.750658988952637 -0.687268853187561 2.2474653720855713 131 86 87
-13.745609283447266 -0.6866708993911743 2.251803398132324 68 13 18
-13.685391426086426 -0.7180690765380859 2.346571445465088 194 133 140
-13.595717430114746 -0.7613736391067505 2.485710382461548 79 0 8
-13.719881057739258 -0.6957482099533081 2.282942056655884 57 7 11
-13.719881057739258 -0.6957482099533081 2.282942056655884 57 7 11
-13.730208396911621 -0.6881014704704285 2.2647666931152344 81 0 13
-13.730208396911621 -0.6881014704704285 2.2647666931152344 81 0 13
-13.749505996704102 -0.6751302480697632 2.228321075439453 180 110 121
-13.683382987976074 -0.7022734880447388 2.3335587978363037 163 75 91
-13.69373607635498 -0.6943075060844421 2.32011079788208 87 0 15
-13.727288246154785 -0.6805501580238342 2.250431537628174 182 108 121
-13.742868423461914 -0.6695986390113831 2.2222654819488525 63 0 4
-13.74355411529541 -0.6677410006523132 2.223784923553467 63 0 4
-13.733283996582031 -0.6683980226516724 2.236818313598633 82 8 21
-13.733283996582031 -0.6683980226516724 2.236818313598633 82 8 21
-13.570052146911621 -0.7489223480224609 2.497370481491089 184 109 119
-13.55990219116211 -0.7538148760795593 2.5119855403900146 70 24 26
-13.605957984924316 -0.7241044044494629 2.4334592819213867 160 81 92
-13.693085670471191 -0.673846423625946 2.2967801094055176 70 1 8
-13.64234447479248 -0.7035490870475769 2.367929697036743 71 20 25
-13.64234447479248 -0.7035490870475769 2.367929697036743 71 20 25
-13.549481391906738 -0.751954972743988 2.509803533554077 174 128 130
-13.666736602783203 -0.6872440576553345 2.3203318119049072 86 0 14
-13.623767852783203 -0.7073687314987183 2.398085832595825 71 0 11
-13.623767852783203 -0.7073687314987183 2.398085832595825 71 0 11
-13.64746379852295 -0.6940547227859497 2.3470113277435303 69 29 34
-13.72214412689209 -0.6511514186859131 2.231619119644165 178 117 123
-13.72214412689209 -0.6511514186859131 2.231619119644165 178 117 123
-13.593890190124512 -0.7221331596374512 2.434178352355957 66 0 6
-13.696438789367676 -0.6659218072891235 2.2655386924743652 168 105 116
-13.710761070251465 -0.6546854972839355 2.246727228164673 172 107 115
-13.553376197814941 -0.740102231502533 2.4928035736083984 70 4 11
-13.641403198242188 -0.6886981129646301 2.3589344024658203 164 112 118
-13.726166725158691 -0.6335657238960266 2.212555408477783 177 99 109
-13.609110832214355 -0.698754072189331 2.3997244834899902 144 83 88
-13.628586769104004 -0.6851573586463928 2.3611159324645996 57 4 10
-13.628586769104004 -0.6851573586463928 2.3611159324645996 57 4 10
-13.545356750488281 -0.7293603420257568 2.4902071952819824 66 1 4
-13.567983627319336 -0.7151384353637695 2.462380886077881 167 104 111
-13.666372299194336 -0.6535991430282593 2.300180673599243 170 104 114
-13.632685661315918 -0.6753185987472534 2.3410916328430176 145 103 105
-13.631369590759277 -0.6673436760902405 2.337172746658325 64 16 20
-13.631369590759277 -0.6673436760902405 2.337172746658325 64 16 20
-13.692838668823242 -0.6333180069923401 2.234421730041504 100 0 15
-13.692838668823242 -0.6333180069923401 2.234421730041504 100 0 15
-13.518632888793945 -0.7332333326339722 2.4928789138793945 117 66 71
-13.539084434509277 -0.7183759212493896 2.4616928100585938 88 0 9
-13.506810188293457 -0.7297537326812744 2.517871141433716 47 0 2
-13.557680130004883 -0.6993650197982788 2.4427058696746826 133 87 89
-13.520840644836426 -0.7230762243270874 2.4868850708007812 163 110 114
-13.524041175842285 -0.7155320048332214 2.480907440185547 60 0 2
-13.58581829071045 -0.6756402850151062 2.381897211074829 74 21 29
-13.551712036132812 -0.6950870752334595 2.435305118560791 76 20 26
-13.551712036132812 -0.6950870752334595 2.435305118560791 76 20 26
-13.660186767578125 -0.6300946474075317 2.2714245319366455 57 0 6
-13.512863159179688 -0.7156614661216736 2.482409715652466 180 123 126
-13.551009178161621 -0.687527596950531 2.424833297729492 165 98 107
-13.660637855529785 -0.618739664554596 2.255699634552002 184 118 128
-13.672612190246582 -0.6072355508804321 2.234173536300659 187 119 134
-13.529980659484863 -0.69333416223526 2.4421756267547607 165 93 102
-13.5835599899292 -0.6570905447006226 2.3766438961029053 61 8 16
-13.637946128845215 -0.6243254542350769 2.2881643772125244 177 126 131
-13.555655479431152 -0.6684407591819763 2.404155731201172 94 0 13
-13.475031852722168 -0.7173934578895569 2.5127246379852295 90 0 11
-13.512184143066406 -0.6958020329475403 2.45396089553833 90 0 9
-13.610684394836426 -0.6304119229316711 2.3253731727600098 76 10 20
-13.682838439941406 -0.5934562087059021 2.1928625106811523 166 106 116
-13.683920860290527 -0.5878538489341736 2.186429500579834 76 0 11
-13.63308334350586 -0.6127985119819641 2.2785112857818604 59 8 13
-13.568998336791992 -0.6512695550918579 2.367171049118042 61 6 12
-13.490968704223633 -0.6980698704719543 2.4735889434814453 179 123 126
-13.593375205993652 -0.630845844745636 2.3317975997924805 84 42 44
-13.593375205993652 -0.630845844745636 2.3317975997924805 84 42 44
-13.478250503540039 -0.7058077454566956 2.4842443466186523 173 118 121
-13.52811050415039 -0.6675524711608887 2.4144160747528076 201 139 146
-13.630986213684082 -0.6029789447784424 2.2656798362731934 195 144 149
-13.470823287963867 -0.7004709839820862 2.496320962905884 166 111 114
-13.585939407348633 -0.6296895742416382 2.3275861740112305 180 114 124
-13.575374603271484 -0.6320640444755554 2.347928762435913 78 4 17
-13.471944808959961 -0.6986562013626099 2.4857001304626465 65 10 13
-13.471944808959961 -0.6986562013626099 2.4857001304626465 65 10 13
-13.619294166564941 -0.6040304899215698 2.2822000980377197 181 130 137
-13.619294166564941 -0.6040304899215698 2.2822000980377197 181 130 137
-13.651407241821289 -0.5814953446388245 2.225862503051758 186 122 133
-13.576886177062988 -0.6243315935134888 2.333383560180664 202 126 141
-13.64726734161377 -0.5670265555381775 2.2180378437042236 70 21 27
-13.548243522644043 -0.6286689043045044 2.3620986938476562 59 6 12
-13.555834770202637 -0.6223252415657043 2.3564963340759277 164 111 117
-13.627359390258789 -0.5784202218055725 2.243912696838379 182 116 131
-13.4707612991333 -0.6756780743598938 2.4517931938171387 91 9 21
-13.597549438476562 -0.5897084474563599 2.282959461212158 88 1 13
-13.560397148132324 -0.6107690930366516 2.3268933296203613 166 123 127
-13.571499824523926 -0.5991167426109314 2.315251588821411 80 31 37
-13.571499824523926 -0.5991167426109314 2.315251588821411 80 31 37
-13.473572731018066 -0.6647610068321228 2.439815044403076 99 0 13
-13.633866310119629 -0.5597060322761536 2.218609094619751 173 107 119
-13.552970886230469 -0.6094323396682739 2.3322341442108154 54 15 17
-13.552970886230469 -0.6094323396682739 2.3322341442108154 54 15 17
-13.55743408203125 -0.5958746671676636 2.3232920169830322 43 10 12
-13.55743408203125 -0.5958746671676636 2.3232920169830322 43 10 12
-13.628618240356445 -0.5516586303710938 2.207752227783203 72 6 18
-13.628618240356445 -0.5516586303710938 2.207752227783203 72 6 18
-13.488691329956055 -0.6377639174461365 2.4130446910858154 198 144 149
-13.488691329956055 -0.6377639174461365 2.4130446910858154 198 144 149
-13.586743354797363 -0.5690996646881104 2.27004075050354 184 131 139
-13.609342575073242 -0.5514230132102966 2.2299771308898926 86 1 17
-13.609342575073242 -0.5514230132102966 2.2299771308898926 86 1 17
-13.478109359741211 -0.6384968161582947 2.4116640090942383 56 5 9
-13.471261978149414 -0.6404940485954285 2.4164817333221436 185 119 128
-13.533700942993164 -0.5941743850708008 2.3330724239349365 90 1 21
-13.616589546203613 -0.5400967597961426 2.2147960662841797 181 115 127
-13.585885047912598 -0.5447425246238708 2.2752890586853027 58 5 13
-13.613858222961426 -0.5325683355331421 2.207233190536499 80 14 26
-13.487732887268066 -0.6126126646995544 2.3751821517944336 102 0 13
-13.603103637695312 -0.5277974605560303 2.2239582538604736 80 11 25
-13.530937194824219 -0.5753522515296936 2.3207597732543945 77 2 12
-13.605694770812988 -0.5222622156143188 2.211129665374756 183 117 129
-13.544533729553223 -0.5632942318916321 2.295149326324463 189 121 132
-13.573702812194824 -0.5401850938796997 2.2432031631469727 76 10 24
-13.528977394104004 -0.563959538936615 2.3069357872009277 69 30 31
-13.528977394104004 -0.563959538936615 2.3069357872009277 69 30 31
-13.544218063354492 -0.5478300452232361 2.2745072841644287 91 0 14
-13.451985359191895 -0.6070803999900818 2.3957841396331787 81 22 28
-13.492210388183594 -0.5749622583389282 2.3364243507385254 74 19 25
-13.526365280151367 -0.5502930283546448 2.2869112491607666 178 129 133
-13.559893608093262 -0.5188864469528198 2.2374038696289062 120 79 81
-13.453362464904785 -0.5946367383003235 2.3766493797302246 67 1 9
-13.55810832977295 -0.5151365399360657 2.2469022274017334 112 66 69
-13.55040454864502 -0.5213454365730286 2.253060817718506 79 12 22
-13.4403715133667 -0.6024031639099121 2.3877439498901367 161 117 118
-13.479355812072754 -0.5698443651199341 2.3474230766296387 173 113 121
-13.479355812072754 -0.5698443651199341 2.3474230766296387 173 113 121
-13.482382774353027 -0.5614449381828308 2.333158016204834 71 11 19
-13.482382774353027 -0.5614449381828308 2.333158016204834 71 11 19
-13.467693328857422 -0.5589258670806885 2.342961072921753 181 121 129
-13.507882118225098 -0.5249175429344177 2.282130002975464 170 124 127
-13.542564392089844 -0.5015854835510254 2.2318031787872314 73 10 21
-13.542564392089844 -0.5015854835510254 2.2318031787872314 73 10 21
-13.484712600708008 -0.5395586490631104 2.3154633045196533 94 1 24
-13.515615463256836 -0.5161992311477661 2.2771570682525635 81 0 13
-13.442617416381836 -0.5550955533981323 2.351388692855835 93 0 17
-13.55133056640625 -0.4724748730659485 2.208989381790161 85 15 28
-13.442628860473633 -0.5604074001312256 2.3210763931274414 75 6 19
-13.484504699707031 -0.511506974697113 2.283730983734131 140 94 97
-13.484884262084961 -0.5084754228591919 2.2843642234802246 140 94 97
-13.527400970458984 -0.4713071882724762 2.207042932510376 196 134 145
-13.506933212280273 -0.48021501302719116 2.2392637729644775 179 111 122
-13.464468002319336 -0.5026418566703796 2.2888641357421875 184 114 125
-13.427251815795898 -0.5271265506744385 2.3231935501098633 195 121 136
-13.427251815795898 -0.5271265506744385 2.3231935501098633 195 121 136
-13.534438133239746 -0.4430178105831146 2.1853644847869873 175 90 105
-13.534438133239746 -0.4430178105831146 2.1853644847869873 175 90 105
-13.483602523803711 -0.47779592871665955 2.252779245376587 97 0 17
-13.398253440856934 -0.5360761284828186 2.3334579467773438 97 0 12
-13.499422073364258 -0.4540752172470093 2.216362714767456 158 119 119
-13.440226554870605 -0.4998231828212738 2.2864129543304443 105 0 21
-13.494681358337402 -0.45285865664482117 2.218997001647949 117 76 77
-13.502522468566895 -0.43973731994628906 2.200202465057373 190 140 145
-13.502522468566895 -0.43973731994628906 2.200202465057373 190 140 145
-13.509220123291016 -0.43110552430152893 2.1835544109344482 89 5 18
-13.509220123291016 -0.43110552430152893 2.1835544109344482 89 5 18
-13.478370666503906 -0.4526747465133667 2.2247183322906494 184 121 130
-13.370537757873535 -0.5354833006858826 2.3413045406341553 195 114 129
-13.35360336303711 -0.5450487732887268 2.3536832332611084 100 33 37
-13.435820579528809 -0.46090495586395264 2.2605559825897217 142 85 91
-13.367643356323242 -0.5121122598648071 2.314594030380249 101 4 15
-13.408653259277344 -0.4688364565372467 2.2769272327423096 122 20 41
-13.452183723449707 -0.4180352985858917 2.2055423259735107 84 38 41
-13.404149055480957 -0.4525719881057739 2.2573723793029785 203 140 146
-13.46628475189209 -0.4004617929458618 2.1845486164093018 79 26 32
-13.369769096374512 -0.48100972175598145 2.2962708473205566 192 125 132
-13.467862129211426 -0.40006712079048157 2.1758666038513184 195 132 141
-13.415644645690918 -0.4373970031738281 2.2477493286132812 99 9 24
-13.42687702178955 -0.4296737313270569 2.2222161293029785 101 7 23
-13.457599639892578 -0.40019112825393677 2.1827640533447266 183 137 140
-13.380513191223145 -0.46253493428230286 2.276256799697876 183 133 136
-13.394949913024902 -0.4516298174858093 2.255767345428467 90 7 21
-13.450956344604492 -0.4050160050392151 2.1896941661834717 52 23 20
-13.335562705993652 -0.5015757083892822 2.318207263946533 65 8 15
-13.391777992248535 -0.43937838077545166 2.2535593509674072 106 7 25
-13.36312198638916 -0.4672774374485016 2.276728391647339 154 112 110
-13.446041107177734 -0.3953099250793457 2.184574842453003 191 118 129
-13.400793075561523 -0.4323464632034302 2.2386178970336914 189 124 130
-13.376073837280273 -0.4469112157821655 2.254101514816284 96 8 24
-13.397451400756836 -0.4241606593132019 2.234027862548828 133 78 83
-13.404682159423828 -0.4148072898387909 2.2248599529266357 195 138 144
-13.404682159423828 -0.4148072898387909 2.2248599529266357 195 138 144
-13.344329833984375 -0.4601115584373474 2.284496307373047 205 137 144
-13.317778587341309 -0.48043063282966614 2.286386013031006 102 6 18
-13.317778587341309 -0.48043063282966614 2.286386013031006 102 6 18
-13.408639907836914 -0.3938068151473999 2.202418088912964 104 7 24
-13.349465370178223 -0.4406474828720093 2.2601263523101807 196 133 141
-13.443994522094727 -0.3555084466934204 2.1533873081207275 89 14 24
-13.425088882446289 -0.36884042620658875 2.169604539871216 206 136 147
-13.425088882446289 -0.36884042620658875 2.169604539871216 206 136 147
-13.442869186401367 -0.3428053557872772 2.1393370628356934 188 134 136
-13.341273307800293 -0.42982491850852966 2.236795663833618 98 10 26
-13.356863975524902 -0.4036094546318054 2.2168772220611572 125 79 82
-13.425077438354492 -0.3357827365398407 2.1442887783050537 74 3 9
-13.313878059387207 -0.4317028820514679 2.24369215965271 52 2 3
-13.394740104675293 -0.35484352707862854 2.164414644241333 202 132 142
-13.370198249816895 -0.37489259243011475 2.196043014526367 101 7 23
-13.302680969238281 -0.42882540822029114 2.2410645484924316 181 133 133
-13.368755340576172 -0.34923577308654785 2.1706387996673584 162 94 99
-13.409358024597168 -0.313693106174469 2.122551202774048 196 134 140
-13.374940872192383 -0.33514103293418884 2.158846855163574 195 134 142
-13.410469055175781 -0.30337437987327576 2.116342306137085 61 21 21
-13.307650566101074 -0.3990222215652466 2.2194323539733887 103 15 31
-13.307650566101074 -0.3990222215652466 2.2194323539733887 103 15 31
-13.382939338684082 -0.31863370537757874 2.144456386566162 205 144 152
-13.373193740844727 -0.32889652252197266 2.151604652404785 101 40 48
-13.360896110534668 -0.3373434245586395 2.1617462635040283 86 17 22
-13.288546562194824 -0.40639790892601013 2.2213892936706543 195 130 138
-13.28293228149414 -0.4084867835044861 2.2349119186401367 166 113 114
-13.362626075744629 -0.32931506633758545 2.149141788482666 203 142 150
-13.392155647277832 -0.2975199222564697 2.111989736557007 198 131 140
-13.37816047668457 -0.31033429503440857 2.125692844390869 99 6 24
-13.348560333251953 -0.3285316526889801 2.1598615646362305 202 130 136
-13.34709358215332 -0.33047768473625183 2.1378018856048584 92 18 33
-13.28376293182373 -0.38025715947151184 2.200469970703125 74 15 22
-13.360928535461426 -0.2973102331161499 2.123617649078369 210 147 155
-13.360928535461426 -0.2973102331161499 2.123617649078369 210 147 155
-13.364418983459473 -0.2923958897590637 2.1162309646606445 80 5 15
-13.344661712646484 -0.3080320656299591 2.137510299682617 198 140 149
-13.272029876708984 -0.3693779706954956 2.186366081237793 61 8 14
-13.259620666503906 -0.3852163851261139 2.1910617351531982 87 28 40
-13.372552871704102 -0.2637845277786255 2.1007578372955322 215 146 156
-13.372552871704102 -0.2637845277786255 2.1007578372955322 215 146 156
-13.312039375305176 -0.32428571581840515 2.1470086574554443 103 16 30
-13.273354530334473 -0.36211729049682617 2.1808838844299316 172 119 125
-13.323183059692383 -0.30544641613960266 2.1255502700805664 70 10 20
-13.262248992919922 -0.3623657524585724 2.1812736988067627 91 14 26
-13.366000175476074 -0.2503342628479004 2.0780386924743652 90 10 23
-13.288663864135742 -0.31651824712753296 2.1466474533081055 107 2 19
-13.350224494934082 -0.255014032125473 2.0869030952453613 171 91 104
-13.327669143676758 -0.27433690428733826 2.103877544403076 204 140 147
-13.327669143676758 -0.27433690428733826 2.103877544403076 204 140 147
-13.34322452545166 -0.25068163871765137 2.0805976390838623 99 29 40
-13.296062469482422 -0.2882882058620453 2.1213040351867676 83 21 29
-13.29951000213623 -0.27472567558288574 2.1069281101226807 90 3 19
-13.268244743347168 -0.28227025270462036 2.1065449714660645 199 142 149
-13.297664642333984 -0.23018378019332886 2.070701837539673 91 2 20
-13.285825729370117 -0.17914333939552307 2.0194551944732666 131 82 88
-15.665326118469238 2.1165611743927 6.4630889892578125 106 64 48
-15.757521629333496 2.087399959564209 5.835285663604736 118 75 68
-15.552274703979492 2.2123589515686035 6.396261692047119 141 91 90
-15.582319259643555 2.208261251449585 6.246044635772705 122 77 72
-15.75860595703125 2.3930656909942627 5.854033470153809 102 47 46
-15.647021293640137 2.330566644668579 5.959988117218018 124 79 76
-15.647021293640137 2.330566644668579 5.959988117218018 124 79 76
-15.45024585723877 2.245835065841675 6.200037956237793 126 85 81
-15.667381286621094 2.3704545497894287 5.882565498352051 77 6 10
-15.616265296936035 2.3866050243377686 6.0161848068237305 136 92 89
-15.970163345336914 2.4451444149017334 5.2927117347717285 123 80 67
-15.413782119750977 2.338750123977661 6.218997478485107 63 19 16
-15.419938087463379 2.339627981185913 6.197274684906006 70 15 16
-15.390423774719238 2.350433826446533 6.277523994445801 69 19 14
-15.401131629943848 2.367990016937256 6.225430488586426 138 89 88
-15.409963607788086 2.381518602371216 6.192164897918701 136 64 71
-15.580322265625 2.4342215061187744 5.905917644500732 77 0 6
-15.381970405578613 2.396066665649414 6.195677280426025 68 7 9
-15.307548522949219 2.3824377059936523 6.325804710388184 74 5 8
-15.319930076599121 2.38627290725708 6.2598137855529785 147 87 89
-15.363665580749512 2.396616220474243 6.167618274688721 137 69 73
-15.321300506591797 2.39733624458313 6.1567487716674805 69 0 1
-15.323440551757812 2.468341827392578 6.176793098449707 72 0 3
-15.534493446350098 2.5761044025421143 5.804660797119141 56 0 0
-15.558405876159668 2.5945310592651367 5.736690998077393 121 48 55
-15.54300308227539 2.5884311199188232 5.75311803817749 125 62 67
-15.107803344726562 2.4206318855285645 6.349472999572754 66 13 11
-15.484733581542969 2.6069040298461914 5.799049377441406 48 0 0
-15.481884956359863 2.6031336784362793 5.7822747230529785 81 21 23
-15.478264808654785 2.6052725315093994 5.76406717300415 160 90 96
-15.451888084411621 2.594668388366699 5.797839641571045 152 77 82
-15.179969787597656 2.5320558547973633 6.174430847167969 161 106 111
-15.093401908874512 2.5050384998321533 6.285945892333984 145 71 80
-15.119133949279785 2.529134511947632 6.155510902404785 59 5 7
-15.095998764038086 2.5682430267333984 6.211291790008545 148 90 89
-15.103429794311523 2.567697286605835 6.131669521331787 173 112 116
-15.17872428894043 2.966705560684204 5.46678352355957 77 3 12
-15.11169147491455 2.9624767303466797 5.531375408172607 175 92 102
-15.170989990234375 3.01314115524292 5.479841709136963 188 125 129
-15.200550079345703 3.0310442447662354 5.405238628387451 164 103 110
-15.200550079345703 3.0310442447662354 5.405238628387451 164 103 110
-14.949920654296875 2.919045925140381 5.714675426483154 180 119 126
-14.86906909942627 2.8859782218933105 5.791752338409424 83 0 10
-14.86906909942627 2.8859782218933105 5.791752338409424 83 0 10
-14.940190315246582 2.906376600265503 5.669469356536865 62 2 8
-15.09398078918457 3.026954174041748 5.527968883514404 189 132 135
-14.917936325073242 2.918733596801758 5.727212429046631 176 117 123
-15.034189224243164 2.996117115020752 5.550195217132568 88 0 10
-15.067466735839844 3.021146774291992 5.50647497177124 73 14 16
-15.076909065246582 3.043673276901245 5.501693248748779 71 16 21
-14.929848670959473 2.942023754119873 5.653454303741455 162 100 107
-14.732806205749512 2.8232033252716064 5.872981071472168 89 0 10
-15.139739990234375 3.062894344329834 5.365906715393066 171 105 113
-14.977764129638672 2.98681378364563 5.576450824737549 175 121 126
-15.150285720825195 3.0845768451690674 5.3387322425842285 113 62 67
-14.940916061401367 2.997391939163208 5.611701488494873 53 1 6
-15.070229530334473 3.057912826538086 5.427538871765137 65 8 15
-15.104613304138184 3.1008565425872803 5.395784854888916 74 2 13
-14.77820873260498 2.916123628616333 5.791994571685791 67 7 9
-14.974310874938965 3.032785177230835 5.547357559204102 180 103 115
-14.974310874938965 3.032785177230835 5.547357559204102 180 103 115
-14.941136360168457 2.9986538887023926 5.547896385192871 174 119 124
-14.653518676757812 2.8819169998168945 5.974041938781738 114 55 61
-14.653518676757812 2.8819169998168945 5.974041938781738 114 55 61
-14.646934509277344 2.870487928390503 5.958965301513672 90 31 37
-14.623200416564941 2.860849380493164 5.990510940551758 72 11 16
-14.888428688049316 3.035109281539917 5.687078475952148 164 110 116
-14.949270248413086 3.0441677570343018 5.546321868896484 74 2 12
-14.645025253295898 2.8986012935638428 5.962076663970947 187 128 134
-14.846307754516602 3.004194736480713 5.692414283752441 44 4 5
-14.937077522277832 3.053666353225708 5.5760884284973145 186 132 137
-15.104986190795898 3.129746675491333 5.3099775314331055 82 2 15
-15.104986190795898 3.129746675491333 5.3099775314331055 82 2 15
-14.86864185333252 3.0257067680358887 5.633764743804932 61 9 14
-14.86864185333252 3.0257067680358887 5.633764743804932 61 9 14
-14.833803176879883 3.0016627311706543 5.666998863220215 168 115 121
-15.050984382629395 3.1096389293670654 5.364370346069336 85 7 20
-14.810215950012207 2.9813661575317383 5.679004192352295 84 7 17
-14.994258880615234 3.0933077335357666 5.445069789886475 86 13 24
-14.634160041809082 2.904611349105835 5.916412830352783 68 9 15
-14.711776733398438 2.964440107345581 5.825260162353516 163 108 113
-14.711776733398438 2.964440107345581 5.825260162353516 163 108 113
-14.942268371582031 3.105283260345459 5.541347026824951 93 0 15
-14.715872764587402 2.95951771736145 5.78485631942749 169 111 116
-14.857742309570312 3.035897731781006 5.587706089019775 161 110 117
-14.830108642578125 3.0228209495544434 5.6191911697387695 193 140 146
-14.523249626159668 2.869056463241577 6.02325963973999 65 12 18
-14.674510955810547 2.9368531703948975 5.8003249168396 59 7 10
-15.01318359375 3.1407110691070557 5.387570381164551 193 117 129
-15.095660209655762 3.1661672592163086 5.251343250274658 71 14 17
-14.610186576843262 2.918591260910034 5.8995866775512695 68 9 15
-14.610186576843262 2.918591260910034 5.8995866775512695 68 9 15
-15.07772159576416 3.1768393516540527 5.297449588775635 178 128 131
-15.07772159576416 3.1768393516540527 5.297449588775635 178 128 131
-14.579549789428711 2.910147190093994 5.940899848937988 70 11 17
-14.564406394958496 2.9056732654571533 5.956460952758789 62 2 8
-14.526749610900879 2.899021625518799 6.018676280975342 139 78 85
-14.527398109436035 2.868920087814331 5.956746578216553 78 17 24
-14.610047340393066 2.964503526687622 5.9080610275268555 178 95 104
-14.783180236816406 3.0275444984436035 5.626204490661621 184 122 130
-14.65815544128418 2.9694321155548096 5.768389701843262 56 4 8
-14.65815544128418 2.9694321155548096 5.768389701843262 56 4 8
-14.799347877502441 3.0599734783172607 5.597540378570557 192 122 133
-14.799347877502441 3.0599734783172607 5.597540378570557 192 122 133
-14.919906616210938 3.1231048107147217 5.435402870178223 171 104 113
-14.553754806518555 2.9471426010131836 5.940108776092529 127 67 74
-15.064118385314941 3.212787389755249 5.244290351867676 77 0 4
-14.513751029968262 2.9206860065460205 5.970112323760986 53 1 4
-14.602890014648438 2.9762582778930664 5.85737419128418 88 2 13
-14.621088981628418 2.922424793243408 5.716132640838623 147 95 99
-14.487467765808105 2.9329042434692383 5.992863178253174 171 119 121
-14.55531120300293 2.94866681098938 5.871901512145996 70 5 11
-14.527524948120117 2.9473865032196045 5.915360927581787 65 1 6
-15.002887725830078 3.2204298973083496 5.3035712242126465 96 0 13
-14.631770133972168 3.0221147537231445 5.777835845947266 59 7 11
-14.631770133972168 3.0221147537231445 5.777835845947266 59 7 11
-14.532247543334961 2.9676241874694824 5.892527103424072 174 109 115
-14.71819019317627 3.073084831237793 5.648070812225342 67 16 20
-15.031164169311523 3.2533769607543945 5.212081432342529 167 98 107
-14.862947463989258 3.155113935470581 5.4236369132995605 70 0 5
-14.911275863647461 3.2034757137298584 5.3779168128967285 57 1 10
-14.718793869018555 3.0767524242401123 5.584959030151367 174 113 122
-14.69351863861084 3.050987720489502 5.594592571258545 96 51 53
-14.732176780700684 3.10017991065979 5.57816219329834 76 2 15
-14.968290328979492 3.2443106174468994 5.276831150054932 78 1 12
-14.701374053955078 3.082002878189087 5.6024088859558105 74 28 30
-14.435649871826172 2.959245204925537 5.962430000305176 88 0 13
-14.625740051269531 3.033337354660034 5.652952194213867 90 0 8
-14.908266067504883 3.2200136184692383 5.330171585083008 188 131 140
-14.531208992004395 3.0180304050445557 5.823680400848389 88 0 10
-14.578579902648926 3.0328500270843506 5.742745876312256 76 4 16
-14.578579902648926 3.0328500270843506 5.742745876312256 76 4 16
-14.38501262664795 2.9567065238952637 6.031222820281982 89 6 21
-14.844587326049805 3.1854300498962402 5.39475154876709 184 121 129
-14.844587326049805 3.1854300498962402 5.39475154876709 184 121 129
-14.939330101013184 3.251688241958618 5.275619029998779 181 119 124
-14.742493629455566 3.1444125175476074 5.513221263885498 192 127 135
-14.450963973999023 3.0133416652679443 5.915612697601318 180 126 126
-14.870647430419922 3.236239433288574 5.333464622497559 55 0 7
-14.870647430419922 3.236239433288574 5.333464622497559 55 0 7
-14.83104419708252 3.21028995513916 5.368122100830078 60 1 8
-14.56667709350586 3.071655750274658 5.7110676765441895 204 134 145
-14.897232055664062 3.2920186519622803 5.295809268951416 73 0 9
-14.677398681640625 3.1333301067352295 5.520558834075928 89 1 18
-14.567678451538086 3.113494634628296 5.709214687347412 77 6 12
-14.856902122497559 3.252351760864258 5.298713684082031 199 141 150
-14.832598686218262 3.2575266361236572 5.3515777587890625 185 128 137
-14.42267894744873 3.0446221828460693 5.901601314544678 184 133 135
-14.79627513885498 3.2316997051239014 5.376187801361084 189 119 131
-14.79627513885498 3.2316997051239014 5.376187801361084 189 119 131
-14.71889591217041 3.1915438175201416 5.467194557189941 75 19 28
-14.881735801696777 3.303567409515381 5.2445068359375 206 130 144
-14.612302780151367 3.1533608436584473 5.56520938873291 74 20 26
-14.422795295715332 3.0588157176971436 5.806376934051514 88 5 19
-14.422795295715332 3.0588157176971436 5.806376934051514 88 5 19
-14.330111503601074 3.022820472717285 5.940406799316406 78 0 13
-14.50455093383789 3.0835819244384766 5.659232139587402 175 122 127
-14.907000541687012 3.346869468688965 5.175405502319336 61 5 14
-14.907000541687012 3.346869468688965 5.175405502319336 61 5 14
-14.818568229675293 3.3039395809173584 5.2864670753479 186 134 144
-14.871809959411621 3.343492269515991 5.225961208343506 74 18 27
-14.432198524475098 3.092458724975586 5.7849040031433105 98 0 13
-14.782350540161133 3.2835562229156494 5.320486068725586 175 124 133
-14.754852294921875 3.275017261505127 5.359142780303955 193 126 136
-14.740151405334473 3.265385150909424 5.37555456161499 84 4 16
-14.648120880126953 3.2151665687561035 5.490971565246582 174 125 131
-14.67077922821045 3.22799015045166 5.448084354400635 59 12 16
-14.365036964416504 3.0589845180511475 5.840188980102539 178 128 130
-14.629853248596191 3.221447229385376 5.506891250610352 54 0 6
-14.67732048034668 3.249030590057373 5.43497371673584 181 115 124
-14.652334213256836 3.23075270652771 5.457066535949707 161 112 118
-14.865494728088379 3.3532564640045166 5.179965496063232 190 134 143
-14.896734237670898 3.3827872276306152 5.152413368225098 183 116 126
-14.567867279052734 3.1650590896606445 5.538880825042725 101 48 52
-14.361527442932129 3.057856321334839 5.815704345703125 61 8 10
-14.45701789855957 3.1080543994903564 5.67230749130249 173 114 120
-14.45701789855957 3.1080543994903564 5.67230749130249 173 114 120
-14.828665733337402 3.33206844329834 5.207043170928955 171 97 112
-14.63170337677002 3.220440149307251 5.455649375915527 67 18 24
-14.656350135803223 3.2584285736083984 5.436253547668457 91 40 47
-14.761131286621094 3.291224956512451 5.247857570648193 178 117 130
-14.340293884277344 3.0804176330566406 5.829069137573242 197 135 140
-14.61689567565918 3.253321647644043 5.482665538787842 43 2 4
-14.85694408416748 3.386033296585083 5.152011871337891 75 15 27
-14.619706153869629 3.2484657764434814 5.454833984375 182 129 137
-14.561638832092285 3.213210344314575 5.515085220336914 62 4 10
-14.62524127960205 3.259735345840454 5.412866592407227 63 13 18
-14.574546813964844 3.2368006706237793 5.488101005554199 87 0 18
-14.77055835723877 3.3635284900665283 5.24260139465332 95 0 18
-14.77055835723877 3.3635284900665283 5.24260139465332 95 0 18
-14.77055835723877 3.3635284900665283 5.24260139465332 95 0 18
-14.26264762878418 3.0406112670898438 5.857891082763672 176 116 123
-14.850082397460938 3.409217119216919 5.121932506561279 195 128 138
-14.579299926757812 3.213566541671753 5.416747093200684 172 119 127
-14.866146087646484 3.4269070625305176 5.109069347381592 86 5 20
-14.5852689743042 3.2653045654296875 5.418115615844727 69 16 24
-14.301857948303223 3.1087749004364014 5.77097225189209 200 130 141
-14.562287330627441 3.264411449432373 5.441711902618408 60 8 14
-14.839186668395996 3.445831775665283 5.093554496765137 84 3 18
-14.74629020690918 3.391873598098755 5.208030700683594 79 5 18
-14.597224235534668 3.296963691711426 5.38116979598999 203 137 145
-14.796805381774902 3.4173200130462646 5.10809850692749 184 121 130
-14.276468276977539 3.1125190258026123 5.77772855758667 59 1 6
-14.555109024047852 3.292152166366577 5.4363179206848145 170 117 123
-14.256170272827148 3.098066568374634 5.788468360900879 80 18 29
-14.556944847106934 3.2901711463928223 5.405655384063721 72 19 25
-14.556944847106934 3.2901711463928223 5.405655384063721 72 19 25
-14.67955493927002 3.3855843544006348 5.270561695098877 74 3 17
-14.565208435058594 3.306898593902588 5.395576000213623 73 20 26
-14.177645683288574 3.1005475521087646 5.8968610763549805 190 124 134
-14.254677772521973 3.1484572887420654 5.801183223724365 153 92 102
-14.747726440429688 3.4302806854248047 5.149241924285889 68 5 14
-14.646025657653809 3.4122185707092285 5.338179111480713 198 125 136
-14.787553787231445 3.4697024822235107 5.1150803565979 61 1 8
-14.536215782165527 3.3104212284088135 5.421755790710449 167 114 120
-14.467907905578613 3.2725605964660645 5.487392425537109 67 21 23
-14.467907905578613 3.2725605964660645 5.487392425537109 67 21 23
-14.550748825073242 3.319669723510742 5.376828670501709 62 9 15
-14.365703582763672 3.203536033630371 5.574127674102783 88 31 38
-14.343500137329102 3.2278735637664795 5.63865327835083 177 120 127
-14.762917518615723 3.500343084335327 5.0930657386779785 101 9 23
-14.189666748046875 3.116107225418091 5.774774551391602 192 126 136
-14.632716178894043 3.3965859413146973 5.224606513977051 107 58 64
-14.632716178894043 3.3965859413146973 5.224606513977051 107 58 64
-14.632716178894043 3.3965859413146973 5.224606513977051 107 58 64
-14.609564781188965 3.3953607082366943 5.264934062957764 71 6 14
-14.210664749145508 3.1472928524017334 5.7550811767578125 78 25 30
-14.435029983520508 3.2754621505737305 5.4549479484558105 62 17 20
-14.435029983520508 3.2754621505737305 5.4549479484558105 62 17 20
-14.112898826599121 3.1134936809539795 5.8797407150268555 54 5 9
-14.601394653320312 3.386550188064575 5.223155498504639 178 120 126
-14.171663284301758 3.1359174251556396 5.744455337524414 192 136 143
-14.203363418579102 3.15797758102417 5.70364236831665 63 1 6
-14.524510383605957 3.375389814376831 5.321798324584961 71 3 16
-14.524510383605957 3.375389814376831 5.321798324584961 71 3 16
-14.43382453918457 3.329529047012329 5.4461541175842285 91 6 19
-14.431377410888672 3.290555000305176 5.378355979919434 90 2 18
-14.518570899963379 3.3907501697540283 5.313849449157715 86 12 27
-14.116500854492188 3.1384198665618896 5.801060199737549 202 115 131
-14.587964057922363 3.433962106704712 5.204797267913818 75 0 10
-14.587964057922363 3.433962106704712 5.204797267913818 75 0 10
-14.16604995727539 3.1883785724639893 5.692676067352295 202 140 148
-14.141561508178711 3.1624841690063477 5.696781158447266 80 26 32
-14.141561508178711 3.1624841690063477 5.696781158447266 80 26 32
-14.596657752990723 3.4575631618499756 5.113850116729736 87 5 17
-14.435001373291016 3.379218816757202 5.313378810882568 154 104 107
-14.08836555480957 3.215968132019043 5.816588401794434 94 1 19
-14.562759399414062 3.482053756713867 5.1533522605896 67 20 26
-14.226672172546387 3.258765459060669 5.529982089996338 182 121 129
-14.226672172546387 3.258765459060669 5.529982089996338 182 121 129
-14.545368194580078 3.4934661388397217 5.1319122314453125 196 139 146
-14.37712574005127 3.3651084899902344 5.298471450805664 201 124 132
-14.37712574005127 3.3651084899902344 5.298471450805664 201 124 132
-14.361565589904785 3.3932673931121826 5.360805988311768 208 147 154
-14.289435386657715 3.3172338008880615 5.397364616394043 207 132 144
-14.290594100952148 3.329869270324707 5.4055962562561035 207 132 144
-14.465658187866211 3.4913978576660156 5.1690802574157715 196 144 148
-14.502184867858887 3.5129804611206055 5.121034622192383 83 9 22
-14.486372947692871 3.507173776626587 5.143654823303223 79 19 27
-14.113073348999023 3.2600252628326416 5.59559440612793 98 4 18
-14.113073348999023 3.2600252628326416 5.59559440612793 98 4 18
-14.455547332763672 3.471804141998291 5.115223407745361 160 106 110
-14.460786819458008 3.525017738342285 5.151113510131836 160 106 110
-14.268879890441895 3.3852269649505615 5.374294757843018 78 24 29
-14.359911918640137 3.454948902130127 5.237331867218018 182 117 121
-14.237433433532715 3.322391986846924 5.307033061981201 160 110 113
-14.417550086975098 3.516434907913208 5.15737247467041 203 134 139
-14.499639511108398 3.590266704559326 5.067892074584961 92 12 23
-14.454304695129395 3.5711936950683594 5.1008124351501465 84 10 21
-14.08704948425293 3.2991695404052734 5.491237163543701 189 101 112
-14.319940567016602 3.4795942306518555 5.222209930419922 82 21 26
-14.41816520690918 3.556612968444824 5.085660457611084 102 13 27
-14.41816520690918 3.556612968444824 5.085660457611084 102 13 27
-14.364066123962402 3.5207672119140625 5.141020774841309 109 2 20
-14.364066123962402 3.5207672119140625 5.141020774841309 109 2 20
-14.309854507446289 3.4808177947998047 5.205450057983398 198 145 148
-14.534773826599121 3.671072483062744 4.945359230041504 197 135 138
-14.498320579528809 3.6509828567504883 4.9344048500061035 75 30 30
-14.2279691696167 3.450161933898926 5.215606689453125 83 12 22
-14.344758033752441 3.5670766830444336 5.084377765655518 65 18 16
-14.141074180603027 3.4096410274505615 5.312555313110352 189 123 131
-14.223031997680664 3.467412233352661 5.2049994468688965 214 134 148
-14.248193740844727 3.491992712020874 5.169690132141113 84 7 17
-14.346960067749023 3.5790855884552 5.05740213394165 186 148 145
-14.282920837402344 3.5428009033203125 5.130424976348877 114 5 26
-14.339529037475586 3.5895910263061523 5.040037631988525 71 24 24
-14.295374870300293 3.572375535964966 5.093740463256836 89 12 22
-14.453621864318848 3.703585386276245 4.911012172698975 211 151 157
-14.191210746765137 3.49214768409729 5.18746280670166 101 12 24
-14.191210746765137 3.49214768409729 5.18746280670166 101 12 24
-14.131800651550293 3.481265068054199 5.292904376983643 95 48 50
-14.213565826416016 3.510469436645508 5.152005195617676 215 154 156
-14.213565826416016 3.510469436645508 5.152005195617676 215 154 156
-14.328573226928711 3.61769700050354 5.029504776000977 195 128 135
-14.287240982055664 3.5848898887634277 5.0670166015625 208 146 151
-14.302438735961914 3.6092021465301514 5.059651851654053 82 32 33
-14.148651123046875 3.452890396118164 5.173259735107422 100 12 26
-14.207624435424805 3.5275533199310303 5.137086391448975 70 21 22
-14.207624435424805 3.5275533199310303 5.137086391448975 70 21 22
-14.20569896697998 3.5329251289367676 5.141818523406982 70 21 22
-14.221759796142578 3.5495476722717285 5.113430500030518 217 158 162
-14.221759796142578 3.5495476722717285 5.113430500030518 217 158 162
-14.183991432189941 3.5285112857818604 5.142132759094238 209 148 151
-14.089664459228516 3.448869228363037 5.227275371551514 184 138 140
-14.23147964477539 3.600377082824707 5.056623458862305 102 11 26
-14.411540985107422 3.752056121826172 4.849732398986816 79 8 17
-14.314589500427246 3.6747043132781982 4.922216892242432 96 17 24
-14.381468772888184 3.7436184883117676 4.850709915161133 76 24 25
-14.056806564331055 3.4706835746765137 5.195891380310059 59 4 7
-14.056806564331055 3.4706835746765137 5.195891380310059 59 4 7
-14.378294944763184 3.7642693519592285 4.830171585083008 206 145 150
-14.144875526428223 3.5657641887664795 5.079955101013184 213 152 157
-14.358366012573242 3.735145330429077 4.835351467132568 192 145 148
-14.264168739318848 3.664463996887207 4.911368370056152 190 114 124
-14.102048873901367 3.546114206314087 5.096595764160156 79 27 31
-14.094060897827148 3.517713785171509 5.052239894866943 170 126 127
-14.268324851989746 3.7243306636810303 4.899212837219238 93 17 27
-14.076342582702637 3.537871837615967 5.055375576019287 131 83 85
-14.130125999450684 3.611706018447876 5.018424987792969 104 12 27
-14.192154884338379 3.668536424636841 4.94281530380249 187 138 141
-14.175962448120117 3.6433897018432617 4.948219299316406 199 145 148
-14.27145004272461 3.7828333377838135 4.892307281494141 189 128 135
-14.158265113830566 3.6669905185699463 4.937626361846924 94 13 28
-14.204005241394043 3.691011905670166 4.858202934265137 105 9 26
-14.18057918548584 3.6936848163604736 4.902772903442383 108 14 34
-14.399870872497559 3.880878448486328 4.655022144317627 123 90 69
-14.2921142578125 3.7873432636260986 4.754103660583496 201 128 137
-14.2921142578125 3.7873432636260986 4.754103660583496 201 128 137
-14.12556266784668 3.668023109436035 4.950068473815918 193 120 127
-14.12556266784668 3.668023109436035 4.950068473815918 193 120 127
-14.250791549682617 3.773890972137451 4.785877227783203 197 152 155
-14.135337829589844 3.6760644912719727 4.903436660766602 196 136 144
-14.267423629760742 3.8022947311401367 4.759738922119141 67 18 19
-14.22091007232666 3.7488622665405273 4.7962470054626465 61 17 18
-14.154029846191406 3.7117674350738525 4.862026214599609 208 151 156
-14.132221221923828 3.6978228092193604 4.888401985168457 73 24 27
-14.250489234924316 3.8114068508148193 4.763406276702881 191 140 141
-14.103848457336426 3.6863932609558105 4.91969633102417 78 8 12
-14.22901725769043 3.817249059677124 4.780706405639648 69 11 18
-14.251749992370605 3.8248701095581055 4.735618591308594 188 108 119
-14.107026100158691 3.6983792781829834 4.884572505950928 211 152 158
-14.181299209594727 3.786208391189575 4.798346996307373 202 130 141
-14.064292907714844 3.6552743911743164 4.881028175354004 212 138 143
-14.064292907714844 3.6552743911743164 4.881028175354004 212 138 143
-14.165180206298828 3.8163182735443115 4.835268974304199 99 15 28
-14.06915283203125 3.6926474571228027 4.858198165893555 98 16 30
-14.262110710144043 3.861483097076416 4.623244762420654 105 5 17
-14.09792423248291 3.7500925064086914 4.80317497253418 219 159 166
-14.09792423248291 3.7500925064086914 4.80317497253418 219 159 166
-14.052512168884277 3.6919188499450684 4.819047927856445 203 152 157
-14.123710632324219 3.8327455520629883 4.799588680267334 93 3 20
-14.109312057495117 3.743211269378662 4.692825794219971 198 131 138
-14.109312057495117 3.743211269378662 4.692825794219971 198 131 138
-14.11905288696289 3.825592041015625 4.714117050170898 91 15 25
-14.154956817626953 3.840233087539673 4.629996299743652 189 109 120
-14.143689155578613 3.8767592906951904 4.688554286956787 83 3 14
-14.058012962341309 3.7432303428649902 4.724763870239258 93 11 23
-14.106361389160156 3.8426289558410645 4.6778035163879395 97 11 24
-14.129151344299316 3.8345656394958496 4.613612651824951 210 130 141
-14.129151344299316 3.8345656394958496 4.613612651824951 210 130 141
-14.043478012084961 3.7692391872406006 4.669614315032959 92 7 19
-14.030418395996094 3.790027141571045 4.697002410888672 98 16 28
-14.022802352905273 3.8020784854888916 4.648039817810059 207 147 155
-14.022802352905273 3.8020784854888916 4.648039817810059 207 147 155
-14.054512977600098 3.8535866737365723 4.585367679595947 87 35 39
-14.043581008911133 3.8630948066711426 4.546914577484131 212 142 153
-14.238166809082031 4.22889518737793 4.279256820678711 123 148 153
-14.167954444885254 4.369040012359619 4.254219055175781 122 139 139
-28.834877014160156 34.31234359741211 36.49468231201172 192 124 117
-26.96346664428711 34.660545349121094 40.107940673828125 182 116 104
-37.1716423034668 48.42626953125 44.02724075317383 78 64 48
-25.892704010009766 32.364925384521484 37.879207611083984 201 130 118
-27.053085327148438 31.31304359436035 33.755531311035156 204 124 120
-27.04022979736328 37.89046859741211 44.82343292236328 203 129 116
-28.037429809570312 32.682106018066406 33.64902877807617 197 130 124
-26.590999603271484 37.183258056640625 43.26186752319336 207 130 124
-26.89333152770996 31.412450790405273 32.91449737548828 118 27 24
-27.95728874206543 43.07065200805664 49.97893524169922 195 132 123
-25.64021873474121 33.510868072509766 38.44981384277344 186 128 116
-25.67281150817871 29.288076400756836 31.289234161376953 161 110 97
-25.67281150817871 29.288076400756836 31.289234161376953 161 110 97
-26.27668571472168 29.912654876708984 30.820165634155273 174 114 106
-24.930307388305664 27.755462646484375 29.587568283081055 176 119 108
-25.435001373291016 34.43712615966797 38.61262512207031 123 30 30
-23.690881729125977 27.02614974975586 29.798599243164062 200 141 133
-24.119401931762695 26.885852813720703 28.603702545166016 151 92 84
-23.88092613220215 26.302173614501953 27.867631912231445 190 124 118
-23.221132278442383 26.356243133544922 28.99347496032715 196 126 119
-23.539052963256836 26.446636199951172 28.44167709350586 118 22 23
-23.842281341552734 26.793222427368164 28.322359085083008 97 19 17
-24.910537719726562 35.55903625488281 39.70158386230469 177 122 110
-24.18342399597168 33.01853942871094 36.81022644042969 109 37 30
-24.748987197875977 35.63088607788086 39.38111114501953 201 138 128
-23.902956008911133 32.50660705566406 35.999813079833984 180 97 94
-23.177303314208984 25.52815818786621 26.715059280395508 95 21 18
-23.177303314208984 25.52815818786621 26.715059280395508 95 21 18
-28.686325073242188 53.03268051147461 57.551910400390625 117 26 23
-28.686325073242188 53.03268051147461 57.551910400390625 117 26 23
-25.007293701171875 37.84646224975586 41.55529022216797 178 113 107
-22.630779266357422 25.356828689575195 27.026939392089844 125 16 19
-22.547487258911133 24.2430362701416 25.479990005493164 203 129 126
-23.597923278808594 32.55257034301758 35.777870178222656 171 89 85
-22.546998977661133 26.891502380371094 28.71564483642578 122 46 41
-22.349584579467773 24.54926872253418 25.654712677001953 181 118 113
-27.080839157104492 30.290929794311523 24.75218963623047 77 74 67
-21.87925148010254 24.203323364257812 25.09318733215332 113 25 24
-21.630115509033203 24.27098846435547 24.997806549072266 102 25 21
-21.88544464111328 25.19779396057129 25.779111862182617 124 46 42
-21.38977813720703 23.5299015045166 24.199504852294922 203 121 118
-21.38390350341797 23.877944946289062 24.699947357177734 194 116 112
-21.632766723632812 24.15293312072754 24.60783576965332 100 11 10
-21.652957916259766 24.9468936920166 25.491405487060547 109 15 16
-39.49227523803711 59.75994873046875 30.76204490661621 125 117 114
-19.88348960876465 25.739940643310547 23.108661651611328 101 15 24
-19.88348960876465 25.739940643310547 23.108661651611328 101 15 24
-19.700817108154297 24.473527908325195 21.93861198425293 115 4 21
-22.355318069458008 40.350521087646484 35.202110290527344 108 8 18
-20.279705047607422 29.011816024780273 25.859664916992188 105 39 41
-19.724136352539062 25.627710342407227 22.795724868774414 194 128 130
-20.274341583251953 29.370824813842773 25.98982810974121 189 123 125
-20.61669158935547 31.475221633911133 27.756898880004883 199 133 135
-19.919357299804688 27.344219207763672 24.065597534179688 89 24 25
-19.56185531616211 24.976276397705078 21.968055725097656 108 7 21
-19.628149032592773 25.51546287536621 22.14850616455078 198 121 127
-19.936559677124023 28.135448455810547 24.154895782470703 103 5 16
-19.455047607421875 25.368717193603516 21.562397003173828 177 115 116
-19.455467224121094 25.381155014038086 21.221162796020508 202 109 117
-20.645305633544922 33.771358489990234 27.583797454833984 111 7 16
-20.645305633544922 33.771358489990234 27.583797454833984 111 7 16
-28.17571258544922 37.81236267089844 16.753063201904297 150 147 156
-30.893634796142578 47.190486907958984 18.04714012145996 60 80 117
-18.702091217041016 0.3573794662952423 4.164394855499268 77 52 56
-18.414554595947266 0.6290199756622314 5.073609352111816 133 137 120
-18.470413208007812 0.48754507303237915 4.2987446784973145 166 171 167
-18.686321258544922 0.5568674802780151 3.922820568084717 130 125 121
-18.45406150817871 0.6982645392417908 4.027623176574707 86 65 72
-19.033172607421875 1.0546443462371826 3.0330982208251953 79 34 31
-18.42163848876953 1.0086520910263062 3.8683793544769287 151 153 150
-18.227880477905273 1.255876064300537 3.9520912170410156 6 39 10
-18.227880477905273 1.255876064300537 3.9520912170410156 6 39 10
-17.913015365600586 1.5249028205871582 4.556699752807617 92 117 77
-17.965694427490234 2.010603189468384 3.929291009902954 71 69 57
-18.23173713684082 2.15077543258667 3.464770555496216 47 38 21
-18.15972900390625 2.551117181777954 3.519784450531006 50 38 24
-17.801725387573242 2.7267332077026367 4.2470622062683105 195 199 184
-17.801725387573242 2.7267332077026367 4.2470622062683105 195 199 184
-18.33315658569336 3.0948872566223145 3.3915157318115234 129 126 111
-17.52288818359375 3.4334990978240967 4.414461612701416 40 93 41
-14.217172622680664 -3.5176279544830322 1.4151334762573242 112 20 23
-14.196990013122559 -3.514813184738159 1.4446799755096436 189 107 111
-14.176321983337402 -3.5149877071380615 1.481732964515686 150 61 63
-14.167503356933594 -3.515502452850342 1.494943618774414 158 69 73
-14.20382022857666 -3.510349988937378 1.4293251037597656 169 84 91
-14.203598022460938 -3.5035228729248047 1.4224998950958252 136 51 58
-14.17363452911377 -3.5026586055755615 1.4732944965362549 126 18 26
-14.163176536560059 -3.502619981765747 1.4825541973114014 179 109 111
-14.197925567626953 -3.493145704269409 1.4223040342330933 183 109 110
-14.189022064208984 -3.493159770965576 1.4320976734161377 113 22 27
-14.168792724609375 -3.4913086891174316 1.4680931568145752 131 16 29
-14.156636238098145 -3.490004777908325 1.4824159145355225 201 135 137
-14.187555313110352 -3.4883313179016113 1.4238207340240479 187 113 114
-14.19154167175293 -3.4829487800598145 1.4167596101760864 98 24 25
-14.19154167175293 -3.4829487800598145 1.4167596101760864 98 24 25
-14.156643867492676 -3.4796135425567627 1.4699726104736328 126 16 25
-14.185718536376953 -3.4782636165618896 1.407865285873413 191 108 115
-14.18115234375 -3.4743900299072266 1.4223382472991943 172 113 109
-14.052783966064453 -3.4964473247528076 1.5966843366622925 167 101 103
-14.169677734375 -3.471139907836914 1.437638759613037 167 94 97
-14.164129257202148 -3.468122720718384 1.4510514736175537 104 25 30
-14.189798355102539 -3.4664266109466553 1.399611473083496 171 84 93
-14.162345886230469 -3.467593193054199 1.4426558017730713 196 121 125
-14.053435325622559 -3.482403039932251 1.5811680555343628 120 18 32
-14.125426292419434 -3.4516701698303223 1.4764201641082764 166 101 105
-14.060526847839355 -3.4518392086029053 1.5491316318511963 121 7 20
-14.019393920898438 -3.461280584335327 1.5818690061569214 161 102 102
-14.14060115814209 -3.4122724533081055 1.4067091941833496 161 90 96
-14.134241104125977 -3.404881238937378 1.413896083831787 104 12 25
-14.137187004089355 -3.3939123153686523 1.396405577659607 196 115 122
-14.120065689086914 -3.378026247024536 1.4015611410140991 163 72 82
-13.992913246154785 -3.3990118503570557 1.536585807800293 94 8 17
-14.017352104187012 -3.3890786170959473 1.5124098062515259 151 70 77
-14.00507926940918 -3.391138792037964 1.522010087966919 125 4 23
-14.00507926940918 -3.391138792037964 1.522010087966919 125 4 23
-14.077380180358887 -3.3664979934692383 1.4380221366882324 120 5 22
-13.981145858764648 -3.3903517723083496 1.5291508436203003 160 91 94
-14.097482681274414 -3.344663143157959 1.3805140256881714 116 10 22
-14.0966215133667 -3.3453047275543213 1.3800369501113892 116 10 22
-14.077398300170898 -3.341351270675659 1.4076306819915771 107 11 25
-14.103647232055664 -3.3319380283355713 1.3660986423492432 175 96 102
-14.089632034301758 -3.3341450691223145 1.3851509094238281 163 74 84
-14.001705169677734 -3.357919931411743 1.4914603233337402 186 105 111
-13.96778678894043 -3.373211145401001 1.5203967094421387 148 79 84
-14.062691688537598 -3.335491418838501 1.4160528182983398 193 110 118
-14.096562385559082 -3.326169013977051 1.3703434467315674 143 77 81
-14.08731746673584 -3.3240160942077637 1.3800585269927979 85 19 23
-14.065847396850586 -3.3264710903167725 1.4085177183151245 187 136 135
-14.08134651184082 -3.323568344116211 1.3854215145111084 115 5 22
-14.095897674560547 -3.3182501792907715 1.3562291860580444 108 15 26
-14.072900772094727 -3.3093817234039307 1.3797893524169922 194 118 124
-14.085417747497559 -3.2988457679748535 1.3515350818634033 109 16 27
-14.071226119995117 -3.290494203567505 1.3625061511993408 142 82 87
-14.017692565917969 -3.3022031784057617 1.4289284944534302 146 86 86
-14.048384666442871 -3.293184518814087 1.3902926445007324 106 25 34
-14.040165901184082 -3.296452522277832 1.3981153964996338 101 21 30
-14.040165901184082 -3.296452522277832 1.3981153964996338 101 21 30
-13.990135192871094 -3.3103954792022705 1.448656678199768 158 100 99
-14.05263900756836 -3.284536123275757 1.376875877380371 111 5 25
-14.039471626281738 -3.2880702018737793 1.3936702013015747 184 103 112
-14.056037902832031 -3.2797510623931885 1.3713940382003784 190 119 127
-14.059662818908691 -3.276127576828003 1.3630059957504272 110 32 42
-14.032729148864746 -3.281569719314575 1.3941504955291748 132 38 52
-14.038544654846191 -3.2793643474578857 1.3857753276824951 107 15 28
-14.063544273376465 -3.2691190242767334 1.3465620279312134 172 92 95
-13.977821350097656 -3.294492483139038 1.442169427871704 148 90 89
-14.022077560424805 -3.2739689350128174 1.3931735754013062 113 37 43
-14.024213790893555 -3.2620091438293457 1.379689335823059 104 6 21
-14.024213790893555 -3.2620091438293457 1.379689335823059 104 6 21
-13.980676651000977 -3.2778472900390625 1.4216811656951904 79 8 14
-13.9819974899292 -3.2721426486968994 1.417493224143982 180 109 115
-13.994409561157227 -3.268050193786621 1.4020464420318604 112 17 31
-14.023438453674316 -3.253732919692993 1.3697788715362549 198 110 122
-14.01008129119873 -3.2533490657806396 1.3823285102844238 167 102 106
-14.01490592956543 -3.253246545791626 1.3708058595657349 135 70 74
-13.991976737976074 -3.2584218978881836 1.3980261087417603 158 66 79
-13.969297409057617 -3.268207311630249 1.419059157371521 183 98 107
-13.997474670410156 -3.2491958141326904 1.3818475008010864 202 126 132
-13.965545654296875 -3.2649343013763428 1.4117590188980103 94 12 20
-14.002089500427246 -3.2447123527526855 1.376015067100525 88 23 27
-13.959848403930664 -3.261725664138794 1.413356900215149 103 7 19
-13.984025001525879 -3.2487196922302246 1.3886749744415283 120 11 28
-14.00705623626709 -3.2338550090789795 1.3612416982650757 195 107 119
-14.013175010681152 -3.220925807952881 1.3470349311828613 178 100 109
-14.005338668823242 -3.2240278720855713 1.3538038730621338 111 21 33
-13.992136001586914 -3.228348970413208 1.3650667667388916 109 11 24
-14.012030601501465 -3.212743043899536 1.3410344123840332 106 44 47
-14.002665519714355 -3.2092597484588623 1.3419023752212524 176 96 105
-13.975744247436523 -3.2031116485595703 1.3483633995056152 115 14 27
-13.969168663024902 -3.2050528526306152 1.3514107465744019 122 17 31
-13.973882675170898 -3.1994740962982178 1.3409663438796997 205 112 123
-13.9773588180542 -3.1873040199279785 1.3363847732543945 110 17 28
-13.992937088012695 -3.17653226852417 1.3075488805770874 187 114 119
-13.957852363586426 -3.186655044555664 1.3355673551559448 149 75 80
-22.697208404541016 0.6477028727531433 6.856442451477051 198 117 113
-22.744279861450195 0.7275086045265198 7.084092617034912 167 96 90
-22.49372673034668 0.6655176281929016 6.994823455810547 125 36 34
-22.49372673034668 0.6655176281929016 6.994823455810547 125 36 34
-22.384490966796875 0.595429003238678 6.804660320281982 127 56 50
-22.09491539001465 0.5284163951873779 6.63968563079834 171 99 93
-21.74419403076172 0.4287976026535034 6.394259452819824 111 33 31
-21.74419403076172 0.4287976026535034 6.394259452819824 111 33 31
-22.004409790039062 0.6153307557106018 6.7850260734558105 112 41 37
-21.673019409179688 0.4398709535598755 6.326315879821777 178 100 98
-21.673019409179688 0.4398709535598755 6.326315879821777 178 100 98
-21.629150390625 0.45061174035072327 6.3940935134887695 186 96 98
-21.629150390625 0.45061174035072327 6.3940935134887695 186 96 98
-21.633277893066406 0.5077902674674988 6.529727458953857 163 88 91
-21.23764419555664 0.26481810212135315 5.974826812744141 171 87 87
-21.312786102294922 0.3591943085193634 6.119596004486084 125 31 32
-21.335670471191406 0.38507410883903503 6.218970775604248 122 27 31
-22.14598846435547 0.9583361148834229 7.525689125061035 163 102 97
-21.305675506591797 0.4072399437427521 6.037787437438965 187 116 114
-21.155824661254883 0.3229714334011078 5.8983964920043945 119 27 32
-21.087722778320312 0.345255583524704 6.057979583740234 183 94 98
-21.6549015045166 0.7758244276046753 6.966331481933594 167 92 89
-20.87995719909668 0.338239461183548 5.939091682434082 173 102 100
-21.396419525146484 0.7200018167495728 6.8644185066223145 172 107 105
-22.142576217651367 1.2738229036331177 8.186968803405762 106 17 19
-22.226728439331055 1.3442155122756958 8.194794654846191 119 11 17
-22.238372802734375 1.3846092224121094 8.373921394348145 148 79 79
-21.046424865722656 0.5276233553886414 6.266776084899902 162 105 97
-21.740108489990234 1.0742197036743164 7.642935752868652 151 80 78
-21.740108489990234 1.0742197036743164 7.642935752868652 151 80 78
-21.71154022216797 1.1297260522842407 7.485802173614502 113 14 17
-21.638134002685547 1.2052826881408691 7.650399684906006 176 103 100
-20.316631317138672 0.2443898469209671 5.636449337005615 115 13 24
-20.29559326171875 0.20518817007541656 5.442958831787109 163 89 88
-21.756925582885742 1.3411504030227661 8.026374816894531 151 80 78
-21.843284606933594 1.4382917881011963 8.23619556427002 100 20 21
-20.079992294311523 0.11072159558534622 5.348062038421631 188 117 113
-21.4068546295166 1.1205674409866333 7.422536373138428 156 93 88
-22.488719940185547 2.0359609127044678 9.594146728515625 93 12 9
-21.39033317565918 1.175667405128479 7.5812153816223145 106 14 17
-20.151968002319336 0.21364480257034302 5.407527446746826 105 9 13
-21.235349655151367 1.053046703338623 7.188024044036865 140 60 63
-21.41671371459961 1.2417391538619995 7.667257785797119 101 9 12
-20.747713088989258 0.7336984276771545 6.509029388427734 107 18 20
-21.125858306884766 1.0721642971038818 7.224748611450195 103 28 28
-21.265766143798828 1.265242576599121 7.639231204986572 156 80 82
-21.265766143798828 1.265242576599121 7.639231204986572 156 80 82
-20.259462356567383 0.42131292819976807 5.6364665031433105 97 11 15
-20.765949249267578 0.9111743569374084 6.706909656524658 172 97 93
-20.552589416503906 0.7719405293464661 6.454946994781494 108 28 31
-21.130739212036133 1.2828930616378784 7.568950653076172 90 15 18
-20.253314971923828 0.5828303098678589 6.105040550231934 161 85 89
-20.988235473632812 1.1865696907043457 7.2981133460998535 105 9 13
-20.609113693237305 0.9001818895339966 6.696526050567627 112 5 11
-20.063518524169922 0.4618299603462219 5.792143821716309 109 10 13
-21.059728622436523 1.337255835533142 7.527976989746094 141 69 73
-21.3201847076416 1.5366263389587402 7.883899211883545 99 9 18
-20.189661026000977 0.6904950737953186 6.236820697784424 140 70 72
-21.575725555419922 1.939589262008667 9.017951011657715 148 69 67
-20.90652847290039 1.3022712469100952 7.255373001098633 103 7 11
-20.14570426940918 0.6774019002914429 5.989012241363525 142 72 74
-20.16489028930664 0.7391312122344971 6.1204376220703125 105 8 19
-20.16489028930664 0.7391312122344971 6.1204376220703125 105 8 19
-21.396953582763672 1.8360528945922852 8.453570365905762 76 4 3
-21.396953582763672 1.8360528945922852 8.453570365905762 76 4 3
-21.46343994140625 1.9357019662857056 8.754502296447754 101 9 14
-19.606752395629883 0.28778916597366333 5.165087699890137 161 77 84
-20.851879119873047 1.3616999387741089 7.364649295806885 137 66 65
-20.91566276550293 1.4492791891098022 7.571079254150391 98 12 15
-20.91566276550293 1.4492791891098022 7.571079254150391 98 12 15
-19.518877029418945 0.24616172909736633 5.009620666503906 122 56 58
-21.45842933654785 1.9726287126541138 8.695343017578125 110 4 14
-21.046485900878906 1.6334083080291748 7.910670280456543 128 52 54
-19.90692901611328 0.633151650428772 5.7597975730896 98 2 13
-19.475688934326172 0.2794196307659149 5.099658966064453 101 14 22
-19.641050338745117 0.4247119724750519 5.384594440460205 163 95 94
-19.641050338745117 0.4247119724750519 5.384594440460205 163 95 94
-21.50167465209961 2.1057889461517334 8.940074920654297 149 77 71
-21.449129104614258 2.05433988571167 8.774675369262695 88 7 8
-20.035066604614258 0.796720027923584 6.139321327209473 146 78 77
-20.892057418823242 1.5625643730163574 7.702976226806641 131 59 63
-20.892057418823242 1.5625643730163574 7.702976226806641 131 59 63
-19.53883934020996 0.4104500710964203 5.360123634338379 172 104 103
-20.802457809448242 1.3530797958374023 6.617918014526367 99 8 17
-19.479328155517578 0.39270445704460144 5.180569648742676 95 6 14
-19.479328155517578 0.39270445704460144 5.180569648742676 95 6 14
-19.555429458618164 0.47421401739120483 5.337521076202393 112 10 24
-20.622373580932617 1.4518005847930908 7.345458507537842 99 12 18
-20.89191436767578 1.7106220722198486 7.865702152252197 96 7 11
-19.605079650878906 0.6019106507301331 5.713637828826904 99 8 17
-21.016407012939453 1.9005450010299683 8.17124080657959 76 0 1
-21.016407012939453 1.9005450010299683 8.17124080657959 76 0 1
-21.121417999267578 2.0221846103668213 8.423537254333496 95 5 7
-20.25486183166504 1.274776577949524 6.781816005706787 101 5 9
-19.588163375854492 0.6325742602348328 5.4312825202941895 169 76 84
-19.457427978515625 0.532274603843689 5.286943435668945 92 20 24
-19.457427978515625 0.532274603843689 5.286943435668945 92 20 24
-19.417388916015625 0.49225524067878723 5.190661430358887 82 0 7
-19.524080276489258 0.6299532055854797 5.569082736968994 121 61 60
-21.024242401123047 2.073051691055298 8.556981086730957 118 51 45
-20.23546028137207 1.2021162509918213 6.336184024810791 139 83 80
-20.786428451538086 1.815737247467041 7.8458733558654785 156 96 90
-20.820659637451172 1.8674362897872925 7.980978012084961 146 89 82
-20.583044052124023 1.608099102973938 7.334230899810791 100 8 13
-19.39761734008789 0.5984857082366943 5.58004093170166 102 7 15
-19.39761734008789 0.5984857082366943 5.58004093170166 102 7 15
-19.381689071655273 0.5213690996170044 5.216662883758545 157 85 89
-19.67395782470703 0.8614276647567749 5.869073390960693 149 77 80
-20.36878204345703 1.5126854181289673 7.0374979972839355 143 73 75
-20.753555297851562 1.8925800323486328 7.783243656158447 98 9 12
-20.753555297851562 1.8925800323486328 7.783243656158447 98 9 12
-21.01456069946289 2.194993019104004 8.375316619873047 93 2 7
-19.823598861694336 1.03835129737854 6.025094985961914 127 57 61
-20.266319274902344 1.5397900342941284 6.976895809173584 91 10 17
-20.41291618347168 1.7198117971420288 7.347469329833984 132 60 63
-20.41291618347168 1.7198117971420288 7.347469329833984 132 60 63
-19.405628204345703 0.7221745252609253 5.309999942779541 162 83 88
-19.72335433959961 1.0071038007736206 5.73930025100708 137 75 76
-19.371591567993164 0.6943540573120117 5.1960062980651855 92 11 18
-19.371591567993164 0.6943540573120117 5.1960062980651855 92 11 18
-20.26849365234375 1.592133641242981 6.946054458618164 132 56 60
-19.64697265625 1.0191444158554077 5.884065628051758 91 19 23
-19.309093475341797 0.6914249658584595 5.105165481567383 173 102 103
-20.200220108032227 1.6188433170318604 6.931703567504883 136 60 64
-20.47144889831543 1.8632903099060059 7.2972822189331055 102 6 10
-20.452905654907227 1.9188824892044067 7.408629894256592 126 55 59
-19.674762725830078 1.141721487045288 5.94757604598999 132 64 61
-19.229148864746094 0.7670384645462036 5.373989582061768 133 76 75
-19.485307693481445 1.0263458490371704 5.685642719268799 101 3 12
-20.046918869018555 1.595309853553772 6.666929721832275 103 8 12
-19.366016387939453 0.9039191603660583 5.378437519073486 98 12 13
-19.366016387939453 0.9039191603660583 5.378437519073486 98 12 13
-19.58740997314453 1.1397236585617065 5.686416149139404 94 31 29
-19.25324249267578 0.8411616683006287 5.213597774505615 164 93 97
-19.762737274169922 1.3921246528625488 6.152138710021973 110 4 16
-19.762737274169922 1.3921246528625488 6.152138710021973 110 4 16
-19.276020050048828 0.87610924243927 5.064831256866455 95 15 18
-20.372486114501953 1.9477672576904297 6.803877830505371 141 75 74
-20.372486114501953 1.9477672576904297 6.803877830505371 141 75 74
-19.24827003479004 0.8847537040710449 5.1440324783325195 103 20 28
-20.112380981445312 1.8827354907989502 7.134425163269043 118 50 51
-20.145830154418945 1.919828176498413 7.041029930114746 96 10 13
-19.290029525756836 0.9579591751098633 5.1134748458862305 167 96 99
-19.67979621887207 1.497636079788208 5.9309892654418945 96 11 18
-20.012235641479492 1.9191161394119263 6.819971084594727 136 64 67
-19.392507553100586 1.239137887954712 5.532481670379639 111 49 48
-19.255849838256836 1.0623916387557983 5.011947154998779 175 100 105
-19.785131454467773 1.7620562314987183 6.4800543785095215 100 8 13
-19.236976623535156 1.0875426530838013 5.081587314605713 161 78 86
-19.868196487426758 1.844358205795288 6.3853864669799805 133 66 64
-19.5401554107666 1.4097379446029663 5.37864351272583 99 12 20
-19.679000854492188 1.5669584274291992 5.6376237869262695 102 10 15
-19.6381778717041 1.6744287014007568 5.933953285217285 147 81 82
-19.24421501159668 1.222164511680603 5.115082740783691 171 88 94
-19.306615829467773 1.31187903881073 5.285301685333252 156 84 87
-19.3447265625 1.346824288368225 5.16555643081665 167 86 93
-19.389192581176758 1.4522958993911743 5.254418849945068 95 13 20
-19.389192581176758 1.4522958993911743 5.254418849945068 95 13 20
-19.360570907592773 1.4163058996200562 5.156773090362549 100 14 23
-19.561433792114258 1.6985834836959839 5.56287956237793 103 11 14
-19.39960289001465 1.5390621423721313 5.249682903289795 173 87 96
-19.199644088745117 1.359516978263855 4.902968883514404 109 9 21
-19.21622085571289 1.4190425872802734 5.015516757965088 103 8 16
-37.4462890625 8.694520950317383 16.583097457885742 130 58 62
-36.878684997558594 8.637092590332031 16.608991622924805 199 118 122
-34.44749450683594 7.800737380981445 15.206130027770996 132 30 43
-36.856201171875 9.61226749420166 18.550243377685547 125 30 41
-32.499210357666016 7.097513675689697 13.940488815307617 132 31 47
-33.228057861328125 7.918236255645752 15.252628326416016 134 18 31
-38.68134307861328 11.657713890075684 21.896804809570312 128 22 27
-38.68134307861328 11.657713890075684 21.896804809570312 128 22 27
-30.368091583251953 6.353914737701416 12.884865760803223 174 108 110
-36.19615936279297 10.156170845031738 19.386032104492188 126 33 41
-32.84183120727539 7.965384006500244 15.604187965393066 114 28 37
-33.36784744262695 8.443947792053223 16.35381507873535 156 94 93
-34.7704963684082 9.537127494812012 18.395620346069336 152 88 89
-34.7704963684082 9.537127494812012 18.395620346069336 152 88 89
-38.30713653564453 11.992192268371582 22.921810150146484 184 111 118
-30.957324981689453 7.059941291809082 13.968765258789062 165 101 101
-31.22225570678711 7.344505786895752 14.461030006408691 125 25 37
-31.22225570678711 7.344505786895752 14.461030006408691 125 25 37
-28.250669479370117 5.320488452911377 10.770448684692383 133 56 62
-28.322086334228516 5.445714473724365 10.987582206726074 111 11 27
-33.57790756225586 9.310489654541016 18.15091896057129 156 91 92
-35.87413787841797 10.888461112976074 20.556013107299805 122 22 34
-28.878555297851562 5.945000171661377 11.892170906066895 201 139 142
-29.64092254638672 6.530616760253906 13.026395797729492 109 17 28
-29.293642044067383 6.283543586730957 12.48747730255127 124 13 29
-29.088666915893555 6.175443172454834 12.242009162902832 118 21 32
-36.106666564941406 11.329689025878906 21.413888931274414 114 50 52
-36.106666564941406 11.329689025878906 21.413888931274414 114 50 52
-29.48554801940918 6.566562175750732 13.0331392288208 99 7 18
-29.17183494567871 6.413051605224609 12.652103424072266 152 78 84
-35.64363098144531 11.11206340789795 20.791770935058594 131 75 74
-27.970592498779297 5.630565166473389 11.263370513916016 118 17 31
-29.147737503051758 6.591171741485596 12.933327674865723 119 15 30
-28.268848419189453 5.923708915710449 11.696721076965332 116 16 28
-28.268848419189453 5.923708915710449 11.696721076965332 116 16 28
-27.296472549438477 5.258586883544922 10.496702194213867 123 27 39
-32.9515266418457 9.536605834960938 18.087993621826172 125 30 42
-28.102291107177734 6.021674633026123 11.856372833251953 187 110 116
-35.08613967895508 11.459953308105469 21.275659561157227 119 15 28
-27.233436584472656 5.443057537078857 10.794163703918457 100 10 22
-28.695070266723633 6.500018119812012 12.395057678222656 162 102 102
-35.408939361572266 11.821990966796875 22.01304817199707 117 12 19
-26.515378952026367 5.0020670890808105 10.070794105529785 206 114 125
-28.47427749633789 6.478690147399902 12.48495101928711 116 12 27
-28.47427749633789 6.478690147399902 12.48495101928711 116 12 27
-33.66298294067383 10.555164337158203 19.429874420166016 116 12 26
-27.48408317565918 5.777722358703613 11.26108455657959 119 10 26
-28.875110626220703 6.873318195343018 13.05440616607666 194 132 132
-26.016006469726562 4.703186988830566 9.448410034179688 112 21 34
-37.086212158203125 13.439004898071289 24.560388565063477 109 23 26
-37.086212158203125 13.439004898071289 24.560388565063477 109 23 26
-26.77140998840332 5.33502197265625 10.488639831542969 115 25 37
-26.07674217224121 4.851338863372803 9.739053726196289 105 10 22
-25.46989631652832 4.480400085449219 9.064546585083008 188 119 124
-30.36709213256836 8.383541107177734 15.63682746887207 168 104 105
-26.687814712524414 5.553891658782959 10.85859203338623 174 93 99
-25.371374130249023 4.5988030433654785 9.143289566040039 187 103 113
-29.52452850341797 8.020605087280273 14.953692436218262 114 15 28
-25.082714080810547 4.404089450836182 8.801350593566895 109 11 26
-27.162931442260742 6.086973667144775 11.498272895812988 101 15 26
-27.211257934570312 6.221266746520996 11.7799072265625 118 13 28
-26.223649978637695 5.497957706451416 10.718061447143555 203 134 139
-31.690698623657227 10.032696723937988 18.19730567932129 161 86 90
-25.34864616394043 4.751561164855957 9.311644554138184 179 103 110
-29.466432571411133 8.271984100341797 14.940373420715332 154 79 84
-29.260204315185547 8.235002517700195 15.055901527404785 114 10 25
-26.537761688232422 5.967182636260986 11.332399368286133 192 117 124
-25.11730194091797 4.754434585571289 9.232609748840332 185 106 114
-24.796098709106445 4.4915313720703125 8.711690902709961 113 15 28
-25.116928100585938 4.839229106903076 9.337322235107422 101 9 22
-25.116928100585938 4.839229106903076 9.337322235107422 101 9 22
-24.50209617614746 4.328994274139404 8.443095207214355 114 7 23
-25.64488410949707 5.29835319519043 9.979337692260742 118 5 23
-27.914194107055664 7.342565059661865 13.3187894821167 118 7 24
-27.914194107055664 7.342565059661865 13.3187894821167 118 7 24
-24.781253814697266 4.656183242797852 8.944034576416016 196 124 128
-26.649559020996094 6.2375006675720215 11.414838790893555 167 97 99
-24.108304977416992 4.17710542678833 8.06479549407959 193 113 120
-26.202800750732422 6.100076675415039 11.328753471374512 112 10 20
-26.202800750732422 6.100076675415039 11.328753471374512 112 10 20
-24.21903419494629 4.299422264099121 8.268619537353516 185 119 123
-24.68169593811035 4.743882179260254 8.997642517089844 116 9 25
-24.68169593811035 4.743882179260254 8.997642517089844 116 9 25
-24.117643356323242 4.2745184898376465 8.125567436218262 90 21 24
-28.59242820739746 8.36524486541748 14.798612594604492 158 92 94
-24.021556854248047 4.251189708709717 8.111401557922363 143 72 78
-31.14586067199707 10.526080131530762 17.887781143188477 130 58 61
-31.14586067199707 10.526080131530762 17.887781143188477 130 58 61
-30.662385940551758 10.396286010742188 18.269088745117188 161 94 93
-30.662385940551758 10.396286010742188 18.269088745117188 161 94 93
-27.13519287109375 7.123276233673096 12.653209686279297 112 7 21
-24.636882781982422 4.886754035949707 9.108047485351562 188 112 116
-27.640024185180664 7.659726619720459 13.67908763885498 112 11 26
-26.14141082763672 6.308337211608887 11.367742538452148 111 11 23
-27.932044982910156 8.068721771240234 14.211396217346191 84 17 21
-24.059804916381836 4.477994441986084 8.361080169677734 123 18 35
-24.059804916381836 4.477994441986084 8.361080169677734 123 18 35
-24.896007537841797 5.348965644836426 9.784897804260254 194 119 124
-27.936729431152344 8.288421630859375 14.564806938171387 115 7 20
-27.936729431152344 8.288421630859375 14.564806938171387 115 7 20
-25.328916549682617 5.7698845863342285 10.339140892028809 108 11 24
-24.968759536743164 5.5060319900512695 9.904606819152832 83 0 5
-25.964834213256836 6.603283405303955 11.726568222045898 120 3 21
-29.02081298828125 9.543418884277344 16.42793083190918 176 83 94
-24.543119430541992 5.236284255981445 9.354723930358887 204 126 132
-26.851566314697266 7.490357875823975 13.028009414672852 116 9 25
-29.383407592773438 10.057097434997559 17.1029052734375 84 9 13
-23.775876998901367 4.625212669372559 8.392864227294922 122 10 26
-26.730209350585938 7.460369110107422 12.790447235107422 180 110 112
-27.906646728515625 8.665545463562012 14.681488990783691 113 8 22
-24.49020004272461 5.327390670776367 9.372881889343262 140 67 74
-24.770925521850586 5.650303363800049 9.931174278259277 181 115 117
-27.085803985595703 7.968072414398193 13.605001449584961 110 30 39
-27.085803985595703 7.968072414398193 13.605001449584961 110 30 39
-23.790569305419922 4.773170471191406 8.529404640197754 184 97 105
-24.892864227294922 5.8154826164245605 10.062687873840332 172 106 108
-26.72303009033203 7.695764064788818 12.95084285736084 106 15 24
-23.551223754882812 4.6961188316345215 8.437379837036133 98 11 19
-26.83867645263672 7.919494152069092 13.211726188659668 206 115 122
-23.625085830688477 4.773994445800781 8.258310317993164 112 20 31
-25.576059341430664 6.809752941131592 11.273883819580078 130 58 61
-25.564016342163086 6.875182151794434 11.451898574829102 119 9 22
-23.770870208740234 5.071052551269531 8.6664400100708 111 14 25
-24.25351333618164 5.577413082122803 9.40684986114502 107 15 26
-25.713829040527344 7.055719375610352 11.495000839233398 116 14 27
-24.913158416748047 6.288017749786377 10.375663757324219 115 11 22
-26.99273109436035 8.367059707641602 13.258435249328613 110 13 24
-23.486722946166992 4.937556743621826 8.325948715209961 185 101 108
-26.76127815246582 8.29952335357666 13.280715942382812 120 20 32
-26.492366790771484 8.188652038574219 13.328680992126465 115 13 24
-26.024593353271484 7.697900295257568 12.332676887512207 111 8 21
-23.986207962036133 5.512461185455322 8.964686393737793 174 104 106
-23.423654556274414 5.0257649421691895 8.263208389282227 179 103 107
-25.14881134033203 6.8557448387146 10.919504165649414 105 14 25
-25.455814361572266 7.16969633102417 11.274004936218262 94 11 17
-24.44455337524414 6.194159507751465 10.020379066467285 113 11 22
-26.135231018066406 7.923644542694092 12.389971733093262 186 118 119
-23.78326416015625 5.450978755950928 8.702609062194824 110 13 22
-24.231182098388672 5.941805839538574 9.427163124084473 108 18 27
-25.86292839050293 7.854428768157959 12.27865982055664 102 10 21
-25.618186950683594 7.6061177253723145 11.80978775024414 166 98 99
-25.618186950683594 7.6061177253723145 11.80978775024414 166 98 99
-24.22849464416504 6.052095413208008 9.429588317871094 107 17 26
-24.22849464416504 6.052095413208008 9.429588317871094 107 17 26
-26.26325035095215 8.373551368713379 12.888087272644043 184 107 113
-24.90704345703125 6.934647083282471 10.852659225463867 101 14 22
-27.05662727355957 9.345245361328125 14.28853702545166 179 105 106
-27.05662727355957 9.345245361328125 14.28853702545166 179 105 106
-25.26005744934082 7.3298821449279785 11.250819206237793 109 11 24
-26.62649917602539 8.751521110534668 12.985188484191895 102 9 19
-26.52522850036621 8.944313049316406 13.436405181884766 113 13 25
-25.216157913208008 7.470237731933594 11.15521240234375 113 9 20
-26.125286102294922 8.540862083435059 12.66736888885498 174 93 100
-24.027589797973633 6.3031721115112305 9.469367980957031 167 95 99
-23.832447052001953 5.971556186676025 8.764017105102539 109 12 21
-27.861434936523438 10.515854835510254 15.081385612487793 100 30 30
-27.861434936523438 10.515854835510254 15.081385612487793 100 30 30
-25.98478889465332 8.532021522521973 12.428918838500977 109 9 23
-25.98478889465332 8.532021522521973 12.428918838500977 109 9 23
-23.623291015625 5.927328109741211 8.764595031738281 106 14 25
-24.99361801147461 7.525080680847168 11.035160064697266 110 8 20
-23.13319969177246 5.395345687866211 8.031892776489258 89 6 14
-27.996505737304688 11.087522506713867 16.248193740844727 123 53 53
-24.218250274658203 6.609925746917725 9.497200012207031 105 12 22
-25.799535751342773 8.594335556030273 12.20216178894043 90 18 21
-26.91264533996582 9.859976768493652 13.858512878417969 112 12 24
-26.867246627807617 9.764768600463867 13.514307975769043 153 91 90
-23.848478317260742 6.596310138702393 9.183849334716797 104 11 21
-23.848478317260742 6.596310138702393 9.183849334716797 104 11 21
-24.223312377929688 7.069064617156982 9.872653007507324 112 11 17
-25.559022903442383 8.445151329040527 11.259665489196777 132 61 59
-26.576383590698242 9.77004337310791 13.163589477539062 182 93 99
-23.833786010742188 6.564766883850098 8.962839126586914 91 15 19
-23.833786010742188 6.564766883850098 8.962839126586914 91 15 19
-25.40923309326172 8.455639839172363 11.446133613586426 116 8 21
-26.72633934020996 9.910024642944336 13.101449966430664 106 15 22
-24.020307540893555 6.812434196472168 9.024110794067383 180 108 106
-23.727306365966797 6.641854286193848 8.869048118591309 138 68 68
-25.697874069213867 9.054045677185059 11.973665237426758 125 43 47
-24.116466522216797 7.176919937133789 9.360945701599121 116 16 24
-25.29713249206543 8.953808784484863 11.856274604797363 107 24 28
-24.764259338378906 7.938889026641846 9.85244369506836 102 13 15
-25.443918228149414 8.850730895996094 10.892383575439453 113 14 17
-25.798980712890625 9.319170951843262 11.48840618133545 97 13 13
-29.607587814331055 13.969328880310059 16.513511657714844 119 10 19
-27.38179588317871 11.346142768859863 13.427631378173828 168 95 96
-28.15096664428711 12.61863899230957 15.498692512512207 159 84 81
-24.545114517211914 8.00605583190918 9.362114906311035 93 17 19
-24.787076950073242 8.373750686645508 9.863944053649902 108 22 23
-24.787076950073242 8.373750686645508 9.863944053649902 108 22 23
-27.783199310302734 12.255685806274414 14.301102638244629 186 110 112
-26.114105224609375 9.867668151855469 10.914593696594238 108 25 24
-28.178558349609375 12.724883079528809 14.52326488494873 106 22 22
-28.178558349609375 12.724883079528809 14.52326488494873 106 22 22
-23.446435928344727 6.784548282623291 7.662476539611816 93 14 17
-25.30119514465332 8.971357345581055 9.842986106872559 184 100 98
-27.267465591430664 11.616390228271484 13.036764144897461 111 17 17
-23.52413558959961 6.908319473266602 7.659650802612305 191 115 116
-27.220762252807617 11.592944145202637 12.653754234313965 167 96 92
-24.781009674072266 8.749251365661621 9.651993751525879 187 109 109
-26.937084197998047 11.285748481750488 11.972935676574707 135 61 58
-30.00267791748047 14.919576644897461 15.413336753845215 111 15 16
-26.162494659423828 10.39126968383789 11.062949180603027 170 101 96
-26.27492332458496 10.63367748260498 11.293924331665039 116 47 42
-29.048683166503906 14.097716331481934 14.162209510803223 135 71 62
-29.048683166503906 14.097716331481934 14.162209510803223 135 71 62
-31.782438278198242 17.76877212524414 18.2044677734375 151 83 80
-31.070701599121094 16.445144653320312 14.696809768676758 98 8 7
-25.675174713134766 4.02142858505249 9.225618362426758 107 16 25
-25.679149627685547 4.122122287750244 9.49853801727295 184 107 113
-25.679149627685547 4.122122287750244 9.49853801727295 184 107 113
-24.594970703125 4.0104498863220215 10.535605430603027 165 104 99
-25.45742416381836 4.017663478851318 8.972301483154297 104 30 35
-25.38589859008789 4.251552104949951 9.865124702453613 169 109 109
-25.27168083190918 4.1075310707092285 9.36651611328125 112 22 32
-25.286453247070312 4.363437175750732 10.24560832977295 130 60 62
-24.99228286743164 4.387454509735107 10.333879470825195 117 29 37
-24.99228286743164 4.387454509735107 10.333879470825195 117 29 37
-24.834617614746094 4.00525426864624 8.826292991638184 112 20 31
-25.107826232910156 4.187009334564209 9.101316452026367 192 100 111
-25.107826232910156 4.187009334564209 9.101316452026367 192 100 111
-24.784900665283203 4.35263729095459 10.226639747619629 178 118 117
-24.866466522216797 4.224449634552002 9.550861358642578 189 125 126
-24.88045883178711 4.134518146514893 9.101797103881836 204 121 131
-24.781404495239258 4.001001834869385 8.733063697814941 214 139 146
-24.85381317138672 4.032181739807129 8.678059577941895 103 28 35
-24.61659812927246 4.2955827713012695 9.807233810424805 179 97 101
-24.65087890625 4.655311107635498 11.08662223815918 164 93 97
-24.75994110107422 4.064663887023926 8.595996856689453 184 140 137
-24.75994110107422 4.064663887023926 8.595996856689453 184 140 137
-24.65763282775879 4.003542900085449 8.434527397155762 119 36 46
-24.54372215270996 4.632601737976074 10.910465240478516 182 109 113
-24.645246505737305 4.1384992599487305 8.84788990020752 191 126 130
-24.591428756713867 4.452442169189453 10.128188133239746 172 101 105
-24.53443145751953 4.317761421203613 9.672980308532715 165 105 104
-24.516998291015625 4.1280741691589355 8.95205307006836 88 1 7
-24.54586410522461 4.069142818450928 8.651754379272461 101 5 16
-24.5449275970459 4.5476484298706055 10.460102081298828 181 96 100
-24.55226707458496 4.242928504943848 9.271672248840332 184 105 111
-24.577423095703125 4.042094707489014 8.465348243713379 115 19 33
-24.425622940063477 4.540490627288818 10.531073570251465 162 88 92
-24.460113525390625 4.119675159454346 8.850870132446289 202 129 138
-24.386308670043945 4.007596015930176 8.475981712341309 184 113 119
-24.449918746948242 4.784669399261475 11.303878784179688 116 16 26
-24.417083740234375 4.726142406463623 11.10982608795166 126 14 26
-24.417083740234375 4.726142406463623 11.10982608795166 126 14 26
-24.395483016967773 4.791947841644287 11.365118980407715 171 95 95
-24.35862922668457 4.547002792358398 10.416363716125488 184 92 101
-24.370363235473633 4.489034175872803 10.158557891845703 111 7 16
-24.345361709594727 4.124716281890869 8.776101112365723 106 16 28
-24.254093170166016 4.617912292480469 10.686226844787598 199 109 118
-24.24591827392578 4.545049667358398 10.396075248718262 125 21 34
-24.170631408691406 4.683250904083252 10.997629165649414 178 102 104
-24.347213745117188 4.396309852600098 9.627082824707031 116 5 21
-24.319307327270508 4.118866443634033 8.598763465881348 183 108 113
-24.238126754760742 4.324790000915527 9.468729019165039 134 28 42
-24.24264907836914 4.144291400909424 8.607499122619629 95 35 37
-24.181180953979492 4.15395450592041 8.710602760314941 104 33 37
-24.09946632385254 4.343038082122803 9.420273780822754 112 31 37
-24.09946632385254 4.343038082122803 9.420273780822754 112 31 37
-24.082685470581055 4.780579566955566 11.065985679626465 147 85 82
-24.212099075317383 4.222916603088379 8.743115425109863 186 115 119
-24.207656860351562 4.167893409729004 8.475390434265137 109 19 29
-24.022003173828125 4.830939769744873 11.142254829406738 178 89 95
-23.954811096191406 4.612105369567871 10.368427276611328 123 25 37
-24.149717330932617 4.110188007354736 8.21262264251709 113 12 26
-23.907318115234375 4.248103618621826 8.991260528564453 181 112 115
-24.040529251098633 4.264194011688232 8.805580139160156 120 9 25
-23.96501922607422 4.214496612548828 8.605142593383789 202 125 131
-24.003807067871094 4.586863040924072 9.774772644042969 101 28 35
-24.003807067871094 4.586863040924072 9.774772644042969 101 28 35
-23.70854949951172 4.462169170379639 9.75768756866455 120 8 22
-23.70854949951172 4.462169170379639 9.75768756866455 120 8 22
-23.90574836730957 4.826221466064453 10.735968589782715 113 17 21
-23.98179054260254 4.097760200500488 7.988595962524414 192 117 124
-23.98179054260254 4.097760200500488 7.988595962524414 192 117 124
-23.773826599121094 4.459072113037109 9.571797370910645 103 30 37
-23.92978286743164 4.151987075805664 8.186580657958984 207 115 126
-23.805570602416992 4.1197943687438965 8.2210054397583 108 16 27
-23.838212966918945 4.1952643394470215 8.400239944458008 112 11 27
-23.838212966918945 4.1952643394470215 8.400239944458008 112 11 27
-23.90471839904785 4.615530967712402 9.789215087890625 179 104 108
-23.820890426635742 4.48086404800415 9.406935691833496 113 11 22
-23.820890426635742 4.48086404800415 9.406935691833496 113 11 22
-23.786855697631836 4.063348293304443 7.909661293029785 97 28 33
-23.894126892089844 4.180617809295654 8.122241973876953 87 18 23
-23.85693359375 4.146035671234131 8.005223274230957 143 74 79
-23.778301239013672 4.26138973236084 8.477356910705566 130 43 52
-23.691137313842773 4.444419860839844 9.234420776367188 113 11 22
-23.765213012695312 4.131375789642334 7.967630386352539 185 116 121
-23.738710403442383 4.192981719970703 8.229143142700195 184 109 116
-23.584375381469727 4.720926761627197 10.33602237701416 193 103 112
-23.61129379272461 4.723634243011475 10.253617286682129 89 25 25
-23.60443878173828 4.592345714569092 9.761763572692871 183 96 105
-23.685348510742188 4.2530412673950195 8.424456596374512 199 112 121
-23.526277542114258 4.710861682891846 10.213435173034668 152 84 85
-23.62171745300293 4.330856800079346 8.692208290100098 117 21 35
-23.62171745300293 4.330856800079346 8.692208290100098 117 21 35
-23.52140998840332 4.313594341278076 8.790976524353027 110 8 21
-23.546497344970703 4.396409511566162 8.980908393859863 97 28 31
-23.49061393737793 5.362812519073486 12.460515975952148 77 27 0
-23.519229888916016 4.56341028213501 9.591005325317383 108 3 17
-23.523839950561523 4.694275856018066 10.022775650024414 115 15 27
-23.548187255859375 4.494613170623779 9.262961387634277 112 15 26
-23.519702911376953 5.019023418426514 11.142497062683105 172 102 101
-23.519702911376953 5.019023418426514 11.142497062683105 172 102 101
-23.628707885742188 4.192592620849609 8.064631462097168 106 16 26
-23.628707885742188 4.192592620849609 8.064631462097168 106 16 26
-23.328535079956055 4.748112201690674 10.477859497070312 149 77 78
-23.328535079956055 4.748112201690674 10.477859497070312 149 77 78
-23.65751838684082 4.3440165519714355 8.395328521728516 183 96 105
-23.435693740844727 4.613086700439453 9.634044647216797 182 88 98
-23.435693740844727 4.613086700439453 9.634044647216797 182 88 98
-23.344833374023438 4.592967510223389 9.639853477478027 177 101 105
-23.344926834106445 5.384627819061279 12.370768547058105 151 131 50
-23.41368865966797 4.442610263824463 8.987990379333496 198 102 114
-23.5202693939209 4.251926422119141 8.13066291809082 100 19 28
-23.302579879760742 5.007925510406494 11.069003105163574 105 12 17
-23.404922485351562 4.419338703155518 8.83211898803711 115 13 27
-23.365779876708984 4.382649898529053 8.673486709594727 81 0 7
-23.389039993286133 4.7369065284729 9.850860595703125 166 102 103
-23.128808975219727 4.688324451446533 10.093940734863281 117 10 18
-23.128808975219727 4.688324451446533 10.093940734863281 117 10 18
-23.36358070373535 4.817090034484863 10.076793670654297 154 72 78
-23.36358070373535 4.817090034484863 10.076793670654297 154 72 78
-23.229969024658203 5.0420050621032715 11.006548881530762 107 11 18
-23.468830108642578 4.774165153503418 9.597726821899414 114 10 19
-23.350934982299805 4.227292060852051 7.883139610290527 103 17 26
-23.350934982299805 4.227292060852051 7.883139610290527 103 17 26
-23.162029266357422 5.007791042327881 10.739805221557617 176 100 104
-23.237831115722656 4.574047565460205 9.135261535644531 190 114 118
-23.213808059692383 4.538158893585205 9.022652626037598 175 100 104
-23.201858520507812 4.402046203613281 8.565339088439941 101 20 27
-23.381528854370117 4.207998275756836 7.608160018920898 178 103 107
-23.290225982666016 4.238910675048828 7.7777018547058105 194 102 113
-23.379423141479492 4.2531046867370605 7.670663356781006 121 52 55
-23.112363815307617 4.90038537979126 10.256614685058594 190 106 114
-23.224506378173828 4.425260543823242 8.43171215057373 121 46 51
-23.137845993041992 4.905196666717529 10.063292503356934 95 16 19
-23.04804229736328 4.938549041748047 10.316789627075195 95 27 27
-23.154138565063477 4.48347282409668 8.61422061920166 97 34 35
-23.32852554321289 4.269886016845703 7.592259407043457 201 132 135
-23.09127426147461 4.4335222244262695 8.50428295135498 184 112 116
-22.97917938232422 4.841462135314941 10.055157661437988 110 30 33
-23.282508850097656 5.6332831382751465 12.189229965209961 169 65 36
-23.17669105529785 4.694705486297607 9.173872947692871 104 14 23
-23.17669105529785 4.694705486297607 9.173872947692871 104 14 23
-23.104320526123047 4.505309581756592 8.652098655700684 181 121 121
-23.147499084472656 4.2955522537231445 7.873391628265381 84 18 20
-23.032751083374023 5.0816802978515625 10.670473098754883 183 99 104
-23.032751083374023 5.0816802978515625 10.670473098754883 183 99 104
-23.070802688598633 4.769102573394775 9.508574485778809 176 104 107
-22.82619857788086 5.367697715759277 11.834373474121094 92 29 0
-23.031829833984375 4.614706039428711 8.9922456741333 184 108 112
-22.944623947143555 4.5048828125 8.769213676452637 119 6 20
-22.928218841552734 4.966611385345459 10.272729873657227 179 99 100
-22.901525497436523 4.744404315948486 9.540084838867188 120 27 37
-22.90991973876953 4.723179340362549 9.386585235595703 194 122 125
-22.95484161376953 4.611113548278809 8.943796157836914 120 46 50
-22.971181869506836 4.420110702514648 8.266382217407227 176 108 109
-22.969039916992188 4.4186906814575195 8.262862205505371 176 108 109
-22.764564514160156 5.4224443435668945 11.817717552185059 103 33 4
-22.802051544189453 4.918012619018555 10.101051330566406 83 14 11
-23.023374557495117 4.254124641418457 7.548570156097412 81 15 17
-22.92579460144043 4.858480453491211 9.672616004943848 187 120 122
-23.042076110839844 4.234673023223877 7.433117389678955 93 18 23
-22.787090301513672 4.695213794708252 9.285234451293945 174 102 106
-22.787090301513672 4.695213794708252 9.285234451293945 174 102 106
-22.940645217895508 4.957842826843262 9.85326862335205 182 103 108
-22.885677337646484 4.539401054382324 8.488569259643555 152 80 84
-22.89118766784668 4.871813774108887 9.538338661193848 103 7 18
-22.905498504638672 4.431488990783691 8.029439926147461 114 12 23
-22.88011932373047 4.335981369018555 7.697866916656494 198 106 117
-22.88011932373047 4.335981369018555 7.697866916656494 198 106 117
-22.769611358642578 4.45943546295166 8.258054733276367 112 7 21
-22.753562927246094 4.899655818939209 9.611913681030273 80 8 12
-22.753562927246094 4.899655818939209 9.611913681030273 80 8 12
-22.82002830505371 4.238115310668945 7.340122222900391 113 20 31
-22.70869255065918 4.586879730224609 8.587148666381836 118 6 22
-22.70869255065918 4.586879730224609 8.587148666381836 118 6 22
-22.8604679107666 4.524498462677002 8.12354564666748 169 90 96
-22.78229331970215 4.696493625640869 8.800422668457031 173 97 99
-22.58822250366211 5.4272541999816895 11.397189140319824 161 137 75
-22.70207977294922 4.81028938293457 9.212484359741211 94 23 25
-22.576427459716797 5.098721981048584 10.343278884887695 184 113 115
-22.62540054321289 4.7564005851745605 9.096587181091309 170 94 98
-22.84571647644043 4.301513195037842 7.27202033996582 195 102 113
-22.76213836669922 4.957554340362549 9.462684631347656 109 14 20
-22.64847755432129 5.057334899902344 9.960866928100586 82 16 17
-22.68092918395996 4.365908622741699 7.684153079986572 91 8 16
-22.582876205444336 5.152175426483154 10.347101211547852 86 17 20
-22.582876205444336 5.152175426483154 10.347101211547852 86 17 20
-22.646564483642578 5.041696071624756 9.88542366027832 171 91 94
-22.617155075073242 4.750378131866455 8.86701488494873 111 36 38
-22.759187698364258 4.425165176391602 7.594057559967041 195 123 127
-22.759187698364258 4.425165176391602 7.594057559967041 195 123 127
-22.638668060302734 4.615279674530029 8.379657745361328 128 54 55
-22.494478225708008 4.995927810668945 9.823966026306152 156 90 91
-22.663169860839844 4.8504743576049805 9.074505805969238 109 18 27
-22.663169860839844 4.8504743576049805 9.074505805969238 109 18 27
-22.663169860839844 4.8504743576049805 9.074505805969238 109 18 27
-22.693510055541992 4.273669719696045 7.202412128448486 96 30 32
-22.606090545654297 4.704440116882324 8.668904304504395 184 103 106
-22.613750457763672 4.915250778198242 9.281529426574707 112 23 27
-22.652912139892578 4.672696590423584 8.44046688079834 167 80 84
-22.574216842651367 4.9341278076171875 9.389880180358887 188 101 110
-22.71162223815918 4.346735954284668 7.285429954528809 151 85 87
-22.646413803100586 4.357572555541992 7.340430736541748 100 21 26
-22.488990783691406 5.23889684677124 10.355866432189941 171 97 101
-22.632844924926758 4.374938488006592 7.407092094421387 118 18 30
-22.600807189941406 4.578127384185791 8.077173233032227 153 66 74
-22.475107192993164 4.627194881439209 8.420802116394043 115 12 21
-22.475107192993164 4.627194881439209 8.420802116394043 115 12 21
-22.567684173583984 4.8323516845703125 8.833029747009277 114 22 27
-22.424489974975586 4.397480010986328 7.701557159423828 110 15 23
-22.594268798828125 4.370193958282471 7.287365436553955 201 111 121
-22.594268798828125 4.370193958282471 7.287365436553955 201 111 121
-22.394023895263672 4.494137287139893 8.00736141204834 107 20 28
-22.474456787109375 5.14324951171875 9.839825630187988 114 17 24
-22.550617218017578 4.427763938903809 7.435216426849365 195 113 119
-22.46995735168457 5.006467819213867 9.358721733093262 94 23 27
-22.46995735168457 5.006467819213867 9.358721733093262 94 23 27
-22.429166793823242 5.004223823547363 9.392926216125488 84 12 13
-22.44698143005371 4.741689205169678 8.546592712402344 179 95 100
-22.44698143005371 4.741689205169678 8.546592712402344 179 95 100
-22.494590759277344 4.831771373748779 8.740463256835938 180 112 114
-22.442733764648438 5.10249662399292 9.589553833007812 115 12 23
-22.33057403564453 5.195958614349365 10.050747871398926 182 110 113
-22.52851104736328 4.464892387390137 7.456173896789551 94 12 18
-22.308195114135742 5.515652656555176 11.064393043518066 119 119 68
-22.272716522216797 5.604206562042236 11.36355209350586 44 33 4
-22.420801162719727 4.828387260437012 8.675765037536621 173 100 103
-22.403078079223633 5.16058349609375 9.714456558227539 178 103 104
-22.432600021362305 4.442507743835449 7.410851955413818 206 125 131
-22.354381561279297 5.036075115203857 9.289443969726562 168 108 107
-22.375343322753906 4.951519012451172 8.966995239257812 83 15 16
-22.29343032836914 5.1488823890686035 9.6934175491333 87 11 11
-22.274089813232422 5.272584438323975 10.096980094909668 112 12 22
-22.274089813232422 5.272584438323975 10.096980094909668 112 12 22
-22.342973709106445 4.888688087463379 8.744114875793457 112 15 22
-22.342540740966797 5.083867073059082 9.31795883178711 104 36 35
-22.299592971801758 5.187474727630615 9.68421745300293 171 95 95
-22.299592971801758 5.187474727630615 9.68421745300293 171 95 95
-22.285066604614258 5.195544242858887 9.727632522583008 178 102 102
-22.31681251525879 4.483964443206787 7.384551048278809 110 15 23
-22.426652908325195 4.42756462097168 6.988811492919922 178 95 103
-22.211454391479492 5.5542426109313965 10.703836441040039 156 147 108
-22.454483032226562 4.5882391929626465 7.373255729675293 183 98 105
-22.42137908935547 4.47226095199585 7.032869815826416 117 36 43
-22.2000789642334 5.201918125152588 9.56845760345459 95 19 19
-22.258020401000977 4.859385967254639 8.412787437438965 169 99 99
-22.22491455078125 5.165672779083252 9.384182929992676 116 14 25
-22.256624221801758 4.703054904937744 7.9178361892700195 175 103 106
-22.137765884399414 5.639967918395996 10.901008605957031 35 33 12
-22.258445739746094 5.02525520324707 8.816349983215332 187 115 119
-22.169475555419922 5.6221089363098145 10.733227729797363 56 45 23
-22.122665405273438 5.747250556945801 11.181254386901855 109 110 35
-22.186073303222656 5.09599494934082 9.075525283813477 169 97 100
-22.308090209960938 4.861870288848877 8.101815223693848 177 111 111
-22.22233772277832 4.69797945022583 7.722238063812256 91 8 16
-22.22858428955078 4.6063103675842285 7.427778244018555 180 106 107
-22.139972686767578 5.451406002044678 10.063197135925293 180 102 102
-22.105497360229492 5.453086853027344 10.077513694763184 102 13 17
-22.169279098510742 4.921147346496582 8.376763343811035 98 9 15
-22.28023910522461 4.518893718719482 6.995240688323975 100 17 25
-22.118019104003906 5.456289291381836 9.998090744018555 106 34 38
-22.157087326049805 4.793010711669922 7.9438371658325195 175 88 96
-22.150842666625977 4.788476943969727 7.9382476806640625 175 88 96
-22.02310562133789 5.223811626434326 9.421974182128906 88 12 12
-22.19416618347168 4.624927043914795 7.362033367156982 90 15 19
-22.159839630126953 4.705540657043457 7.654621124267578 113 16 27
-22.06514549255371 5.1397600173950195 9.053548812866211 148 86 84
-21.877962112426758 5.629512310028076 10.773393630981445 40 25 3
-22.163448333740234 5.054957866668701 8.598031044006348 113 13 21
-22.194198608398438 4.597527027130127 7.188735485076904 191 95 106
-22.191741943359375 5.575925827026367 10.054804801940918 132 61 65
-22.164207458496094 4.613414287567139 7.2782883644104 168 92 94
-22.07854652404785 5.870776176452637 11.109953880310059 124 114 53
-22.080656051635742 5.538802623748779 10.085403442382812 116 38 38
-21.978689193725586 5.651669025421143 10.575883865356445 36 33 8
-22.13153839111328 4.875349521636963 7.933439254760742 110 14 26
-22.135089874267578 5.26393461227417 8.957008361816406 106 23 31
-22.166337966918945 4.613299369812012 6.987366676330566 105 30 37
-21.989383697509766 4.992379665374756 8.334359169006348 200 105 112
-21.971187591552734 5.422811508178711 9.589807510375977 112 11 17
-21.871356964111328 5.7958269119262695 10.805867195129395 124 117 18
-21.871356964111328 5.7958269119262695 10.805867195129395 124 117 18
-21.981456756591797 4.982974529266357 8.248527526855469 170 98 101
-21.952438354492188 5.2899956703186035 9.164352416992188 110 13 22
-21.97344398498535 5.20311164855957 8.790404319763184 99 22 28
-21.94553565979004 5.15022611618042 8.62633991241455 78 5 9
-21.953866958618164 5.242104530334473 8.816591262817383 174 96 100
-21.79309844970703 5.541018962860107 9.936802864074707 111 10 14
-21.967445373535156 5.685312747955322 9.924478530883789 172 98 92
-21.867033004760742 5.597233295440674 9.781134605407715 98 29 22
-21.9067325592041 5.203808784484863 8.591682434082031 99 19 24
-21.9067325592041 5.203808784484863 8.591682434082031 99 19 24
-21.944263458251953 4.922830104827881 7.7075653076171875 107 14 25
-21.944263458251953 4.922830104827881 7.7075653076171875 107 14 25
-21.849063873291016 4.948949813842773 7.938056945800781 112 12 22
-21.763608932495117 5.460421562194824 9.51547908782959 89 12 18
-21.84701919555664 5.049202919006348 8.150850296020508 178 107 111
-21.922401428222656 4.885844707489014 7.51322078704834 87 15 18
-22.024934768676758 5.277103424072266 8.417472839355469 101 6 12
-21.910680770874023 5.133255958557129 8.197641372680664 132 58 62
-21.844432830810547 5.668576240539551 9.787092208862305 106 35 28
-21.86322593688965 4.969017028808594 7.70713472366333 177 96 103
-21.871944427490234 4.914090156555176 7.5042500495910645 161 89 92
-21.71192169189453 5.899234771728516 10.517049789428711 152 137 114
-21.71192169189453 5.899234771728516 10.517049789428711 152 137 114
-21.78935432434082 5.2334885597229 8.520526885986328 109 7 18
-21.630727767944336 5.130742073059082 8.500475883483887 113 10 21
-21.688270568847656 5.573094367980957 9.566267967224121 109 38 42
-21.785085678100586 4.905868053436279 7.402764797210693 143 70 73
-21.717287063598633 5.6167683601379395 9.471672058105469 85 13 17
-21.705089569091797 5.665923595428467 9.595087051391602 101 30 34
-21.720048904418945 5.282073974609375 8.466996192932129 178 108 108
-21.76384925842285 5.148356914520264 8.020013809204102 176 88 94
-21.867706298828125 5.492500305175781 8.78330135345459 111 27 34
-21.693958282470703 5.26315450668335 8.422717094421387 121 51 51
-21.742286682128906 5.000643253326416 7.589166164398193 93 19 24
-21.80023193359375 4.998779773712158 7.485561847686768 172 96 98
-21.649248123168945 5.030295372009277 7.798447132110596 111 10 18
-21.77417755126953 5.227357387542725 8.116433143615723 105 16 22
-21.726457595825195 5.624751091003418 9.208754539489746 112 12 22
-21.66278839111328 5.670535087585449 9.409143447875977 180 88 98
-21.682172775268555 5.311585903167725 8.327912330627441 93 13 16
-21.714006423950195 5.286917686462402 8.115729331970215 185 88 99
-21.605817794799805 5.369935035705566 8.50391674041748 102 9 17
-21.605817794799805 5.369935035705566 8.50391674041748 102 9 17
-21.996601104736328 6.357497692108154 10.453306198120117 90 10 15
-21.710756301879883 5.306798934936523 8.088362693786621 124 36 40
-21.642728805541992 5.502694606781006 8.702299118041992 92 25 24
-21.68097496032715 5.129488468170166 7.611757755279541 108 46 47
-21.647802352905273 5.049161911010742 7.437606334686279 114 9 23
-21.577795028686523 5.398256301879883 8.454645156860352 85 1 5
-21.626188278198242 5.348005294799805 8.222574234008789 183 88 99
-21.627689361572266 5.496877670288086 8.527267456054688 105 6 16
-21.704484939575195 5.297723770141602 7.8385796546936035 111 10 18
-21.641752243041992 5.425251483917236 8.288474082946777 98 24 27
-21.578012466430664 5.3965559005737305 8.310585975646973 107 52 47
-21.593141555786133 5.771474838256836 9.283890724182129 109 13 17
-21.63816261291504 5.321645736694336 7.988615036010742 106 9 20
-21.630823135375977 5.600831985473633 8.691688537597656 89 19 19
-21.630823135375977 5.600831985473633 8.691688537597656 89 19 19
-21.643264770507812 5.240962982177734 7.585827827453613 185 109 113
-21.59831428527832 5.569715976715088 8.517831802368164 184 89 97
-21.584367752075195 5.324063777923584 7.887351989746094 182 108 109
-21.560714721679688 5.6243486404418945 8.61828327178955 94 30 28
-21.598703384399414 5.642318248748779 8.507913589477539 108 8 18
-21.341455459594727 5.52115535736084 8.630709648132324 112 13 18
-21.467025756835938 5.828306198120117 8.968079566955566 95 21 22
-21.479475021362305 5.595287322998047 8.226012229919434 100 10 14
-21.415599822998047 5.85503625869751 8.973793983459473 166 90 90
-21.557445526123047 5.554976940155029 7.910359859466553 160 86 87
-21.557445526123047 5.554976940155029 7.910359859466553 160 86 87
-21.044466018676758 5.755011081695557 9.256905555725098 113 10 13
-21.493703842163086 5.794711589813232 8.429788589477539 112 15 22
-21.493703842163086 5.794711589813232 8.429788589477539 112 15 22
-21.36920738220215 5.662553310394287 8.21745777130127 164 94 96
-21.39632225036621 5.950012683868408 8.899690628051758 115 11 18
-21.39632225036621 5.950012683868408 8.899690628051758 115 11 18
-21.462339401245117 5.734096050262451 8.214102745056152 103 33 35
-21.344728469848633 5.5460686683654785 7.9188995361328125 117 10 18
-21.366634368896484 5.79251766204834 8.388306617736816 182 109 108
-21.298139572143555 5.875699520111084 8.661360740661621 165 70 76
-21.33509635925293 5.997221946716309 8.902820587158203 172 94 92
-21.42324447631836 5.581249713897705 7.671346187591553 170 107 100
-21.302637100219727 5.516513347625732 7.685678958892822 168 94 91
-21.423812866210938 5.525750637054443 7.380835056304932 175 102 103
-21.345874786376953 5.921009063720703 8.437945365905762 90 26 22
-21.367965698242188 5.572935104370117 7.477622032165527 140 76 73
-21.3836612701416 6.022935390472412 8.501395225524902 180 108 107
-21.389366149902344 5.607832908630371 7.434321880340576 100 29 25
-21.318653106689453 6.1212358474731445 8.814107894897461 113 16 23
-21.365556716918945 5.588676452636719 7.3867268562316895 122 51 47
-21.327438354492188 6.062638759613037 8.628525733947754 112 16 18
-21.328128814697266 5.641201496124268 7.5828375816345215 113 19 20
-21.261917114257812 5.7834272384643555 8.040534019470215 106 27 26
-21.39574432373047 6.065195083618164 8.475540161132812 139 80 74
-21.33936309814453 6.02414083480835 8.464332580566406 98 33 29
-21.310232162475586 5.933583736419678 8.217334747314453 112 17 21
-21.363788604736328 5.5995330810546875 7.288239479064941 166 95 93
-21.256389617919922 6.196765899658203 8.76638126373291 98 18 17
-21.28882598876953 5.893449306488037 7.940923690795898 152 60 61
-21.219585418701172 5.931832790374756 7.999164581298828 166 88 84
-21.20795249938965 6.267448425292969 8.721705436706543 96 25 21
-21.226158142089844 5.987348556518555 7.953580856323242 179 107 101
-21.19133186340332 6.327427864074707 8.7056245803833 147 76 72
-21.28189468383789 5.828661918640137 7.282909393310547 114 36 32
-21.147489547729492 6.356751918792725 8.655956268310547 95 24 18
-21.347036361694336 5.9982523918151855 7.395483493804932 174 87 86
-21.159759521484375 6.396363258361816 8.57422924041748 104 11 14
-21.10540771484375 6.263147354125977 8.041304588317871 107 9 13
-21.189149856567383 6.015505313873291 7.29086446762085 174 93 92
-21.077674865722656 6.123276710510254 7.673756122589111 113 12 15
-21.077674865722656 6.123276710510254 7.673756122589111 113 12 15
-21.149959564208984 5.989067554473877 7.223674297332764 92 14 12
-21.13525390625 6.41494083404541 8.160421371459961 173 99 96
-21.164644241333008 6.038442134857178 7.149968147277832 99 19 18
-21.19095230102539 6.263154029846191 7.569359302520752 169 98 94
-21.237926483154297 6.2754411697387695 7.505361080169678 118 39 35
-21.10270118713379 6.423093795776367 8.044923782348633 179 104 101
-21.094696044921875 6.551542282104492 8.31377124786377 101 6 14
-21.0986385345459 6.536213397979736 8.209903717041016 87 22 19
-21.110990524291992 6.216145038604736 7.433164119720459 181 107 103
-21.052494049072266 6.567234039306641 8.28826904296875 160 92 89
-21.0791015625 6.406136512756348 7.798600673675537 178 100 99
-21.152076721191406 6.1306257247924805 7.01129150390625 172 75 79
-21.022172927856445 6.709297180175781 8.538516998291016 98 15 11
-21.182315826416016 6.162730693817139 6.909936428070068 183 99 99
-20.98801612854004 6.629375457763672 8.289281845092773 102 16 17
-21.06865882873535 6.384481430053711 7.042312145233154 178 114 109
-21.11186981201172 6.507467746734619 7.153034687042236 181 101 98
-21.117727279663086 6.472022533416748 6.941131591796875 121 23 28
-21.07887077331543 6.5746660232543945 7.044473648071289 147 71 73
-15.342985153198242 -0.7967265248298645 2.546903610229492 134 56 53
-15.342985153198242 -0.7967265248298645 2.546903610229492 134 56 53
-15.318145751953125 -0.7914119362831116 2.5742909908294678 136 57 61
-15.339323997497559 -0.7933927178382874 2.5329809188842773 198 123 122
-15.319680213928223 -0.7868853211402893 2.56504487991333 196 117 122
-15.265314102172852 -0.7659733295440674 2.6513826847076416 183 115 116
-15.314433097839355 -0.7758553624153137 2.561716318130493 201 122 127
-15.294848442077637 -0.7709111571311951 2.5993618965148926 196 133 128
-15.249475479125977 -0.7617544531822205 2.6762959957122803 129 53 55
-15.326274871826172 -0.7728179693222046 2.5292863845825195 192 121 125
-15.238948822021484 -0.7514358758926392 2.6743648052215576 192 116 118
-15.177803039550781 -0.7329224944114685 2.7703747749328613 132 36 37
-15.203519821166992 -0.7360507249832153 2.7169084548950195 134 35 38
-15.232945442199707 -0.7367416620254517 2.671334743499756 132 42 48
-15.216422080993652 -0.7323299646377563 2.6898114681243896 189 121 120
-15.227348327636719 -0.7353753447532654 2.6521360874176025 185 116 116
-15.176486015319824 -0.7166609168052673 2.7451906204223633 174 102 98
-15.27420425415039 -0.7292072772979736 2.570277452468872 203 116 122
-15.143990516662598 -0.6995489597320557 2.797902822494507 184 115 118
-15.15115737915039 -0.700084924697876 2.7780048847198486 115 32 34
-15.160026550292969 -0.6968073844909668 2.743396759033203 178 98 101
-15.207793235778809 -0.7035952210426331 2.662600517272949 203 118 125
-15.171026229858398 -0.6978172659873962 2.718252420425415 113 24 28
-15.255215644836426 -0.713810384273529 2.5725901126861572 207 136 140
-15.256647109985352 -0.7103269696235657 2.556750774383545 124 33 40
-15.13066577911377 -0.6782624125480652 2.7900850772857666 112 21 28
-15.057788848876953 -0.6589167714118958 2.908498525619507 136 26 37
-15.196911811828613 -0.688238799571991 2.6437182426452637 179 110 113
-15.196911811828613 -0.688238799571991 2.6437182426452637 179 110 113
-15.228691101074219 -0.6931746006011963 2.592968702316284 206 134 137
-15.119813919067383 -0.6667982935905457 2.7963709831237793 164 101 100
-15.119813919067383 -0.6667982935905457 2.7963709831237793 164 101 100
-15.095495223999023 -0.6613120436668396 2.8408291339874268 215 117 124
-15.180180549621582 -0.6822721362113953 2.677427291870117 186 111 116
-15.104411125183105 -0.6674933433532715 2.8044676780700684 130 34 45
-15.154877662658691 -0.6762228608131409 2.7223763465881348 201 116 123
-15.154877662658691 -0.6762228608131409 2.7223763465881348 201 116 123
-15.067706108093262 -0.6541022062301636 2.8811683654785156 140 73 70
-15.098052024841309 -0.6601402163505554 2.828423500061035 167 92 97
-15.14648151397705 -0.6696246266365051 2.741340398788452 204 107 113
-15.269704818725586 -0.6916781663894653 2.505342960357666 185 115 120
-15.135571479797363 -0.6621666550636292 2.7405717372894287 117 24 28
-15.097649574279785 -0.651249349117279 2.8158819675445557 194 119 124
-15.232078552246094 -0.6749410033226013 2.558553695678711 177 97 103
-15.232078552246094 -0.6749410033226013 2.558553695678711 177 97 103
-15.05755615234375 -0.6351099014282227 2.8765053749084473 112 40 41
-15.05755615234375 -0.6351099014282227 2.8765053749084473 112 40 41
-15.20206069946289 -0.668184757232666 2.5994064807891846 120 23 32
-15.080887794494629 -0.6320388317108154 2.8278210163116455 192 125 132
-15.18233585357666 -0.6557697653770447 2.635788917541504 119 21 34
-15.16357421875 -0.6503615379333496 2.6697282791137695 157 98 100
-15.105696678161621 -0.6356454491615295 2.7735941410064697 103 24 30
-15.066515922546387 -0.6257691979408264 2.8441758155822754 192 108 113
-15.185341835021973 -0.6527392864227295 2.621251344680786 166 91 98
-15.134870529174805 -0.6405349969863892 2.714679002761841 121 42 45
-15.074527740478516 -0.6249178647994995 2.8228659629821777 161 94 101
-15.074527740478516 -0.6249178647994995 2.8228659629821777 161 94 101
-15.024351119995117 -0.6121965646743774 2.912966012954712 99 19 24
-15.209964752197266 -0.6558722257614136 2.5680019855499268 119 12 30
-15.043959617614746 -0.61446613073349 2.8738527297973633 86 18 17
-15.043959617614746 -0.61446613073349 2.8738527297973633 86 18 17
-15.169839859008789 -0.6412724852561951 2.643129348754883 121 23 36
-15.195457458496094 -0.6498463153839111 2.585709571838379 129 14 31
-15.069045066833496 -0.6143471598625183 2.8277952671051025 171 104 111
-15.034558296203613 -0.6059086918830872 2.8880884647369385 122 21 27
-15.074655532836914 -0.6201660633087158 2.7927699089050293 108 27 33
-15.05278205871582 -0.6096516251564026 2.8421337604522705 120 18 29
-15.131454467773438 -0.6250258684158325 2.7050023078918457 110 21 27
-15.0910005569458 -0.6150264143943787 2.7762391567230225 187 115 119
-15.17803955078125 -0.6345447897911072 2.609593391418457 184 125 125
-15.164375305175781 -0.6296053528785706 2.6297950744628906 198 108 120
-15.206927299499512 -0.6371855139732361 2.550827741622925 112 10 26
-15.033235549926758 -0.5953006148338318 2.86930775642395 124 26 38
-15.033235549926758 -0.5953006148338318 2.86930775642395 124 26 38
-15.012561798095703 -0.5919428467750549 2.889394521713257 119 19 27
-15.16317367553711 -0.6255338788032532 2.614018440246582 159 107 107
-14.996838569641113 -0.5811243057250977 2.9363410472869873 196 119 124
-15.081283569335938 -0.6028273701667786 2.7726213932037354 170 110 110
-15.081283569335938 -0.6028273701667786 2.7726213932037354 170 110 110
-15.20941162109375 -0.6292803883552551 2.542422294616699 205 118 128
-15.20941162109375 -0.6292803883552551 2.542422294616699 205 118 128
-15.19804859161377 -0.6249378323554993 2.5595476627349854 211 123 135
-15.218438148498535 -0.6296656131744385 2.5205392837524414 201 114 122
-15.218438148498535 -0.6296656131744385 2.5205392837524414 201 114 122
-15.056740760803223 -0.590578019618988 2.8155996799468994 144 81 82
-15.039249420166016 -0.5850459933280945 2.848383665084839 167 97 99
-15.039249420166016 -0.5850459933280945 2.848383665084839 167 97 99
-15.084321975708008 -0.5953433513641357 2.7616336345672607 177 95 102
-15.223725318908691 -0.6278966069221497 2.5064258575439453 96 10 21
-15.033156394958496 -0.5825834274291992 2.8544974327087402 113 48 49
-15.230148315429688 -0.6284903883934021 2.4936678409576416 106 16 30
-14.99578857421875 -0.5738343596458435 2.921800374984741 177 117 116
-14.99012565612793 -0.5718942284584045 2.9316303730010986 102 19 26
-14.9938383102417 -0.5738628506660461 2.9200639724731445 178 117 116
-14.9938383102417 -0.5738628506660461 2.9200639724731445 178 117 116
-15.024408340454102 -0.5795590877532959 2.8674426078796387 138 70 71
-15.024408340454102 -0.5795590877532959 2.8674426078796387 138 70 71
-15.137541770935059 -0.6061890125274658 2.6592822074890137 169 111 112
-15.070917129516602 -0.5837197303771973 2.79526948928833 116 18 27
-15.070917129516602 -0.5837197303771973 2.79526948928833 116 18 27
-15.142770767211914 -0.6030681729316711 2.632967948913574 104 7 22
-15.142770767211914 -0.6030681729316711 2.632967948913574 104 7 22
-15.219132423400879 -0.6162741184234619 2.500856399536133 179 121 122
-15.219132423400879 -0.6162741184234619 2.500856399536133 179 121 122
-15.160839080810547 -0.610626757144928 2.5769851207733154 116 11 26
-15.025639533996582 -0.5681684017181396 2.853827714920044 108 18 27
-15.032968521118164 -0.5706325769424438 2.8321073055267334 116 18 31
-15.032968521118164 -0.5706325769424438 2.8321073055267334 116 18 31
-15.179800033569336 -0.6035137176513672 2.5644009113311768 91 7 20
-14.988676071166992 -0.5557764172554016 2.9153645038604736 131 63 64
-15.203774452209473 -0.604219913482666 2.524996519088745 107 12 24
-14.990530014038086 -0.5529694557189941 2.9091804027557373 197 128 129
-15.224365234375 -0.6065203547477722 2.482313871383667 178 100 106
-15.137085914611816 -0.5870929956436157 2.631373167037964 199 118 127
-15.17412281036377 -0.5928412079811096 2.5654051303863525 198 114 127
-15.089637756347656 -0.5729537010192871 2.716714382171631 180 101 101
-15.0408296585083 -0.5579586029052734 2.8073689937591553 196 132 133
-15.038731575012207 -0.5577765703201294 2.806990623474121 197 130 132
-15.134614944458008 -0.5803016424179077 2.6255016326904297 95 14 23
-15.134614944458008 -0.5803016424179077 2.6255016326904297 95 14 23
-15.116650581359863 -0.5738715529441833 2.6598830223083496 100 0 13
-15.050692558288574 -0.5562000274658203 2.783709764480591 124 23 37
-15.06266975402832 -0.5598890781402588 2.7521255016326904 186 106 110
-14.97099494934082 -0.5345160961151123 2.9215004444122314 181 111 113
-15.185751914978027 -0.5839395523071289 2.52982759475708 192 117 124
-15.015658378601074 -0.5443547368049622 2.8367738723754883 201 114 123
-14.970686912536621 -0.5348423719406128 2.908327102661133 154 85 88
-14.970686912536621 -0.5348423719406128 2.908327102661133 154 85 88
-15.119515419006348 -0.5692903995513916 2.6362686157226562 187 118 121
-15.124846458435059 -0.5637916326522827 2.632551908493042 104 8 22
-15.138277053833008 -0.5672084093093872 2.5998852252960205 173 107 111
-15.124856948852539 -0.5631799697875977 2.624297857284546 194 102 115
-15.039885520935059 -0.5413760542869568 2.7805051803588867 113 21 34
-15.026162147521973 -0.533935546875 2.7989659309387207 168 108 108
-15.072721481323242 -0.5449091196060181 2.7108840942382812 178 101 106
-15.20164680480957 -0.5723536610603333 2.479567766189575 112 15 30
-15.11638069152832 -0.5549397468566895 2.6185755729675293 111 17 31
-15.129944801330566 -0.5520492792129517 2.604571580886841 92 28 32
-15.050034523010254 -0.5341905355453491 2.7449088096618652 194 125 130
-15.050034523010254 -0.5341905355453491 2.7449088096618652 194 125 130
-15.026139259338379 -0.5291336178779602 2.78544545173645 192 118 125
-15.015676498413086 -0.5258482098579407 2.8060059547424316 181 95 104
-15.14102554321289 -0.5547046661376953 2.57058048248291 119 9 28
-15.056448936462402 -0.5330789089202881 2.7229511737823486 111 14 25
-15.056448936462402 -0.5330789089202881 2.7229511737823486 111 14 25
-15.069463729858398 -0.5337136387825012 2.6933646202087402 83 23 23
-15.069463729858398 -0.5337136387825012 2.6933646202087402 83 23 23
-15.131141662597656 -0.5408309698104858 2.587717294692993 172 94 104
-15.181979179382324 -0.5523948073387146 2.4948668479919434 112 25 36
-15.038041114807129 -0.5180357694625854 2.7481160163879395 99 30 35
-15.15005874633789 -0.5440028309822083 2.5442607402801514 107 17 29
-15.08300495147705 -0.526063084602356 2.664750814437866 117 11 26
-15.08300495147705 -0.526063084602356 2.664750814437866 117 11 26
-15.196645736694336 -0.5496994853019714 2.466155529022217 207 122 137
-15.196645736694336 -0.5496994853019714 2.466155529022217 207 122 137
-15.126117706298828 -0.5324372053146362 2.5949289798736572 113 50 56
-15.178159713745117 -0.5444400906562805 2.496661424636841 195 125 133
-15.1651611328125 -0.5449720621109009 2.5084168910980225 110 18 31
-15.129761695861816 -0.5353957414627075 2.575753688812256 103 10 25
-15.144158363342285 -0.5363925695419312 2.5490994453430176 170 94 99
-15.053210258483887 -0.5143507122993469 2.714150905609131 110 12 25
-15.062858581542969 -0.5135360956192017 2.6928019523620605 185 114 118
-15.188411712646484 -0.5409982204437256 2.4681947231292725 87 19 28
-15.00704288482666 -0.4990766942501068 2.789395332336426 176 105 113
-15.178592681884766 -0.5353326797485352 2.48905611038208 88 18 26
-14.948478698730469 -0.48109686374664307 2.900491237640381 178 112 111
-14.948478698730469 -0.48109686374664307 2.900491237640381 178 112 111
-14.978742599487305 -0.4880874454975128 2.843923568725586 180 104 110
-14.978742599487305 -0.4880874454975128 2.843923568725586 180 104 110
-15.181177139282227 -0.5364924073219299 2.472792863845825 134 68 75
-15.157417297363281 -0.528605580329895 2.514451742172241 208 116 129
-15.087959289550781 -0.5126112699508667 2.6362571716308594 179 102 108
-15.018445014953613 -0.49475955963134766 2.7657322883605957 113 19 33
-15.04223346710205 -0.5034189224243164 2.7083418369293213 112 14 27
-15.139171600341797 -0.5217620134353638 2.5455331802368164 195 114 121
-15.102293968200684 -0.5141383409500122 2.608193874359131 114 22 36
-15.168472290039062 -0.5268654823303223 2.4902403354644775 204 131 138
-15.11572265625 -0.5140597820281982 2.58604097366333 89 9 18
-15.00743579864502 -0.48838523030281067 2.777726650238037 166 95 103
-15.076428413391113 -0.5058599710464478 2.6483001708984375 85 8 14
-15.03432846069336 -0.49006524682044983 2.722527027130127 206 109 122
-15.03432846069336 -0.49006524682044983 2.722527027130127 206 109 122
-15.076119422912598 -0.49824902415275574 2.6444954872131348 95 18 24
-15.158785820007324 -0.5163542628288269 2.4969561100006104 104 16 28
-14.976801872253418 -0.4774775803089142 2.8051435947418213 117 10 25
-14.976801872253418 -0.4774775803089142 2.8051435947418213 117 10 25
-14.944149017333984 -0.4623725116252899 2.8755879402160645 105 15 24
-14.944149017333984 -0.4623725116252899 2.8755879402160645 105 15 24
-15.05361270904541 -0.4881289303302765 2.6735293865203857 189 120 123
-15.08371353149414 -0.49246183037757874 2.618759870529175 105 14 29
-15.08371353149414 -0.49246183037757874 2.618759870529175 105 14 29
-15.018455505371094 -0.4753062129020691 2.737359046936035 177 118 120
-14.994759559631348 -0.46984538435935974 2.779417037963867 162 85 93
-14.994759559631348 -0.46984538435935974 2.779417037963867 162 85 93
-15.144177436828613 -0.5017476677894592 2.5145204067230225 104 9 23
-15.092503547668457 -0.49005305767059326 2.600590944290161 105 14 29
-15.064550399780273 -0.4800220727920532 2.645843982696533 109 13 27
-14.922865867614746 -0.4469486474990845 2.8975670337677 156 106 102
-15.029189109802246 -0.46779710054397583 2.7064895629882812 110 13 24
-14.986210823059082 -0.45785078406333923 2.7796831130981445 190 113 121
-15.087518692016602 -0.4788370132446289 2.6028835773468018 197 106 121
-15.047470092773438 -0.4671761393547058 2.669586658477783 201 127 134
-14.959737777709961 -0.44826409220695496 2.8220019340515137 188 113 117
-14.959737777709961 -0.44826409220695496 2.8220019340515137 188 113 117
-15.085261344909668 -0.47227370738983154 2.5975449085235596 89 15 25
-15.004068374633789 -0.4529246687889099 2.7395741939544678 186 112 116
-14.960775375366211 -0.44237425923347473 2.8087193965911865 101 8 19
-14.971149444580078 -0.4439811110496521 2.7914159297943115 87 22 26
-14.971149444580078 -0.4439811110496521 2.7914159297943115 87 22 26
-14.932792663574219 -0.4352158308029175 2.8543641567230225 114 9 23
-15.040109634399414 -0.457212895154953 2.669259786605835 197 121 129
-15.040109634399414 -0.457212895154953 2.669259786605835 197 121 129
-14.924301147460938 -0.42998746037483215 2.8767788410186768 179 102 108
-15.080071449279785 -0.46453791856765747 2.5995469093322754 172 102 110
-15.002273559570312 -0.4494718015193939 2.7299418449401855 91 23 25
-14.984909057617188 -0.4414219260215759 2.7662041187286377 181 107 114
-15.145386695861816 -0.47806623578071594 2.4768197536468506 188 98 110
-14.967870712280273 -0.4368704855442047 2.79191255569458 186 108 116
-15.156844139099121 -0.47875335812568665 2.4510679244995117 112 46 50
-15.075532913208008 -0.459270179271698 2.594050645828247 201 131 139
-14.93958854675293 -0.4276975095272064 2.8369994163513184 175 104 108
-15.032500267028809 -0.4468253254890442 2.675633192062378 89 8 17
-15.032500267028809 -0.4468253254890442 2.675633192062378 89 8 17
-15.158747673034668 -0.47418034076690674 2.4530019760131836 103 37 41
-15.065958976745605 -0.45304930210113525 2.612739086151123 174 108 112
-14.986885070800781 -0.4339958429336548 2.748223066329956 114 7 23
-14.947715759277344 -0.41996338963508606 2.8299777507781982 157 86 90
-15.086820602416992 -0.4553123414516449 2.5711822509765625 93 22 28
-15.086820602416992 -0.4553123414516449 2.5711822509765625 93 22 28
-15.076746940612793 -0.45234331488609314 2.586773633956909 92 19 28
-15.076746940612793 -0.45234331488609314 2.586773633956909 92 19 28
-15.145136833190918 -0.46678411960601807 2.4682679176330566 103 19 29
-15.145136833190918 -0.46678411960601807 2.4682679176330566 103 19 29
-15.124926567077637 -0.4627183973789215 2.5001304149627686 85 12 21
-15.162243843078613 -0.46693530678749084 2.4457998275756836 192 123 128
-14.938481330871582 -0.42180967330932617 2.8255438804626465 88 19 22
-14.913365364074707 -0.41475769877433777 2.8669614791870117 186 111 116
-14.952672958374023 -0.4246736168861389 2.7934298515319824 114 12 25
-14.952672958374023 -0.4246736168861389 2.7934298515319824 114 12 25
-15.001076698303223 -0.42970776557922363 2.7179112434387207 107 31 38
-15.001076698303223 -0.42970776557922363 2.7179112434387207 107 31 38
-14.9443998336792 -0.4157847464084625 2.8166451454162598 152 81 85
-14.9443998336792 -0.4157847464084625 2.8166451454162598 152 81 85
-14.976577758789062 -0.4227715730667114 2.7590813636779785 190 111 117
-15.077576637268066 -0.44545552134513855 2.5801942348480225 180 106 115
-14.936314582824707 -0.41518133878707886 2.8216562271118164 192 121 125
-14.936314582824707 -0.41518133878707886 2.8216562271118164 192 121 125
-14.995954513549805 -0.423257052898407 2.7259597778320312 154 93 93
-15.079418182373047 -0.4451982378959656 2.569007158279419 178 107 113
-14.989612579345703 -0.42168718576431274 2.730827569961548 105 26 32
-15.088497161865234 -0.44449225068092346 2.552389144897461 100 7 21
-14.978215217590332 -0.41469329595565796 2.741905450820923 112 11 25
-14.987285614013672 -0.41526952385902405 2.7286648750305176 191 117 124
-14.987285614013672 -0.41526952385902405 2.7286648750305176 191 117 124
-14.932917594909668 -0.4054521918296814 2.815154790878296 107 13 24
-15.136896133422852 -0.4491638243198395 2.4600963592529297 79 16 17
-15.148825645446777 -0.4481690227985382 2.4427542686462402 92 21 27
-15.074642181396484 -0.4302152991294861 2.5635814666748047 107 19 31
-15.05053997039795 -0.4243996739387512 2.605708599090576 166 99 106
-14.96074390411377 -0.4040490686893463 2.762744665145874 95 16 22
-15.088701248168945 -0.4293317198753357 2.5374274253845215 113 12 26
-15.060787200927734 -0.42453426122665405 2.581244945526123 110 18 29
-14.978360176086426 -0.40292057394981384 2.7281181812286377 180 109 115
-15.111842155456543 -0.43083593249320984 2.491377115249634 182 104 114
-15.111842155456543 -0.43083593249320984 2.491377115249634 182 104 114
-15.098605155944824 -0.4270111918449402 2.51643705368042 96 19 27
-15.027275085449219 -0.4136510491371155 2.62911057472229 120 9 26
-14.892698287963867 -0.38258880376815796 2.8667678833007812 83 21 22
-14.892698287963867 -0.38258880376815796 2.8667678833007812 83 21 22
-14.984889030456543 -0.3983948528766632 2.706246852874756 182 107 115
-14.96573257446289 -0.3910682201385498 2.736919403076172 105 14 25
-14.920145988464355 -0.38040319085121155 2.8107848167419434 159 96 97
-15.118542671203613 -0.42169174551963806 2.465543508529663 111 13 28
-15.066143989562988 -0.40896451473236084 2.558823347091675 104 24 35
-15.0457181930542 -0.40494853258132935 2.5919454097747803 167 99 104
-15.047205924987793 -0.4034009575843811 2.5834085941314697 94 24 30
-15.047205924987793 -0.4034009575843811 2.5834085941314697 94 24 30
-14.98379898071289 -0.3860313892364502 2.69504714012146 107 15 26
-15.138296127319336 -0.41732847690582275 2.428335428237915 203 116 125
-14.96335506439209 -0.3810434937477112 2.7268476486206055 99 12 21
-15.074429512023926 -0.4029630720615387 2.5361595153808594 184 98 108
-15.074429512023926 -0.4029630720615387 2.5361595153808594 184 98 108
-15.035191535949707 -0.394156277179718 2.6040451526641846 109 42 47
-15.08222484588623 -0.4016691744327545 2.51871919631958 108 15 26
-14.9148588180542 -0.3664001524448395 2.8039519786834717 92 12 19
-15.103906631469727 -0.4030972421169281 2.480616331100464 198 106 119
-15.103906631469727 -0.4030972421169281 2.480616331100464 198 106 119
-15.129582405090332 -0.4089306890964508 2.4287710189819336 85 17 22
-15.013070106506348 -0.3849378824234009 2.6209847927093506 109 13 25
-15.013070106506348 -0.3849378824234009 2.6209847927093506 109 13 25
-14.907289505004883 -0.3593461513519287 2.8054301738739014 107 10 22
-15.050665855407715 -0.38640159368515015 2.561805486679077 166 86 95
-14.965365409851074 -0.368165522813797 2.7070212364196777 84 22 23
-15.104096412658691 -0.39681220054626465 2.461092233657837 109 19 29
-15.112980842590332 -0.39650943875312805 2.450923442840576 105 29 36
-14.960705757141113 -0.36129188537597656 2.7182204723358154 190 119 125
-14.873897552490234 -0.34463003277778625 2.8580000400543213 182 103 109
-14.921886444091797 -0.3522561192512512 2.7762937545776367 119 10 25
-15.001970291137695 -0.3660561144351959 2.6418251991271973 189 96 107
-15.111371040344238 -0.38822776079177856 2.44578218460083 201 133 138
-15.049836158752441 -0.37239348888397217 2.547428607940674 90 31 30
-15.123578071594238 -0.3829493820667267 2.417288303375244 177 96 105
-15.123578071594238 -0.3829493820667267 2.417288303375244 177 96 105
-15.08961009979248 -0.3739193081855774 2.4753479957580566 87 18 21
-15.01567554473877 -0.3592934012413025 2.5972042083740234 187 110 116
-14.89299201965332 -0.3340908885002136 2.803107976913452 177 105 108
-14.897591590881348 -0.3338545858860016 2.798616886138916 164 99 100
-14.897591590881348 -0.3338545858860016 2.798616886138916 164 99 100
-14.927005767822266 -0.33839958906173706 2.745781898498535 114 43 47
-14.968427658081055 -0.34638679027557373 2.6703031063079834 110 12 25
-14.857307434082031 -0.3244073688983917 2.850651502609253 174 101 105
-14.942129135131836 -0.33246999979019165 2.7195932865142822 106 14 25
-15.048229217529297 -0.3556925356388092 2.5338189601898193 188 118 123
-15.116232872009277 -0.369144469499588 2.4128496646881104 184 105 111
-15.023448944091797 -0.3466956615447998 2.5719356536865234 99 28 32
-14.852117538452148 -0.3153878450393677 2.8536126613616943 89 25 25
-15.098555564880371 -0.3615809679031372 2.4431564807891846 175 113 116
-15.02971363067627 -0.3478737473487854 2.5592195987701416 90 22 25
-14.990501403808594 -0.3309595584869385 2.6473519802093506 153 89 90
-14.990501403808594 -0.3309595584869385 2.6473519802093506 153 89 90
-14.929353713989258 -0.3260378837585449 2.7284929752349854 106 11 23
-15.009541511535645 -0.3426551818847656 2.5889182090759277 116 45 47
-14.904744148254395 -0.32236164808273315 2.7595274448394775 110 17 27
-15.069302558898926 -0.354746550321579 2.4759275913238525 105 17 29
-14.950027465820312 -0.32118621468544006 2.681716203689575 180 103 111
-14.929815292358398 -0.3162910044193268 2.7056655883789062 99 10 22
-14.887234687805176 -0.3080924153327942 2.774251937866211 191 122 125
-14.93748950958252 -0.3148003816604614 2.6840310096740723 155 82 89
-14.905252456665039 -0.308147132396698 2.7379214763641357 174 103 107
-14.888472557067871 -0.3017989993095398 2.7675416469573975 94 14 21
-14.908641815185547 -0.30815815925598145 2.7271180152893066 164 89 94
-14.877520561218262 -0.3021700978279114 2.778594493865967 96 22 23
-15.01006031036377 -0.3206203579902649 2.5607457160949707 92 18 23
-14.915494918823242 -0.29984670877456665 2.7208940982818604 94 19 24
-15.053641319274902 -0.3277873396873474 2.485818386077881 187 100 109
-15.072566986083984 -0.3308185935020447 2.4559106826782227 185 110 115
-15.101161003112793 -0.3320232629776001 2.409632921218872 84 11 16
-14.949491500854492 -0.30181270837783813 2.654540777206421 107 14 25
-15.024863243103027 -0.317242830991745 2.5230932235717773 116 9 25
-15.06484603881836 -0.3236207365989685 2.4588024616241455 86 15 19
-15.091915130615234 -0.32713404297828674 2.415437936782837 105 15 27
-15.056336402893066 -0.3151884078979492 2.466017246246338 161 90 94
-15.004084587097168 -0.3035212457180023 2.552809000015259 110 13 24
-14.914814949035645 -0.2826372981071472 2.700666904449463 100 4 18
-15.095308303833008 -0.31698015332221985 2.397094964981079 187 114 123
-15.076179504394531 -0.31237244606018066 2.4263858795166016 194 124 128
-14.965069770812988 -0.28954413533210754 2.6146388053894043 177 94 102
-14.916394233703613 -0.2824120819568634 2.6885557174682617 84 12 15
-14.916394233703613 -0.2824120819568634 2.6885557174682617 84 12 15
-14.878569602966309 -0.27804845571517944 2.741780996322632 108 15 23
-14.985970497131348 -0.29298174381256104 2.5695080757141113 111 18 29
-14.909504890441895 -0.2761991620063782 2.698021650314331 135 46 58
-14.889369010925293 -0.2739052176475525 2.7251856327056885 183 106 114
-14.892799377441406 -0.27629247307777405 2.7147598266601562 181 114 118
-14.927253723144531 -0.2796757221221924 2.6650941371917725 183 118 119
-15.086028099060059 -0.30670303106307983 2.3989360332489014 87 17 25
-15.074991226196289 -0.30247512459754944 2.4179341793060303 85 15 22
-14.919476509094238 -0.27303948998451233 2.6716439723968506 91 20 24
-14.903635025024414 -0.2680854797363281 2.695220470428467 177 103 107
-14.854765892028809 -0.262326717376709 2.7656049728393555 88 18 20
-15.0868558883667 -0.29494479298591614 2.3908369541168213 195 105 117
-15.066498756408691 -0.29193389415740967 2.4185242652893066 190 99 109
-14.883567810058594 -0.2577759921550751 2.7091591358184814 101 14 23
-14.883567810058594 -0.2577759921550751 2.7091591358184814 101 14 23
-14.986958503723145 -0.26769396662712097 2.5390167236328125 114 9 24
-14.986958503723145 -0.26769396662712097 2.5390167236328125 114 9 24
-15.068754196166992 -0.2788159251213074 2.3973939418792725 108 10 25
-14.937445640563965 -0.2572377324104309 2.60524320602417 143 84 83
-14.937458992004395 -0.2520732581615448 2.613067150115967 85 20 22
-14.998963356018066 -0.263204425573349 2.5104963779449463 96 25 31
-14.915627479553223 -0.25146162509918213 2.6328845024108887 105 12 22
-14.915627479553223 -0.25146162509918213 2.6328845024108887 105 12 22
-14.89957332611084 -0.24729318916797638 2.660468816757202 97 14 22
-14.97706413269043 -0.2530282139778137 2.5441555976867676 173 100 107
-14.875984191894531 -0.2379603236913681 2.697694778442383 89 17 21
-14.992513656616211 -0.2540137469768524 2.512510061264038 164 93 99
-15.04572582244873 -0.24222172796726227 2.465648889541626 110 10 22
-14.988728523254395 -0.2450578659772873 2.500410795211792 152 81 85
-15.06500244140625 -0.2578195035457611 2.3778321743011475 165 103 108
-14.901348114013672 -0.22443394362926483 2.6305084228515625 164 72 83
-15.04266357421875 -0.24201633036136627 2.40224552154541 160 87 94
-14.953866004943848 -0.22258272767066956 2.5390000343322754 78 9 12
-14.922234535217285 -0.2117636501789093 2.5809409618377686 179 89 99
-14.92717456817627 -0.19859349727630615 2.557433605194092 104 14 24
-16.308284759521484 -0.027420789003372192 3.045367956161499 181 123 117
-16.308284759521484 -0.027420789003372192 3.045367956161499 181 123 117
-16.407482147216797 0.04569113254547119 3.074887275695801 73 43 27
-16.15083122253418 -0.16026955842971802 2.9275455474853516 174 141 126
-16.319978713989258 0.07394959777593613 3.1487300395965576 196 122 124
-15.982990264892578 -0.20164629817008972 3.0028159618377686 153 82 80
-15.982990264892578 -0.20164629817008972 3.0028159618377686 153 82 80
-16.07471466064453 0.06251314282417297 3.296891689300537 139 78 77
-16.07471466064453 0.06251314282417297 3.296891689300537 139 78 77
-16.00726890563965 -0.002853462938219309 3.23417592048645 140 73 79
-16.001943588256836 -0.026728780940175056 3.1966612339019775 147 80 87
-16.00438117980957 0.008070803247392178 3.2413768768310547 192 122 127
-15.904396057128906 -0.2500865161418915 2.908921003341675 148 58 67
-16.071334838867188 0.10165934264659882 3.2995855808258057 130 58 62
-15.966011047363281 -0.038976870477199554 3.167454242706299 191 128 136
-16.079442977905273 0.13047070801258087 3.333308458328247 209 137 141
-15.863847732543945 -0.19223614037036896 2.9943222999572754 207 145 150
-15.869622230529785 -0.2176789492368698 2.9032580852508545 243 173 181
-16.14365005493164 0.25437745451927185 3.343726634979248 202 141 143
-16.037578582763672 0.11260371655225754 3.209918260574341 130 43 56
-15.98109245300293 0.035460054874420166 3.10768461227417 235 163 167
-15.995256423950195 0.0998956710100174 3.086956024169922 125 43 55
-15.966792106628418 0.05408851429820061 3.041046142578125 134 36 50
-16.087827682495117 0.22540868818759918 3.184953451156616 188 132 131
-16.046497344970703 0.17060069739818573 3.113722324371338 225 155 163
-16.203475952148438 0.38401371240615845 3.2536544799804688 137 45 59
-16.203475952148438 0.38401371240615845 3.2536544799804688 137 45 59
-15.94587230682373 0.038120660930871964 2.9422531127929688 226 137 149
-15.990806579589844 0.10595040768384933 2.9892971515655518 170 99 105
-15.969429016113281 0.07997909933328629 2.962043523788452 251 172 182
-16.05030632019043 0.21722036600112915 3.060137987136841 217 142 149
-16.294384002685547 0.5541694164276123 3.1959123611450195 110 46 50
-43.82193374633789 0.7628879547119141 18.18113136291504 126 141 148
-47.27964782714844 2.422722578048706 20.413034439086914 192 210 224
-40.57243728637695 2.4813098907470703 20.04429817199707 122 135 154
-43.777034759521484 5.140529155731201 19.97553825378418 144 155 175
-41.15564727783203 22.45320701599121 12.949539184570312 113 128 149
-42.06578826904297 22.773653030395508 9.914153099060059 41 45 48
-41.60174560546875 23.441131591796875 10.770132064819336 162 179 186
-41.60174560546875 23.441131591796875 10.770132064819336 162 179 186
-22.40076446533203 4.30144739151001 8.668158531188965 120 47 56
-19.625497817993164 1.8148021697998047 5.931944370269775 148 93 98
-21.466154098510742 3.7289583683013916 7.923381328582764 112 27 40
-18.91781234741211 1.0971497297286987 5.110793113708496 150 88 91
-21.34009552001953 3.8235976696014404 8.096245765686035 126 23 40
-21.573549270629883 4.265403747558594 8.782276153564453 154 93 98
-21.573549270629883 4.265403747558594 8.782276153564453 154 93 98
-21.020605087280273 3.387836456298828 7.458007335662842 144 94 95
-19.297924041748047 1.5584516525268555 5.527712821960449 149 93 96
-18.76205062866211 1.0287384986877441 4.9735107421875 121 27 41
-19.003849029541016 1.3079952001571655 5.2399516105651855 117 23 39
-21.137563705444336 3.6775009632110596 7.79979133605957 151 84 91
-21.137563705444336 3.6775009632110596 7.79979133605957 151 84 91
-21.0349063873291 3.670443296432495 7.809424877166748 153 86 93
-19.48939323425293 1.9090327024459839 5.8061747550964355 151 96 99
-19.039846420288086 1.4395650625228882 5.324855804443359 159 97 104
-21.250009536743164 4.111390590667725 8.362439155578613 120 24 38
-21.250009536743164 4.111390590667725 8.362439155578613 120 24 38
-20.21295166015625 2.741727352142334 6.577316761016846 142 93 94
-20.89378547668457 3.5044238567352295 7.369770526885986 161 107 109
-20.227153778076172 2.849489450454712 6.723801136016846 115 23 38
-19.08721160888672 1.523749589920044 5.286436557769775 121 18 35
-20.708005905151367 3.4804940223693848 7.453162670135498 134 75 81
-19.562095642089844 2.055288791656494 5.78701114654541 112 23 37
-20.08135223388672 2.6755073070526123 6.4459028244018555 170 102 106
-19.98390769958496 3.0320441722869873 7.120543003082275 138 69 74
-19.429420471191406 2.0790488719940186 5.687694549560547 113 24 39
-18.983020782470703 1.5926417112350464 5.210078716278076 120 17 34
-20.307584762573242 3.219822406768799 6.910922050476074 138 71 78
-19.623823165893555 2.6783459186553955 6.565524578094482 151 88 97
-20.140119552612305 3.056544542312622 6.6565093994140625 113 17 31
-19.583810806274414 2.7167744636535645 6.576742649078369 160 97 106
-19.190378189086914 2.0563292503356934 5.593575477600098 148 87 92
-19.374549865722656 2.5152337551116943 6.172182083129883 145 83 88
-18.68429183959961 1.413528561592102 4.804226875305176 104 20 35
-19.303525924682617 2.2727253437042236 5.71196985244751 160 74 85
-19.314821243286133 2.5402939319610596 6.225068092346191 101 24 32
-19.314821243286133 2.5402939319610596 6.225068092346191 101 24 32
-18.996387481689453 1.8667957782745361 5.240610122680664 138 57 64
-19.287477493286133 2.5609657764434814 6.095650672912598 134 69 75
-18.98700714111328 1.9747841358184814 5.248785972595215 163 89 96
-18.872222900390625 2.151759624481201 5.605955123901367 152 87 93
-18.506847381591797 1.8263825178146362 5.390777587890625 107 9 24
-18.506847381591797 1.8263825178146362 5.390777587890625 107 9 24
-18.804443359375 1.9075943231582642 5.145657539367676 137 75 78
-18.391368865966797 1.7306290864944458 5.001345634460449 140 87 87
-18.521093368530273 1.7997794151306152 4.935406684875488 134 60 67
-18.384540557861328 0.6784014105796814 4.659916400909424 109 39 47
-18.403602600097656 0.820160984992981 4.920577049255371 144 88 91
-18.34811019897461 0.7201523780822754 4.75869083404541 150 73 79
-18.393810272216797 0.6945147514343262 4.563125133514404 150 95 100
-18.32776641845703 0.7722161412239075 4.745377540588379 158 81 89
-18.29967498779297 0.8829919695854187 4.969355583190918 149 94 99
-18.29142189025879 0.9362753033638 5.053407669067383 116 26 38
-18.237899780273438 0.74711674451828 4.643675804138184 151 84 91
-18.237272262573242 0.7964487075805664 4.727313995361328 110 24 37
-18.215736389160156 0.716304361820221 4.536855697631836 110 30 39
-18.06295394897461 1.0744513273239136 5.240996837615967 152 97 100
-18.093149185180664 0.8692367672920227 4.7658305168151855 99 30 35
-18.125200271606445 0.8305543065071106 4.649816036224365 110 22 34
-18.00181007385254 1.0717425346374512 5.1546220779418945 101 26 33
-17.97126007080078 1.108698844909668 5.2288312911987305 154 92 97
-18.030927658081055 0.7714821696281433 4.487212181091309 98 27 35
-17.934757232666016 1.2812762260437012 5.511340618133545 138 88 86
-17.839088439941406 1.4414708614349365 5.912774085998535 114 106 67
-17.874420166015625 1.43301522731781 5.830501079559326 48 45 22
-17.988327026367188 0.7837283611297607 4.380199432373047 89 12 22
-17.972118377685547 0.8341342210769653 4.491392135620117 149 67 74
-17.865095138549805 1.327514410018921 5.520685195922852 150 77 83
-17.902854919433594 0.9139881134033203 4.677426338195801 107 21 32
-17.951662063598633 0.7378304600715637 4.2765326499938965 139 77 82
-17.745250701904297 1.4562432765960693 5.808285713195801 118 118 46
-17.745250701904297 1.4562432765960693 5.808285713195801 118 118 46
-17.803810119628906 1.431808352470398 5.673827171325684 146 132 123
-17.903392791748047 0.7657753825187683 4.241095542907715 96 21 29
-17.833009719848633 0.902357280254364 4.534750461578369 145 76 84
-17.67133903503418 1.614272117614746 5.986270427703857 87 38 34
-17.687597274780273 1.4905345439910889 5.741312026977539 41 40 20
-17.77017593383789 1.196582555770874 5.030301094055176 133 72 77
-17.805431365966797 0.8342168927192688 4.336883544921875 106 12 26
-17.782968521118164 0.8959384560585022 4.463611602783203 137 74 79
-17.846996307373047 0.831305205821991 4.243605613708496 134 65 72
-17.76397132873535 0.9789654016494751 4.503382682800293 96 9 22
-17.719600677490234 1.0764631032943726 4.715409278869629 144 77 84
-17.650846481323242 1.142362117767334 4.863012790679932 101 16 27
-17.658885955810547 1.2891091108322144 5.1032938957214355 134 79 79
-17.5070858001709 1.650355339050293 5.904160976409912 143 121 108
-17.655113220214844 1.117587685585022 4.7939252853393555 129 81 84
-17.63873863220215 1.3272265195846558 5.168239116668701 102 10 21
-17.71039390563965 1.0191677808761597 4.523825168609619 136 84 86
-17.532386779785156 1.6116549968719482 5.72347354888916 47 39 16
-17.61012077331543 1.3935562372207642 5.251267910003662 133 68 72
-17.6373233795166 1.2684568166732788 4.995869159698486 108 9 26
-17.6373233795166 1.2684568166732788 4.995869159698486 108 9 26
-17.683210372924805 1.0286504030227661 4.437673091888428 99 7 22
-17.683210372924805 1.0286504030227661 4.437673091888428 99 7 22
-17.608821868896484 1.1827282905578613 4.7864837646484375 144 72 76
-17.602201461791992 1.261963129043579 4.889538288116455 124 76 76
-17.602201461791992 1.261963129043579 4.889538288116455 124 76 76
-17.63023567199707 1.212479591369629 4.770734786987305 90 28 33
-17.58812713623047 1.2974060773849487 4.9200615882873535 132 60 69
-17.58812713623047 1.2974060773849487 4.9200615882873535 132 60 69
-17.649465560913086 1.0906676054000854 4.467459201812744 109 58 59
-17.642900466918945 1.0312713384628296 4.372783660888672 145 75 83
-17.55426025390625 1.2132668495178223 4.776169300079346 90 18 25
-17.608413696289062 1.0998259782791138 4.517341136932373 95 5 17
-17.600723266601562 1.0603965520858765 4.457652568817139 139 69 77
-17.65473747253418 1.0294522047042847 4.334013938903809 87 17 25
-17.565298080444336 1.2819428443908691 4.856869220733643 104 30 40
-17.566896438598633 1.24418044090271 4.714941024780273 116 62 67
-17.522199630737305 1.3887789249420166 4.970186710357666 136 67 70
-17.562801361083984 1.3231536149978638 4.776623725891113 84 7 17
-17.562801361083984 1.3231536149978638 4.776623725891113 84 7 17
-17.580041885375977 1.1575024127960205 4.416762351989746 118 62 65
-17.509965896606445 1.386715292930603 4.876670837402344 95 7 19
-17.50783348083496 1.3023982048034668 4.716588020324707 92 11 20
-17.53626823425293 1.3067972660064697 4.689172744750977 84 3 12
-17.52198600769043 1.3661261796951294 4.801391124725342 123 75 75
-17.508098602294922 1.338541865348816 4.653976917266846 120 64 67
-17.453777313232422 1.4923689365386963 4.903261184692383 122 57 61
-17.462787628173828 1.4397772550582886 4.794408798217773 85 10 17
-17.503713607788086 1.3386789560317993 4.565921306610107 96 6 16
-17.503713607788086 1.3386789560317993 4.565921306610107 96 6 16
-17.486604690551758 1.4111655950546265 4.697145938873291 82 4 14
-17.444761276245117 1.4594380855560303 4.8101582527160645 99 4 18
-17.444761276245117 1.4594380855560303 4.8101582527160645 99 4 18
-17.52680015563965 1.2363163232803345 4.352767467498779 126 70 73
-17.472082138061523 1.4645010232925415 4.749862194061279 122 75 75
-17.53525733947754 1.2610784769058228 4.325235366821289 145 65 74
-17.497234344482422 1.2580206394195557 4.3503737449646 139 63 73
-17.41362762451172 1.3627500534057617 4.599236488342285 137 60 70
-17.49089813232422 1.3205848932266235 4.3942461013793945 93 7 18
-17.45884132385254 1.429141879081726 4.519453048706055 91 8 18
-17.45884132385254 1.429141879081726 4.519453048706055 91 8 18
-17.446489334106445 1.4645146131515503 4.585342884063721 125 75 76
-17.409683227539062 1.5532146692276 4.766143321990967 102 4 19
-17.409683227539062 1.5532146692276 4.766143321990967 102 4 19
-17.48150634765625 1.4064075946807861 4.366284370422363 94 6 18
-17.4337158203125 1.4613176584243774 4.436916828155518 139 71 78
-17.39227867126465 1.5449331998825073 4.598306655883789 101 10 22
-17.39227867126465 1.5449331998825073 4.598306655883789 101 10 22
-17.472280502319336 1.4071403741836548 4.276650905609131 119 68 69
-17.400386810302734 1.5371495485305786 4.540679931640625 133 78 81
-17.33066749572754 1.6899813413619995 4.792198181152344 136 63 70
-17.323387145996094 1.691109299659729 4.745954513549805 113 60 62
-17.35456657409668 1.6546162366867065 4.6321635246276855 95 8 17
-17.35456657409668 1.6546162366867065 4.6321635246276855 95 8 17
-17.444538116455078 1.457727074623108 4.21778678894043 145 80 86
-17.384336471557617 1.6704658269882202 4.514547824859619 116 60 63
-17.414409637451172 1.4951754808425903 4.214498996734619 126 76 77
-17.434934616088867 1.5298080444335938 4.150773048400879 109 31 41
-17.41840934753418 1.5764039754867554 4.202786922454834 117 56 61
-17.423912048339844 1.5465798377990723 4.125268936157227 84 17 24
-17.450029373168945 1.5894527435302734 4.081927299499512 125 68 71
-17.41336441040039 1.5882904529571533 4.125751972198486 98 6 21
-17.41336441040039 1.5882904529571533 4.125751972198486 98 6 21
-17.2857666015625 1.9138561487197876 4.698447227478027 150 85 89
-17.380390167236328 2.34213924407959 4.193280220031738 116 17 38
-17.39712905883789 2.347139596939087 4.0315961837768555 104 20 41
-28.81884765625 7.167229175567627 12.207058906555176 112 24 36
-28.81884765625 7.167229175567627 12.207058906555176 112 24 36
-29.14483642578125 7.130575656890869 11.826872825622559 119 28 45
-28.287813186645508 7.586549282073975 13.406128883361816 128 31 46
-29.440792083740234 7.362237930297852 11.82406997680664 168 117 120
-28.106067657470703 7.840175151824951 13.749518394470215 125 39 52
-28.106067657470703 7.840175151824951 13.749518394470215 125 39 52
-27.81073760986328 7.525385856628418 13.0905179977417 121 29 44
-27.404155731201172 7.801032543182373 13.955245971679688 151 96 97
-28.938127517700195 7.819777488708496 12.803241729736328 115 31 47
-29.206029891967773 7.775326728820801 12.490983963012695 121 20 36
-27.421640396118164 7.988004207611084 14.269028663635254 126 25 39
-28.709274291992188 8.092162132263184 13.364204406738281 159 98 103
-27.92460060119629 8.092896461486816 13.86603832244873 150 98 102
-29.675249099731445 8.067413330078125 12.447936058044434 91 21 31
-28.89456558227539 8.49300479888916 13.917340278625488 125 22 43
-26.11644744873047 8.23426628112793 15.42635726928711 75 52 39
-28.275760650634766 8.322050094604492 13.933366775512695 121 30 48
-28.697425842285156 8.25836181640625 13.449430465698242 145 95 98
-28.697425842285156 8.25836181640625 13.449430465698242 145 95 98
-30.004274368286133 8.629134178161621 13.250075340270996 164 99 109
-28.070140838623047 8.572417259216309 14.297881126403809 122 24 37
-28.070140838623047 8.572417259216309 14.297881126403809 122 24 37
-28.083030700683594 9.14200496673584 15.57935619354248 121 34 40
-26.444135665893555 8.631956100463867 15.592304229736328 139 131 55
-27.879196166992188 8.777304649353027 14.760248184204102 124 23 39
-27.879196166992188 8.777304649353027 14.760248184204102 124 23 39
-30.18534278869629 8.794264793395996 12.98354721069336 176 86 98
-30.68679428100586 8.77307415008545 12.491300582885742 142 90 94
-27.686107635498047 8.797375679016113 14.86752700805664 158 103 109
-29.358156204223633 8.740412712097168 13.315938949584961 107 23 38
-26.760746002197266 8.859261512756348 15.613247871398926 127 126 67
-26.976093292236328 8.908557891845703 15.43797779083252 51 50 29
-28.740942001342773 9.051345825195312 14.355952262878418 108 32 45
-29.112628936767578 8.910744667053223 13.68952751159668 167 107 113
-30.800973892211914 9.09615421295166 12.546640396118164 112 19 38
-26.51746940612793 9.250367164611816 16.235435485839844 106 86 78
-26.665098190307617 9.206903457641602 16.012998580932617 60 43 22
-29.111927032470703 9.363883018493652 14.373778343200684 141 85 94
-28.532106399536133 9.362040519714355 14.71229076385498 116 23 41
-28.532106399536133 9.362040519714355 14.71229076385498 116 23 41
-29.729890823364258 9.22270679473877 13.370612144470215 107 25 39
-27.174030303955078 9.532814979553223 16.063581466674805 119 127 46
-27.174030303955078 9.532814979553223 16.063581466674805 119 127 46
-30.444055557250977 9.625387191772461 13.617778778076172 111 39 50
-29.911544799804688 9.067001342773438 12.629471778869629 117 15 28
-30.11921501159668 9.531911849975586 13.368553161621094 147 90 96
-29.367496490478516 9.974597930908203 14.88292121887207 106 25 40
-29.74806785583496 10.046380996704102 14.612001419067383 117 19 32
-29.015731811523438 9.990534782409668 14.863692283630371 134 74 84
-30.45895004272461 10.18962287902832 13.848499298095703 112 17 37
-31.945114135742188 10.616894721984863 13.21361255645752 102 15 32
-29.38784408569336 10.441435813903809 14.916288375854492 109 26 42
-30.117219924926758 10.895170211791992 15.220468521118164 132 88 95
-30.598186492919922 10.64168643951416 14.214921951293945 154 91 100
-29.10153579711914 10.797809600830078 15.64250659942627 141 89 91
-28.235912322998047 11.784394264221191 18.351430892944336 53 40 31
-29.025903701782227 10.958402633666992 15.912054061889648 113 16 33
-27.392911911010742 10.807945251464844 16.902517318725586 108 109 77
-31.05617904663086 11.227439880371094 14.687907218933105 165 102 111
-28.9876766204834 11.090115547180176 16.13915252685547 154 93 98
-27.022258758544922 10.865235328674316 17.19240379333496 161 150 143
-31.75888442993164 10.816488265991211 13.05686092376709 142 85 94
-30.941064834594727 11.03566837310791 14.174336433410645 111 9 30
-30.941064834594727 11.03566837310791 14.174336433410645 111 9 30
-29.172046661376953 11.463704109191895 16.51629638671875 164 87 97
-27.991741180419922 11.784294128417969 18.114477157592773 45 39 27
-27.877565383911133 11.5530366897583 17.65239715576172 105 118 69
-27.322288513183594 11.081464767456055 16.992992401123047 125 112 77
-30.469379425048828 11.6917142868042 15.509326934814453 102 30 42
-30.71168327331543 11.735296249389648 15.391496658325195 116 6 31
-30.912200927734375 11.22476577758789 14.147149085998535 94 22 33
-30.221233367919922 11.808866500854492 15.931984901428223 139 91 96
-30.221233367919922 11.808866500854492 15.931984901428223 139 91 96
-32.74293899536133 11.681135177612305 13.406046867370605 162 97 105
-31.14519500732422 11.59764289855957 14.577855110168457 132 69 77
-31.614429473876953 11.65139389038086 14.273463249206543 82 14 25
-30.62846565246582 11.38507080078125 14.562625885009766 110 8 29
-29.38933563232422 11.08175277709961 14.906476020812988 104 19 38
-29.95671844482422 11.805659294128418 15.9076509475708 137 77 85
-29.95671844482422 11.805659294128418 15.9076509475708 137 77 85
-29.771522521972656 11.85099983215332 15.950305938720703 112 17 36
-30.067171096801758 11.922257423400879 15.820629119873047 95 19 32
-30.495006561279297 12.095536231994629 15.517071723937988 128 71 77
-27.925085067749023 12.334155082702637 18.1235294342041 45 23 12
-31.542835235595703 12.496444702148438 15.086247444152832 135 74 81
-29.942556381225586 12.461006164550781 16.39065170288086 125 70 73
-31.026403427124023 12.939557075500488 16.282373428344727 106 16 34
-31.181135177612305 12.02385139465332 14.254135131835938 104 20 36
-31.6752872467041 12.607914924621582 14.98724365234375 125 72 78
-27.96443748474121 12.591848373413086 18.013628005981445 36 28 7
-30.409652709960938 12.52957534790039 15.690641403198242 103 12 30
-30.072389602661133 12.614803314208984 16.130434036254883 104 10 28
-30.75882339477539 12.742888450622559 15.75290298461914 94 8 24
-30.7198429107666 13.043362617492676 16.29962158203125 140 94 97
-33.48469924926758 13.34206771850586 13.78066349029541 79 16 27
-32.25536346435547 13.708125114440918 15.299488067626953 144 89 94
-31.348663330078125 13.54336929321289 15.76392936706543 109 0 22
-31.32567596435547 13.957717895507812 16.465147018432617 101 9 22
-32.4174919128418 13.469388961791992 14.475606918334961 90 10 23
-30.662317276000977 13.773073196411133 16.61996841430664 102 5 22
-30.662317276000977 13.773073196411133 16.61996841430664 102 5 22
-32.31099319458008 13.56896686553955 14.674819946289062 146 93 99
-32.31099319458008 13.56896686553955 14.674819946289062 146 93 99
-31.341693878173828 13.869766235351562 16.03234100341797 159 96 104
-30.668861389160156 13.680548667907715 16.218952178955078 135 88 92
-30.668861389160156 13.680548667907715 16.218952178955078 135 88 92
-34.1048469543457 14.216504096984863 14.004408836364746 141 81 89
-32.15985107421875 14.229218482971191 15.595171928405762 97 6 21
-32.34752655029297 13.840083122253418 14.566170692443848 131 74 80
-32.07101821899414 14.859784126281738 16.30120849609375 108 0 23
-31.254013061523438 14.966266632080078 17.092750549316406 103 4 22
-31.254013061523438 14.966266632080078 17.092750549316406 103 4 22
-31.034605026245117 14.331037521362305 15.997241020202637 164 103 110
-32.108951568603516 15.207776069641113 16.638620376586914 140 83 89
-31.505640029907227 15.356513023376465 16.894290924072266 134 77 83
-31.505640029907227 15.356513023376465 16.894290924072266 134 77 83
-31.20469856262207 15.233224868774414 16.916805267333984 156 76 87
-31.20469856262207 15.233224868774414 16.916805267333984 156 76 87
-32.649234771728516 15.204476356506348 15.406426429748535 134 74 82
-31.572708129882812 15.212597846984863 16.41706085205078 164 97 106
-31.46817398071289 15.13146686553955 16.162216186523438 128 69 75
-33.113525390625 15.234167098999023 14.731956481933594 157 87 97
-33.113525390625 15.234167098999023 14.731956481933594 157 87 97
-31.31916618347168 15.658502578735352 17.120864868164062 101 9 24
-31.160377502441406 16.01744842529297 17.30621337890625 130 70 72
-32.23078155517578 15.759532928466797 14.772735595703125 142 90 94
-30.16259002685547 20.066844940185547 14.269559860229492 39 19 23
-29.743310928344727 19.3657169342041 12.887718200683594 120 15 29
-29.743310928344727 19.3657169342041 12.887718200683594 120 15 29
-28.47493553161621 19.578256607055664 14.09973430633545 157 157 157
-30.66173553466797 19.826269149780273 11.527811050415039 56 16 17
-30.27607536315918 19.40424346923828 11.066060066223145 170 152 153
-28.756145477294922 19.179241180419922 12.117120742797852 166 157 160
-27.047956466674805 17.720033645629883 10.63950252532959 170 164 158
-25.983036041259766 15.933732032775879 9.631153106689453 117 32 43
-25.699552536010742 15.846379280090332 9.661388397216797 171 167 168
-24.050737380981445 14.631877899169922 9.735397338867188 177 167 165
-24.883991241455078 14.740348815917969 8.77679443359375 184 150 154
-19.1066951751709 0.8143594861030579 5.579626083374023 98 35 43
-19.09072494506836 0.8451451659202576 5.612951278686523 154 97 104
-18.867828369140625 0.8938766717910767 5.857893943786621 143 82 87
-19.16485023498535 0.8643595576286316 5.541095733642578 148 91 98
-18.490596771240234 1.0570218563079834 6.412186145782471 168 162 151
-18.377696990966797 1.12073814868927 6.6007513999938965 81 58 24
-18.975664138793945 0.922548234462738 5.754998683929443 144 87 94
-18.975664138793945 0.922548234462738 5.754998683929443 144 87 94
-19.085840225219727 0.9229179620742798 5.636566162109375 150 95 101
-19.36715316772461 0.8544225096702576 5.265091419219971 92 37 43
-19.135042190551758 0.9164767265319824 5.5522990226745605 166 96 106
-18.66851043701172 1.067008137702942 6.160796165466309 123 19 36
-18.405223846435547 1.2203532457351685 6.597394943237305 76 71 3
-18.461929321289062 1.1913412809371948 6.4769697189331055 51 47 20
-19.107128143310547 1.0170230865478516 5.6447672843933105 97 26 34
-18.92942237854004 1.0442463159561157 5.81875467300415 111 19 32
-19.164777755737305 1.0007641315460205 5.558703422546387 150 77 88
-18.726173400878906 1.136030673980713 6.1438117027282715 154 89 93
-18.447975158691406 1.2507580518722534 6.544806003570557 43 44 2
-18.292877197265625 1.2926456928253174 6.729045867919922 107 93 82
-18.36154556274414 1.2976614236831665 6.678676128387451 50 40 14
-18.913448333740234 1.1278144121170044 5.894886016845703 140 94 97
-18.4434871673584 1.324709177017212 6.600887298583984 123 132 40
-18.81399154663086 1.1995493173599243 6.079753875732422 114 15 33
-18.81399154663086 1.1995493173599243 6.079753875732422 114 15 33
-18.666698455810547 1.2540229558944702 6.242305755615234 160 105 111
-19.169639587402344 1.129866123199463 5.620369911193848 93 15 28
-19.169639587402344 1.129866123199463 5.620369911193848 93 15 28
-18.16068458557129 1.4433447122573853 6.960750102996826 162 151 149
-18.776622772216797 1.2993212938308716 6.1644110679626465 131 80 81
-18.776622772216797 1.2993212938308716 6.1644110679626465 131 80 81
-19.25348663330078 1.0997625589370728 5.400290012359619 107 6 14
-18.97038459777832 1.2267303466796875 5.852768898010254 112 7 29
-18.84601402282715 1.2809474468231201 6.047400951385498 155 87 94
-18.870298385620117 1.2891610860824585 6.0004472732543945 161 98 106
-18.856834411621094 1.3070948123931885 6.0311279296875 123 72 74
-19.411733627319336 1.1583491563796997 5.3182759284973145 82 21 26
-18.411466598510742 1.4939332008361816 6.71504545211792 39 33 1
-19.043800354003906 1.2782113552093506 5.809057712554932 92 29 36
-18.36383819580078 1.5635064840316772 6.8504486083984375 164 141 135
-18.22498321533203 1.5818434953689575 6.96504545211792 64 50 50
-19.201030731201172 1.2804975509643555 5.625855445861816 96 10 23
-19.040178298950195 1.3375275135040283 5.828677177429199 149 84 92
-18.932392120361328 1.3604000806808472 5.915351390838623 148 95 101
-19.16565704345703 1.356344223022461 5.6794843673706055 136 88 94
-18.771591186523438 1.4611778259277344 6.174203872680664 156 95 102
-18.760677337646484 1.4874649047851562 6.224501609802246 87 9 20
-18.760677337646484 1.4874649047851562 6.224501609802246 87 9 20
-18.350658416748047 1.620363712310791 6.788358211517334 117 108 69
-19.24115753173828 1.3374656438827515 5.561028003692627 135 66 76
-18.733156204223633 1.4970391988754272 6.243299961090088 108 4 23
-18.735706329345703 1.551363468170166 6.327875137329102 158 97 104
-18.3430233001709 1.7101718187332153 6.910342216491699 149 136 129
-18.33340835571289 1.6670268774032593 6.827630519866943 38 33 11
-19.053783416748047 1.4059929847717285 5.777850151062012 148 82 88
-18.71782875061035 1.5963242053985596 6.372069358825684 154 81 85
-18.35399055480957 1.6572740077972412 6.755943298339844 123 128 77
-18.96425437927246 1.46961510181427 5.926295757293701 157 94 107
-19.212139129638672 1.4291566610336304 5.624359607696533 99 0 21
-19.479204177856445 1.3805122375488281 5.30305290222168 149 108 108
-18.9647274017334 1.5312215089797974 5.983822822570801 145 73 88
-18.89165496826172 1.5685900449752808 6.064116954803467 143 87 98
-19.007129669189453 1.5217260122299194 5.881774425506592 104 1 18
-19.212722778320312 1.4938876628875732 5.622952461242676 84 19 30
-19.314130783081055 1.4842978715896606 5.524493217468262 179 98 115
-18.5037899017334 1.752351999282837 6.641258716583252 150 146 147
-19.18482208251953 1.5224944353103638 5.678143501281738 132 71 79
-18.790836334228516 1.641779899597168 6.203436851501465 146 74 81
-19.27926254272461 1.5025062561035156 5.557450294494629 83 3 19
-19.436511993408203 1.4448989629745483 5.321135520935059 157 97 105
-18.93807601928711 1.6178101301193237 6.009252071380615 83 13 24
-18.93807601928711 1.6178101301193237 6.009252071380615 83 13 24
-19.118173599243164 1.5821418762207031 5.7843780517578125 80 5 17
-18.20953369140625 1.8821449279785156 7.046882629394531 102 75 66
-18.88653564453125 1.6383612155914307 6.06493616104126 79 18 26
-18.27555274963379 1.882912039756775 6.967814922332764 56 55 27
-18.25040626525879 1.9085931777954102 7.016150951385498 134 131 112
-18.342939376831055 1.8684229850769043 6.868808269500732 30 22 1
-19.308576583862305 1.5757917165756226 5.561000823974609 156 78 94
-19.145587921142578 1.6764744520187378 5.859287738800049 102 47 53
-18.93609046936035 1.670143961906433 6.005986213684082 157 87 98
-18.97470474243164 1.6550073623657227 5.942645072937012 118 55 64
-18.97470474243164 1.6550073623657227 5.942645072937012 118 55 64
-19.135286331176758 1.6399116516113281 5.780583381652832 148 69 82
-18.60799789428711 1.7410383224487305 6.356583118438721 103 1 12
-18.254343032836914 1.9365267753601074 6.987703800201416 53 55 16
-19.27836799621582 1.6053166389465332 5.564810752868652 118 75 78
-18.815715789794922 1.7699061632156372 6.2097978591918945 116 53 59
-19.195688247680664 1.6278012990951538 5.6453962326049805 164 102 113
-19.16131019592285 1.6641901731491089 5.7195024490356445 129 70 76
-18.943058013916016 1.7301386594772339 6.0099263191223145 94 10 26
-18.984189987182617 1.7393547296524048 5.9825544357299805 137 80 87
-18.984189987182617 1.7393547296524048 5.9825544357299805 137 80 87
-18.788148880004883 1.7866041660308838 6.21583890914917 150 79 87
-18.35881996154785 1.952972412109375 6.842294692993164 49 38 21
-19.013460159301758 1.753833293914795 5.945041179656982 160 91 102
-19.013460159301758 1.753833293914795 5.945041179656982 160 91 102
-19.528331756591797 1.600028395652771 5.254915714263916 163 92 108
-19.17903709411621 1.680623173713684 5.67887020111084 114 55 61
-18.21555519104004 2.045952081680298 7.090408802032471 36 30 6
-19.31525421142578 1.6852595806121826 5.554574489593506 159 94 105
-19.258081436157227 1.7034211158752441 5.6271209716796875 79 8 22
-18.402210235595703 1.98464035987854 6.8130011558532715 145 142 137
-18.899389266967773 1.8568603992462158 6.169437408447266 103 0 18
-19.059246063232422 1.736059546470642 5.822714328765869 142 80 88
-18.980058670043945 1.8116086721420288 6.019437313079834 104 0 21
-19.002548217773438 1.801479697227478 5.97300386428833 82 3 18
-18.946044921875 1.84477961063385 6.091615676879883 131 84 87
-18.182313919067383 2.0760715007781982 7.112529754638672 134 125 118
-19.313058853149414 1.705810785293579 5.494772434234619 90 0 18
-19.313232421875 1.9280637502670288 5.865987300872803 95 0 14
-19.273841857910156 1.7663805484771729 5.598687171936035 146 90 99
-19.008739471435547 1.8772706985473633 5.957834243774414 119 62 69
-18.897239685058594 1.90623939037323 6.098217964172363 162 92 104
-18.92034339904785 1.9098446369171143 6.080725193023682 121 70 77
-18.92034339904785 1.9098446369171143 6.080725193023682 121 70 77
-19.25507926940918 1.803257942199707 5.588993549346924 80 24 32
-19.543777465820312 1.8031513690948486 5.281646251678467 119 67 72
-19.317758560180664 1.89264976978302 5.613062381744385 148 98 104
-19.04075050354004 1.907092571258545 5.865674018859863 102 0 13
-19.04075050354004 1.907092571258545 5.865674018859863 102 0 13
-19.20926856994629 1.8739961385726929 5.669280529022217 130 77 81
-18.950349807739258 1.9437998533248901 5.994519233703613 84 0 11
-18.876453399658203 2.0059404373168945 6.14078950881958 101 0 17
-18.876453399658203 2.0059404373168945 6.14078950881958 101 0 17
-19.2061824798584 1.8840306997299194 5.618877410888672 153 71 87
-19.359817504882812 1.9005059003829956 5.5092973709106445 89 4 16
-19.013755798339844 1.9781967401504517 5.9245924949646 160 92 102
-19.164020538330078 1.905604600906372 5.66776704788208 154 78 91
-18.912437438964844 2.01220440864563 6.0536017417907715 124 71 76
-18.912437438964844 2.01220440864563 6.0536017417907715 124 71 76
-18.97648048400879 2.0082385540008545 5.9683756828308105 148 80 89
-19.558279037475586 1.8754143714904785 5.207665920257568 151 83 90
-19.061161041259766 1.9624419212341309 5.7628679275512695 132 83 89
-19.355220794677734 2.020728588104248 5.546813488006592 134 79 85
-19.510663986206055 1.9509104490280151 5.29290246963501 150 78 84
-19.02996063232422 2.188220500946045 6.048583030700684 85 1 16
-19.057558059692383 2.0976438522338867 5.868107318878174 101 0 15
-19.579322814941406 1.972367525100708 5.204771518707275 151 79 86
-18.882047653198242 2.1779086589813232 6.129631042480469 93 0 15
-18.882047653198242 2.1779086589813232 6.129631042480469 93 0 15
-18.813505172729492 2.160290002822876 6.1512837409973145 133 78 81
-18.93896484375 2.1575260162353516 6.0236029624938965 160 105 112
-18.982379913330078 2.1656289100646973 5.962296962738037 157 95 106
-19.14134979248047 2.1650595664978027 5.8130388259887695 131 79 82
-19.14134979248047 2.1650595664978027 5.8130388259887695 131 79 82
-19.31818962097168 2.0698790550231934 5.505188465118408 152 90 101
-19.15378761291504 2.106639862060547 5.699479579925537 97 0 13
-18.957096099853516 2.1878321170806885 5.981320381164551 139 56 72
-19.132429122924805 2.1719248294830322 5.760769367218018 161 90 100
-18.93937110900879 2.261549472808838 6.061760425567627 108 60 64
-18.93937110900879 2.261549472808838 6.061760425567627 108 60 64
-18.916515350341797 2.24926495552063 6.044197082519531 116 63 69
-18.82578468322754 2.2649619579315186 6.144294261932373 158 88 98
-18.903553009033203 2.2895069122314453 6.1118011474609375 156 86 96
-18.865245819091797 2.289824962615967 6.139053821563721 149 76 87
-19.103931427001953 2.2005157470703125 5.775177478790283 72 7 13
-18.839553833007812 2.3617591857910156 6.19328498840332 77 7 17
-18.839553833007812 2.3617591857910156 6.19328498840332 77 7 17
-18.877275466918945 2.3480684757232666 6.120938777923584 95 0 15
-19.315589904785156 2.1753363609313965 5.4199419021606445 163 91 98
-19.33462905883789 2.241065502166748 5.495423316955566 83 1 16
-18.823808670043945 2.4358866214752197 6.162242412567139 139 78 85
-18.894201278686523 2.396334409713745 6.017430305480957 96 0 10
-18.894201278686523 2.396334409713745 6.017430305480957 96 0 10
-18.098045349121094 2.6903533935546875 7.053086280822754 105 0 16
-17.892112731933594 2.8179237842559814 7.386893272399902 69 55 54
-17.693452835083008 2.9620394706726074 7.4062018394470215 66 50 51
-19.323665618896484 1.0139737129211426 5.7227983474731445 101 44 50
-19.203866958618164 1.0351862907409668 5.71750020980835 158 102 105
-19.13517951965332 0.9889822602272034 5.6007232666015625 99 31 42
-19.12159538269043 1.034265398979187 5.659638404846191 115 39 52
-18.701478958129883 1.5006879568099976 6.632054805755615 174 168 154
-18.92620086669922 1.3163012266159058 6.166907787322998 98 14 27
-18.739694595336914 1.4486300945281982 6.476011753082275 113 29 29
-18.73954963684082 1.4143409729003906 6.3769755363464355 152 97 100
-18.785053253173828 1.305121660232544 6.16655969619751 125 81 82
-18.958446502685547 1.139319896697998 5.782841205596924 160 103 109
-18.98406410217285 0.9948302507400513 5.540194988250732 146 76 87
-18.920352935791016 1.101560115814209 5.732700824737549 112 55 61
-18.795040130615234 1.2373546361923218 5.977234840393066 134 76 88
-18.96604347229004 0.9435670971870422 5.372905254364014 153 87 97
-19.080583572387695 0.8508101105690002 5.131193161010742 92 26 36
-18.56342887878418 1.3432557582855225 6.1936516761779785 148 93 99
-18.942489624023438 1.0221588611602783 5.455726146697998 89 23 37
-18.594083786010742 1.3991928100585938 6.236815452575684 95 40 46
-18.595394134521484 1.3844858407974243 6.19929838180542 153 95 102
-18.667613983154297 1.340570330619812 6.083253860473633 149 88 96
-19.054685592651367 0.8643108606338501 5.118982791900635 140 74 84
-19.054685592651367 0.8643108606338501 5.118982791900635 140 74 84
-18.654340744018555 1.4035720825195312 6.171638488769531 104 14 26
-18.687837600708008 1.3048471212387085 5.9903669357299805 95 13 27
-18.563419342041016 1.411102056503296 6.229958534240723 162 80 86
-18.563419342041016 1.411102056503296 6.229958534240723 162 80 86
-18.822830200195312 1.0047434568405151 5.446951389312744 146 86 96
-18.607908248901367 1.2378911972045898 5.9251933097839355 95 13 27
-19.021652221679688 0.8569928407669067 5.063537120819092 89 26 37
-18.889982223510742 0.9852256178855896 5.336961269378662 123 63 73
-18.692035675048828 1.2256327867507935 5.7689032554626465 156 99 108
-18.832855224609375 1.0392168760299683 5.3757405281066895 87 13 30
-18.68281364440918 1.1632120609283447 5.636298179626465 97 10 27
-18.536373138427734 1.3427788019180298 5.987664222717285 151 83 93
-18.759801864624023 1.0819792747497559 5.43180513381958 170 92 106
-18.75029945373535 1.0104823112487793 5.31768274307251 87 14 31
-18.577802658081055 1.2814041376113892 5.815780162811279 82 24 38
-18.78885269165039 1.0277620553970337 5.30398416519165 161 88 105
-18.92978858947754 0.9147484302520752 4.992336273193359 149 83 95
-18.606704711914062 1.206682562828064 5.633913040161133 156 96 104
-18.554216384887695 1.310185432434082 5.8080549240112305 130 74 85
-18.481021881103516 1.3659054040908813 5.922924518585205 139 65 78
-18.783357620239258 1.0304943323135376 5.231039047241211 150 82 97
-18.923418045043945 0.9093953371047974 4.956867694854736 102 36 48
-17.703445434570312 2.095792531967163 7.4744062423706055 168 135 142
-18.431978225708008 1.3514453172683716 5.907013893127441 141 71 81
-18.556995391845703 1.2789251804351807 5.7028398513793945 85 6 22
-18.55840301513672 1.2474408149719238 5.652010917663574 141 76 86
-18.55840301513672 1.2474408149719238 5.652010917663574 141 76 86
-18.76140785217285 1.061641812324524 5.237077236175537 123 76 84
-17.970571517944336 1.8172824382781982 6.8530354499816895 55 45 36
-18.662567138671875 1.1163383722305298 5.373586177825928 154 99 110
-18.44048500061035 1.3020613193511963 5.784550666809082 95 4 21
-18.843374252319336 0.89163738489151 4.914566516876221 86 20 32
-18.520002365112305 1.2715743780136108 5.6585373878479 92 11 26
-18.70758819580078 1.1101131439208984 5.26920747756958 87 8 27
-18.56148338317871 1.1726181507110596 5.4638895988464355 136 81 87
-18.751012802124023 0.9943280220031738 5.055657386779785 97 0 18
-18.58159828186035 1.2017700672149658 5.439698696136475 125 70 76
-18.58159828186035 1.2017700672149658 5.439698696136475 125 70 76
-18.469310760498047 1.3625273704528809 5.714683532714844 115 73 77
-18.494659423828125 1.269044041633606 5.562043190002441 143 74 85
-18.683387756347656 1.0351781845092773 5.1071624755859375 92 0 20
-18.65015411376953 1.086266279220581 5.19512414932251 157 94 107
-18.694786071777344 1.1280438899993896 5.174709796905518 131 85 95
-18.379852294921875 1.387756586074829 5.728579998016357 99 0 19
-18.379852294921875 1.387756586074829 5.728579998016357 99 0 19
-18.410762786865234 1.4034374952316284 5.712356090545654 81 0 14
-18.475679397583008 1.2414631843566895 5.448304653167725 90 0 16
-18.475679397583008 1.2414631843566895 5.448304653167725 90 0 16
-18.57250213623047 1.1570020914077759 5.244498252868652 125 72 78
-18.37886619567871 1.3524595499038696 5.624983310699463 128 79 83
-18.55242347717285 1.1469932794570923 5.190943717956543 156 79 99
-18.55242347717285 1.1469932794570923 5.190943717956543 156 79 99
-18.5178279876709 1.1659250259399414 5.232222557067871 158 84 99
-18.5178279876709 1.1659250259399414 5.232222557067871 158 84 99
-18.694799423217773 1.0030990839004517 4.862648010253906 144 85 95
-18.564924240112305 1.1392745971679688 5.119582176208496 130 79 86
-18.506540298461914 1.246913194656372 5.292123794555664 87 0 15
-18.318639755249023 1.3036394119262695 5.4930739402771 89 4 20
-18.315149307250977 1.4514778852462769 5.66276216506958 87 0 14
-18.315149307250977 1.4514778852462769 5.66276216506958 87 0 14
-17.65479278564453 2.125948190689087 7.043345928192139 76 62 62
-17.65479278564453 2.125948190689087 7.043345928192139 76 62 62
-18.55832290649414 1.128562331199646 5.054271221160889 123 68 77
-18.51156997680664 1.1586694717407227 5.1275739669799805 124 56 69
-18.27874183654785 1.4663753509521484 5.701616287231445 142 85 92
-18.419553756713867 1.3227468729019165 5.399311542510986 96 0 16
-18.419553756713867 1.3227468729019165 5.399311542510986 96 0 16
-18.34890365600586 1.312744379043579 5.4358954429626465 132 72 80
-18.4387264251709 1.2875456809997559 5.330926418304443 101 41 49
-18.5383243560791 1.2654342651367188 5.191755294799805 98 43 49
-18.210203170776367 1.4863646030426025 5.728481769561768 73 0 5
-18.394838333129883 1.264399528503418 5.283803939819336 128 67 75
-18.523632049560547 1.210116982460022 5.111935615539551 75 7 20
-18.42689323425293 1.2412234544754028 5.203822135925293 86 0 12
-18.283390045166016 1.4177396297454834 5.536540985107422 110 62 65
-18.485624313354492 1.2211508750915527 5.127988815307617 157 89 102
-18.332307815551758 1.3712584972381592 5.433920860290527 75 12 21
-18.52367401123047 1.1618415117263794 5.013104438781738 154 88 100
-18.254650115966797 1.4891382455825806 5.633772373199463 139 73 83
-18.26459312438965 1.4085166454315186 5.52265739440918 113 64 68
-18.497282028198242 1.1807581186294556 5.047394752502441 138 70 85
-18.411270141601562 1.2996325492858887 5.2577080726623535 163 92 104
-17.549779891967773 2.147752046585083 6.96682071685791 127 113 113
-17.549779891967773 2.147752046585083 6.96682071685791 127 113 113
-18.23274803161621 1.4962716102600098 5.59082555770874 90 0 15
-18.18109130859375 1.5656471252441406 5.67345666885376 148 80 85
-17.534055709838867 2.151003360748291 6.8649773597717285 61 47 47
-18.185400009155273 1.5688588619232178 5.625153541564941 111 50 57
-18.185400009155273 1.5688588619232178 5.625153541564941 111 50 57
-18.217679977416992 1.5008021593093872 5.4823198318481445 92 0 17
-18.385292053222656 1.2901959419250488 5.086925029754639 123 68 74
-18.34331703186035 1.3824281692504883 5.208101272583008 91 0 7
-18.242218017578125 1.4538404941558838 5.3711090087890625 142 87 92
-18.38273811340332 1.2734860181808472 5.030909061431885 132 75 84
-18.364778518676758 1.3553466796875 5.101004600524902 78 1 11
-18.225156784057617 1.4631853103637695 5.321288108825684 122 78 81
-18.24224090576172 1.4675732851028442 5.2925190925598145 152 90 98
-18.350011825561523 1.3259246349334717 5.030930042266846 123 67 75
-18.106693267822266 1.6399041414260864 5.592267990112305 158 88 98
-18.043964385986328 1.66603422164917 5.558493614196777 73 5 15
-18.041872024536133 1.7197182178497314 5.552028656005859 98 26 37
-18.068424224853516 1.6742266416549683 5.475139617919922 151 85 95
-18.04426383972168 1.6805486679077148 5.491748332977295 130 75 80
-18.03327178955078 1.6162655353546143 5.416049957275391 84 3 18
-18.0187931060791 1.7459640502929688 5.521782398223877 81 5 15
-15.647760391235352 -1.2053519487380981 3.550938844680786 144 87 80
-15.647760391235352 -1.2053519487380981 3.550938844680786 144 87 80
-15.796480178833008 -1.2807016372680664 3.3122594356536865 94 36 43
-15.662531852722168 -1.1927753686904907 3.4498846530914307 91 18 29
-15.694283485412598 -1.197936773300171 3.4129786491394043 92 24 35
-15.720025062561035 -1.2179138660430908 3.3414864540100098 125 72 78
-15.720025062561035 -1.2179138660430908 3.3414864540100098 125 72 78
-15.740496635437012 -1.2181339263916016 3.3229281902313232 99 8 27
-15.740496635437012 -1.2181339263916016 3.3229281902313232 99 8 27
-15.77738094329834 -1.2452306747436523 3.2572884559631348 143 92 101
-15.6935396194458 -1.1927446126937866 3.3846182823181152 129 69 77
-15.676859855651855 -1.1678833961486816 3.4306671619415283 116 76 77
-15.772253036499023 -1.2324153184890747 3.259284019470215 121 70 79
-15.701249122619629 -1.1898143291473389 3.3564224243164062 88 10 23
-15.719094276428223 -1.1888926029205322 3.327059745788574 141 85 94
-15.730504035949707 -1.2030993700027466 3.2926716804504395 137 72 81
-15.752752304077148 -1.2075659036636353 3.2706286907196045 82 20 33
-15.737150192260742 -1.1992337703704834 3.284411668777466 70 21 25
-15.660882949829102 -1.1550939083099365 3.3839900493621826 80 19 27
-15.661078453063965 -1.1621342897415161 3.354767084121704 123 74 80
-15.688017845153809 -1.156018853187561 3.3447365760803223 87 3 19
-15.741418838500977 -1.17970609664917 3.2575390338897705 83 15 28
-15.715310096740723 -1.1621018648147583 3.294903516769409 87 0 16
-15.639338493347168 -1.1243926286697388 3.3915059566497803 125 76 80
-15.639338493347168 -1.1243926286697388 3.3915059566497803 125 76 80
-15.657915115356445 -1.138943076133728 3.3572330474853516 69 13 22
-15.635371208190918 -1.125315546989441 3.388457775115967 125 76 80
-15.635371208190918 -1.125315546989441 3.388457775115967 125 76 80
-15.649971008300781 -1.1212108135223389 3.3721261024475098 75 4 18
-15.649824142456055 -1.1211014986038208 3.3428633213043213 109 56 62
-15.634920120239258 -1.1059893369674683 3.3649637699127197 89 0 16
-15.73559284210205 -1.1491284370422363 3.211315870285034 123 70 78
-15.636405944824219 -1.0916805267333984 3.330533027648926 114 72 73
-15.636405944824219 -1.0916805267333984 3.330533027648926 114 72 73
-15.558755874633789 -1.0168427228927612 3.3996524810791016 124 57 64
-15.568319320678711 -1.020765781402588 3.3863656520843506 116 64 66
-15.601539611816406 -0.8221287131309509 3.110473155975342 137 135 138
-15.601539611816406 -0.8221287131309509 3.110473155975342 137 135 138
-15.532244682312012 -0.7662011384963989 3.1889779567718506 44 0 10
-15.543073654174805 -0.7604244947433472 3.1635918617248535 144 140 141
-15.543073654174805 -0.7604244947433472 3.1635918617248535 144 140 141
-15.543073654174805 -0.7604244947433472 3.1635918617248535 144 140 141
-15.467902183532715 -0.6835671067237854 3.231764078140259 144 142 143
-15.467902183532715 -0.6835671067237854 3.231764078140259 144 142 143
-15.479843139648438 -0.6675689220428467 3.1829466819763184 76 6 26
-15.479843139648438 -0.6675689220428467 3.1829466819763184 76 6 26
-15.452954292297363 -0.6428188681602478 3.214385747909546 42 11 17
-15.45108413696289 -0.6213340759277344 3.1939375400543213 149 146 146
-15.45108413696289 -0.6213340759277344 3.1939375400543213 149 146 146
-15.515375137329102 -0.6538081169128418 3.1076958179473877 50 6 21
-15.515375137329102 -0.6538081169128418 3.1076958179473877 50 6 21
-15.532562255859375 -0.6443300843238831 3.0665979385375977 97 13 28
-15.448402404785156 -0.6020239591598511 3.1595349311828613 138 129 132
-15.437559127807617 -0.5946415066719055 3.1680233478546143 11 2 3
-15.437559127807617 -0.5946415066719055 3.1680233478546143 11 2 3
-15.467397689819336 -0.5612547993659973 3.0371124744415283 43 17 28
-15.467397689819336 -0.5612547993659973 3.0371124744415283 43 17 28
-21.90302276611328 0.6464126110076904 11.11072063446045 72 57 36
-21.282913208007812 0.7735306620597839 11.373655319213867 119 96 86
-21.46745491027832 0.7958609461784363 11.429153442382812 155 135 120
-23.809123992919922 0.49192380905151367 10.784419059753418 104 27 37
-20.180299758911133 1.3565839529037476 12.304494857788086 124 94 94
-20.185352325439453 1.3594855070114136 12.312286376953125 124 94 94
-20.68724822998047 1.4210419654846191 12.265854835510254 155 135 136
-20.68724822998047 1.4210419654846191 12.265854835510254 155 135 136
-24.49153709411621 0.8778277039527893 10.990755081176758 85 19 31
-19.949234008789062 1.544549822807312 12.555798530578613 158 133 131
-20.68587875366211 1.5364354848861694 12.469525337219238 116 91 94
-20.159334182739258 1.731342077255249 12.768523216247559 120 88 89
-20.046367645263672 1.7619990110397339 12.834928512573242 151 125 124
-24.50309944152832 1.1124494075775146 11.171277046203613 115 62 70
-20.902400970458984 1.7094225883483887 12.660343170166016 148 126 128
-20.39409637451172 1.8587342500686646 12.815522193908691 122 94 93
-20.39409637451172 1.8587342500686646 12.815522193908691 122 94 93
-20.81926155090332 1.8294399976730347 12.725143432617188 118 83 89
-21.530067443847656 1.710254430770874 12.379556655883789 108 94 93
-21.364870071411133 1.7794885635375977 12.549995422363281 93 79 78
-24.850116729736328 1.3277525901794434 11.312220573425293 84 2 14
-21.176433563232422 1.8400439023971558 12.575071334838867 145 129 129
-25.396875381469727 1.2949656248092651 11.046881675720215 89 0 15
-24.70671272277832 1.4279173612594604 11.359223365783691 89 0 11
-20.668333053588867 2.02174973487854 12.925642967224121 121 97 97
-25.338363647460938 1.5534348487854004 11.484030723571777 111 60 67
-25.338363647460938 1.5534348487854004 11.484030723571777 111 60 67
-21.68075180053711 1.9932729005813599 12.61043930053711 72 58 58
-20.459270477294922 2.304323196411133 13.356611251831055 136 108 107
-22.717792510986328 2.1444334983825684 12.81689167022705 93 9 16
-21.622241973876953 2.3818933963775635 12.936688423156738 69 54 51
-20.5197811126709 2.625823974609375 13.524758338928223 111 81 83
-21.969865798950195 2.435225248336792 12.951761245727539 127 112 109
-20.55270004272461 2.9037325382232666 13.6099271774292 99 67 70
-21.930850982666016 4.050283432006836 13.903193473815918 141 131 130
-21.930850982666016 4.050283432006836 13.903193473815918 141 131 130
-21.482744216918945 4.578543186187744 13.992238998413086 18 27 68
-21.79843521118164 4.96835470199585 13.892671585083008 137 142 168
-21.511289596557617 4.7887091636657715 13.564156532287598 28 29 47
-21.86210823059082 4.895768165588379 13.627836227416992 128 143 158
-21.716716766357422 4.974521636962891 13.738089561462402 134 135 153
-21.577045440673828 5.0557169914245605 13.838361740112305 23 26 57
-21.70505142211914 5.203268051147461 13.885205268859863 131 138 167
-21.902721405029297 5.2659478187561035 13.918108940124512 134 131 148
-21.804079055786133 5.304811000823975 13.886680603027344 21 19 35
-21.730981826782227 5.223357200622559 13.635529518127441 148 150 163
-21.703102111816406 5.348148822784424 13.755976676940918 131 139 170
-21.834516525268555 5.592254638671875 13.832901000976562 133 134 154
-21.91062355041504 5.534585952758789 13.372187614440918 132 150 186
-22.008808135986328 5.725090026855469 13.460134506225586 19 37 73
-21.99250030517578 5.790806293487549 13.371155738830566 127 139 163
-21.658733367919922 5.702990531921387 13.260028839111328 21 33 47
-21.931747436523438 5.912790298461914 13.318331718444824 32 43 71
-22.032800674438477 5.985771179199219 13.225957870483398 141 143 164
-22.150651931762695 6.212679862976074 13.408360481262207 18 20 41
-21.996856689453125 6.0019426345825195 13.061178207397461 135 155 190
-22.104419708251953 6.015995502471924 12.890146255493164 15 46 93
-21.848417282104492 6.181187152862549 12.80583667755127 146 155 186
-21.861740112304688 6.162370204925537 12.6863374710083 22 30 53
-21.909696578979492 6.3108134269714355 12.571372032165527 142 150 171
-21.816083908081055 6.3804755210876465 12.419001579284668 77 82 101
-20.329641342163086 6.209481716156006 12.603713989257812 109 19 39
-20.329641342163086 6.209481716156006 12.603713989257812 109 19 39
-21.910783767700195 6.460772514343262 12.345680236816406 137 149 171
-20.323715209960938 6.421854019165039 12.529003143310547 153 158 153
-20.99909210205078 6.720142841339111 11.985581398010254 36 31 31
-19.073162078857422 0.7997757792472839 8.613277435302734 139 128 126
-26.05677604675293 3.062861204147339 10.002630233764648 65 3 18
-18.22719383239746 1.9321188926696777 9.683981895446777 94 12 18
-24.836477279663086 2.7987239360809326 9.619173049926758 49 5 22
-26.27106475830078 3.5602176189422607 10.378887176513672 146 129 135
-19.022245407104492 1.6824637651443481 8.833658218383789 27 26 42
-19.134057998657227 1.6983311176300049 8.715753555297852 103 107 118
-19.505123138427734 4.496318340301514 13.359896659851074 95 7 23
-19.505123138427734 4.496318340301514 13.359896659851074 95 7 23
-18.55103874206543 2.702369213104248 10.48232650756836 142 136 130
-24.10706329345703 3.2160987854003906 9.66857624053955 143 137 139
-24.10706329345703 3.2160987854003906 9.66857624053955 143 137 139
-18.798320770263672 1.6618436574935913 8.258291244506836 28 32 57
-18.927608489990234 1.6360360383987427 8.116020202636719 11 35 79
-18.04247283935547 2.03485107421875 8.997340202331543 144 139 136
-20.23516273498535 6.079054355621338 15.006643295288086 96 15 24
-18.914155960083008 1.9639776945114136 8.432652473449707 120 129 138
-18.914155960083008 1.9639776945114136 8.432652473449707 120 129 138
-19.106006622314453 2.1336514949798584 8.559298515319824 29 29 65
-23.720014572143555 2.99883770942688 8.473963737487793 53 3 17
-18.87681770324707 1.8938944339752197 8.112753868103027 118 121 140
-19.180801391601562 4.2727556228637695 11.741722106933594 97 15 25
-19.127670288085938 2.132770538330078 8.182602882385254 13 37 83
-24.88094711303711 3.923952579498291 9.070452690124512 145 143 146
-24.88094711303711 3.923952579498291 9.070452690124512 145 143 146
-23.590307235717773 3.866527557373047 9.026665687561035 148 146 149
-18.94447898864746 2.36334228515625 8.081650733947754 44 48 73
-18.86832618713379 3.5783936977386475 9.732782363891602 156 150 154
-18.80534553527832 3.3138298988342285 9.321281433105469 100 58 70
-18.80534553527832 3.3138298988342285 9.321281433105469 100 58 70
-23.655200958251953 4.301495552062988 8.923398971557617 153 150 153
-22.814390182495117 3.293430805206299 7.622910976409912 41 20 29
-22.814390182495117 3.293430805206299 7.622910976409912 41 20 29
-19.296598434448242 4.305636405944824 10.319681167602539 96 19 35
-19.48773956298828 4.783872604370117 10.75436782836914 168 140 145
-19.48773956298828 4.783872604370117 10.75436782836914 168 140 145
-19.24559783935547 4.27192497253418 10.122097969055176 92 52 63
-24.820707321166992 4.810078144073486 8.683226585388184 157 155 160
-19.221662521362305 4.2950873374938965 10.023953437805176 168 138 146
-23.92754364013672 4.946734428405762 8.959757804870605 155 155 155
-25.522113800048828 5.3856706619262695 8.828088760375977 104 24 46
-23.502864837646484 5.184603691101074 9.10165023803711 156 154 155
-23.502864837646484 5.184603691101074 9.10165023803711 156 154 155
-20.70417594909668 6.862170696258545 12.429317474365234 161 138 141
-20.70417594909668 6.862170696258545 12.429317474365234 161 138 141
-23.237529754638672 4.7272419929504395 8.366165161132812 161 162 167
-18.28282356262207 -0.40232574939727783 5.020956993103027 141 137 138
-18.28282356262207 -0.40232574939727783 5.020956993103027 141 137 138
-17.142276763916016 0.0832051932811737 6.046271800994873 20 26 52
-17.297222137451172 0.19991207122802734 6.150174617767334 28 35 63
-17.243183135986328 0.2449619323015213 6.153496742248535 44 47 64
-17.208045959472656 0.16719286143779755 6.028804302215576 125 130 136
-17.075288772583008 0.14478090405464172 5.970053672790527 141 143 164
-17.182334899902344 0.23769302666187286 6.029311656951904 25 26 57
-17.3443546295166 0.3875032365322113 6.136377334594727 133 136 155
-17.342512130737305 0.5010570287704468 6.188685417175293 17 36 77
-17.56489372253418 0.5993592739105225 6.2348198890686035 9 37 83
-17.3442325592041 0.4855392873287201 6.1139678955078125 18 37 88
-17.359407424926758 0.661370575428009 6.201853275299072 18 39 82
-17.359407424926758 0.661370575428009 6.201853275299072 18 39 82
-18.77973175048828 0.41244614124298096 5.30075216293335 145 143 144
-17.688438415527344 1.0353375673294067 6.489837646484375 29 37 60
-17.86980438232422 1.301415205001831 6.616325855255127 78 81 106
-19.3131046295166 1.017958164215088 5.627729892730713 148 151 150
-18.055206298828125 2.6533546447753906 8.365840911865234 116 11 34
-20.20347023010254 1.9746174812316895 6.193849563598633 149 155 155
-20.38086700439453 2.3171238899230957 6.404036998748779 27 16 25
-20.37168312072754 2.504225015640259 6.631066799163818 154 153 158
-20.37168312072754 2.504225015640259 6.631066799163818 154 153 158
-21.578449249267578 2.748203992843628 6.423531532287598 156 155 160
-21.578449249267578 2.748203992843628 6.423531532287598 156 155 160
-22.176979064941406 4.157001972198486 7.436042308807373 163 159 163
-22.535987854003906 4.861963748931885 7.972262382507324 111 9 23
-25.507400512695312 6.59302282333374 8.503580093383789 164 164 172
-25.181772232055664 7.34598970413208 9.239541053771973 165 167 175
-31.822858810424805 14.313446998596191 13.247963905334473 163 171 182
-30.626073837280273 11.089383125305176 23.250160217285156 118 118 141
-31.358211517333984 11.563831329345703 23.335247039794922 109 105 123
-31.5228328704834 11.423965454101562 23.0035400390625 8 27 69
-31.697961807250977 11.859745979309082 23.568920135498047 18 25 53
-29.196277618408203 10.381255149841309 21.257238388061523 119 117 138
-27.251802444458008 8.807391166687012 18.39582633972168 26 33 59
-29.085186004638672 10.693449974060059 21.002771377563477 120 122 145
-27.557676315307617 9.011308670043945 18.487545013427734 19 26 52
-29.60614013671875 10.54510498046875 20.48677635192871 5 27 74
-27.362049102783203 9.297107696533203 18.770322799682617 30 34 61
-29.11709976196289 10.501760482788086 20.313190460205078 119 120 143
-27.938562393188477 9.798896789550781 19.256330490112305 127 131 158
-26.9970760345459 8.971024513244629 17.873300552368164 20 26 48
-27.882118225097656 9.770106315612793 18.651473999023438 112 114 134
-27.7720890045166 9.777043342590332 18.4102840423584 97 121 147
-64.44239044189453 30.233491897583008 38.44071578979492 130 101 119
-37.70384979248047 16.150985717773438 21.724306106567383 80 59 38
-35.2086067199707 14.52942943572998 19.739593505859375 87 52 33
-36.079322814941406 15.590712547302246 20.60978126525879 93 58 39
-44.56970977783203 20.546234130859375 24.19034767150879 145 148 157
-46.206668853759766 20.46271514892578 23.220277786254883 27 7 19
-46.206668853759766 20.46271514892578 23.220277786254883 27 7 19
-34.240577697753906 13.807631492614746 17.440048217773438 148 149 153
-34.240577697753906 13.807631492614746 17.440048217773438 148 149 153
-31.110004425048828 12.103499412536621 16.23172950744629 90 57 42
-31.110004425048828 12.103499412536621 16.23172950744629 90 57 42
-31.37345314025879 12.027059555053711 15.994163513183594 105 55 52
-31.37345314025879 12.027059555053711 15.994163513183594 105 55 52
-30.806058883666992 11.885223388671875 15.683649063110352 81 23 19
-30.806058883666992 11.885223388671875 15.683649063110352 81 23 19
-28.62906265258789 9.174620628356934 12.133136749267578 147 149 157
-31.283000946044922 11.484940528869629 14.17410659790039 18 0 8
-24.651365280151367 8.438094139099121 12.528023719787598 91 76 55
-24.651365280151367 8.438094139099121 12.528023719787598 91 76 55
-23.948360443115234 7.980006217956543 11.56033992767334 91 77 51
-27.35650062561035 8.017882347106934 9.973682403564453 55 9 29
-25.75181007385254 6.718809604644775 8.925799369812012 55 9 29
-25.75181007385254 6.718809604644775 8.925799369812012 55 9 29
-25.35862922668457 6.862788677215576 8.63595199584961 28 12 25
-22.987140655517578 8.408207893371582 10.821486473083496 16 37 93
-25.700225830078125 11.7544584274292 13.65542984008789 16 37 93
-25.737424850463867 11.801820755004883 13.693398475646973 16 37 93
-21.62363052368164 6.798465728759766 9.132950782775879 130 149 189
-23.710962295532227 6.193286418914795 7.215742111206055 151 126 147
-21.615901947021484 6.914222717285156 9.131800651550293 30 44 84
-21.130773544311523 6.62053108215332 8.740614891052246 162 176 205
-21.130773544311523 6.62053108215332 8.740614891052246 162 176 205
-54.59093475341797 41.12953186035156 67.19685363769531 142 119 122
-56.564327239990234 55.44278335571289 80.01399993896484 139 137 138
-56.564327239990234 55.44278335571289 80.01399993896484 139 137 138
-40.48448944091797 27.92679786682129 40.72966003417969 82 30 49
-40.48448944091797 27.92679786682129 40.72966003417969 82 30 49
-64.79623413085938 48.01137924194336 63.15538024902344 94 104 129
-53.50471115112305 36.65378952026367 49.10920715332031 46 56 81
-40.24753952026367 29.51616859436035 42.70650100708008 134 107 114
-56.55744552612305 40.274566650390625 53.26669692993164 116 125 147
-61.572914123535156 44.953636169433594 58.429386138916016 117 126 154
-59.847354888916016 43.21224594116211 56.345333099365234 117 126 154
-41.338714599609375 34.648719787597656 49.907344818115234 153 125 129
-38.237709045410156 26.725351333618164 38.40640640258789 88 15 34
-38.25405502319336 26.121614456176758 37.39239501953125 143 140 146
-43.53488540649414 39.230594635009766 55.64907455444336 95 0 25
-36.980411529541016 27.169422149658203 39.2809944152832 140 140 150
-36.30646514892578 25.12422752380371 35.99324417114258 133 123 125
-36.30646514892578 25.12422752380371 35.99324417114258 133 123 125
-40.94377136230469 28.218198776245117 38.62630844116211 142 142 152
-41.537044525146484 36.19035339355469 50.63421630859375 148 131 139
-34.74917984008789 23.01041603088379 32.85730743408203 154 101 115
-36.36341094970703 25.77992820739746 36.1606330871582 72 15 30
-33.57736587524414 22.736522674560547 32.046775817871094 149 107 119
-36.83732604980469 28.510374069213867 39.313968658447266 93 1 24
-34.040565490722656 23.29805564880371 32.17321014404297 82 34 48
-33.42033386230469 23.596181869506836 32.57064437866211 133 147 148
-33.42033386230469 23.596181869506836 32.57064437866211 133 147 148
-40.708126068115234 28.155134201049805 36.15644836425781 56 40 24
-39.761512756347656 33.962493896484375 45.15153884887695 143 136 142
-35.11637496948242 25.00771141052246 33.66776657104492 152 135 141
-32.011287689208984 20.911800384521484 28.427555084228516 74 28 41
-32.539493560791016 22.461580276489258 30.252403259277344 165 113 126
-38.698509216308594 24.82923698425293 29.678138732910156 40 25 5
-31.776100158691406 21.597524642944336 27.59834861755371 149 145 156
-32.93739700317383 24.01429557800293 30.3324031829834 171 148 154
-32.93739700317383 24.01429557800293 30.3324031829834 171 148 154
-35.13710403442383 23.103721618652344 27.4982967376709 74 60 44
-30.43050765991211 20.249845504760742 25.528606414794922 162 143 154
-31.552974700927734 22.65822982788086 28.08074188232422 156 146 150
-30.852092742919922 21.48639678955078 26.460905075073242 89 26 47
-32.34938049316406 24.537599563598633 29.79671859741211 75 30 53
-79.33291625976562 61.04735565185547 55.13392639160156 95 63 50
-49.17125701904297 32.07651138305664 30.480884552001953 86 68 50
-30.489763259887695 18.86298370361328 22.05233383178711 54 45 32
-81.16500854492188 57.81939697265625 46.48253631591797 69 4 28
-32.31332778930664 25.46481704711914 28.86765480041504 159 147 151
-32.31332778930664 25.46481704711914 28.86765480041504 159 147 151
-31.16385841369629 23.332378387451172 25.985815048217773 152 156 168
-31.182422637939453 24.01687240600586 26.213165283203125 107 18 44
-28.596036911010742 17.144067764282227 18.846067428588867 155 164 179
-29.396869659423828 21.16777801513672 23.240238189697266 154 123 139
-29.396869659423828 21.16777801513672 23.240238189697266 154 123 139
-60.527923583984375 38.945308685302734 29.1532039642334 154 162 175
-29.050662994384766 16.027076721191406 16.650226593017578 128 147 189
-53.48675537109375 32.71306610107422 23.906299591064453 95 4 28
-30.237043380737305 14.29821491241455 11.696160316467285 161 167 181
-21.671531677246094 2.448817014694214 10.255045890808105 130 120 119
-24.431840896606445 1.4962509870529175 7.050184726715088 79 0 6
-21.279447555541992 2.8499791622161865 10.627143859863281 29 24 56
-21.279447555541992 2.8499791622161865 10.627143859863281 29 24 56
-20.471439361572266 3.3335795402526855 11.697569847106934 126 119 113
-21.371835708618164 2.777653455734253 10.160862922668457 113 110 131
-21.42976188659668 2.9041783809661865 10.364716529846191 35 32 53
-21.42976188659668 2.9041783809661865 10.364716529846191 35 32 53
-21.349773406982422 2.970834493637085 10.484423637390137 47 46 64
-20.186412811279297 3.662116289138794 12.13817024230957 72 10 21
-21.15726661682129 2.942528009414673 10.395455360412598 23 24 45
-20.485595703125 3.484900951385498 11.598410606384277 83 6 14
-20.652368545532227 3.545729160308838 11.564882278442383 125 120 114
-21.259471893310547 3.0821499824523926 10.468520164489746 80 78 98
-21.318185806274414 2.955881118774414 10.185507774353027 103 107 132
-21.33853530883789 3.071852445602417 10.383877754211426 121 119 133
-21.279836654663086 3.102816581726074 10.404991149902344 37 35 56
-21.315635681152344 3.041471004486084 10.261080741882324 51 49 63
-21.29944610595703 3.1055994033813477 10.31847858428955 113 111 125
-21.259279251098633 3.1493217945098877 10.302331924438477 39 38 56
-20.246761322021484 3.821950674057007 11.773579597473145 90 32 39
-21.24521827697754 3.1831586360931396 10.229959487915039 119 116 133
-21.2150821685791 3.2646074295043945 10.356124877929688 102 101 119
-21.193729400634766 3.126774549484253 10.070771217346191 24 28 53
-22.775039672851562 2.34689998626709 8.089337348937988 30 0 0
-21.176843643188477 3.1721432209014893 10.126884460449219 96 100 125
-21.176843643188477 3.1721432209014893 10.126884460449219 96 100 125
-21.165420532226562 3.088320255279541 9.942091941833496 97 111 126
-21.181442260742188 3.217334747314453 10.076481819152832 25 29 54
-20.33094024658203 3.8797833919525146 11.487469673156738 96 0 14
-20.344568252563477 3.7606282234191895 11.227197647094727 133 122 126
-19.974653244018555 4.140194892883301 11.994804382324219 73 6 18
-21.161640167236328 3.3438546657562256 10.088521003723145 71 72 94
-21.20068359375 3.4043116569519043 10.08632755279541 111 116 136
-21.198606491088867 3.4117915630340576 10.050556182861328 59 65 87
-21.080642700195312 3.4313507080078125 10.125374794006348 102 106 131
-21.176111221313477 3.407927989959717 10.00543212890625 14 20 42
-22.67964744567871 2.5445220470428467 7.840888023376465 126 125 130
-21.219757080078125 3.4641528129577637 9.928376197814941 116 118 137
-22.911104202270508 2.5524990558624268 7.64777135848999 133 132 137
-20.14753532409668 4.221622467041016 11.569619178771973 88 1 18
-21.12521743774414 3.556795358657837 9.925779342651367 5 30 71
-21.215261459350586 3.454380750656128 9.667277336120605 2 30 80
-19.986125946044922 4.48975944519043 11.766281127929688 139 133 137
-19.986125946044922 4.48975944519043 11.766281127929688 139 133 137
-20.263839721679688 4.299919128417969 11.317922592163086 135 134 139
-21.093618392944336 3.732975721359253 10.007157325744629 96 102 128
-21.093618392944336 3.732975721359253 10.007157325744629 96 102 128
-21.125274658203125 3.686368703842163 9.894373893737793 119 120 141
-21.193925857543945 3.6627187728881836 9.815022468566895 114 128 163
-21.193925857543945 3.6627187728881836 9.815022468566895 114 128 163
-21.178266525268555 3.7351202964782715 9.853025436401367 39 45 71
-22.608875274658203 2.8225574493408203 7.741361618041992 135 129 131
-22.608875274658203 2.8225574493408203 7.741361618041992 135 129 131
-21.096559524536133 3.7171056270599365 9.830523490905762 110 116 142
-19.84187126159668 4.636282920837402 11.795987129211426 87 1 14
-21.07149887084961 3.6840574741363525 9.699234008789062 32 38 64
-20.074188232421875 4.554721355438232 11.506473541259766 88 0 17
-21.11451530456543 3.8802359104156494 9.797163009643555 22 28 54
-21.0244140625 3.951214075088501 9.918723106384277 17 31 60
-21.225248336791992 3.824718952178955 9.59093189239502 2 33 87
-22.969266891479492 2.8960602283477783 7.227801322937012 137 139 144
-19.716259002685547 4.894279956817627 11.759040832519531 86 11 28
-19.716259002685547 4.894279956817627 11.759040832519531 86 11 28
-20.468183517456055 4.397736072540283 10.635641098022461 69 25 38
-20.468183517456055 4.397736072540283 10.635641098022461 69 25 38
-21.084646224975586 3.995532751083374 9.718859672546387 123 128 150
-21.124343872070312 3.9582865238189697 9.63932991027832 111 121 152
-21.102540969848633 4.0102338790893555 9.70372486114502 75 81 105
-22.566572189331055 3.1051828861236572 7.644411087036133 140 140 142
-21.13789939880371 4.050900936126709 9.705925941467285 43 49 73
-20.22172737121582 4.661444664001465 11.034110069274902 139 136 145
-19.765518188476562 4.926877021789551 11.635339736938477 138 133 122
-21.110502243041992 4.109272003173828 9.741344451904297 120 126 150
-21.07957649230957 4.170186996459961 9.808253288269043 108 120 151
-21.07957649230957 4.170186996459961 9.808253288269043 108 120 151
-21.12769317626953 4.069995403289795 9.623270034790039 118 124 151
-19.916860580444336 4.929305553436279 11.433465957641602 151 122 120
-20.297048568725586 4.731881141662598 10.946845054626465 74 17 34
-20.389677047729492 4.672691822052002 10.77692699432373 77 17 33
-20.522655487060547 4.673185348510742 10.719463348388672 139 140 145
-20.090635299682617 4.81050968170166 11.035265922546387 140 140 148
-25.090246200561523 3.068106174468994 6.134102821350098 193 242 239
-20.311012268066406 4.784421443939209 10.81167984008789 141 147 140
-20.311012268066406 4.784421443939209 10.81167984008789 141 147 140
-20.409360885620117 4.76854133605957 10.738865852355957 74 24 36
-22.511676788330078 3.348573684692383 7.625734329223633 99 0 21
-20.735376358032227 4.652408599853516 10.36141586303711 141 142 147
-19.860441207885742 5.1096062660217285 11.413628578186035 144 133 139
-20.432720184326172 4.85239839553833 10.67918872833252 150 136 141
-22.539796829223633 3.4604551792144775 7.551353931427002 141 144 149
-20.32648468017578 4.986084461212158 10.77676773071289 126 77 83
-20.270368576049805 5.061458587646484 10.856708526611328 150 105 114
-20.270368576049805 5.061458587646484 10.856708526611328 150 105 114
-24.514793395996094 3.058500051498413 5.952952861785889 77 83 79
-20.346105575561523 5.0144877433776855 10.747136116027832 168 119 125
-20.30294418334961 5.047603130340576 10.794706344604492 86 41 48
-20.084793090820312 5.190677642822266 11.097119331359863 97 2 26
-22.396831512451172 3.5798141956329346 7.576202869415283 25 3 14
-22.1953125 3.744138717651367 7.860294818878174 41 0 6
-22.320903778076172 3.752187967300415 7.770364761352539 145 142 150
-22.320903778076172 3.752187967300415 7.770364761352539 145 142 150
-20.20370101928711 5.1446943283081055 10.760211944580078 149 132 140
-20.123268127441406 5.1945953369140625 10.865108489990234 140 143 152
-20.123268127441406 5.1945953369140625 10.865108489990234 140 143 152
-20.76788902282715 4.741597652435303 9.894048690795898 47 36 30
-20.325428009033203 5.212467193603516 10.709654808044434 148 138 141
-22.540613174438477 3.8022561073303223 7.520768165588379 143 150 160
-22.660184860229492 3.7855231761932373 7.409881114959717 72 65 74
-20.193265914916992 5.468087673187256 10.760189056396484 72 16 33
-22.48956298828125 3.952160120010376 7.490118980407715 18 0 11
-20.27802276611328 5.550991535186768 10.516447067260742 86 13 32
-22.51582145690918 4.113702297210693 7.413153648376465 145 149 158
-22.054183959960938 4.358795642852783 7.921664237976074 86 63 45
-20.338176727294922 5.585976600646973 10.427430152893066 147 132 148
-22.960920333862305 3.9277026653289795 6.824333667755127 144 153 160
-22.980648040771484 3.944413900375366 6.834664344787598 144 153 160
-20.21099281311035 5.658351898193359 10.547565460205078 153 147 149
-20.21099281311035 5.658351898193359 10.547565460205078 153 147 149
-20.649507522583008 5.314436435699463 9.830698013305664 67 53 40
-19.70676040649414 5.743110179901123 10.784055709838867 167 114 130
-19.803054809570312 5.819815635681152 10.825617790222168 142 140 139
-20.12485122680664 5.775503635406494 10.599366188049316 70 25 44
-20.12485122680664 5.775503635406494 10.599366188049316 70 25 44
-22.456573486328125 4.440810203552246 7.628966331481934 100 2 17
-20.862884521484375 5.320426940917969 9.602548599243164 77 64 47
-22.93011474609375 4.038493633270264 6.7475199699401855 34 32 43
-20.242456436157227 5.871316432952881 10.373109817504883 85 15 35
-20.09906768798828 5.938278675079346 10.504971504211426 94 19 55
-22.94431495666504 4.255609035491943 6.8127360343933105 150 156 168
-22.10126304626465 4.829832077026367 7.8518476486206055 93 61 52
-22.83339500427246 4.463828086853027 6.9299845695495605 28 18 29
-22.550399780273438 4.695433616638184 7.254308700561523 150 158 171
-22.550399780273438 4.695433616638184 7.254308700561523 150 158 171
-22.99717140197754 4.440338134765625 6.684632301330566 103 3 27
-20.09444236755371 6.250063419342041 10.223389625549316 149 155 153
-20.09444236755371 6.250063419342041 10.223389625549316 149 155 153
-22.086280822753906 5.207845211029053 7.720442771911621 86 65 46
-22.822513580322266 4.790748596191406 6.726080894470215 54 9 30
-22.822513580322266 4.790748596191406 6.726080894470215 54 9 30
-19.96217155456543 6.138018608093262 9.896599769592285 163 139 147
-23.030061721801758 4.747541904449463 6.552957057952881 144 156 165
-22.907703399658203 4.749108791351318 6.57476282119751 67 75 86
-23.068958282470703 4.9338507652282715 6.6022562980651855 53 61 72
-20.793437957763672 6.219806671142578 9.30706787109375 153 162 179
-20.22176742553711 6.422509670257568 9.843216896057129 70 26 49
-22.878192901611328 5.264170169830322 6.838594436645508 39 7 28
-22.99123191833496 5.058748722076416 6.416094779968262 99 5 31
-23.064334869384766 4.814908981323242 5.991097450256348 32 25 33
-21.126972198486328 6.359947204589844 8.786314010620117 137 151 187
-23.109691619873047 4.885689735412598 5.897941589355469 155 162 170
-22.542631149291992 5.588820934295654 6.983964920043945 28 0 13
-21.31105613708496 6.376600742340088 8.494277000427246 15 43 97
-20.932968139648438 6.304886341094971 8.569208145141602 0 26 82
-22.78065299987793 5.2633256912231445 6.298214435577393 43 42 56
-21.097747802734375 6.517587661743164 8.655808448791504 137 150 185
-21.20051383972168 6.518418312072754 8.576521873474121 25 37 77
-21.20051383972168 6.518418312072754 8.576521873474121 25 37 77
-22.373703002929688 5.686940670013428 6.955211639404297 54 4 15
-22.730384826660156 5.454852104187012 6.438840389251709 70 9 38
-22.81925392150879 5.089358329772949 5.915050029754639 102 0 21
-22.807588577270508 5.350914001464844 6.219525337219238 164 166 177
-22.43890953063965 5.847387790679932 6.805678844451904 18 0 6
-21.1925048828125 6.633993625640869 8.330389022827148 132 148 181
-21.085180282592773 6.658078670501709 8.178369522094727 136 150 187
-21.085180282592773 6.658078670501709 8.178369522094727 136 150 187
-21.012041091918945 6.636480808258057 8.113937377929688 73 86 123
-22.264747619628906 5.946191310882568 6.596845626831055 32 1 20
-21.90199089050293 5.8210272789001465 6.27717924118042 32 11 28
-24.722204208374023 6.098848819732666 15.00141716003418 25 26 47
-24.722204208374023 6.098848819732666 15.00141716003418 25 26 47
-25.314008712768555 6.518762588500977 15.044610977172852 47 44 55
-22.214340209960938 5.523560523986816 14.385896682739258 82 9 18
-22.39858627319336 6.2774834632873535 15.014039039611816 119 95 88
-21.639921188354492 5.617838382720947 14.15998649597168 97 47 47
-22.012964248657227 6.036053657531738 14.239629745483398 74 1 10
-21.288328170776367 6.0001068115234375 14.407126426696777 75 8 15
-26.665973663330078 9.104345321655273 16.609664916992188 53 50 59
-26.67991828918457 9.174412727355957 16.354448318481445 97 101 113
-21.653860092163086 6.307945728302002 14.131237983703613 82 2 15
-20.53166961669922 6.867790699005127 15.241166114807129 26 14 0
-20.82480239868164 8.299334526062012 17.293264389038086 17 8 3
-21.350587844848633 6.510672092437744 14.211793899536133 107 109 96
-21.350587844848633 6.510672092437744 14.211793899536133 107 109 96
-22.09800910949707 6.816128253936768 14.289915084838867 121 110 106
-22.09800910949707 6.816128253936768 14.289915084838867 121 110 106
-20.800554275512695 8.2540864944458 16.908967971801758 100 90 89
-20.800554275512695 8.2540864944458 16.908967971801758 100 90 89
-25.610109329223633 8.772616386413574 15.327670097351074 21 23 44
-21.104063034057617 6.588776588439941 14.132041931152344 74 0 8
-21.690532684326172 6.924444198608398 14.272233963012695 65 1 15
-28.208702087402344 11.49981689453125 17.441852569580078 2 26 62
-20.94952964782715 9.053596496582031 16.961456298828125 116 108 106
-21.109230041503906 7.118012428283691 14.111377716064453 137 105 106
-21.334224700927734 7.166898727416992 13.911763191223145 130 106 102
-22.688018798828125 7.896015167236328 14.194315910339355 85 12 32
-22.085926055908203 7.814101696014404 14.274218559265137 127 123 122
-22.684236526489258 8.457704544067383 14.320637702941895 122 72 81
-21.20174217224121 8.119945526123047 14.546402931213379 73 1 12
-22.23695945739746 8.009709358215332 13.8699951171875 144 101 110
-22.539974212646484 8.242302894592285 14.030477523803711 143 93 102
-22.048128128051758 8.289664268493652 14.303407669067383 90 8 22
-21.710660934448242 8.341248512268066 14.511102676391602 95 0 13
-48.97512435913086 28.635093688964844 27.176530838012695 129 133 136
-21.49688720703125 8.549156188964844 14.549198150634766 130 135 131
-22.567365646362305 8.610930442810059 14.05974006652832 129 119 120
-21.416759490966797 9.14344310760498 14.969765663146973 99 5 29
-22.258066177368164 9.357501983642578 14.606555938720703 139 143 154
-21.21623992919922 9.348734855651855 15.031821250915527 139 143 152
-21.909528732299805 9.934901237487793 15.300576210021973 132 112 121
-21.793930053710938 10.412688255310059 15.69703483581543 97 3 27
-22.64632797241211 9.614234924316406 14.202221870422363 156 133 139
-22.64632797241211 9.614234924316406 14.202221870422363 156 133 139
-42.14002227783203 25.429574966430664 23.48769760131836 90 62 41
-42.14002227783203 25.429574966430664 23.48769760131836 90 62 41
-21.998706817626953 9.970325469970703 14.949137687683105 90 6 24
-22.481101989746094 9.71114444732666 14.212125778198242 96 45 64
-22.481101989746094 9.71114444732666 14.212125778198242 96 45 64
-23.021835327148438 10.201866149902344 14.52245807647705 91 28 45
-22.354761123657227 10.369606018066406 15.089119911193848 148 136 148
-24.290189743041992 10.119565963745117 13.671854019165039 64 51 35
-45.639190673828125 27.750736236572266 23.808929443359375 97 0 18
-23.142559051513672 10.290349960327148 14.428820610046387 142 142 152
-30.605125427246094 16.203466415405273 17.59063148498535 83 71 49
-21.91594696044922 10.508553504943848 15.280603408813477 148 149 154
-21.91594696044922 10.508553504943848 15.280603408813477 148 149 154
-22.13930892944336 10.369784355163574 14.96998119354248 85 15 33
-22.696678161621094 10.387192726135254 14.471848487854004 98 46 69
-22.316360473632812 10.964459419250488 15.28286075592041 153 139 144
-39.06294631958008 23.56621742248535 20.747684478759766 90 57 40
-39.06294631958008 23.56621742248535 20.747684478759766 90 57 40
-23.468231201171875 11.73030948638916 15.265555381774902 146 155 162
-48.046817779541016 30.84627342224121 23.636669158935547 145 158 166
-22.856002807617188 13.240933418273926 16.97212791442871 149 154 160
-23.320104598999023 11.969598770141602 14.993025779724121 158 145 147
-23.320104598999023 11.969598770141602 14.993025779724121 158 145 147
-39.0599250793457 24.866004943847656 20.367496490478516 89 64 42
-53.13132858276367 34.05097198486328 22.28312110900879 149 155 167
-29.147905349731445 16.61820411682129 16.36851692199707 11 40 88
-23.447172164916992 12.979939460754395 15.371047973632812 108 75 94
-25.616682052612305 13.75100326538086 14.882884979248047 151 160 175
-23.60907745361328 12.639540672302246 14.686375617980957 156 133 149
-28.827709197998047 17.44396209716797 16.84229850769043 114 130 163
-28.257537841796875 16.29230499267578 15.740976333618164 13 44 90
-43.58797073364258 28.450284957885742 20.02111053466797 147 164 171
-26.50138282775879 14.906846046447754 14.233356475830078 12 28 87
-29.842151641845703 20.924997329711914 16.518678665161133 111 122 150
-29.562198638916016 20.47079849243164 15.849034309387207 113 122 154
-27.58445930480957 19.14852523803711 14.905060768127441 165 168 177
-76.05858612060547 88.5317611694336 143.19459533691406 91 77 68
-88.92462158203125 97.43962097167969 144.1377410888672 86 13 22
-139.23008728027344 151.4114990234375 213.5335693359375 79 9 11
-139.61460876464844 161.18055725097656 219.7360382080078 120 103 96
-86.4947280883789 125.7513656616211 178.55760192871094 86 69 61
-86.4947280883789 125.7513656616211 178.55760192871094 86 69 61
-109.35114288330078 124.96087646484375 165.42849731445312 77 2 9
-88.46052551269531 108.23823547363281 146.7613525390625 61 2 4
-101.93350219726562 163.91000366210938 221.8432159423828 112 99 91
-74.14830780029297 92.2255630493164 120.14604949951172 70 0 10
-87.33523559570312 134.60153198242188 176.81854248046875 17 5 0
-82.6607437133789 104.08179473876953 131.77362060546875 113 104 91
-82.6607437133789 104.08179473876953 131.77362060546875 113 104 91
-118.11679077148438 147.0540008544922 179.13693237304688 119 106 99
-118.11679077148438 147.0540008544922 179.13693237304688 119 106 99
-133.0348358154297 162.50489807128906 180.95606994628906 64 16 23
-133.0348358154297 162.50489807128906 180.95606994628906 64 16 23
-116.82766723632812 144.18002319335938 162.6723175048828 123 109 100
-73.35491180419922 99.25991821289062 117.56189727783203 121 92 87
-73.35491180419922 99.25991821289062 117.56189727783203 121 92 87
-96.88104248046875 121.55268096923828 135.5649871826172 66 24 26
-99.54219055175781 122.41508483886719 134.6090087890625 73 12 20
-82.25470733642578 104.72160339355469 117.68993377685547 122 109 103
-94.41263580322266 129.5873260498047 142.87904357910156 124 104 98
-91.86534881591797 116.89254760742188 123.95451354980469 121 69 73
-81.77994537353516 109.30219268798828 117.76153564453125 83 0 12
-82.52325439453125 107.86703491210938 115.42182159423828 128 90 90
-85.12202453613281 121.79582977294922 132.17364501953125 82 0 7
-96.27067565917969 149.4781494140625 158.57762145996094 117 113 104
-80.66496276855469 102.38558959960938 105.52801513671875 127 101 100
-89.26373291015625 117.9660415649414 118.67243194580078 134 89 92
-89.26373291015625 117.9660415649414 118.67243194580078 134 89 92
-91.04918670654297 123.55602264404297 123.1195068359375 76 25 29
-89.40044403076172 126.19703674316406 122.82814025878906 73 25 35
-95.01031494140625 135.08810424804688 128.42864990234375 132 104 101
-95.01031494140625 135.08810424804688 128.42864990234375 132 104 101
-100.29720306396484 148.8109130859375 139.87237548828125 66 19 27
-100.29720306396484 148.8109130859375 139.87237548828125 66 19 27
-104.1507339477539 150.2062530517578 139.68675231933594 70 8 19
-108.78401184082031 156.28089904785156 142.9927215576172 128 117 116
-90.22064971923828 125.01058959960938 115.44728088378906 128 117 116
-158.43475341796875 207.5320587158203 178.37098693847656 65 50 29
-107.59661102294922 160.8363800048828 147.6610565185547 132 104 101
-117.10791778564453 163.3851776123047 123.55292510986328 136 135 141
-24.542705535888672 12.272006034851074 25.634727478027344 91 76 69
-26.232769012451172 13.170209884643555 24.953641891479492 69 10 17
-70.03893280029297 32.77574157714844 42.76505661010742 133 122 126
-25.838302612304688 11.388551712036133 21.80472183227539 81 5 9
-52.56679153442383 21.46312141418457 28.902259826660156 85 0 15
-26.691205978393555 9.673367500305176 18.506103515625 22 22 44
-25.87287139892578 9.04200553894043 17.015932083129883 48 45 62
-24.910099029541016 11.51314640045166 21.188772201538086 78 9 17
-25.11243438720703 8.47712516784668 16.059764862060547 46 44 58
-27.623870849609375 11.319278717041016 19.417560577392578 109 108 122
-26.696062088012695 13.794316291809082 23.56302261352539 86 1 4
-26.96123504638672 10.206143379211426 17.867528915405273 95 104 126
-26.771034240722656 10.227435111999512 17.858301162719727 29 35 61
-72.5087890625 38.531551361083984 43.91922378540039 132 127 131
-28.747425079345703 12.621877670288086 20.560504913330078 107 109 130
-25.480846405029297 8.583751678466797 15.623043060302734 4 26 65
-28.701446533203125 12.381120681762695 19.996335983276367 113 116 133
-25.985313415527344 13.501779556274414 22.587432861328125 134 122 124
-28.961986541748047 13.28286361694336 20.99968147277832 85 100 133
-26.964282989501953 10.829776763916016 17.966711044311523 27 25 46
-48.44467544555664 22.52078628540039 27.03130340576172 30 0 3
-48.44467544555664 22.52078628540039 27.03130340576172 30 0 3
-30.52894401550293 14.708307266235352 22.0125675201416 127 125 146
-34.26736831665039 19.117372512817383 26.765178680419922 16 24 43
-34.26736831665039 19.117372512817383 26.765178680419922 16 24 43
-27.032812118530273 17.021942138671875 26.390031814575195 128 137 128
-27.032812118530273 17.021942138671875 26.390031814575195 128 137 128
-67.07388305664062 34.518348693847656 36.02702331542969 25 6 10
-67.07388305664062 34.518348693847656 36.02702331542969 25 6 10
-33.688533782958984 18.727294921875 26.1652889251709 15 24 66
-33.688533782958984 18.727294921875 26.1652889251709 15 24 66
-28.681726455688477 17.87987518310547 26.78809928894043 135 133 136
-34.98619079589844 20.875545501708984 28.15862464904785 104 108 128
-27.761796951293945 17.922264099121094 26.578054428100586 88 5 17
-35.41133499145508 21.516258239746094 28.423994064331055 17 34 67
-35.41133499145508 21.516258239746094 28.423994064331055 17 34 67
-57.11846923828125 27.429712295532227 28.04279327392578 85 0 17
-40.41865539550781 27.00960350036621 34.15871810913086 111 108 124
-37.319095611572266 23.16183090209961 29.73499870300293 113 115 138
-66.47895050048828 39.50327682495117 40.23080062866211 28 3 7
-26.754850387573242 17.888574600219727 26.25666046142578 140 136 135
-26.754850387573242 17.888574600219727 26.25666046142578 140 136 135
-40.23289489746094 27.38480567932129 33.6995735168457 16 21 43
-39.57579803466797 26.607337951660156 32.89181137084961 16 21 43
-25.958749771118164 17.38503646850586 25.585142135620117 89 2 18
-31.1749324798584 21.311372756958008 28.721752166748047 142 139 140
-27.94942283630371 16.12118148803711 22.842952728271484 78 33 46
-27.94942283630371 16.12118148803711 22.842952728271484 78 33 46
-25.871240615844727 17.095006942749023 24.850627899169922 146 128 126
-40.165130615234375 27.870342254638672 33.249786376953125 80 86 108
-41.3750114440918 29.743925094604492 35.22327423095703 23 27 52
-26.515602111816406 17.4907169342041 24.818241119384766 156 130 126
-28.832195281982422 18.998031616210938 25.766376495361328 93 18 33
-31.5972900390625 22.53127098083496 29.19995880126953 95 11 29
-45.71873474121094 34.541683197021484 39.286376953125 118 123 149
-26.411949157714844 17.132352828979492 24.060546875 96 10 31
-30.529844284057617 21.642845153808594 28.01987648010254 144 135 138
-27.887975692749023 18.80828094482422 24.86739158630371 144 140 141
-27.887975692749023 18.80828094482422 24.86739158630371 144 140 141
-30.948577880859375 22.755144119262695 28.705265045166016 97 10 29
-64.34747314453125 41.99592971801758 38.86459732055664 93 0 13
-64.34747314453125 41.99592971801758 38.86459732055664 93 0 13
-30.397748947143555 21.956064224243164 27.583972930908203 148 96 105
-26.494897842407227 17.359718322753906 23.180152893066406 89 7 22
-28.765958786010742 20.573184967041016 26.29306983947754 157 123 132
-25.061439514160156 16.017906188964844 22.018512725830078 92 5 21
-65.01886749267578 38.37687683105469 33.059993743896484 140 143 149
-30.128204345703125 21.964216232299805 27.14023780822754 85 19 39
-29.435400009155273 21.469039916992188 26.574405670166016 139 136 139
-31.69244956970215 25.862506866455078 31.10578727722168 144 143 148
-31.69244956970215 25.862506866455078 31.10578727722168 144 143 148
-55.38264846801758 31.830177307128906 27.8549861907959 22 7 16
-55.38264846801758 31.830177307128906 27.8549861907959 22 7 16
-63.10676956176758 42.2047233581543 36.75912094116211 25 13 19
-30.0996150970459 22.155330657958984 26.505617141723633 78 42 52
-27.895483016967773 20.553268432617188 25.473445892333984 143 144 149
-29.406490325927734 21.978498458862305 26.117061614990234 101 40 50
-31.794158935546875 22.70903968811035 25.80902671813965 78 73 62
-25.7104434967041 16.087112426757812 19.84090232849121 109 15 41
-25.820096969604492 16.060470581054688 19.549083709716797 146 143 144
-23.90784454345703 13.49954891204834 17.337329864501953 155 150 144
-23.90784454345703 13.49954891204834 17.337329864501953 155 150 144
-45.88372039794922 30.985595703125 27.193933486938477 90 63 44
-45.88372039794922 30.985595703125 27.193933486938477 90 63 44
-54.07841491699219 36.06513977050781 29.136402130126953 139 141 154
