ply
format ascii 1.0
element vertex 3730
property float x
property float y
property float z
property uchar red
property uchar green
property uchar blue
end_header
0.7661719918251038 -0.31537488102912903 1.2841732501983643 0 0 0
1.1390819549560547 0.5132170915603638 0.9106085896492004 0 0 0
1.194748878479004 0.5343726277351379 0.9087883830070496 0 0 0
-0.5384084582328796 -0.3594379127025604 1.055055856704712 0 0 0
9.755456924438477 -2.260265588760376 -0.005604053847491741 86 85 80
9.2776460647583 -2.3386595249176025 -0.2711300253868103 133 132 127
9.2776460647583 -2.3386595249176025 -0.2711300253868103 133 132 127
10.009181022644043 -2.1638541221618652 -0.003907202742993832 135 134 129
9.135785102844238 -2.372291088104248 -0.7377697825431824 73 72 67
9.665642738342285 -1.926033616065979 -0.46179401874542236 77 76 71
6.746185779571533 -1.955311894416809 -2.9485011100769043 83 82 77
6.746185779571533 -1.955311894416809 -2.9485011100769043 83 82 77
4.951672554016113 -1.8189574480056763 -3.9020214080810547 83 83 75
5.002303123474121 -0.9669315814971924 -3.0862507820129395 84 83 78
4.999711990356445 -0.8840401768684387 -3.015596628189087 84 83 78
5.082484722137451 -0.7878836989402771 -3.0694634914398193 130 127 120
7.615163803100586 2.3343346118927 -7.335939407348633 80 37 18
35.76301956176758 -7.033100605010986 -29.12163734436035 101 101 93
20.108552932739258 -3.6821305751800537 -18.711484909057617 94 94 84
61.0154914855957 -9.863519668579102 -46.604915618896484 100 100 92
0.43323373794555664 0.00812250841408968 -0.10776203125715256 153 153 143
2200.554443359375 -87.0465087890625 -1641.57568359375 102 104 93
2.54508638381958 -0.8064373135566711 -2.427399158477783 62 62 54
2.54508638381958 -0.8064373135566711 -2.427399158477783 62 62 54
2.6065802574157715 -0.7556405067443848 -2.5801758766174316 84 83 78
2.5401217937469482 -0.6120851039886475 -2.6281683444976807 73 73 65
2.5461130142211914 -0.5720439553260803 -2.2441909313201904 54 51 46
2.5880179405212402 -0.5405156016349792 -2.3917980194091797 144 141 136
2.5774729251861572 -0.4892018735408783 -2.338909149169922 134 131 126
2.5497283935546875 -0.4224017858505249 -2.2149198055267334 57 54 49
56.465084075927734 -26.252147674560547 -14.38220500946045 0 0 0
55.95503234863281 -25.67251205444336 -14.004212379455566 0 0 0
55.32968521118164 -25.0145206451416 -13.574453353881836 0 0 0
1.2756633758544922 -1.0991774797439575 -1.2260762453079224 159 129 107
46.138427734375 -15.046262741088867 -7.727406978607178 0 0 0
1.4027713537216187 -0.8145661950111389 -1.1651829481124878 137 53 34
29.64898681640625 2.089200019836426 -2.411240577697754 0 0 0
29.200592041015625 2.385050058364868 -2.4576797485351562 155 156 150
17.995716094970703 11.958975791931152 -6.554254055023193 0 0 0
17069.38671875 -7751.81982421875 -4332.43310546875 0 0 0
14609.40234375 -6554.271484375 -3648.1337890625 0 0 0
15162.21875 -6604.6884765625 -3644.21484375 0 0 0
0.6118185520172119 -1.614366888999939 0.0425017774105072 170 130 90
1.3867809772491455 -1.3644074201583862 -0.36665666103363037 148 112 103
1.3766885995864868 -1.3645274639129639 -0.3608657121658325 148 112 103
5.5958251953125 -0.5337235331535339 -0.43834546208381653 245 185 127
5.5958251953125 -0.5337235331535339 -0.43834546208381653 245 185 127
105835.6484375 7569.4462890625 -7815.60986328125 0 0 0
4.1872663497924805 -2.6822986602783203 -1.7659457921981812 79 80 74
4.251902103424072 -2.407754898071289 -1.990915298461914 86 86 78
4.403306007385254 -2.0440492630004883 -2.0423271656036377 90 90 82
4.517669677734375 -1.9544991254806519 -2.222151517868042 92 91 86
4.732405185699463 -1.5823290348052979 -2.101862907409668 87 86 81
3.025251626968384 -1.7732267379760742 -0.8449541330337524 117 62 31
3.385991334915161 -1.356902003288269 -0.3185599148273468 245 191 141
1.933313250541687 0.13708464801311493 -0.039964817464351654 0 0 0
-0.03146009519696236 -1.0661470890045166 1.6120809316635132 0 0 0
0.5212678909301758 -0.9474562406539917 1.3750964403152466 83 54 28
0.5162479281425476 -0.9396682381629944 1.3882861137390137 78 47 26
0.4984108805656433 -0.9164716005325317 1.3788235187530518 123 60 17
0.5116024613380432 -0.933798611164093 1.4011547565460205 152 120 107
0.4971739649772644 -0.9169797897338867 1.3899972438812256 192 134 88
-0.035589106380939484 -1.0391321182250977 1.637128472328186 0 0 0
-0.036082472652196884 -1.0381414890289307 1.6378132104873657 0 0 0
0.4871058166027069 -0.9013388156890869 1.3879560232162476 198 142 95
0.5986819267272949 -1.0007829666137695 1.5654956102371216 98 97 92
2.109401226043701 9.678918838500977 2.6893746852874756 58 55 50
1.988762378692627 11.996087074279785 3.0652074813842773 90 87 82
1.9824351072311401 11.077678680419922 3.1618499755859375 63 60 55
1.9628942012786865 11.502714157104492 3.3416316509246826 142 139 134
1.9039306640625 12.245987892150879 3.52630615234375 121 118 113
1.7922966480255127 12.069286346435547 3.492372989654541 73 70 65
2.645909070968628 23.197229385375977 4.97745418548584 88 85 80
1.825657844543457 15.621073722839355 4.267082691192627 136 133 128
1.705045461654663 25.881547927856445 5.754419326782227 107 103 100
1.428458571434021 18.405824661254883 5.034045219421387 77 74 68
0.818069338798523 26.65778923034668 6.509213924407959 141 140 135
-0.6064497232437134 25.937084197998047 7.3493852615356445 88 85 80
-1.2274599075317383 22.88422393798828 7.181400299072266 77 73 69
-1.2274599075317383 22.88422393798828 7.181400299072266 77 73 69
0.8957110047340393 11.346254348754883 3.6116347312927246 139 139 131
1.1579171419143677 12.060526847839355 4.03403377532959 92 89 84
1.7152258157730103 14.7492036819458 4.838693618774414 129 126 121
2.341357946395874 18.6083984375 5.9318952560424805 131 128 123
0.7951735854148865 12.572527885437012 4.22998571395874 76 73 68
1.6451764106750488 14.646056175231934 5.040728569030762 140 137 132
0.5599846839904785 13.513172149658203 4.413829326629639 118 117 112
1.3025522232055664 13.962993621826172 4.889095783233643 89 86 81
1.3025522232055664 13.962993621826172 4.889095783233643 89 86 81
1.1817399263381958 14.63352108001709 4.993241310119629 78 75 70
0.5878446698188782 13.445667266845703 4.507003307342529 72 71 66
0.6623529195785522 13.400517463684082 4.5955491065979 126 125 120
0.1406441479921341 13.761076927185059 4.4575886726379395 75 71 68
0.4432046413421631 13.638751029968262 4.666051387786865 135 133 128
1.1775977611541748 13.913819313049316 5.107363700866699 77 74 69
0.31160247325897217 14.020147323608398 4.6844329833984375 131 128 123
0.7528991103172302 14.74101448059082 5.214951515197754 119 115 112
-0.14408539235591888 15.5967378616333 5.406467437744141 76 73 68
-0.38084229826927185 17.894132614135742 6.252667427062988 130 126 123
-0.40093687176704407 18.425907135009766 6.388801574707031 130 126 123
0.0972757562994957 17.657276153564453 6.697558403015137 119 116 111
-0.38151589035987854 18.83186912536621 6.763792514801025 81 78 73
-1.2325727939605713 19.233762741088867 6.66943883895874 126 123 118
-0.1975354105234146 -1.57148277759552 1.9476604461669922 87 87 85
-0.1990128606557846 -1.570901870727539 1.9504774808883667 87 87 85
-0.3738954961299896 -2.0323872566223145 1.5450316667556763 0 0 0
10.134956359863281 -12.968255996704102 -10.99979305267334 61 57 54
3.9931764602661133 -6.9412078857421875 -4.955390453338623 77 72 69
8.372124671936035 -16.064105987548828 -12.596356391906738 46 46 46
6.192794322967529 -10.490764617919922 -8.799812316894531 135 134 132
9.105064392089844 -20.44843864440918 -14.829862594604492 56 56 56
13.831233978271484 -10.808048248291016 -19.522624969482422 241 120 91
4.127957344055176 -18.524335861206055 -11.650215148925781 91 91 91
7.014466762542725 -6.402843475341797 -2.6493396759033203 79 78 74
7.033822536468506 -7.268206596374512 -2.7574079036712646 82 81 79
6.926215171813965 -7.031713485717773 -2.825197696685791 145 144 142
7.15634298324585 -7.711116790771484 -3.0645017623901367 84 83 81
7.177438735961914 -7.857845783233643 -3.1488687992095947 140 140 138
7.193424224853516 -7.33333683013916 -3.1134426593780518 131 130 128
7.2420268058776855 -7.760371208190918 -3.7138030529022217 123 122 120
6.508951663970947 -7.2844038009643555 -4.347647666931152 63 62 60
5.8353800773620605 -6.597418308258057 -4.3538007736206055 112 111 109
5.537317752838135 -7.827332973480225 -5.002623558044434 81 80 78
5.291905879974365 -6.882869243621826 -4.805777072906494 126 125 123
4.962646961212158 -7.330489635467529 -5.142154693603516 82 78 77
4.780900001525879 -6.822462558746338 -5.1234588623046875 81 77 76
4.780900001525879 -6.822462558746338 -5.1234588623046875 81 77 76
4.4045844078063965 -7.324998378753662 -6.032058238983154 148 144 143
4.292270660400391 -7.680646896362305 -6.111028671264648 74 73 71
4.21198034286499 -8.016987800598145 -6.2417192459106445 131 130 128
4.371676445007324 -6.761656761169434 -5.910910129547119 75 71 72
4.294686317443848 -7.062844276428223 -6.106023788452148 79 77 78
4.294686317443848 -7.062844276428223 -6.106023788452148 79 77 78
4.260937213897705 -7.2462897300720215 -6.161587715148926 137 136 134
6.7022809982299805 -9.396485328674316 -7.229460716247559 67 67 65
6.842204570770264 -9.220046043395996 -8.39522933959961 71 70 68
6.842204570770264 -9.220046043395996 -8.39522933959961 71 70 68
5.606207847595215 -9.07811450958252 -7.518708229064941 82 81 79
4.4403862953186035 -8.898716926574707 -6.793167591094971 92 91 89
5.905664443969727 -9.019514083862305 -7.970515727996826 89 88 86
7.007107734680176 -9.093069076538086 -9.124808311462402 84 83 81
5.062708854675293 -8.828415870666504 -7.799816608428955 154 153 151
4.066478252410889 -8.699721336364746 -7.379544258117676 94 93 91
4.117711544036865 -8.418539047241211 -7.787546157836914 104 100 97
4.067337989807129 -8.352789878845215 -7.927221298217773 99 95 92
1.5593806505203247 -8.09642219543457 -5.909696102142334 94 94 94
1.9731791019439697 -7.935192584991455 -6.213191986083984 133 133 131
2.188298463821411 -7.795441627502441 -6.577167510986328 142 142 140
2.3634414672851562 -7.649164199829102 -6.666251182556152 84 83 81
2.5741868019104004 -7.6227498054504395 -6.88383150100708 158 157 155
2.6794850826263428 -7.572012424468994 -7.187864780426025 99 98 96
2.4969356060028076 -7.701235771179199 -7.143002033233643 140 139 137
2.592463731765747 -7.628138065338135 -7.259323596954346 155 154 152
2.659830093383789 -7.497129440307617 -7.271971225738525 89 88 86
1.8720582723617554 -7.775134563446045 -6.728144645690918 138 139 134
2.9324862957000732 -7.585263252258301 -7.818215370178223 138 137 133
2.3102262020111084 -5.565478801727295 -1.534714937210083 106 105 101
2.3851823806762695 -5.353525638580322 -1.489133596420288 173 172 168
2.206204652786255 -5.784537315368652 -1.6491589546203613 110 109 105
2.254455327987671 -5.540144920349121 -1.7130812406539917 153 152 148
2.220194101333618 -5.591144561767578 -1.7556253671646118 92 91 87
2.373997688293457 -5.161020278930664 -1.6381385326385498 104 103 99
2.291977643966675 -5.3550920486450195 -1.722231149673462 110 109 105
2.3828585147857666 -4.842567443847656 -1.78595769405365 168 167 163
2.3622846603393555 -4.811562538146973 -1.8355847597122192 89 88 84
2.1798207759857178 -5.131501197814941 -2.041187286376953 110 106 103
1.8814277648925781 -5.937520503997803 -2.4527978897094727 147 147 145
1.7610883712768555 -6.030550956726074 -2.475635528564453 148 147 145
1.9540047645568848 -5.801433563232422 -2.4475605487823486 84 83 81
1.944564700126648 -5.8580403327941895 -2.502711534500122 138 137 135
2.0885908603668213 -5.1577653884887695 -2.158505439758301 124 120 117
2.16338849067688 -4.866518974304199 -2.0061001777648926 99 95 92
2.0394811630249023 -5.293135643005371 -2.2300572395324707 131 127 124
2.16389536857605 -4.861156463623047 -2.098445177078247 105 101 98
2.16389536857605 -4.861156463623047 -2.098445177078247 105 101 98
1.829147219657898 -5.719549655914307 -2.5127217769622803 91 90 88
2.0031449794769287 -5.410815238952637 -2.493015766143799 81 80 76
1.9202823638916016 -5.412260055541992 -2.5281968116760254 164 163 159
1.9202823638916016 -5.412260055541992 -2.5281968116760254 164 163 159
1.7545158863067627 -5.653301239013672 -2.6106114387512207 96 95 91
1.8347506523132324 -5.514791965484619 -2.5820086002349854 81 80 76
2.023557186126709 -5.284937381744385 -2.534613847732544 81 80 76
2.0434603691101074 -5.20579195022583 -2.4900548458099365 170 166 163
1.768507957458496 -5.582194805145264 -2.634242057800293 139 138 134
1.9684042930603027 -5.171759605407715 -2.4941093921661377 142 141 137
1.9429364204406738 -5.2474894523620605 -2.5470025539398193 143 142 138
1.9582672119140625 -5.155523300170898 -2.5486323833465576 156 155 151
1.9352818727493286 -5.101465702056885 -2.542787551879883 136 135 131
2.022881031036377 -4.934833526611328 -2.578221082687378 79 75 72
1.9743584394454956 -4.919063091278076 -2.5765814781188965 152 148 145
2.0596957206726074 -4.672774791717529 -2.4727373123168945 169 166 161
2.0534260272979736 -4.734410285949707 -2.544926404953003 86 82 79
11.043951034545898 -24.64832878112793 -27.84501075744629 93 93 91
11.306553840637207 -24.741914749145508 -28.079683303833008 152 152 150
11.503722190856934 -26.710859298706055 -30.174907684326172 141 141 139
9.91286849975586 -21.458642959594727 -24.323863983154297 139 139 139
11.223325729370117 -24.630830764770508 -29.082443237304688 159 159 157
9.822810173034668 -19.914152145385742 -23.659812927246094 87 87 85
9.877102851867676 -19.610580444335938 -23.581830978393555 73 73 71
9.877102851867676 -19.610580444335938 -23.581830978393555 73 73 71
10.950575828552246 -24.15053367614746 -28.8748722076416 89 90 85
10.950575828552246 -24.15053367614746 -28.8748722076416 89 90 85
9.438861846923828 -18.45020866394043 -22.276554107666016 168 167 165
9.742000579833984 -18.960960388183594 -22.970003128051758 168 167 165
11.167438507080078 -22.055091857910156 -27.119979858398438 140 140 138
10.468228340148926 -21.223342895507812 -26.065948486328125 92 92 90
11.601757049560547 -23.89240264892578 -29.638519287109375 82 82 82
11.887306213378906 -26.310516357421875 -32.406620025634766 94 95 90
11.569581985473633 -23.464826583862305 -29.327442169189453 141 141 139
9.916993141174316 -19.464075088500977 -24.223339080810547 130 130 128
8.86074447631836 -16.85266876220703 -20.932754516601562 169 168 164
11.689545631408691 -25.66887092590332 -31.81397247314453 157 158 153
11.62075138092041 -22.898212432861328 -29.204330444335938 150 150 146
12.240214347839355 -25.26986312866211 -32.11421585083008 140 140 138
5.2534074783325195 -8.97080135345459 -10.817545890808105 112 111 107
8.160313606262207 -14.749876022338867 -18.68174934387207 168 167 163
10.530202865600586 -19.976428985595703 -25.9078369140625 138 137 133
12.680591583251953 -25.60625457763672 -33.448524475097656 138 139 134
6.937168598175049 -12.2114896774292 -15.59079360961914 125 121 118
5.671462059020996 -9.556548118591309 -12.046791076660156 128 124 123
6.339552402496338 -10.738431930541992 -13.786093711853027 132 131 127
9.814449310302734 -16.973438262939453 -22.90238380432129 168 167 163
10.825900077819824 -20.11500358581543 -27.1011962890625 83 82 78
11.113720893859863 -20.81253433227539 -28.320011138916016 143 142 138
5.508770942687988 -8.613386154174805 -11.293403625488281 93 89 86
8.553448677062988 -13.98184871673584 -19.283000946044922 168 167 164
12.209973335266113 -22.786968231201172 -31.753475189208984 81 80 76
5.953442096710205 -8.951900482177734 -12.128235816955566 166 165 161
6.107473850250244 -9.12054443359375 -12.427050590515137 166 165 161
12.742266654968262 -24.175457000732422 -34.01182556152344 155 154 150
10.001856803894043 -16.774580001831055 -24.02104377746582 134 133 129
12.612133979797363 -22.279985427856445 -32.248779296875 145 144 140
12.15890884399414 -21.196733474731445 -30.754180908203125 96 95 91
12.15890884399414 -21.196733474731445 -30.754180908203125 96 95 91
5.56226921081543 -7.789315700531006 -10.926679611206055 156 152 149
5.56226921081543 -7.789315700531006 -10.926679611206055 156 152 149
5.910963535308838 -8.392040252685547 -11.905193328857422 158 154 151
12.867276191711426 -22.86288833618164 -33.52815246582031 100 99 95
12.544990539550781 -20.512676239013672 -30.662311553955078 147 146 142
10.852263450622559 -17.778600692749023 -26.53202247619629 91 90 86
5.822849750518799 -8.17516040802002 -11.865208625793457 164 160 157
12.568663597106934 -20.124677658081055 -31.11207389831543 94 93 89
6.060577869415283 -7.523070335388184 -11.47461223602295 147 143 140
12.238859176635742 -18.895572662353516 -29.8275203704834 158 157 153
12.240182876586914 -19.435657501220703 -30.626577377319336 157 156 152
12.456650733947754 -20.103313446044922 -31.88301658630371 93 92 88
6.341789722442627 -7.966767311096191 -12.547293663024902 159 156 151
12.481599807739258 -19.90355110168457 -32.1879997253418 140 136 133
12.995375633239746 -18.397397994995117 -30.709985733032227 70 66 63
10.994904518127441 -15.060517311096191 -25.207151412963867 166 162 159
12.472334861755371 -18.013219833374023 -30.190959930419922 147 143 140
12.00301456451416 -18.166732788085938 -30.42960548400879 93 89 86
12.099833488464355 -17.093130111694336 -29.444244384765625 148 144 141
12.099833488464355 -17.093130111694336 -29.444244384765625 148 144 141
12.57253646850586 -18.472644805908203 -31.67290687561035 155 151 148
13.807939529418945 -20.922319412231445 -35.8561897277832 157 153 150
7.047372817993164 -7.863173961639404 -13.659292221069336 79 74 70
7.047372817993164 -7.863173961639404 -13.659292221069336 79 74 70
12.98172378540039 -16.84854507446289 -30.006059646606445 79 75 72
11.56416130065918 -14.889362335205078 -26.378599166870117 172 168 165
11.974775314331055 -16.620990753173828 -29.000822067260742 84 80 77
13.609282493591309 -19.03945541381836 -33.606990814208984 96 92 89
13.957292556762695 -20.46572494506836 -35.817649841308594 93 89 86
7.195864677429199 -7.890124797821045 -14.03459358215332 157 149 146
11.724525451660156 -14.9020414352417 -27.12708282470703 63 58 55
7.629648685455322 -9.20223331451416 -16.355777740478516 101 91 90
7.629648685455322 -9.20223331451416 -16.355777740478516 101 91 90
13.163846015930176 -16.763769149780273 -31.560897827148438 104 100 97
13.736098289489746 -18.830705642700195 -35.01439666748047 88 84 81
10.550374031066895 -13.985931396484375 -25.86913299560547 125 121 118
13.45296573638916 -16.308597564697266 -31.547439575195312 127 123 120
13.45296573638916 -16.308597564697266 -31.547439575195312 127 123 120
13.118711471557617 -17.02826499938965 -32.40010452270508 71 66 63
14.014971733093262 -17.229671478271484 -34.0179328918457 135 131 128
13.223627090454102 -16.106952667236328 -31.883434295654297 68 64 61
14.34066104888916 -18.143152236938477 -36.49303436279297 150 147 142
14.356226921081543 -17.560657501220703 -36.063480377197266 70 65 61
-0.43063485622406006 -2.403620481491089 -0.6855300664901733 163 162 158
-0.43063485622406006 -2.403620481491089 -0.6855300664901733 163 162 158
-0.617553174495697 -2.4978127479553223 -0.8510857820510864 172 171 169
-0.456739604473114 -2.3107478618621826 -0.7479055523872375 107 106 102
-0.4604657292366028 -2.286555290222168 -0.7490718364715576 161 160 156
-0.6222787499427795 -2.435142755508423 -0.8820628523826599 89 88 86
-0.4798634648323059 -2.290726900100708 -0.760856032371521 115 114 110
-0.5813000798225403 -2.390416383743286 -0.8603160381317139 169 168 164
-0.46177294850349426 -2.2545130252838135 -0.7580812573432922 91 90 88
-0.48295992612838745 -2.247789144515991 -0.7740893959999084 164 163 161
-0.48295992612838745 -2.247789144515991 -0.7740893959999084 164 163 161
-0.49776163697242737 -2.2546234130859375 -0.7827882766723633 125 124 122
-0.5643705725669861 -2.3250272274017334 -0.8496490716934204 134 133 131
-0.5937000513076782 -2.350848913192749 -0.8821774125099182 181 180 177
-0.6021362543106079 -2.347754955291748 -0.9038456678390503 61 60 58
-0.5782888531684875 -2.3160691261291504 -0.8873255252838135 173 172 170
-0.4402112066745758 -2.17244029045105 -0.7673998475074768 112 111 109
-0.5634687542915344 -2.2772607803344727 -0.8744753003120422 179 178 175
-0.4678102135658264 -2.168692111968994 -0.7868595123291016 102 101 99
-0.4678102135658264 -2.168692111968994 -0.7868595123291016 102 101 99
-0.6008040308952332 -2.300567865371704 -0.9194343686103821 123 122 120
-0.5747874975204468 -2.2629802227020264 -0.9099326729774475 176 175 173
-0.44341352581977844 -2.108976364135742 -0.780592679977417 92 90 91
-0.44341352581977844 -2.108976364135742 -0.780592679977417 92 90 91
-0.5879296064376831 -2.2416696548461914 -0.9223536849021912 85 84 82
-0.6066705584526062 -2.2166807651519775 -0.9557371139526367 145 144 142
-0.579379141330719 -2.176990270614624 -0.9388755559921265 91 90 88
-0.6768590807914734 -2.224853992462158 -0.9762439727783203 150 149 145
-0.5637673735618591 -2.130121946334839 -0.9260517358779907 175 171 170
-0.6041697859764099 -2.1622660160064697 -0.9557440280914307 83 79 76
-0.5855687856674194 -2.1427454948425293 -0.9451220631599426 63 59 58
-0.5739665031433105 -2.122014045715332 -0.9367859959602356 74 70 69
-0.5739665031433105 -2.122014045715332 -0.9367859959602356 74 70 69
-0.5579338073730469 -2.101599931716919 -0.9336519837379456 174 170 169
-0.633856475353241 -2.1523725986480713 -0.9738909006118774 88 84 81
-0.4879206120967865 -2.002302646636963 -0.8244897127151489 170 166 163
-0.6137227416038513 -2.134279251098633 -0.9697010517120361 72 68 65
-0.5690258741378784 -2.093595504760742 -0.9420896172523499 75 71 70
-0.601669192314148 -2.1071877479553223 -0.963849663734436 132 128 127
-0.601669192314148 -2.1071877479553223 -0.963849663734436 132 128 127
-0.485486775636673 -1.97981595993042 -0.829774022102356 110 105 102
-0.485486775636673 -1.97981595993042 -0.829774022102356 110 105 102
-0.6181066036224365 -2.0950355529785156 -0.9629368185997009 92 88 85
-0.565851092338562 -2.0592758655548096 -0.9429614543914795 83 79 76
-0.5572538375854492 -2.039027690887451 -0.9317074418067932 175 171 168
-0.5476564168930054 -1.9962736368179321 -0.9228902459144592 172 168 165
-0.5611224174499512 -1.997357726097107 -0.946527361869812 139 135 132
-0.6570116281509399 -2.0596330165863037 -1.004102110862732 151 147 144
-0.675729513168335 -2.0676937103271484 -1.0296984910964966 115 111 108
-0.5564252138137817 -1.9778777360916138 -0.9516208171844482 70 66 63
-0.5707924365997314 -1.9825313091278076 -0.9642020463943481 127 123 120
-0.5116919279098511 -1.9070334434509277 -0.8721408247947693 96 86 85
-0.6622498631477356 -2.0075342655181885 -1.0109663009643555 102 97 94
-0.6550286412239075 -1.9907768964767456 -1.0123873949050903 149 144 141
-0.6327638030052185 -1.9726176261901855 -0.9947790503501892 146 141 138
-0.5506618618965149 -1.9148738384246826 -0.9490222930908203 80 74 74
-0.5357425212860107 -1.9022053480148315 -0.9433597326278687 162 156 156
-0.6219313144683838 -1.9490597248077393 -0.9950876235961914 84 79 76
-0.6219313144683838 -1.9490597248077393 -0.9950876235961914 84 79 76
-0.5540335774421692 -1.8694064617156982 -0.9350880980491638 78 72 72
-0.5650733113288879 -1.882840871810913 -0.970379650592804 138 132 132
-0.5650733113288879 -1.882840871810913 -0.970379650592804 138 132 132
-0.5865401029586792 -1.8852542638778687 -0.9730709195137024 56 50 49
4.105865478515625 -5.729315280914307 -12.07030200958252 188 188 188
4.213372230529785 -5.59923791885376 -11.976973533630371 166 166 166
4.106855392456055 -5.413289546966553 -11.680924415588379 104 104 104
4.055907249450684 -5.36763334274292 -11.730204582214355 55 55 55
4.213059425354004 -5.750010967254639 -12.705656051635742 150 150 148
4.208128452301025 -5.245750904083252 -11.624753952026367 66 66 66
4.074883937835693 -5.423346996307373 -12.151933670043945 59 59 57
4.074883937835693 -5.423346996307373 -12.151933670043945 59 59 57
4.328165531158447 -5.2190961837768555 -12.182305335998535 167 167 165
4.337658405303955 -5.067755699157715 -11.920918464660645 69 69 69
4.616386413574219 -5.712851524353027 -13.876983642578125 152 152 150
4.358987808227539 -5.171797752380371 -12.794466972351074 48 48 46
4.731319427490234 -5.637310981750488 -14.168912887573242 154 154 152
3.9801902770996094 -4.580389976501465 -11.355733871459961 61 61 59
4.6830058097839355 -5.459144115447998 -13.956379890441895 74 74 72
4.349758148193359 -4.675108432769775 -11.921591758728027 88 88 86
4.275714874267578 -4.69741678237915 -11.981830596923828 161 161 159
4.693828105926514 -5.236523628234863 -13.550371170043945 68 68 66
4.752182483673096 -4.686151027679443 -12.812763214111328 46 46 44
4.4697065353393555 -4.612609386444092 -12.861800193786621 165 164 162
4.76774263381958 -4.821112155914307 -13.749773979187012 75 74 72
4.132585048675537 -3.864401340484619 -11.219987869262695 183 182 180
4.841365814208984 -4.48569393157959 -13.51107406616211 52 51 49
4.872638702392578 -4.229336261749268 -13.01103687286377 80 79 77
5.043094158172607 -4.316982746124268 -13.795699119567871 104 103 101
5.043094158172607 -4.316982746124268 -13.795699119567871 104 103 101
4.700157642364502 -3.8102729320526123 -12.939529418945312 58 57 55
5.207451820373535 -3.931464195251465 -13.835318565368652 48 47 45
5.207451820373535 -3.931464195251465 -13.835318565368652 48 47 45
4.912474632263184 -3.8162150382995605 -13.409395217895508 168 164 163
4.6804680824279785 -3.8231728076934814 -13.280881881713867 83 79 78
3.5040364265441895 -2.4666244983673096 -8.95311164855957 165 161 158
4.729877948760986 -3.177889823913574 -12.451869010925293 189 185 182
3.6480560302734375 -2.437814235687256 -9.23293685913086 93 89 86
5.356871604919434 -3.1875059604644775 -14.478278160095215 163 159 156
5.123614311218262 -3.159541606903076 -14.440155029296875 148 143 140
5.2534379959106445 -2.877490520477295 -14.41028881072998 156 150 150
0.48889195919036865 -2.303197145462036 -4.372702121734619 85 85 85
0.45851901173591614 -2.325773239135742 -4.474734783172607 86 86 84
0.07772329449653625 -2.7373616695404053 -5.693883419036865 108 109 111
0.07835227251052856 -2.712745189666748 -5.668021202087402 152 156 157
0.4591699540615082 -2.2818565368652344 -4.485842704772949 75 75 73
0.14019423723220825 -2.6910293102264404 -5.653781414031982 88 92 93
0.41949015855789185 -2.2832984924316406 -4.667379379272461 80 80 79
0.5196510553359985 -2.1427927017211914 -4.356598854064941 70 70 68
0.03373047709465027 -2.58073353767395 -5.6933417320251465 167 168 170
-0.0888388380408287 -2.6403305530548096 -5.895826816558838 112 116 117
0.5040692687034607 -2.0896177291870117 -4.336301803588867 124 124 122
0.4448487162590027 -2.153733491897583 -4.609609127044678 145 145 145
0.5021600127220154 -2.060741662979126 -4.393442630767822 77 77 75
0.36171242594718933 -2.220402240753174 -4.88502311706543 96 96 96
0.5345205068588257 -2.0334906578063965 -4.332187652587891 79 79 77
0.5345205068588257 -2.0334906578063965 -4.332187652587891 79 79 77
0.5188887119293213 -2.0405097007751465 -4.363735198974609 139 139 137
0.27139779925346375 -2.3486855030059814 -5.3634467124938965 149 150 152
0.11665958166122437 -2.3855042457580566 -5.576943397521973 87 88 90
0.19732597470283508 -2.3284456729888916 -5.432480335235596 156 157 159
0.24928586184978485 -2.3147997856140137 -5.436913967132568 160 161 163
0.07927163690328598 -2.3741774559020996 -5.604791164398193 86 87 89
0.41187137365341187 -2.0566117763519287 -4.681437015533447 80 80 80
0.18825657665729523 -2.309448719024658 -5.485454559326172 75 76 78
-0.21166068315505981 -2.4793407917022705 -6.031763553619385 115 116 118
0.4366993010044098 -2.0134165287017822 -4.605133056640625 63 63 63
0.3894457221031189 -2.0327391624450684 -4.7365312576293945 154 154 154
0.5649994611740112 -1.88621985912323 -4.277479648590088 148 147 145
0.14474260807037354 -2.2637078762054443 -5.52916145324707 109 110 112
0.5488664507865906 -1.8409119844436646 -4.221241474151611 70 69 67
0.4981089234352112 -1.9094512462615967 -4.450693607330322 71 71 71
-0.28022056818008423 -2.4188461303710938 -6.128824234008789 93 97 98
0.47106921672821045 -1.9135069847106934 -4.540905475616455 67 67 67
0.5458194613456726 -1.8245956897735596 -4.248696327209473 159 158 156
0.543430745601654 -1.8315165042877197 -4.307404518127441 77 76 75
0.34280508756637573 -1.920275330543518 -4.713965892791748 155 155 155
0.5065892934799194 -1.8049731254577637 -4.34583854675293 149 147 148
0.400697261095047 -1.9209954738616943 -4.7426605224609375 90 90 90
0.4801805019378662 -1.815363883972168 -4.466454982757568 127 127 127
0.5048989653587341 -1.7745580673217773 -4.433125019073486 147 146 144
0.45281946659088135 -1.79227876663208 -4.513100624084473 137 136 134
0.45230814814567566 -1.791660189628601 -4.512381553649902 137 136 134
0.4711703360080719 -1.780051589012146 -4.507974147796631 85 84 82
0.4711703360080719 -1.780051589012146 -4.507974147796631 85 84 82
0.22624315321445465 -2.0013577938079834 -5.367588520050049 73 75 74
0.5378802418708801 -1.6996649503707886 -4.319802284240723 84 83 81
0.24724598228931427 -1.9579585790634155 -5.293704032897949 146 148 147
0.16306184232234955 -1.9899238348007202 -5.420427322387695 158 158 158
0.16306184232234955 -1.9899238348007202 -5.420427322387695 158 158 158
0.47851449251174927 -1.7122963666915894 -4.523322582244873 136 135 133
0.1567871868610382 -1.956531047821045 -5.444242000579834 160 160 160
0.45751315355300903 -1.687676191329956 -4.548374652862549 155 154 152
0.4651922881603241 -1.6708718538284302 -4.508965492248535 96 95 93
-0.008556768298149109 -1.9891220331192017 -5.770752429962158 109 110 112
0.4548332095146179 -1.6449055671691895 -4.573742866516113 84 83 81
0.4548332095146179 -1.6449055671691895 -4.573742866516113 84 83 81
0.5048415064811707 -1.589775800704956 -4.363432884216309 134 133 131
0.5345155000686646 -1.54681396484375 -4.323178768157959 76 75 73
-0.19077147543430328 -1.9853088855743408 -5.940613269805908 166 170 171
0.5364166498184204 -1.5329744815826416 -4.291216850280762 160 159 157
0.0785217359662056 -1.8586394786834717 -5.612176895141602 96 96 98
0.11234936863183975 -1.8276853561401367 -5.535970687866211 95 95 95
0.5657605528831482 -1.4850318431854248 -4.248471260070801 159 158 156
-0.011740605346858501 -1.858729362487793 -5.722287178039551 170 171 173
-0.011740605346858501 -1.858729362487793 -5.722287178039551 170 171 173
0.37334874272346497 -1.5825474262237549 -4.745816707611084 95 94 92
0.5661596655845642 -1.4366283416748047 -4.212948799133301 66 62 61
0.35516923666000366 -1.5915968418121338 -4.865871429443359 116 115 113
0.48764297366142273 -1.473747730255127 -4.488034725189209 80 79 75
-0.1422763466835022 -1.865919589996338 -6.055638790130615 166 167 169
0.5052918791770935 -1.443963646888733 -4.445174694061279 96 95 91
0.48947688937187195 -1.4365297555923462 -4.474554061889648 157 156 152
0.5230168104171753 -1.4087284803390503 -4.379403591156006 167 163 160
0.47970283031463623 -1.4023913145065308 -4.486661434173584 86 85 83
0.47970283031463623 -1.4023913145065308 -4.486661434173584 86 85 83
0.43320268392562866 -1.4183679819107056 -4.59095573425293 164 160 159
0.02317611314356327 -1.6524803638458252 -5.569372653961182 160 162 161
0.49083617329597473 -1.3784645795822144 -4.484116077423096 169 168 166
0.2713194191455841 -1.5365533828735352 -5.26179313659668 91 93 92
0.49731379747390747 -1.3397005796432495 -4.425397872924805 171 167 166
0.1930510550737381 -1.5605584383010864 -5.380548000335693 92 94 93
0.5065666437149048 -1.322782039642334 -4.368733882904053 97 93 92
0.013411647640168667 -1.6117470264434814 -5.660976886749268 153 155 154
0.5510232448577881 -1.28183913230896 -4.263097286224365 77 73 72
0.24517571926116943 -1.5158787965774536 -5.2968668937683105 142 144 143
0.24517571926116943 -1.5158787965774536 -5.2968668937683105 142 144 143
0.5259990096092224 -1.2767482995986938 -4.32728910446167 158 154 153
-0.17929403483867645 -1.6561260223388672 -5.942001819610596 100 101 103
0.051385074853897095 -1.5185918807983398 -5.5684814453125 152 152 152
0.5179523229598999 -1.2407798767089844 -4.376091957092285 119 115 114
0.4171140491962433 -1.2781156301498413 -4.605005741119385 110 109 107
0.12604251503944397 -1.4668629169464111 -5.513123035430908 166 166 166
0.12604251503944397 -1.4668629169464111 -5.513123035430908 166 166 166
0.05240528658032417 -1.4778239727020264 -5.578476905822754 74 74 74
0.05240528658032417 -1.4778239727020264 -5.578476905822754 74 74 74
0.034975338727235794 -1.4761631488800049 -5.608004093170166 154 156 155
0.034975338727235794 -1.4761631488800049 -5.608004093170166 154 156 155
0.035629820078611374 -1.4327019453048706 -5.59352970123291 93 95 94
0.25928831100463867 -1.3328990936279297 -5.2609100341796875 161 161 161
0.25928831100463867 -1.3328990936279297 -5.2609100341796875 161 161 161
0.23997384309768677 -1.328993797302246 -5.318121910095215 70 70 70
0.16432678699493408 -1.3503468036651611 -5.413034915924072 86 88 87
0.4958224594593048 -1.0860977172851562 -4.297614097595215 91 86 83
-0.43259236216545105 -1.5133838653564453 -6.336926460266113 98 99 101
-0.020640607923269272 -1.3562291860580444 -5.704661846160889 114 116 115
0.06711886078119278 -1.3187180757522583 -5.547435283660889 86 86 86
-0.24465124309062958 -1.4228405952453613 -6.052156925201416 86 87 89
-0.2185073345899582 -1.3803858757019043 -5.998683452606201 151 155 156
-0.516589879989624 -1.4792335033416748 -6.459431171417236 160 161 163
-0.30209648609161377 -1.4068851470947266 -6.143688201904297 167 170 171
0.07193904370069504 -1.2628432512283325 -5.570333480834961 111 111 111
0.05079027637839317 -1.2146774530410767 -5.563103199005127 110 110 108
0.20450907945632935 -1.1310280561447144 -5.371039867401123 81 81 81
0.2334451973438263 -1.1117907762527466 -5.3044939041137695 91 91 91
-0.35962897539138794 -1.239807367324829 -6.173017501831055 114 115 117
-0.05417473986744881 -1.1319612264633179 -5.687066555023193 92 94 93
0.3689238429069519 -0.9610430002212524 -4.761171340942383 92 90 91
-0.5881254076957703 -1.2950236797332764 -6.485404014587402 149 150 152
-0.14680440723896027 -1.173388957977295 -5.916486740112305 112 116 115
0.19873908162117004 -1.0554275512695312 -5.353370666503906 160 160 160
-0.49682337045669556 -1.2629338502883911 -6.380059719085693 101 101 101
-0.5638914108276367 -1.2463949918746948 -6.408698081970215 150 152 151
-0.2236385941505432 -1.1007969379425049 -5.990760326385498 101 102 104
0.17805837094783783 -0.9719791412353516 -5.365377902984619 90 90 90
0.046712540090084076 -0.9984089732170105 -5.55081844329834 97 97 97
0.09325030446052551 -0.9886218309402466 -5.510532379150391 106 110 109
0.07228904217481613 -0.9853217005729675 -5.526230812072754 162 163 163
-0.19996657967567444 -1.003176212310791 -5.964290142059326 168 170 169
-0.006956520956009626 -0.9337031245231628 -5.593255043029785 96 96 96
-0.022129755467176437 -0.9379009008407593 -5.638890743255615 157 157 157
-0.1747155636548996 -0.9492328763008118 -5.899475574493408 173 173 173
-0.3999369442462921 -0.9538576006889343 -6.264294624328613 104 105 107
-0.15477809309959412 -0.728147029876709 -5.836158275604248 98 98 98
-0.24641811847686768 -0.7357977628707886 -6.005938529968262 106 106 106
-0.3654457628726959 -0.6790401339530945 -6.202902317047119 98 99 101
-0.41678932309150696 -0.6812789440155029 -6.234612464904785 98 99 101
-0.6135738492012024 -0.6705629229545593 -6.444002151489258 97 98 100
-0.485627144575119 -0.5307631492614746 -6.2546281814575195 84 85 87
-0.43565821647644043 -0.4885441064834595 -6.216270446777344 85 86 88
-0.7358170747756958 -0.4964085519313812 -6.584964275360107 102 103 105
3.8167428970336914 -1.6987029314041138 -5.537213325500488 71 71 71
3.116177797317505 -1.73817777633667 -5.954646110534668 163 164 166
3.7965199947357178 -1.716432809829712 -5.634501934051514 138 138 138
3.852818012237549 -1.664327621459961 -5.377344131469727 168 168 168
3.7524726390838623 -1.6962920427322388 -5.659162998199463 78 78 78
3.1150736808776855 -1.7013007402420044 -5.937022686004639 85 85 87
3.8068928718566895 -1.6672146320343018 -5.575253009796143 129 129 129
3.8068928718566895 -1.6672146320343018 -5.575253009796143 129 129 129
3.1023313999176025 -1.6462454795837402 -5.906740665435791 103 103 105
3.504974365234375 -1.6488621234893799 -5.811464786529541 83 83 83
3.1912288665771484 -1.6424187421798706 -5.898481845855713 158 158 158
3.241884469985962 -1.624982237815857 -5.928098201751709 132 132 132
3.839076519012451 -1.5911471843719482 -5.584022521972656 70 70 70
3.816192150115967 -1.5496145486831665 -5.651957988739014 48 46 47
2.9900686740875244 -1.5520718097686768 -5.895116806030273 178 178 178
3.2540605068206787 -1.5670720338821411 -5.9052228927612305 142 142 142
3.7074668407440186 -1.5533634424209595 -5.71907901763916 82 82 82
2.4834632873535156 -1.4781700372695923 -5.836250305175781 147 148 150
3.8509373664855957 -1.454727053642273 -5.383890628814697 149 149 149
3.8161065578460693 -1.442948818206787 -5.403851509094238 78 77 75
3.8262779712677 -1.4625192880630493 -5.5417656898498535 69 68 66
3.5149929523468018 -1.4730589389801025 -5.822284698486328 78 78 78
3.817699670791626 -1.3922686576843262 -5.286524772644043 60 60 59
3.0887868404388428 -1.4508925676345825 -5.853156566619873 155 155 155
3.7214908599853516 -1.4502567052841187 -5.704626560211182 71 70 68
3.8278377056121826 -1.4340006113052368 -5.606856346130371 146 145 143
3.8435730934143066 -1.364901065826416 -5.226764678955078 143 142 140
3.272597074508667 -1.4288368225097656 -5.8599629402160645 153 153 153
3.8032991886138916 -1.351568341255188 -5.336481094360352 132 131 129
3.824686050415039 -1.3819297552108765 -5.536435127258301 66 65 63
2.9977686405181885 -1.3957417011260986 -5.879889965057373 109 109 109
3.2122879028320312 -1.408366084098816 -5.911856651306152 99 99 99
3.817747116088867 -1.3783906698226929 -5.606977939605713 150 149 147
2.461850881576538 -1.3150033950805664 -5.826896667480469 164 165 167
2.0586795806884766 -1.2648359537124634 -5.882566452026367 92 93 95
3.8076417446136475 -1.275544285774231 -5.478302001953125 55 54 52
3.8076417446136475 -1.275544285774231 -5.478302001953125 55 54 52
3.137478828430176 -1.289912462234497 -5.873627185821533 103 103 103
2.0748369693756104 -1.2331124544143677 -5.8454461097717285 154 155 157
2.0748369693756104 -1.2331124544143677 -5.8454461097717285 154 155 157
3.6930387020111084 -1.2681035995483398 -5.699109077453613 83 82 80
3.6930387020111084 -1.2681035995483398 -5.699109077453613 83 82 80
2.5585014820098877 -1.2079119682312012 -5.7336015701293945 92 93 95
3.7671544551849365 -1.1303317546844482 -4.907293319702148 153 151 152
3.828369617462158 -1.2114773988723755 -5.508688926696777 133 132 130
3.8154544830322266 -1.2101054191589355 -5.584461212158203 61 60 58
3.8380677700042725 -1.1680448055267334 -5.312063694000244 58 57 55
2.1726222038269043 -1.184604525566101 -5.884731769561768 78 79 81
3.1131834983825684 -1.208263874053955 -5.847435474395752 96 96 96
2.145798683166504 -1.1334617137908936 -5.7948079109191895 150 151 153
3.8589887619018555 -1.1254128217697144 -5.36976957321167 156 155 153
1.4528160095214844 -1.1218297481536865 -6.02484655380249 151 155 158
3.792358160018921 -1.0555564165115356 -4.957395076751709 158 157 155
3.790497064590454 -1.150565505027771 -5.680853366851807 151 150 148
3.7952911853790283 -1.0555672645568848 -5.037332057952881 54 53 51
1.8792043924331665 -1.0945720672607422 -5.84992790222168 156 157 159
2.13617205619812 -1.0804977416992188 -5.779543399810791 78 80 79
3.8644094467163086 -1.0783354043960571 -5.356836318969727 56 55 53
2.097608804702759 -1.071537971496582 -5.771490097045898 144 146 145
2.097608804702759 -1.071537971496582 -5.771490097045898 144 146 145
1.7968206405639648 -1.0686691999435425 -5.846192359924316 108 109 113
2.295847177505493 -1.036291241645813 -5.745234966278076 143 144 146
2.475281000137329 -1.0291190147399902 -5.699708938598633 75 76 78
3.8225109577178955 -1.025302529335022 -5.47609281539917 142 141 139
3.829204559326172 -0.9815410375595093 -5.1618757247924805 130 129 127
2.269237518310547 -1.0039963722229004 -5.739417552947998 90 91 93
2.45392107963562 -0.9933542609214783 -5.657232284545898 137 138 140
3.8103199005126953 -0.953377902507782 -5.0402326583862305 66 65 63
3.813849687576294 -1.0122294425964355 -5.557122707366943 67 66 62
3.833838939666748 -0.9498260021209717 -5.2679667472839355 52 48 47
3.8167366981506348 -0.9592782258987427 -5.360087871551514 127 126 124
3.251481056213379 -0.9984441995620728 -5.8177971839904785 112 110 111
3.7729790210723877 -0.9525942206382751 -5.400180339813232 73 71 69
1.9621697664260864 -0.9460890293121338 -5.7381415367126465 151 152 154
3.762830972671509 -0.8981937766075134 -4.979182720184326 133 129 128
3.76353120803833 -0.9435474276542664 -5.545862197875977 70 66 65
3.6442620754241943 -0.951239287853241 -5.731974124908447 153 149 148
1.7680633068084717 -0.9105405211448669 -5.866408348083496 106 107 109
1.7680633068084717 -0.9105405211448669 -5.866408348083496 106 107 109
3.8104515075683594 -0.9011692404747009 -5.424073219299316 148 147 145
1.7355507612228394 -0.8866980075836182 -5.85540771484375 153 154 156
3.797987699508667 -0.8946993350982666 -5.498641014099121 64 60 59
3.7833409309387207 -0.9028123021125793 -5.614533424377441 142 138 137
3.787170171737671 -0.8300628066062927 -5.172888278961182 84 80 79
3.787170171737671 -0.8300628066062927 -5.172888278961182 84 80 79
2.4183313846588135 -0.8546642661094666 -5.696704387664795 88 90 89
3.7099180221557617 -0.8812779784202576 -5.70354700088501 133 129 128
3.7518301010131836 -0.8237082362174988 -5.643134117126465 162 158 157
3.668525218963623 -0.7973843216896057 -5.664852619171143 141 137 136
1.2075433731079102 -0.7982680797576904 -6.136367321014404 99 103 104
3.715038776397705 -0.7467109560966492 -5.616008281707764 142 138 137
2.268033742904663 -0.7007538676261902 -5.681849956512451 155 156 158
2.268033742904663 -0.7007538676261902 -5.681849956512451 155 156 158
3.7852087020874023 -0.6905033588409424 -5.610116958618164 141 137 136
3.6739304065704346 -0.6695074439048767 -5.7114129066467285 74 70 69
3.7424874305725098 -0.6420530676841736 -5.578216075897217 78 74 73
3.681428909301758 -0.630068838596344 -5.567586421966553 146 142 141
3.767808437347412 -0.6071026921272278 -5.593676567077637 136 132 131
3.6579809188842773 -0.5943571925163269 -5.724122047424316 66 60 62
3.7740156650543213 -0.5720384120941162 -5.476873874664307 137 133 132
3.354835271835327 -0.5858182311058044 -5.822910308837891 156 152 151
2.1523962020874023 -0.5521897673606873 -5.665597438812256 96 97 99
3.7502965927124023 -0.5497447848320007 -5.553719520568848 62 58 59
3.307525396347046 -0.5614553689956665 -5.813490867614746 103 100 99
3.661451816558838 -0.5489436984062195 -5.744934558868408 129 123 125
3.090829372406006 -0.5373050570487976 -5.792751312255859 155 153 154
3.0497207641601562 -0.5165090560913086 -5.795536041259766 89 89 89
2.1030077934265137 -0.4938387870788574 -5.680327415466309 94 95 97
2.7907848358154297 -0.4918978810310364 -5.709314823150635 105 105 107
2.7907848358154297 -0.4918978810310364 -5.709314823150635 105 105 107
2.5557093620300293 -0.4788351356983185 -5.6710710525512695 99 99 101
2.142831325531006 -0.4783172011375427 -5.67471170425415 157 159 158
3.7224364280700684 -0.4461231827735901 -5.410071849822998 134 128 128
2.1108994483947754 -0.4286853075027466 -5.6526312828063965 146 148 147
0.3586920499801636 -0.4854094088077545 -6.702813625335693 102 106 109
3.6841671466827393 -0.3931466042995453 -5.543731689453125 59 53 53
3.71787691116333 -0.38284826278686523 -5.472865104675293 130 124 124
2.1682209968566895 -0.38468578457832336 -5.656879425048828 91 92 94
2.3450732231140137 -0.36931294202804565 -5.676144123077393 91 93 92
2.250490427017212 -0.2900790274143219 -5.63716459274292 82 84 83
3.6734776496887207 -0.2171218991279602 -5.295209884643555 90 80 78
-1.0155620574951172 -0.43931129574775696 -1.0603268146514893 92 94 93
-0.9497829079627991 -0.41734275221824646 -1.0106489658355713 160 162 161
-0.9631953835487366 -0.41389188170433044 -1.0198675394058228 99 101 100
-1.0309208631515503 -0.410677045583725 -1.057521939277649 101 102 104
-1.0622907876968384 -0.34380945563316345 -1.067043662071228 109 111 110
-1.0819683074951172 -0.33603471517562866 -1.0782228708267212 155 156 158
-1.0819683074951172 -0.33603471517562866 -1.0782228708267212 155 156 158
-0.9471753835678101 -0.319847971200943 -1.000922679901123 95 97 96
-1.081755518913269 -0.3183443546295166 -1.0816155672073364 98 99 101
-1.3515030145645142 -0.30627888441085815 -1.2152190208435059 102 106 107
-1.054195523262024 -0.29995548725128174 -1.0641043186187744 157 159 158
-1.0043904781341553 -0.2990324795246124 -1.0355852842330933 169 171 170
-1.3123984336853027 -0.28870347142219543 -1.1964772939682007 92 96 97
-1.3398813009262085 -0.2865961194038391 -1.2029287815093994 162 166 167
-1.2524157762527466 -0.28061774373054504 -1.1560649871826172 108 112 113
-1.0538874864578247 -0.265741765499115 -1.0617388486862183 136 138 137
-0.8095237612724304 -0.25964590907096863 -0.8910039067268372 174 172 173
-1.2022254467010498 -0.2391490489244461 -1.1385712623596191 109 113 114
-1.1134567260742188 -0.2344353199005127 -1.080865502357483 160 162 161
-0.8453786373138428 -0.202388733625412 -0.92535799741745 104 104 104
-0.8093558549880981 -0.18600580096244812 -0.8982189893722534 110 108 109
-1.4001585245132446 -0.17771102488040924 -1.225670576095581 105 109 110
-1.1728768348693848 -0.1539100557565689 -1.1024094820022583 83 87 88
-1.1243774890899658 -0.12132100015878677 -1.074265956878662 103 104 106
-1.2295676469802856 -0.10122992843389511 -1.1318345069885254 96 97 99
-1.1266231536865234 -0.09575610607862473 -1.0828635692596436 107 108 110
-1.2190358638763428 -0.05976385995745659 -1.1222058534622192 169 170 172
-1.4069902896881104 -0.049189962446689606 -1.2135791778564453 108 112 115
-1.2017319202423096 -0.03621762990951538 -1.1148593425750732 171 172 174
-1.2017319202423096 -0.03621762990951538 -1.1148593425750732 171 172 174
-0.7687697410583496 -0.011973639950156212 -0.8563514351844788 176 170 172
-1.2934614419937134 0.040528859943151474 -1.1495598554611206 96 100 103
-1.1887983083724976 0.06072446331381798 -1.0973950624465942 89 90 92
-1.1744095087051392 0.18011373281478882 -1.0796630382537842 100 98 101
-1.1744095087051392 0.18011373281478882 -1.0796630382537842 100 98 101
-1.3535810708999634 0.19289101660251617 -1.1700845956802368 75 79 80
-1.3535810708999634 0.19289101660251617 -1.1700845956802368 75 79 80
-1.6175148487091064 0.21749550104141235 -1.3070911169052124 145 149 152
-1.386661410331726 0.24405518174171448 -1.180537462234497 142 143 145
-1.4011497497558594 0.2477826029062271 -1.1927183866500854 94 95 97
-1.7152342796325684 0.2892325222492218 -1.3648805618286133 104 108 109
-1.7254973649978638 0.4002869725227356 -1.3643317222595215 90 94 97
-1.737910270690918 0.40252894163131714 -1.3655650615692139 153 157 158
-1.6643017530441284 0.4123653173446655 -1.3301715850830078 158 162 165
-1.6643017530441284 0.4123653173446655 -1.3301715850830078 158 162 165
-1.7288023233413696 0.5625954270362854 -1.3412457704544067 147 151 154
11.314288139343262 -5.241398334503174 -19.134521484375 159 160 162
13.168851852416992 -5.744893550872803 -20.757606506347656 155 156 158
11.317391395568848 -4.935817241668701 -19.410015106201172 152 153 155
13.664030075073242 -5.3314337730407715 -21.563962936401367 157 158 160
11.134745597839355 -4.510431289672852 -19.106609344482422 107 108 110
10.006628036499023 -4.158193588256836 -18.023347854614258 157 158 160
16.306869506835938 -6.084716320037842 -24.213680267333984 152 153 155
10.057149887084961 -4.179194450378418 -18.698381423950195 152 153 155
14.291015625 -5.279385089874268 -22.155046463012695 158 159 161
9.00832748413086 -3.5905237197875977 -17.4222469329834 158 159 161
9.00832748413086 -3.5905237197875977 -17.4222469329834 158 159 161
11.378425598144531 -3.9896938800811768 -19.798206329345703 156 157 159
18.29542350769043 -5.909257411956787 -26.85226821899414 99 101 100
9.246380805969238 -3.2198469638824463 -18.18956184387207 101 102 104
13.197404861450195 -4.2179856300354 -21.51761245727539 159 160 162
9.228198051452637 -3.035047769546509 -17.876129150390625 97 98 100
11.670049667358398 -3.380923271179199 -20.345060348510742 107 108 110
14.130727767944336 -3.88010311126709 -22.452123641967773 95 96 98
15.945180892944336 -4.22507381439209 -24.543458938598633 96 96 96
11.618346214294434 -3.2213337421417236 -20.62108612060547 101 102 104
11.618346214294434 -3.2213337421417236 -20.62108612060547 101 102 104
13.046772003173828 -3.4212753772735596 -21.857341766357422 159 160 162
11.693497657775879 -3.0970988273620605 -20.634443283081055 153 154 156
17.49466896057129 -4.255317211151123 -26.708192825317383 100 101 103
13.192337989807129 -3.291562795639038 -22.045574188232422 92 93 95
10.16373348236084 -2.628715753555298 -19.384403228759766 92 93 95
8.719209671020508 -2.1694235801696777 -18.219783782958984 149 150 152
12.69687557220459 -2.8375630378723145 -21.614267349243164 154 155 157
9.77187442779541 -2.237583637237549 -19.178857803344727 148 149 151
13.975756645202637 -3.0518932342529297 -23.106178283691406 166 167 169
11.56139850616455 -2.517688751220703 -21.148378372192383 99 100 102
14.903763771057129 -2.9721643924713135 -24.302616119384766 164 165 167
14.903763771057129 -2.9721643924713135 -24.302616119384766 164 165 167
15.170785903930664 -3.0034964084625244 -24.33793067932129 103 104 106
11.028541564941406 -2.1714324951171875 -20.484159469604492 106 107 109
11.048883438110352 -2.119800090789795 -20.721940994262695 159 160 162
11.086557388305664 -1.9353387355804443 -21.206161499023438 102 103 105
13.712985038757324 -2.0106070041656494 -23.346019744873047 161 162 164
9.848864555358887 -1.3700937032699585 -19.8980770111084 92 93 95
16.305564880371094 -2.143400192260742 -26.208688735961914 93 94 96
16.305564880371094 -2.143400192260742 -26.208688735961914 93 94 96
11.472464561462402 -1.0864553451538086 -21.57047462463379 152 153 155
10.906607627868652 -0.9944202303886414 -21.139596939086914 99 100 102
10.906607627868652 -0.9944202303886414 -21.139596939086914 99 100 102
11.097870826721191 -0.9934861063957214 -21.242582321166992 151 152 154
17.19683837890625 -1.386263370513916 -27.501583099365234 92 93 95
14.122815132141113 -0.36052241921424866 -24.898866653442383 154 155 157
7.994513034820557 0.3949092924594879 -18.783863067626953 87 88 90
14.876815795898438 1.0088882446289062 -26.335269927978516 94 95 97
6.395337104797363 3.1731061935424805 -19.016284942626953 111 112 114
10.249710083007812 4.040948867797852 -23.358102798461914 98 99 101
-0.6011410355567932 -1.3659158945083618 -9.658503532409668 74 78 77
0.9883213043212891 -2.111933469772339 -7.63089656829834 86 90 91
0.9883213043212891 -2.111933469772339 -7.63089656829834 86 90 91
-0.001123535679653287 -1.6275452375411987 -8.858492851257324 176 180 181
-0.014582591131329536 -1.6093778610229492 -8.94129467010498 61 65 66
-0.05293245613574982 -1.582731008529663 -9.001801490783691 78 82 81
-0.512021005153656 -1.3535938262939453 -9.374244689941406 106 108 107
1.988506555557251 -2.5200064182281494 -6.630178928375244 91 92 94
0.6267268657684326 -1.8632785081863403 -8.220158576965332 159 163 164
1.4327008724212646 -2.251328706741333 -7.339603424072266 69 73 74
-0.23720739781856537 -1.4332352876663208 -9.162684440612793 175 177 176
-0.45306843519210815 -1.3049527406692505 -9.428110122680664 183 185 184
0.06706465035676956 -1.553765058517456 -8.823083877563477 175 179 180
1.2268645763397217 -2.1025614738464355 -7.40553092956543 75 79 80
1.5507028102874756 -2.2450830936431885 -7.164165019989014 146 147 149
2.2540676593780518 -2.5535664558410645 -6.47214412689209 78 82 83
2.2540676593780518 -2.5535664558410645 -6.47214412689209 78 82 83
0.37202927470207214 -1.63820481300354 -8.385619163513184 78 82 83
-0.7575544714927673 -1.0833715200424194 -9.779509544372559 183 187 186
-0.8092359304428101 -1.0514971017837524 -9.777990341186523 182 186 185
0.4444708526134491 -1.6574846506118774 -8.425979614257812 163 167 168
0.35411009192466736 -1.6063618659973145 -8.418363571166992 151 155 156
1.6674342155456543 -2.2322006225585938 -6.999103546142578 194 195 197
1.364029049873352 -2.0784780979156494 -7.252708435058594 172 176 177
2.2176284790039062 -2.48980712890625 -6.500463485717773 62 66 67
0.25488269329071045 -1.5202877521514893 -8.58101749420166 175 179 180
2.0889153480529785 -2.3714914321899414 -6.589474678039551 167 171 172
1.249143362045288 -1.9481664896011353 -7.3765058517456055 71 75 76
0.02217443287372589 -1.3475664854049683 -8.918742179870605 82 83 85
2.228530168533325 -2.423116445541382 -6.492516040802002 148 152 153
0.9621332287788391 -1.7795612812042236 -7.731264591217041 159 163 164
2.125425100326538 -2.3384737968444824 -6.554558277130127 155 159 160
1.5410938262939453 -2.0477774143218994 -7.0234761238098145 158 162 163
1.3507091999053955 -1.95209801197052 -7.341348648071289 86 90 91
1.5862138271331787 -2.0669848918914795 -7.0223798751831055 74 75 77
2.377824544906616 -2.435394287109375 -6.411818981170654 168 172 173
1.3580012321472168 -1.9176251888275146 -7.360804557800293 180 184 185
2.318788528442383 -2.3822829723358154 -6.449594974517822 78 82 83
1.402333378791809 -1.9327038526535034 -7.373044013977051 73 77 78
0.6382494568824768 -1.555161952972412 -8.140449523925781 170 174 175
2.1763198375701904 -2.2830421924591064 -6.551952838897705 75 79 80
0.7725273370742798 -1.581464409828186 -8.005529403686523 189 190 192
2.3029839992523193 -2.312551498413086 -6.412799835205078 177 181 182
2.3033015727996826 -2.31266713142395 -6.413351535797119 177 181 182
1.7135196924209595 -2.0175068378448486 -6.9182257652282715 82 83 85
-0.7097190618515015 -0.813917338848114 -9.74617862701416 89 91 90
0.6408646702766418 -1.4760822057724 -8.025968551635742 181 185 186
0.9432873725891113 -1.6268523931503296 -7.802615165710449 91 95 96
2.251269817352295 -2.2630667686462402 -6.463634014129639 185 189 190
0.35907232761383057 -1.3177508115768433 -8.357144355773926 90 94 95
2.5229640007019043 -2.385751485824585 -6.301233291625977 86 87 89
2.215714693069458 -2.2196807861328125 -6.5064592361450195 176 180 181
0.5831252932548523 -1.4030723571777344 -8.262654304504395 194 198 199
2.3817672729492188 -2.2940149307250977 -6.407168865203857 63 67 68
0.2397223711013794 -1.227805256843567 -8.575759887695312 103 104 106
2.290024518966675 -2.245206117630005 -6.441806316375732 174 178 179
1.1764415502548218 -1.6825306415557861 -7.519623279571533 69 73 74
1.1464182138442993 -1.668379306793213 -7.552987575531006 184 188 189
1.150955080986023 -1.6543666124343872 -7.64706563949585 89 93 94
-0.06865344941616058 -1.0338377952575684 -8.931764602661133 87 91 90
2.4067542552948 -2.2498059272766113 -6.334555625915527 84 85 87
2.062474250793457 -2.0799176692962646 -6.662674903869629 176 177 179
-0.3841400742530823 -0.8508198261260986 -9.367585182189941 169 173 172
1.9404040575027466 -2.0087149143218994 -6.685216426849365 86 87 89
2.677748203277588 -2.3604726791381836 -6.160038948059082 187 188 190
1.3193981647491455 -1.6840174198150635 -7.344480991363525 97 101 102
1.7967455387115479 -1.9192765951156616 -6.886866569519043 175 176 178
1.7967455387115479 -1.9192765951156616 -6.886866569519043 175 176 178
2.286165475845337 -2.1312358379364014 -6.438990592956543 172 176 177
0.280830979347229 -1.114433765411377 -8.622793197631836 80 81 83
1.2177093029022217 -1.5813298225402832 -7.555962085723877 180 181 183
1.2410287857055664 -1.5946656465530396 -7.4872002601623535 60 64 65
2.1287519931793213 -2.030247449874878 -6.6651225090026855 84 85 87
0.9534817337989807 -1.4429219961166382 -7.803465843200684 177 181 182
2.1399757862091064 -2.034281015396118 -6.524181842803955 163 167 168
0.7710677981376648 -1.3231667280197144 -8.106306076049805 72 73 75
1.0756419897079468 -1.4752845764160156 -7.688188076019287 156 160 161
1.0756419897079468 -1.4752845764160156 -7.688188076019287 156 160 161
1.1851807832717896 -1.530840277671814 -7.484167098999023 67 68 70
-0.37633246183395386 -0.7264848351478577 -9.281917572021484 76 80 79
2.100233554840088 -1.9567126035690308 -6.634610652923584 174 175 177
1.0977940559387207 -1.4452097415924072 -7.677867889404297 177 181 182
2.7090952396392822 -2.2326695919036865 -6.13198709487915 191 192 194
-0.3212945759296417 -0.7121648788452148 -9.105354309082031 118 122 121
2.88789439201355 -2.3148353099823 -6.0786895751953125 66 67 69
1.0887224674224854 -1.411754846572876 -7.633211612701416 80 81 83
1.698912262916565 -1.7171164751052856 -7.0362229347229 178 179 181
0.5935936570167542 -1.1476802825927734 -8.291972160339355 86 90 91
2.5916635990142822 -2.148790121078491 -6.277970790863037 80 81 83
1.1190530061721802 -1.4124373197555542 -7.579036712646484 172 173 175
-0.756511926651001 -0.45730647444725037 -9.641197204589844 151 155 154
2.6081721782684326 -2.134833335876465 -6.202639102935791 182 183 185
-0.6700696349143982 -0.479804128408432 -9.725794792175293 171 175 174
-0.6149546504020691 -0.5017262101173401 -9.691458702087402 162 164 163
-0.12418148666620255 -0.7467750906944275 -9.151409149169922 175 177 176
2.855172872543335 -2.2468180656433105 -6.083449840545654 69 70 72
2.279480218887329 -1.945772647857666 -6.49641227722168 197 198 200
-0.25521159172058105 -0.6578139662742615 -9.125057220458984 183 185 184
-0.6286079287528992 -0.46184512972831726 -9.687689781188965 85 89 88
0.9272605180740356 -1.2512311935424805 -7.89083194732666 182 186 187
2.4238998889923096 -1.9920284748077393 -6.399620532989502 179 180 182
2.088447332382202 -1.8232115507125854 -6.572883605957031 167 168 170
1.331750750541687 -1.435453176498413 -7.453250885009766 184 188 189
1.2755539417266846 -1.4019660949707031 -7.419936656951904 94 98 99
1.396521806716919 -1.4525058269500732 -7.389212131500244 82 86 87
2.5674021244049072 -2.039246082305908 -6.325730800628662 174 175 177
-0.5363778471946716 -0.4575848877429962 -9.523743629455566 160 163 162
2.348714590072632 -1.9205158948898315 -6.499037742614746 182 186 187
2.611208438873291 -2.0303802490234375 -6.275557518005371 89 90 92
2.9649276733398438 -2.1890134811401367 -5.966886043548584 78 79 81
2.232367753982544 -1.8193961381912231 -6.590651035308838 181 182 184
0.001479483675211668 -0.6841515898704529 -8.892553329467773 66 68 67
2.878129243850708 -2.131777286529541 -6.094050884246826 98 99 101
-0.1983097344636917 -0.5713814496994019 -9.134933471679688 188 190 189
-0.6427419185638428 -0.3427363336086273 -9.634822845458984 92 94 93
0.37972167134284973 -0.8669560551643372 -8.475954055786133 101 105 106
1.7098383903503418 -1.5472594499588013 -7.008411884307861 73 74 76
2.3226699829101562 -1.8429741859436035 -6.485268592834473 154 155 157
1.8217190504074097 -1.5831464529037476 -6.988811016082764 162 163 165
-0.14947223663330078 -0.5690397620201111 -9.130779266357422 86 88 87
0.036005619913339615 -0.658149242401123 -8.916840553283691 167 169 168
1.9912514686584473 -1.6519579887390137 -6.755184173583984 148 149 151
2.7463886737823486 -2.024900197982788 -6.177024841308594 176 177 179
-0.035478074103593826 -0.6139528751373291 -8.822440147399902 85 87 86
2.295989990234375 -1.79343581199646 -6.463160991668701 172 173 175
2.295989990234375 -1.79343581199646 -6.463160991668701 172 173 175
0.42461439967155457 -0.830863356590271 -8.479843139648438 170 171 173
0.42461439967155457 -0.830863356590271 -8.479843139648438 170 171 173
1.3112272024154663 -1.2799698114395142 -7.483686923980713 89 93 94
-0.005186222959309816 -0.5806520581245422 -8.926618576049805 183 185 184
-0.005186222959309816 -0.5806520581245422 -8.926618576049805 183 185 184
1.4820505380630493 -1.345590353012085 -7.23989725112915 167 168 170
3.0643668174743652 -2.131875991821289 -5.920281410217285 194 195 197
3.2417562007904053 -2.2164573669433594 -5.844874382019043 59 60 62
3.134361505508423 -2.1559059619903564 -5.859852313995361 156 157 159
2.3811070919036865 -1.7635859251022339 -6.460081577301025 155 156 158
2.7843284606933594 -1.963143229484558 -6.215551853179932 82 83 85
0.09096747636795044 -0.5733537673950195 -8.794421195983887 164 166 165
1.6322861909866333 -1.3704595565795898 -7.06547737121582 186 187 189
2.283994674682617 -1.6922951936721802 -6.570178031921387 170 171 173
1.7143852710723877 -1.4031811952590942 -7.100549697875977 74 75 77
3.13067626953125 -2.1178879737854004 -5.874396324157715 60 61 63
1.4126381874084473 -1.2417707443237305 -7.293333530426025 77 81 82
-0.012471186928451061 -0.4936785101890564 -9.003708839416504 176 178 177
1.7797396183013916 -1.4154245853424072 -7.025761604309082 174 175 177
0.5020204186439514 -0.7553413510322571 -8.296554565429688 194 195 197
2.0567760467529297 -1.5368505716323853 -6.702306270599365 166 167 169
-0.6428918838500977 -0.1286495327949524 -9.645874977111816 102 106 105
3.0862159729003906 -2.03806209564209 -5.935279369354248 186 187 189
0.30316445231437683 -0.6059595942497253 -8.621017456054688 82 83 85
0.0076798307709395885 -0.4392690360546112 -8.944243431091309 88 90 89
3.213636636734009 -2.080005168914795 -5.78219747543335 71 72 74
0.07680640369653702 -0.4575965702533722 -8.883858680725098 83 85 84
0.5918237566947937 -0.7156162261962891 -8.170660018920898 150 154 155
2.751035213470459 -1.8071540594100952 -6.285669326782227 80 81 83
2.683988094329834 -1.7781116962432861 -6.239696025848389 191 192 194
0.9540572762489319 -0.8709603548049927 -7.879164218902588 90 91 93
3.1416616439819336 -1.981947660446167 -5.931687831878662 176 177 179
2.8349344730377197 -1.8241609334945679 -6.194112300872803 184 185 187
2.624239683151245 -1.717346429824829 -6.288181781768799 79 80 82
1.9824941158294678 -1.3905366659164429 -6.827332973480225 187 191 192
2.9316203594207764 -1.8474676609039307 -6.119672775268555 196 197 199
2.689739227294922 -1.729688286781311 -6.244992733001709 71 72 74
-0.44737565517425537 -0.0899406298995018 -9.436582565307617 82 86 85
0.8229235410690308 -0.7397909164428711 -7.886366844177246 90 94 95
-0.09766816347837448 -0.23081684112548828 -9.044981002807617 91 95 94
3.3174262046813965 -1.9823129177093506 -5.709970951080322 74 75 77
-0.6079941987991333 0.05947072058916092 -9.663146018981934 156 160 159
0.5079799294471741 -0.527454137802124 -8.351466178894043 76 77 79
1.7470699548721313 -1.1764122247695923 -7.0510149002075195 76 80 81
2.2180328369140625 -1.4081345796585083 -6.658784866333008 202 203 205
2.8627235889434814 -1.7244665622711182 -6.252599716186523 73 74 76
1.8022352457046509 -1.1863738298416138 -7.004644393920898 84 88 89
2.812812566757202 -1.6921327114105225 -6.20904541015625 173 174 176
2.0751078128814697 -1.3217823505401611 -6.7285051345825195 77 78 80
1.1452504396438599 -0.8356793522834778 -7.702389717102051 80 84 85
1.7393821477890015 -1.1444779634475708 -7.054213523864746 187 190 191
0.6990319490432739 -0.5860993266105652 -8.213639259338379 90 91 93
2.9773197174072266 -1.75980544090271 -6.069789886474609 189 190 192
2.9693756103515625 -1.7458685636520386 -6.120681285858154 81 82 84
1.520231008529663 -0.9946733117103577 -7.280753135681152 90 91 93
1.5229456424713135 -0.9948835968971252 -7.287131309509277 90 91 93
2.106253147125244 -1.2831634283065796 -6.75615119934082 183 184 186
2.106253147125244 -1.2831634283065796 -6.75615119934082 183 184 186
-0.6368828415870667 0.15516188740730286 -9.590975761413574 192 194 193
3.246636390686035 -1.856387972831726 -5.77488899230957 80 81 83
3.238105535507202 -1.8464339971542358 -5.830931186676025 162 163 165
3.020480155944824 -1.7162737846374512 -6.10407018661499 76 77 79
3.3184735774993896 -1.8755474090576172 -5.7456374168396 59 60 62
3.3340442180633545 -1.88331139087677 -5.7009077072143555 182 183 185
1.009110689163208 -0.6693960428237915 -7.862664222717285 78 82 83
2.985187530517578 -1.65688157081604 -6.077819347381592 176 177 179
2.7285943031311035 -1.5280190706253052 -6.256397724151611 65 66 68
2.5081913471221924 -1.4083421230316162 -6.510939121246338 157 158 160
2.0410773754119873 -1.176124095916748 -6.850252628326416 188 192 193
1.8845341205596924 -1.0910289287567139 -7.01304817199707 85 89 90
3.348867416381836 -1.8399648666381836 -5.711242198944092 77 78 80
2.0645458698272705 -1.1692594289779663 -6.822020530700684 91 92 94
1.0633059740066528 -0.6374250054359436 -7.899407386779785 186 187 189
2.8173017501831055 -1.531757116317749 -6.285618305206299 185 186 188
3.147301197052002 -1.7031625509262085 -5.9549078941345215 157 158 160
0.4496074914932251 -0.30377283692359924 -8.44694709777832 76 77 79
2.565168619155884 -1.406345009803772 -6.429763317108154 94 95 97
-0.00728056812658906 -0.056386418640613556 -8.99650764465332 86 88 87
2.3139607906341553 -1.2727848291397095 -6.6048583984375 174 175 177
2.3174049854278564 -1.2675435543060303 -6.692452907562256 97 98 100
2.3174049854278564 -1.2675435543060303 -6.692452907562256 97 98 100
0.38116562366485596 -0.26079344749450684 -8.521506309509277 175 176 178
0.38116562366485596 -0.26079344749450684 -8.521506309509277 175 176 178
-0.6082466244697571 0.28115084767341614 -9.662382125854492 194 196 195
-0.6082466244697571 0.28115084767341614 -9.662382125854492 194 196 195
0.09444046020507812 -0.09213721007108688 -8.869671821594238 177 179 178
1.8326623439788818 -1.0164204835891724 -6.979592800140381 184 185 187
2.674851655960083 -1.4256035089492798 -6.400719165802002 179 180 182
1.9364616870880127 -1.0449535846710205 -6.958951950073242 100 101 103
1.824877142906189 -0.9876112341880798 -7.057505130767822 89 90 92
1.8308632373809814 -0.9923465847969055 -7.026381015777588 88 89 91
2.174156427383423 -1.1627894639968872 -6.77423095703125 84 85 87
-0.17323468625545502 0.1151457130908966 -9.238972663879395 89 91 90
-0.13553008437156677 0.10764487832784653 -9.1784029006958 180 182 181
3.3354949951171875 -1.7034430503845215 -5.854729175567627 69 70 72
0.06868188083171844 0.00041854483424685895 -8.828893661499023 187 189 188
2.598721504211426 -1.30431067943573 -6.387526035308838 70 71 73
0.946245014667511 -0.4296813905239105 -7.976284503936768 83 84 86
2.093878746032715 -1.0238046646118164 -6.842963695526123 83 84 86
-0.23306843638420105 0.21554553508758545 -9.281174659729004 171 173 172
2.1258580684661865 -1.0254077911376953 -6.832993030548096 191 192 194
3.108175277709961 -1.5171705484390259 -6.068554878234863 167 168 170
1.9414573907852173 -0.9182933568954468 -7.006636142730713 56 57 59
3.3023037910461426 -1.6123780012130737 -5.850076675415039 162 163 165
3.073957681655884 -1.480858564376831 -6.125992774963379 90 91 93
0.13735446333885193 0.05688230320811272 -8.83008861541748 189 191 190
1.8299987316131592 -0.8367113471031189 -7.147218704223633 90 94 95
1.8299987316131592 -0.8367113471031189 -7.147218704223633 90 94 95
3.421909809112549 -1.6667598485946655 -5.684528350830078 86 87 89
1.3072326183319092 -0.5582062602043152 -7.564703464508057 84 85 87
2.76350474357605 -1.2958179712295532 -6.337851524353027 166 167 169
2.5847890377044678 -1.1863824129104614 -6.480803489685059 91 92 94
3.428115129470825 -1.626568078994751 -5.669096946716309 162 163 165
3.267072916030884 -1.5352472066879272 -5.843798637390137 168 169 171
3.2255501747131348 -1.4997791051864624 -5.962008953094482 183 184 186
3.040642023086548 -1.3805714845657349 -6.224977493286133 178 179 181
3.040642023086548 -1.3805714845657349 -6.224977493286133 178 179 181
3.472891092300415 -1.6159007549285889 -5.681002616882324 76 77 79
3.4160025119781494 -1.579537034034729 -5.706535339355469 74 75 77
3.4160025119781494 -1.579537034034729 -5.706535339355469 74 75 77
0.4738285541534424 -0.01818905398249626 -8.583074569702148 180 182 181
-0.14038005471229553 0.31030306220054626 -9.151408195495605 178 180 179
1.7177168130874634 -0.6914432644844055 -7.1732563972473145 176 177 179
2.9978461265563965 -1.322283387184143 -6.304762363433838 79 80 82
3.1601052284240723 -1.4071506261825562 -6.127496242523193 93 94 96
2.0870981216430664 -0.8691427707672119 -6.909947872161865 95 96 98
0.18473732471466064 0.15412864089012146 -8.866559982299805 181 183 182
0.6784937381744385 -0.12110103666782379 -8.247465133666992 170 171 173
3.1389920711517334 -1.3980576992034912 -6.025500774383545 173 174 176
3.43133544921875 -1.5519534349441528 -5.755698204040527 171 172 174
2.0034215450286865 -0.8167294859886169 -6.947120189666748 173 174 176
0.8387449979782104 -0.1667170375585556 -8.191436767578125 158 162 163
3.3476359844207764 -1.4771428108215332 -5.887159824371338 81 82 84
0.2680342495441437 0.14658737182617188 -8.813286781311035 158 160 159
0.2680342495441437 0.14658737182617188 -8.813286781311035 158 160 159
1.5649210214614868 -0.5600081086158752 -7.373197078704834 99 100 102
3.1013681888580322 -1.3389495611190796 -6.171304225921631 163 164 166
-0.06972070038318634 0.32589390873908997 -9.114688873291016 89 91 90
0.1081574559211731 0.2293694019317627 -8.862584114074707 83 85 84
0.703436553478241 -0.08003202080726624 -8.244732856750488 85 86 88
0.46044859290122986 0.07286664843559265 -8.595545768737793 65 66 68
1.6686173677444458 -0.5818893313407898 -7.288590431213379 177 178 180
3.3313944339752197 -1.4433555603027344 -5.809264659881592 192 193 195
2.1891074180603027 -0.8472825288772583 -6.817832946777344 81 82 84
-0.09071099013090134 0.37451833486557007 -9.104867935180664 175 177 176
-0.09071099013090134 0.37451833486557007 -9.104867935180664 175 177 176
2.980926036834717 -1.227416753768921 -6.318514823913574 87 88 90
2.980926036834717 -1.227416753768921 -6.318514823913574 87 88 90
2.8854968547821045 -1.187768578529358 -6.298250675201416 66 67 69
2.0352883338928223 -0.7466563582420349 -6.982150077819824 76 77 79
-0.40193846821784973 0.5612764358520508 -9.443602561950684 96 98 97
0.03379088267683983 0.32565703988075256 -8.940118789672852 156 158 157
1.886136770248413 -0.6666759252548218 -7.097767353057861 79 80 82
3.363064765930176 -1.4199162721633911 -5.894197463989258 80 81 83
3.412733316421509 -1.4631303548812866 -5.6683502197265625 87 88 90
2.1700477600097656 -0.8066380023956299 -6.828459739685059 185 186 188
2.171778440475464 -0.80675208568573 -6.831614017486572 185 186 188
2.2318837642669678 -0.8187348246574402 -6.860817909240723 85 86 88
3.4581170082092285 -1.4688351154327393 -5.640178203582764 178 179 181
0.19013962149620056 0.2982994019985199 -8.840787887573242 76 78 77
3.377633810043335 -1.3765625953674316 -5.864773273468018 59 60 62
0.8620023131370544 -0.03863012045621872 -8.116754531860352 76 77 79
2.593186855316162 -0.9520350694656372 -6.486658573150635 190 191 193
1.6559900045394897 -0.439069926738739 -7.400457382202148 180 184 185
0.871441662311554 -0.011333015747368336 -8.15611743927002 177 178 180
2.085728645324707 -0.6538999080657959 -7.010375499725342 155 156 158
1.5595126152038574 -0.38245242834091187 -7.403602600097656 173 174 176
2.618201732635498 -0.9237816333770752 -6.512667179107666 62 63 65
2.618201732635498 -0.9237816333770752 -6.512667179107666 62 63 65
3.5889337062835693 -1.4427785873413086 -5.5385966300964355 74 76 75
3.4366981983184814 -1.3434035778045654 -5.756749153137207 178 179 181
2.453857421875 -0.8236180543899536 -6.599910259246826 154 155 157
1.9860587120056152 -0.5782368183135986 -7.027140140533447 169 170 172
0.7115075588226318 0.12706555426120758 -8.347593307495117 160 161 163
3.435331106185913 -1.3085919618606567 -5.806110858917236 73 74 76
3.371458053588867 -1.2753931283950806 -5.84677791595459 102 103 105
2.6465351581573486 -0.8908550143241882 -6.518192768096924 194 195 197
3.070723056793213 -1.0649768114089966 -6.318479061126709 94 95 97
3.4733524322509766 -1.2961410284042358 -5.785717964172363 156 157 159
3.3602702617645264 -1.229219675064087 -5.815085411071777 165 166 168
3.3602702617645264 -1.229219675064087 -5.815085411071777 165 166 168
2.1583921909332275 -0.5846510529518127 -6.9560699462890625 178 179 181
1.7551653385162354 -0.3750346601009369 -7.249293327331543 168 169 171
2.3626670837402344 -0.6692587733268738 -6.825473308563232 184 185 187
3.3348047733306885 -1.1760149002075195 -5.976655006408691 77 78 80
1.166064739227295 -0.05018670856952667 -7.768439292907715 181 182 184
1.9736789464950562 -0.4723842740058899 -7.0351409912109375 182 186 187
1.6520788669586182 -0.292785108089447 -7.3768744468688965 176 180 181
3.4572319984436035 -1.238081693649292 -5.7947211265563965 177 178 180
3.5340280532836914 -1.2843631505966187 -5.679111480712891 73 75 74
3.44389271736145 -1.252692461013794 -5.629073619842529 186 188 187
0.6558242440223694 0.27193957567214966 -8.457854270935059 82 83 85
-0.22833076119422913 0.7476734519004822 -9.296402931213379 181 183 182
2.9924700260162354 -0.947556734085083 -6.419203281402588 111 112 114
0.8712366223335266 0.1485237032175064 -8.154633522033691 80 81 83
2.186168670654297 -0.5489358305931091 -6.926178932189941 179 180 182
3.3690407276153564 -1.177592396736145 -5.838142395019531 63 64 66
2.8719332218170166 -0.8892384767532349 -6.424018383026123 204 205 207
2.2141382694244385 -0.5306265354156494 -6.886778831481934 180 181 183
3.495255470275879 -1.2084492444992065 -5.723152160644531 67 69 68
3.4559786319732666 -1.1882379055023193 -5.723149299621582 182 184 183
2.695590019226074 -0.7531349062919617 -6.526151180267334 188 189 191
2.2741851806640625 -0.5337715148925781 -6.871048450469971 156 157 159
3.384047269821167 -1.1141608953475952 -5.842451095581055 161 162 164
1.7487459182739258 -0.26092106103897095 -7.186251640319824 141 142 144
1.890346646308899 -0.3195934593677521 -7.139985084533691 169 170 172
3.452061653137207 -1.1309036016464233 -5.80155086517334 188 188 188
3.528949499130249 -1.1936771869659424 -5.588923454284668 175 177 176
0.18510465323925018 0.619143545627594 -8.832472801208496 108 110 109
2.96901798248291 -0.8501771688461304 -6.301044464111328 162 163 165
1.3285266160964966 0.02104973793029785 -7.72123384475708 173 174 176
3.048360824584961 -0.8940038084983826 -6.157441139221191 93 94 96
3.5556204319000244 -1.168399453163147 -5.661887168884277 98 100 99
3.6081697940826416 -1.184591293334961 -5.633665561676025 98 100 99
3.458695411682129 -1.0703669786453247 -5.938285827636719 75 76 78
3.49204421043396 -1.1100561618804932 -5.753045082092285 113 113 113
2.6103789806365967 -0.6178323030471802 -6.663424968719482 157 158 160
2.9624757766723633 -0.7981131672859192 -6.367936611175537 175 176 178
2.8020870685577393 -0.7221627235412598 -6.366199016571045 177 178 180
3.012472629547119 -0.7975035905838013 -6.378737449645996 73 74 76
2.8241519927978516 -0.7032098770141602 -6.491183280944824 76 77 79
1.4649583101272583 0.008127495646476746 -7.613483905792236 78 79 81
2.1947245597839355 -0.3718099296092987 -6.975376129150391 73 74 76
3.4018101692199707 -1.0068988800048828 -5.85629415512085 154 155 157
3.4018101692199707 -1.0068988800048828 -5.85629415512085 154 155 157
2.702974557876587 -0.5957272052764893 -6.581785202026367 169 170 172
2.702974557876587 -0.5957272052764893 -6.581785202026367 169 170 172
2.721027374267578 -0.5982095003128052 -6.528754234313965 75 76 78
1.9268929958343506 -0.17584280669689178 -7.221175670623779 189 190 192
2.2058277130126953 -0.3154185116291046 -6.963043212890625 167 168 170
2.7145965099334717 -0.5631239414215088 -6.531124114990234 177 178 180
2.6518023014068604 -0.4761143624782562 -6.674241065979004 162 163 165
3.5037147998809814 -0.9415314793586731 -5.837371349334717 184 186 185
1.7492400407791138 -0.0019581096712499857 -7.391867160797119 76 77 79
3.580846071243286 -0.9641991853713989 -5.763753890991211 77 77 77
1.75127375125885 0.024952957406640053 -7.387888431549072 157 158 160
2.253225803375244 -0.24112221598625183 -6.9305853843688965 102 103 105
1.0718717575073242 0.42565247416496277 -8.123648643493652 154 155 157
2.9080076217651367 -0.5472857356071472 -6.490434169769287 57 58 60
3.5246174335479736 -0.8956624269485474 -5.8096232414245605 171 173 172
0.34726688265800476 0.8316859602928162 -8.812960624694824 202 204 203
3.643427848815918 -0.9374666810035706 -5.600308895111084 75 77 76
3.6553966999053955 -0.9417129755020142 -5.485226631164551 65 65 65
3.047877073287964 -0.5407472848892212 -6.3654584884643555 174 175 177
3.5524446964263916 -0.8319007158279419 -5.785348415374756 69 71 70
3.4793894290924072 -0.7725451588630676 -5.833651542663574 72 74 73
2.7916111946105957 -0.3444516658782959 -6.647881984710693 72 73 75
3.628485679626465 -0.8290974497795105 -5.7128005027771 163 165 164
1.7520476579666138 0.1932150274515152 -7.4494948387146 184 185 187
2.4258172512054443 -0.13163986802101135 -6.982640743255615 72 73 75
3.5686140060424805 -0.7586779594421387 -5.886416435241699 72 74 73
1.6975897550582886 0.2578542232513428 -7.487154483795166 169 170 172
2.5115456581115723 -0.14910940825939178 -6.783164024353027 190 191 193
2.3835082054138184 -0.055876635015010834 -6.915581226348877 153 154 156
1.3743896484375 0.4985399544239044 -7.756799221038818 94 95 97
3.569612503051758 -0.6540772318840027 -5.896243095397949 89 91 90
1.726441740989685 0.33978867530822754 -7.535109043121338 83 84 86
1.4713313579559326 0.47132131457328796 -7.723522186279297 165 166 168
2.851266860961914 -0.2603006064891815 -6.535433769226074 155 156 158
2.2691469192504883 0.055550772696733475 -7.0640692710876465 148 149 151
1.896083950996399 0.2945447564125061 -7.37544584274292 86 87 89
0.9598117470741272 0.8161808252334595 -8.230223655700684 198 202 203
1.0444347858428955 0.7793518900871277 -8.130672454833984 82 83 85
1.9174723625183105 0.30587702989578247 -7.303498268127441 156 157 159
1.9174723625183105 0.30587702989578247 -7.303498268127441 156 157 159
2.3917558193206787 0.06637869775295258 -6.959532260894775 168 169 171
3.5955543518066406 -0.6085960865020752 -5.627769470214844 170 172 171
2.028404712677002 0.2702983319759369 -7.150779724121094 157 158 160
3.3996667861938477 -0.42034682631492615 -6.1392974853515625 82 84 83
3.413638114929199 -0.4401888847351074 -6.037520885467529 58 60 59
3.413638114929199 -0.4401888847351074 -6.037520885467529 58 60 59
2.404773473739624 0.11066370457410812 -6.959458827972412 167 168 170
1.623894214630127 0.5420776009559631 -7.64723539352417 164 166 168
3.561161518096924 -0.5461331605911255 -5.728674411773682 73 75 74
3.41581130027771 -0.4140204191207886 -6.097095966339111 171 173 172
0.935434103012085 0.958219587802887 -8.365671157836914 184 185 187
2.537801504135132 0.091196708381176 -6.923138618469238 64 65 67
1.9382426738739014 0.4089496433734894 -7.4126458168029785 164 165 167
0.37721753120422363 1.297090768814087 -8.929177284240723 196 198 197
3.2786483764648438 -0.2634015679359436 -6.338475704193115 97 99 98
0.9457383155822754 1.0061705112457275 -8.420173645019531 69 70 72
3.6259729862213135 -0.5009316205978394 -5.734498023986816 90 92 91
2.8185513019561768 -0.01758953370153904 -6.637953758239746 190 191 193
2.776893377304077 0.028603771701455116 -6.773904323577881 79 80 82
2.801520586013794 0.00010570033919066191 -6.6706132888793945 133 134 136
2.801520586013794 0.00010570033919066191 -6.6706132888793945 133 134 136
2.801520586013794 0.00010570033919066191 -6.6706132888793945 133 134 136
3.629361152648926 -0.5055274367332458 -5.66587495803833 162 164 163
1.5555859804153442 0.6794351935386658 -7.782358646392822 87 88 90
1.82069730758667 0.5261855721473694 -7.506232738494873 74 75 77
1.5180931091308594 0.7001532316207886 -7.808587074279785 184 185 187
3.5506701469421387 -0.4279499053955078 -5.825735569000244 67 69 68
1.0837904214859009 0.9482534527778625 -8.163140296936035 173 177 178
3.518770456314087 -0.3986334502696991 -5.831210613250732 165 167 166
1.8142210245132446 0.5655845403671265 -7.518388271331787 167 168 170
0.997693657875061 1.0317933559417725 -8.327017784118652 71 75 74
2.1443073749542236 0.4085334241390228 -7.179050445556641 96 97 99
2.3113954067230225 0.34773558378219604 -7.151949405670166 106 107 109
3.01425838470459 0.02737301029264927 -6.797947883605957 88 89 91
0.7787351608276367 1.2031701803207397 -8.437808990478516 80 82 81
2.1654675006866455 0.45822393894195557 -7.226024150848389 181 182 184
1.3465641736984253 0.9293550252914429 -7.970862865447998 158 161 163
2.5013949871063232 0.318919837474823 -6.958683490753174 166 168 167
0.9275014996528625 1.179990291595459 -8.36705493927002 178 179 181
3.6199357509613037 -0.3928900957107544 -5.507493019104004 81 83 82
0.8890153765678406 1.2506074905395508 -8.604852676391602 174 175 177
3.6085338592529297 -0.29597556591033936 -5.872887134552002 93 95 94
2.9915215969085693 0.08943784981966019 -6.6207451820373535 83 84 86
1.6320550441741943 0.8360477089881897 -7.724920272827148 172 176 177
2.2918262481689453 0.4940301775932312 -7.182315349578857 85 86 88
2.740001678466797 0.2922290861606598 -6.835224628448486 77 78 80
3.198228359222412 0.053906626999378204 -6.444766521453857 81 83 82
2.468027114868164 0.43085068464279175 -6.955089092254639 80 82 81
1.4745910167694092 1.0025811195373535 -7.947868824005127 70 71 73
2.595883369445801 0.4062652885913849 -6.934240818023682 171 173 172
3.552016258239746 -0.14261052012443542 -5.827694416046143 165 167 166
3.5111207962036133 -0.04552609845995903 -5.985930919647217 164 166 165
2.297276020050049 0.6857188940048218 -7.21561861038208 181 182 184
2.9222471714019775 0.38102394342422485 -6.806723117828369 70 71 73
2.9222471714019775 0.38102394342422485 -6.806723117828369 70 71 73
2.1127123832702637 0.7889483571052551 -7.377711772918701 190 194 195
3.4920897483825684 0.01629910245537758 -6.074705123901367 98 100 99
3.4673643112182617 0.03291337192058563 -6.089371204376221 162 164 163
1.0094666481018066 1.445643424987793 -8.499337196350098 84 85 87
2.883057117462158 0.4164172112941742 -6.775506496429443 159 160 162
2.6963300704956055 0.5713421702384949 -7.020175457000732 189 190 192
1.8052643537521362 1.0914047956466675 -7.780984401702881 92 93 95
1.5678269863128662 1.2163811922073364 -7.9499945640563965 88 89 91
3.5536985397338867 0.0446840301156044 -5.871351718902588 194 196 195
2.231360912322998 0.8701848983764648 -7.344429016113281 96 97 99
2.647426128387451 0.6453794836997986 -6.988974094390869 172 173 175
2.647426128387451 0.6453794836997986 -6.988974094390869 172 173 175
2.58516263961792 0.7084950804710388 -7.06850004196167 68 69 71
2.8521645069122314 0.5797300338745117 -6.816175937652588 170 172 171
3.5917625427246094 0.025800108909606934 -5.605742931365967 87 89 88
2.423856019973755 0.8181416988372803 -7.198306083679199 168 169 171
3.072582721710205 0.4791674315929413 -6.623711585998535 54 55 57
3.072582721710205 0.4791674315929413 -6.623711585998535 54 55 57
2.6742029190063477 0.703073263168335 -6.984528541564941 78 79 81
3.2362465858459473 0.4020908772945404 -6.500797271728516 90 92 91
3.52415132522583 0.1364198923110962 -5.835594177246094 172 174 173
3.043041229248047 0.5087965130805969 -6.640697002410889 150 151 153
2.28728985786438 0.9296877980232239 -7.305662631988525 71 72 74
2.28728985786438 0.9296877980232239 -7.305662631988525 71 72 74
2.1457910537719727 1.0200533866882324 -7.433014869689941 189 190 192
3.145437717437744 0.5368691682815552 -6.688962936401367 60 62 61
2.3126466274261475 0.974080502986908 -7.3271589279174805 171 172 174
2.139761447906494 1.057300090789795 -7.419108867645264 74 75 77
3.564647674560547 0.1406550407409668 -5.650543212890625 89 91 90
2.7392961978912354 0.7777069807052612 -6.982789516448975 79 80 82
3.5643348693847656 0.2603262960910797 -5.981685161590576 77 79 78
2.4043593406677246 0.9859218001365662 -7.28032922744751 196 197 199
2.108017683029175 1.1547096967697144 -7.545675754547119 174 175 177
1.5228103399276733 1.4684786796569824 -7.964740753173828 159 161 160
3.0590851306915283 0.6502208709716797 -6.715743541717529 84 85 87
3.118793249130249 0.6164606213569641 -6.637775897979736 75 77 76
3.053344964981079 0.707051694393158 -6.826019287109375 76 77 79
3.061561107635498 0.6881556510925293 -6.756601333618164 155 156 158
3.1348135471343994 0.6547093987464905 -6.5934977531433105 84 86 85
2.535367727279663 1.0269733667373657 -7.172855377197266 174 175 177
2.452958345413208 1.0933946371078491 -7.306601524353027 84 85 87
2.4720890522003174 1.0722744464874268 -7.239161014556885 181 182 184
2.218561887741089 1.228973150253296 -7.511085510253906 71 72 74
2.7842929363250732 0.9260061383247375 -6.978099822998047 87 88 90
2.1442222595214844 1.2943720817565918 -7.578760147094727 188 189 191
2.016371726989746 1.388637900352478 -7.719208240509033 102 103 105
2.5678234100341797 1.1006417274475098 -7.263370513916016 93 94 96
2.098219871520996 1.3498221635818481 -7.630640983581543 191 192 194
3.483588695526123 0.4714801609516144 -5.991495132446289 64 66 65
3.483588695526123 0.4714801609516144 -5.991495132446289 64 66 65
2.806762218475342 1.0220223665237427 -6.978662490844727 176 177 179
2.344658613204956 1.295257806777954 -7.432799339294434 205 206 208
2.067007303237915 1.4600563049316406 -7.680132865905762 88 89 91
3.037795305252075 0.8892320990562439 -6.708329200744629 165 166 168
3.3640048503875732 0.6576812267303467 -6.215699195861816 166 168 167
2.997652769088745 0.9727457165718079 -6.826696872711182 86 87 89
3.027095317840576 0.9670644402503967 -6.789431571960449 152 153 155
3.4868202209472656 0.5502105355262756 -5.796772003173828 161 163 162
2.1844162940979004 1.4885333776474 -7.583033561706543 181 182 184
3.3851194381713867 0.7566015124320984 -6.271937847137451 181 183 182
3.3851194381713867 0.7566015124320984 -6.271937847137451 181 183 182
3.488016366958618 0.5653443932533264 -5.739272117614746 67 69 68
3.073052167892456 1.0057142972946167 -6.766669750213623 160 161 163
3.039487600326538 1.0280271768569946 -6.804126262664795 65 66 68
3.443052291870117 0.5619292259216309 -5.597931861877441 72 74 73
3.3572604656219482 0.7738018035888672 -6.162876129150391 146 148 147
3.2809245586395264 0.9134129285812378 -6.5133867263793945 160 162 161
2.751865863800049 1.2532309293746948 -7.080714702606201 184 186 185
3.342155694961548 0.8486921191215515 -6.194464206695557 175 177 176
3.1603922843933105 1.008562445640564 -6.527634143829346 102 104 103
1.8319679498672485 1.8299615383148193 -7.915703773498535 182 186 187
3.1749823093414307 1.053853988647461 -6.6149797439575195 185 187 186
2.653810977935791 1.4159497022628784 -7.292132377624512 94 95 97
3.261904716491699 1.0481621026992798 -6.599429607391357 178 180 179
3.2044448852539062 1.067482590675354 -6.588444232940674 75 77 76
3.4265711307525635 0.7964586019515991 -5.854935169219971 157 159 158
3.1622097492218018 1.119425654411316 -6.437076568603516 190 192 191
2.297041654586792 1.7148704528808594 -7.496620178222656 184 188 189
2.3244802951812744 1.7708336114883423 -7.553714752197266 112 116 117
3.2697811126708984 1.135071873664856 -6.260378360748291 82 84 83
2.139207363128662 1.929833173751831 -7.7241435050964355 159 160 162
3.0529463291168213 1.3458696603775024 -6.715394496917725 170 172 171
3.0529463291168213 1.3458696603775024 -6.715394496917725 170 172 171
2.630314588546753 1.6600337028503418 -7.296121120452881 176 177 179
2.995713949203491 1.4096043109893799 -6.711834907531738 162 164 163
2.5427498817443848 1.730971097946167 -7.2872819900512695 191 192 194
2.5427498817443848 1.730971097946167 -7.2872819900512695 191 192 194
3.0411384105682373 1.404242992401123 -6.690715312957764 103 105 104
2.8655335903167725 1.6331868171691895 -7.064364910125732 180 181 183
2.6297810077667236 1.7773712873458862 -7.255566120147705 188 189 191
3.26788592338562 1.0802009105682373 -5.713137626647949 176 178 177
2.0291662216186523 2.1547491550445557 -7.737573146820068 177 181 182
2.599163770675659 1.887921929359436 -7.250255107879639 115 116 118
2.4421656131744385 2.018143653869629 -7.455956935882568 104 105 107
2.8309736251831055 1.7114737033843994 -6.8558878898620605 87 88 90
3.1188268661499023 1.4714542627334595 -6.370507717132568 101 103 102
2.488053798675537 1.9923731088638306 -7.328991889953613 186 187 189
2.5133626461029053 2.0449934005737305 -7.358999729156494 72 73 75
3.1221463680267334 1.3728232383728027 -5.8841872215271 172 174 173
3.1035919189453125 1.5000487565994263 -6.216935634613037 188 190 189
2.826721668243408 1.815334439277649 -6.880102634429932 72 73 75
3.0073423385620117 1.6374118328094482 -6.449373722076416 189 191 190
1.6427538394927979 2.6980018615722656 -7.984798431396484 168 170 169
1.5355960130691528 2.7987966537475586 -8.03829288482666 176 178 177
1.7369860410690308 2.7490832805633545 -7.9109625816345215 176 178 177
1.684929370880127 2.784050464630127 -7.856631755828857 95 99 98
2.3726694583892822 2.363344669342041 -6.9506330490112305 112 113 115
-1.0531755685806274 0.28682583570480347 2.271331787109375 112 112 112
-1.0604106187820435 0.3204485774040222 2.382568120956421 96 96 96
-1.1509829759597778 0.23180659115314484 2.7772181034088135 91 92 94
-1.1497260332107544 0.2319762110710144 2.7763352394104004 91 92 94
-1.1479239463806152 0.2322186529636383 2.775063991546631 91 92 94
-1.0064417123794556 0.26059985160827637 2.5725648403167725 158 158 158
-1.1835503578186035 0.30297666788101196 2.5881991386413574 108 108 108
-1.0895042419433594 0.39254051446914673 2.5684099197387695 155 155 157
-1.388925552368164 -0.13685433566570282 2.7876291275024414 128 132 131
-1.3921061754226685 -0.13883467018604279 2.790801525115967 128 132 131
-1.390916347503662 -0.1352042704820633 2.7889909744262695 0 0 0
-1.390966534614563 -0.13523510098457336 2.7890405654907227 0 0 0
-3.783533811569214 -9.17202091217041 12.248739242553711 110 112 111
-3.5331954956054688 -7.984524726867676 10.597734451293945 163 165 164
-4.738119602203369 -8.53466510772705 14.262277603149414 128 130 129
-4.086317539215088 -8.77733039855957 11.555780410766602 93 95 94
-4.086317539215088 -8.77733039855957 11.555780410766602 93 95 94
-4.9126296043396 -5.8461503982543945 12.589706420898438 167 169 168
-5.078986167907715 -8.279328346252441 12.057063102722168 106 108 107
-5.111184120178223 -6.680530071258545 11.768204689025879 169 171 170
-5.338505744934082 -7.917144298553467 11.862098693847656 187 189 188
-5.2479071617126465 -7.23256254196167 11.70976734161377 174 174 172
-5.2479071617126465 -7.23256254196167 11.70976734161377 174 174 172
-5.203091144561768 -7.521698474884033 11.478781700134277 95 97 96
-5.275028705596924 -7.534132957458496 11.61835765838623 175 177 176
-7.346062660217285 -10.234869003295898 13.607666015625 99 101 100
-4.49591588973999 -6.70207405090332 11.919001579284668 162 163 165
-4.237712383270264 -7.846309661865234 11.927776336669922 171 172 174
-4.236955642700195 -7.876941680908203 11.890960693359375 67 68 70
-4.418759822845459 -7.20371150970459 11.861320495605469 154 156 155
-4.243251800537109 -7.910313129425049 11.835886001586914 92 93 95
-4.274928092956543 -7.905787467956543 11.893155097961426 138 139 141
-4.669278621673584 -7.118081569671631 11.869791984558105 111 113 112
-4.558521270751953 -7.586935043334961 11.857718467712402 175 177 176
-4.555083274841309 -7.76868200302124 11.904402732849121 186 187 189
-4.593871593475342 -7.7538676261901855 11.922619819641113 109 110 112
-5.112827301025391 -6.682187557220459 11.86986255645752 167 169 168
-5.289672374725342 -7.534324645996094 11.896114349365234 159 161 160
-5.540293216705322 -7.025320529937744 11.968389511108398 87 89 88
-5.176905632019043 -8.499180793762207 11.78249740600586 107 109 108
-5.473537445068359 -7.679874897003174 11.890801429748535 110 112 111
-5.840622425079346 -6.35717248916626 12.034010887145996 95 97 96
-5.921661376953125 -6.491393566131592 12.157615661621094 156 158 157
-5.395519256591797 -8.821881294250488 11.885061264038086 96 98 97
-5.615002155303955 -8.312743186950684 11.82015323638916 113 113 113
-5.581535339355469 -8.478318214416504 11.744105339050293 184 184 184
-5.788732528686523 -8.096729278564453 11.870477676391602 110 111 110
-5.8130269050598145 -8.086687088012695 11.911812782287598 170 172 171
-6.011711120605469 -7.269284248352051 12.023247718811035 154 156 155
-5.71663236618042 -8.882949829101562 11.854372024536133 174 174 174
-5.893678665161133 -8.34738540649414 11.945862770080566 97 97 97
-6.189623832702637 -7.428776741027832 11.985381126403809 166 168 167
-6.196772575378418 -7.3798508644104 11.980266571044922 82 84 83
-5.857663631439209 -8.907066345214844 11.74252700805664 176 176 176
-5.910260200500488 -8.957347869873047 11.838208198547363 117 117 117
-6.149263381958008 -7.943068981170654 11.972930908203125 186 188 187
-6.278830051422119 -7.718302249908447 11.826262474060059 168 170 167
-6.390298366546631 -7.494769096374512 11.917265892028809 87 89 88
-6.440801620483398 -8.139806747436523 11.946322441101074 111 113 112
-6.609328746795654 -8.158528327941895 11.9349946975708 181 181 179
-7.154907703399658 -5.712043285369873 12.206588745117188 115 117 116
-6.951565742492676 -7.763492584228516 11.989767074584961 105 107 106
-7.016989707946777 -7.7190937995910645 11.975951194763184 86 88 87
-7.240712642669678 -7.535574913024902 12.141911506652832 114 116 115
-7.258274555206299 -7.396021842956543 12.102439880371094 178 180 179
-7.3019819259643555 -7.43153190612793 12.105052947998047 102 104 103
-7.113846302032471 -8.278575897216797 11.918451309204102 155 155 155
-7.055403709411621 -8.043710708618164 11.778678894042969 151 151 151
-7.055403709411621 -8.043710708618164 11.778678894042969 151 151 151
-7.165326118469238 -8.249048233032227 11.918827056884766 99 99 99
-7.103061676025391 -8.304068565368652 11.72966194152832 93 93 93
-7.450261116027832 -7.643755912780762 12.029478073120117 94 96 95
-7.323397636413574 -8.246318817138672 11.903706550598145 158 158 158
-7.323397636413574 -8.246318817138672 11.903706550598145 158 158 158
-7.482877254486084 -7.6212687492370605 12.028636932373047 164 166 165
-7.7566609382629395 -6.733597755432129 12.312125205993652 114 116 115
-7.615767955780029 -7.988895416259766 11.903543472290039 157 159 158
-7.652474403381348 -7.9708662033081055 11.907683372497559 84 86 85
-8.216039657592773 -6.863862991333008 12.16887378692627 107 109 106
-8.331521034240723 -6.969928741455078 12.249650001525879 169 171 168
-9.832061767578125 -6.780767917633057 12.303266525268555 124 126 123
-9.16275405883789 -8.155630111694336 11.148929595947266 155 155 153
-9.957385063171387 -6.717200756072998 12.03962230682373 171 173 170
-9.497282981872559 -7.8222270011901855 11.371965408325195 147 147 145
-9.497282981872559 -7.8222270011901855 11.371965408325195 147 147 145
-9.442286491394043 -7.804592132568359 11.259949684143066 90 90 88
-10.428854942321777 -4.979541301727295 12.376885414123535 159 161 158
-10.429204940795898 -5.567154884338379 12.296759605407715 173 175 172
-1.6100857257843018 0.15667107701301575 4.523867130279541 147 148 143
-1.6298422813415527 0.15736715495586395 4.511488914489746 77 78 73
-1.6536643505096436 0.1848209798336029 4.506977558135986 153 154 149
-1.6514970064163208 0.16965247690677643 4.5049872398376465 69 70 65
-1.6660048961639404 0.1670665591955185 4.494112491607666 167 168 163
-1.6638396978378296 0.1566850244998932 4.492773532867432 87 88 83
-1.6928662061691284 0.17051641643047333 4.48038911819458 85 86 81
-1.7473335266113281 0.17943724989891052 4.455216407775879 176 177 172
-1.753266453742981 0.15424351394176483 4.440588474273682 172 173 168
-1.7690958976745605 0.1535806506872177 4.4301347732543945 103 104 99
-1.7690958976745605 0.1535806506872177 4.4301347732543945 103 104 99
-1.7696270942687988 0.14750665426254272 4.427829265594482 158 159 154
-3.6642801761627197 0.3308941125869751 5.49977970123291 0 0 0
-3.714716672897339 0.29463839530944824 5.542574405670166 0 0 0
-3.9043304920196533 0.1619400978088379 5.713788986206055 0 0 0
-11.811871528625488 2.530782461166382 5.575201988220215 82 83 75
-10.131568908691406 1.6064338684082031 5.640696048736572 160 162 151
-10.494450569152832 1.7516955137252808 5.596802234649658 92 94 83
-10.178118705749512 1.6677055358886719 5.561458110809326 97 99 88
-16.73601531982422 0.8808231949806213 7.416224956512451 168 169 161
-16.383071899414062 0.5058248043060303 7.513561248779297 149 150 144
-16.02621841430664 0.31833580136299133 7.511427879333496 151 152 145
-15.089346885681152 -0.43784984946250916 8.04114818572998 145 146 140
-15.882521629333496 -0.27885040640830994 7.20576810836792 150 151 145
-15.410730361938477 -0.9328464269638062 7.778799533843994 154 155 147
-15.508661270141602 -1.0177057981491089 7.7950029373168945 96 96 88
-15.370038032531738 -1.092225193977356 7.786300182342529 94 94 86
-14.928254127502441 -1.313572883605957 7.860301494598389 153 154 148
-14.896795272827148 -1.53777015209198 7.86572790145874 81 80 75
-14.839150428771973 -1.6492676734924316 7.922116756439209 59 58 53
-14.567361831665039 -1.625260829925537 7.884706974029541 154 153 148
-14.969847679138184 -1.5725938081741333 7.633805751800537 147 148 142
-15.349360466003418 -1.294050931930542 7.173821449279785 95 95 87
-15.044637680053711 -1.6390292644500732 7.542056083679199 154 153 148
-14.369949340820312 -2.01054310798645 7.926482200622559 86 85 80
-14.112210273742676 -2.2046585083007812 7.829699516296387 154 154 146
-13.997612953186035 -2.404583692550659 7.952244758605957 153 152 147
-14.405699729919434 -2.449277400970459 7.327876567840576 83 82 77
-14.101493835449219 -2.5666708946228027 7.393927097320557 89 88 83
-16.013713836669922 -2.9536337852478027 6.028990268707275 149 148 143
-16.220069885253906 -2.4084181785583496 5.058387756347656 148 149 143
-16.222375869750977 -2.6711935997009277 5.070858955383301 144 145 139
-16.35980796813965 -2.82746958732605 4.966251373291016 147 148 142
-16.35980796813965 -2.82746958732605 4.966251373291016 147 148 142
-15.606026649475098 -3.1880226135253906 5.212418079376221 85 86 80
-14.665626525878906 -4.092925071716309 5.041389465332031 142 143 137
-16.455780029296875 -4.417835235595703 3.6000683307647705 128 129 124
-10.608566284179688 1.07828688621521 5.4347243309021 164 165 159
-10.461982727050781 0.9251512885093689 5.397518634796143 89 89 79
-10.631365776062012 0.8599591255187988 5.359951972961426 149 149 141
-10.393675804138184 0.5671768188476562 5.539492607116699 155 156 150
-10.393675804138184 0.5671768188476562 5.539492607116699 155 156 150
-10.40945816040039 0.5099697709083557 5.567318916320801 164 165 159
-10.185882568359375 0.31818580627441406 5.568363189697266 81 81 73
-10.161407470703125 0.16144883632659912 5.615840911865234 89 88 83
-10.093113899230957 0.049186013638973236 5.7031049728393555 163 164 158
-10.234071731567383 0.04172911122441292 5.674860000610352 86 87 81
-10.015430450439453 -0.16412414610385895 5.634093284606934 133 134 128
-10.677597045898438 0.09704416245222092 4.875024795532227 99 100 94
-9.894880294799805 -0.422497421503067 5.865007400512695 111 110 105
-10.241716384887695 -0.23236523568630219 5.4473443031311035 75 76 70
-9.903117179870605 -0.4532759189605713 5.844273090362549 154 153 148
-10.025296211242676 -0.3962036669254303 5.688403129577637 94 93 88
-10.08365249633789 -0.4302147626876831 5.4981207847595215 145 146 140
-9.861615180969238 -0.68208909034729 5.891289710998535 150 149 144
-10.246458053588867 -0.4321068525314331 5.2052531242370605 103 105 96
-9.706493377685547 -0.8119344711303711 5.8907647132873535 80 79 74
-10.103144645690918 -0.6621923446655273 5.453319549560547 87 88 82
-10.103144645690918 -0.6621923446655273 5.453319549560547 87 88 82
-9.905533790588379 -0.868369996547699 5.855434894561768 152 151 146
-9.905533790588379 -0.868369996547699 5.855434894561768 152 151 146
-9.949264526367188 -0.8036988377571106 5.726431369781494 157 156 151
-9.949264526367188 -0.8036988377571106 5.726431369781494 157 156 151
-10.046282768249512 -0.6969648599624634 5.4743146896362305 148 149 143
-10.046282768249512 -0.6969648599624634 5.4743146896362305 148 149 143
-9.894801139831543 -0.8758747577667236 5.821557998657227 95 95 88
-9.59488296508789 -0.9952970743179321 5.986705780029297 150 150 140
-9.647998809814453 -1.0255084037780762 5.973979473114014 157 157 151
-10.023655891418457 -0.8110199570655823 5.5058674812316895 146 147 141
-9.609545707702637 -1.0578508377075195 5.952027797698975 99 98 92
-9.490887641906738 -1.1719545125961304 6.1477766036987305 145 144 139
-9.719023704528809 -1.1481902599334717 6.000212669372559 92 91 86
-10.083868980407715 -0.8967828154563904 5.4866814613342285 78 79 73
-9.612421035766602 -1.155481219291687 6.014400005340576 160 159 153
-10.00003433227539 -0.914352297782898 5.472679138183594 157 158 152
-9.919930458068848 -0.9955689907073975 5.622613430023193 157 156 151
-9.894822120666504 -0.9611985087394714 5.5482683181762695 150 151 145
-10.042015075683594 -1.0102304220199585 5.507670879364014 90 91 85
-10.066039085388184 -1.0793105363845825 5.514581680297852 81 82 76
-9.502132415771484 -1.4436314105987549 6.109531879425049 141 140 135
-9.701458930969238 -1.3231056928634644 5.817033767700195 86 85 80
-9.491442680358887 -1.4632529020309448 6.077060699462891 74 73 68
-9.511693954467773 -1.3748188018798828 5.908556938171387 64 63 58
-9.660514831542969 -1.5526150465011597 6.171515941619873 147 146 141
-9.67907428741455 -1.3487269878387451 5.791707515716553 135 134 129
-10.23638916015625 -1.114132046699524 5.245345592498779 91 90 85
-9.7337646484375 -1.3220138549804688 5.68018102645874 152 151 146
-9.441082954406738 -1.6029282808303833 6.137491703033447 58 58 53
-9.706781387329102 -1.4223166704177856 5.757495880126953 83 82 77
-9.5008544921875 -1.4657052755355835 5.867733478546143 83 82 77
-9.717306137084961 -1.4439027309417725 5.72557258605957 160 159 154
-9.717306137084961 -1.4439027309417725 5.72557258605957 160 159 154
-9.480990409851074 -1.6854510307312012 6.177445411682129 82 81 76
-9.485800743103027 -1.6068313121795654 6.008761405944824 154 153 148
-9.435467720031738 -1.7034363746643066 6.185514450073242 158 157 152
-9.435467720031738 -1.7034363746643066 6.185514450073242 158 157 152
-9.521706581115723 -1.5641920566558838 5.871610641479492 146 145 140
-9.531567573547363 -1.5673397779464722 5.8739542961120605 146 145 140
-9.807121276855469 -1.5326975584030151 5.721499919891357 84 83 78
-9.571383476257324 -1.5849666595458984 5.850953578948975 86 85 80
-10.248800277709961 -1.3212050199508667 5.220850467681885 81 80 75
-9.772380828857422 -1.5617378950119019 5.7047271728515625 145 144 139
-9.547614097595215 -1.6624361276626587 5.931488037109375 92 91 86
-10.294917106628418 -1.3737581968307495 5.230859279632568 157 156 151
-10.294917106628418 -1.3737581968307495 5.230859279632568 157 156 151
-10.237154006958008 -1.3950053453445435 5.246368408203125 99 98 93
-9.214167594909668 -1.9329878091812134 6.338664531707764 146 145 140
-9.25776481628418 -1.9507172107696533 6.22348690032959 79 78 73
-9.207727432250977 -1.9668715000152588 6.255946636199951 157 156 151
-9.566189765930176 -1.7559994459152222 5.731237888336182 156 155 150
-9.301384925842285 -2.0255844593048096 6.258566379547119 72 71 66
-10.153509140014648 -1.7205116748809814 5.412023067474365 100 99 94
-9.28760814666748 -2.0160772800445557 6.1514739990234375 153 152 147
-9.2805814743042 -2.0945072174072266 6.282841205596924 59 58 53
-9.552056312561035 -1.791831135749817 5.686817169189453 154 153 148
-9.197856903076172 -2.174700975418091 6.31895112991333 161 160 155
-9.262284278869629 -2.0509612560272217 6.069462299346924 86 85 80
-9.256688117980957 -2.085832118988037 6.078286170959473 160 159 154
-9.180927276611328 -2.209782600402832 6.303756237030029 87 86 81
-9.197654724121094 -2.255866765975952 6.354691982269287 160 159 154
-9.261674880981445 -2.2111175060272217 6.204508304595947 94 93 88
-9.292232513427734 -2.3318185806274414 6.378429889678955 80 79 74
-9.318395614624023 -2.000072717666626 5.806926250457764 152 151 146
-9.303003311157227 -2.499035596847534 6.605527400970459 94 93 88
-9.253193855285645 -2.4823122024536133 6.439939022064209 80 79 74
-9.214802742004395 -2.477519989013672 6.3962836265563965 133 132 127
-9.286690711975098 -2.528113603591919 6.42889928817749 110 109 104
-9.20301342010498 -2.5600225925445557 6.451094150543213 84 83 78
-9.951106071472168 -2.034020185470581 5.3180670738220215 170 169 164
-9.163421630859375 -2.3622114658355713 6.105059623718262 166 165 160
-9.206849098205566 -2.6331236362457275 6.485751152038574 71 70 65
-9.242648124694824 -2.603651762008667 6.408995628356934 135 134 129
-9.323281288146973 -2.464831590652466 6.142756462097168 91 90 85
-9.392732620239258 -2.4244630336761475 6.024699687957764 95 94 89
-9.449995994567871 -2.4525675773620605 5.931042194366455 145 144 139
-9.261713027954102 -2.900301456451416 6.684407711029053 145 144 139
-9.254861831665039 -2.7869060039520264 6.474992275238037 153 152 147
-9.38987922668457 -2.692383289337158 6.248244285583496 154 153 148
-9.441286087036133 -2.6078739166259766 5.977521896362305 98 97 92
-10.417054176330566 -1.7378979921340942 4.0485968589782715 110 109 104
-10.406911849975586 -1.9798158407211304 4.0678629875183105 113 114 108
-10.105648040771484 -2.2035715579986572 4.222965240478516 152 153 147
-10.09264850616455 -2.160733938217163 4.125280380249023 80 81 75
-10.09264850616455 -2.160733938217163 4.125280380249023 80 81 75
-10.320786476135254 -2.3936872482299805 4.268148422241211 151 152 146
-15.921833038330078 -4.968300819396973 7.395045757293701 147 146 141
-15.668078422546387 -4.857578277587891 6.8492584228515625 75 74 69
-16.425365447998047 -5.534768581390381 7.505698204040527 83 82 77
-17.267620086669922 -6.068172931671143 8.09685230255127 66 65 60
-16.222206115722656 -5.460772514343262 7.39393424987793 166 165 160
-16.358768463134766 -5.901810169219971 7.293099880218506 65 64 59
-16.662004470825195 -6.2376813888549805 6.902515888214111 150 149 144
-18.404293060302734 -8.389032363891602 6.101029396057129 148 147 142
-18.404293060302734 -8.389032363891602 6.101029396057129 148 147 142
-9.208089828491211 -7.596985816955566 4.0341877937316895 98 97 93
-9.238109588623047 -7.632223606109619 4.039146900177002 98 97 93
-9.470802307128906 -7.954524040222168 3.952244758605957 137 136 132
-8.656768798828125 -7.538557529449463 4.166698932647705 136 135 131
-8.847546577453613 -7.8355393409729 4.2213850021362305 96 95 91
-9.172764778137207 -8.45405101776123 4.438408851623535 75 74 70
-9.361557960510254 -8.747902870178223 4.244950294494629 148 147 143
-9.080953598022461 -8.396940231323242 4.35498046875 98 97 93
-9.558337211608887 -9.029088973999023 4.259212017059326 95 94 90
9.657736778259277 -20.76413917541504 32.21910095214844 154 153 149
10.066851615905762 -23.978099822998047 35.29108428955078 83 84 79
4.308260917663574 -10.718517303466797 13.962303161621094 175 172 167
6.4400715827941895 -18.017566680908203 25.728214263916016 135 134 132
5.687372207641602 -15.148978233337402 20.981775283813477 135 134 130
5.735300064086914 -11.1138277053833 12.545720100402832 136 133 128
7.888476371765137 -22.869630813598633 31.79152488708496 154 154 152
5.299278736114502 -13.759273529052734 17.51166343688965 110 109 105
6.005707263946533 -14.487443923950195 18.014305114746094 169 168 164
5.130895614624023 -13.989410400390625 17.9694881439209 104 103 99
5.254124641418457 -16.711414337158203 22.532371520996094 102 101 97
6.440685272216797 -16.693782806396484 21.27000617980957 107 106 102
5.113254547119141 -18.029972076416016 24.52728843688965 158 157 155
6.870614051818848 -16.264095306396484 19.411457061767578 156 155 151
6.723015785217285 -22.4178409576416 30.09349250793457 148 148 146
5.665708541870117 -14.428404808044434 17.266218185424805 167 166 162
5.362375736236572 -13.935537338256836 16.59937858581543 147 146 142
5.145045280456543 -13.467432022094727 15.52260971069336 92 91 87
5.145045280456543 -13.467432022094727 15.52260971069336 92 91 87
6.033545970916748 -16.300661087036133 18.659841537475586 89 88 84
5.235395431518555 -16.008649826049805 17.58098793029785 159 158 154
3.361877202987671 -11.97311782836914 12.662537574768066 155 151 148
5.853698253631592 -19.055652618408203 20.102258682250977 149 148 144
3.2028613090515137 -14.688987731933594 16.354700088500977 142 141 137
4.689088821411133 -26.848745346069336 31.98131561279297 139 139 137
4.689088821411133 -26.848745346069336 31.98131561279297 139 139 137
4.503316879272461 -26.910194396972656 32.134803771972656 81 81 79
4.384777069091797 -26.50303840637207 31.671937942504883 81 81 79
4.093703746795654 -15.69621467590332 16.605655670166016 103 100 95
4.408382415771484 -16.981975555419922 18.006877899169922 178 177 173
4.123508453369141 -15.613569259643555 16.153087615966797 114 111 106
3.6755218505859375 -14.164750099182129 14.547364234924316 90 86 83
3.352893352508545 -22.883384704589844 26.68621063232422 94 94 92
5.194643497467041 -19.1761474609375 19.822166442871094 90 89 85
5.138233661651611 -19.054216384887695 19.70907211303711 90 89 85
1.1866569519042969 -12.39025592803955 14.396552085876465 151 150 146
3.3462913036346436 -14.277934074401855 14.79157543182373 179 175 172
3.524780511856079 -13.987103462219238 14.15492057800293 189 185 182
2.882315158843994 -12.40001392364502 12.512177467346191 115 111 108
3.095811367034912 -12.472672462463379 12.399120330810547 171 167 164
5.05733060836792 -18.444896697998047 18.426332473754883 166 162 159
5.636838436126709 -22.4659366607666 23.06532859802246 89 88 86
5.590097904205322 -21.336519241333008 21.577239990234375 97 96 92
4.8646039962768555 -18.704587936401367 18.48447036743164 161 157 154
3.4648098945617676 -15.213467597961426 15.214094161987305 160 156 153
2.7604901790618896 -12.564845085144043 12.448564529418945 165 161 158
2.9009511470794678 -13.792330741882324 13.8539457321167 114 110 107
3.2499780654907227 -15.386781692504883 15.502542495727539 89 85 84
1.4456688165664673 -15.672649383544922 17.55249786376953 145 145 143
3.068807363510132 -12.715792655944824 12.162549018859863 100 95 92
2.2506051063537598 -17.580480575561523 18.978578567504883 105 104 102
2.75384259223938 -13.684845924377441 13.578324317932129 186 182 179
3.8858189582824707 -17.03135108947754 16.71207618713379 95 91 88
2.6359751224517822 -13.4678955078125 13.260371208190918 161 157 154
3.3693737983703613 -17.191984176635742 16.395353317260742 83 79 76
2.5466268062591553 -13.175797462463379 12.372045516967773 170 166 163
2.8039791584014893 -28.77878189086914 30.706863403320312 92 92 92
2.078963279724121 -14.184721946716309 13.960830688476562 140 136 135
2.419650077819824 -13.873987197875977 13.140949249267578 171 167 164
3.6699085235595703 -35.93611526489258 37.665855407714844 156 156 156
2.1169283390045166 -15.843791961669922 15.572568893432617 158 157 155
2.4293806552886963 -13.1801176071167 12.165131568908691 156 152 149
2.0755767822265625 -14.431596755981445 13.93017292022705 78 74 71
2.1136722564697266 -13.001368522644043 12.180974006652832 117 113 110
2.8325769901275635 -19.143091201782227 18.534896850585938 173 172 170
2.4269299507141113 -14.321477890014648 13.320578575134277 84 80 77
3.0582804679870605 -13.438146591186523 11.603609085083008 167 168 154
2.39559006690979 -14.028837203979492 12.907167434692383 190 186 183
2.979238986968994 -13.374035835266113 11.602470397949219 138 128 127
3.3541829586029053 -19.200092315673828 17.821659088134766 172 168 167
2.1882293224334717 -13.111553192138672 11.99265193939209 166 162 159
2.1882293224334717 -13.111553192138672 11.99265193939209 166 162 159
2.6571645736694336 -22.19964027404785 21.861177444458008 143 141 142
2.5474584102630615 -14.36629581451416 13.00876235961914 109 105 104
1.3781932592391968 -16.797683715820312 16.786226272583008 163 161 162
1.9422630071640015 -23.685094833374023 23.942651748657227 99 99 99
2.438735246658325 -27.684982299804688 27.84267234802246 98 98 98
2.8983964920043945 -13.7174654006958 11.78040885925293 167 157 156
2.625922918319702 -13.365710258483887 11.64964771270752 156 146 145
2.599917411804199 -15.440390586853027 13.9085693359375 164 160 159
2.733764886856079 -13.733245849609375 11.768340110778809 164 154 153
2.1481118202209473 -15.639370918273926 14.386869430541992 177 173 172
2.274860382080078 -14.028090476989746 12.395801544189453 170 166 165
1.143468976020813 -21.70327377319336 21.696937561035156 179 179 179
0.8380720019340515 -14.47750473022461 14.127676963806152 72 70 71
1.11318838596344 -19.33172607421875 19.100004196166992 62 62 62
1.7598901987075806 -15.466902732849121 14.3096923828125 147 143 142
0.9597836136817932 -20.700321197509766 20.662765502929688 68 68 68
1.4733736515045166 -24.344181060791016 24.09520149230957 61 61 61
1.9051481485366821 -31.46283531188965 31.320316314697266 84 84 84
1.9051481485366821 -31.46283531188965 31.320316314697266 84 84 84
2.4337871074676514 -15.945673942565918 14.099841117858887 185 181 180
1.4189002513885498 -21.137306213378906 20.57542610168457 122 122 122
1.6044350862503052 -36.390445709228516 36.62690353393555 61 61 61
2.510295867919922 -15.313133239746094 13.302409172058105 66 59 57
2.2411324977874756 -14.882664680480957 13.07445240020752 77 73 72
2.96325945854187 -14.508902549743652 12.020164489746094 77 67 65
2.4353997707366943 -15.286540985107422 13.305207252502441 160 150 148
2.0343048572540283 -33.854896545410156 33.37622833251953 86 86 86
2.3130645751953125 -14.966050148010254 12.903827667236328 85 75 73
-0.4628553092479706 -37.227882385253906 38.57421875 98 98 98
2.202822685241699 -34.82806396484375 33.11520767211914 172 172 172
2.400192975997925 -33.20889663696289 31.224483489990234 183 183 183
2.886701822280884 -15.548423767089844 12.61067008972168 79 74 71
2.221958875656128 -15.895087242126465 13.434605598449707 156 152 151
1.5886706113815308 -25.578304290771484 23.638038635253906 93 93 93
0.6479150652885437 -36.935359954833984 35.83598709106445 85 85 85
0.874618649482727 -37.714481353759766 36.402565002441406 174 174 174
3.333808183670044 -16.59761619567871 12.980622291564941 89 81 79
2.240269184112549 -17.569644927978516 14.938165664672852 134 130 129
1.6825233697891235 -16.59010887145996 14.440530776977539 130 129 127
2.168684482574463 -16.115930557250977 13.482375144958496 84 80 79
2.168684482574463 -16.115930557250977 13.482375144958496 84 80 79
3.3504087924957275 -28.26601219177246 24.450801849365234 81 80 78
3.3504087924957275 -28.26601219177246 24.450801849365234 81 80 78
2.6779282093048096 -24.42796516418457 21.186979293823242 139 138 136
2.2697243690490723 -16.3452091217041 13.426647186279297 138 134 133
2.423954486846924 -16.670246124267578 13.568940162658691 88 84 83
1.5204178094863892 -24.442752838134766 21.97086524963379 105 105 105
0.270097941160202 -32.34553146362305 30.681106567382812 162 162 162
1.2300639152526855 -27.903600692749023 25.484878540039062 136 136 136
1.2776679992675781 -24.58301544189453 22.14496421813965 80 80 80
1.2323228120803833 -25.80103302001953 23.33778190612793 141 141 141
1.8527286052703857 -16.943195343017578 14.154487609863281 132 128 127
2.435011148452759 -15.723470687866211 12.41431713104248 104 100 97
1.8572176694869995 -16.06968879699707 13.059937477111816 79 75 74
0.707548975944519 -26.782180786132812 24.221837997436523 93 93 93
3.589223623275757 -18.380807876586914 13.645535469055176 77 67 66
3.589223623275757 -18.380807876586914 13.645535469055176 77 67 66
2.9771997928619385 -19.054506301879883 14.831366539001465 79 75 74
1.6262946128845215 -23.112829208374023 19.84982681274414 146 145 143
-0.3191738426685333 -27.87420082092285 25.994874954223633 148 148 148
-0.3191738426685333 -27.87420082092285 25.994874954223633 148 148 148
1.6187118291854858 -15.700494766235352 12.803564071655273 64 60 59
0.9724655747413635 -19.663904190063477 17.088333129882812 152 151 149
2.0436031818389893 -21.178298950195312 17.472217559814453 72 71 69
2.1749427318573 -16.867639541625977 13.314361572265625 80 76 75
1.2533146142959595 -21.762224197387695 18.61263656616211 139 138 136
-0.252694696187973 -20.09836196899414 18.416574478149414 76 76 76
1.3349659442901611 -23.470436096191406 20.091615676879883 82 80 81
1.6948928833007812 -20.625774383544922 17.07437515258789 126 125 123
1.5762776136398315 -16.577938079833984 13.44233512878418 149 145 144
1.4444483518600464 -19.157455444335938 15.93747615814209 126 125 123
3.681075096130371 -19.302091598510742 14.015941619873047 151 147 144
3.681075096130371 -19.302091598510742 14.015941619873047 151 147 144
4.522907257080078 -22.17426109313965 15.845993041992188 109 105 104
4.288705348968506 -20.4957218170166 14.488515853881836 87 83 80
0.30123281478881836 -19.938140869140625 17.56875991821289 160 160 160
-0.6097246408462524 -22.34568977355957 20.520427703857422 83 83 83
0.24240656197071075 -19.452295303344727 17.100358963012695 119 119 119
1.9125362634658813 -17.145488739013672 13.466001510620117 163 159 158
1.3697863817214966 -16.554031372070312 13.423090934753418 160 156 155
1.3697863817214966 -16.554031372070312 13.423090934753418 160 156 155
4.654720306396484 -21.75372314453125 15.081993103027344 163 159 158
1.021670937538147 -18.139245986938477 15.104323387145996 82 82 81
-0.7922627925872803 -21.860149383544922 20.039247512817383 155 155 155
0.7171534299850464 -16.577768325805664 13.895782470703125 88 88 88
0.6168444156646729 -18.48644256591797 15.586137771606445 87 87 87
1.345980167388916 -17.119028091430664 13.67681884765625 167 166 164
1.9269227981567383 -17.46909523010254 13.413110733032227 80 79 77
1.3948702812194824 -18.35530662536621 14.657486915588379 161 160 158
1.4452342987060547 -16.211544036865234 12.666780471801758 78 77 75
1.8099220991134644 -17.468530654907227 13.422141075134277 78 77 75
-0.3406239151954651 -17.70106315612793 15.550887107849121 167 167 167
-0.3406239151954651 -17.70106315612793 15.550887107849121 167 167 167
-0.3406239151954651 -17.70106315612793 15.550887107849121 167 167 167
6.879821300506592 -27.799848556518555 17.687000274658203 114 104 105
-0.46360188722610474 -17.197044372558594 15.050498962402344 111 111 111
-0.46360188722610474 -17.197044372558594 15.050498962402344 111 111 111
-1.0619823932647705 -17.34426498413086 15.477380752563477 165 165 165
-0.735051155090332 -16.390901565551758 14.315375328063965 101 101 101
-0.7665849328041077 -15.35051155090332 13.428550720214844 168 168 168
1.7792084217071533 -5.580068111419678 7.424594879150391 99 94 90
1.7291280031204224 -5.558293342590332 7.419090747833252 168 163 159
1.593915343284607 -5.676353931427002 7.387019157409668 158 153 149
1.1763466596603394 -5.713735103607178 7.777917385101318 160 157 152
1.4279330968856812 -5.813498497009277 7.495104789733887 94 89 85
0.8569892048835754 -5.774475574493408 8.108986854553223 170 165 161
1.4273513555526733 -5.8446431159973145 7.398131847381592 86 81 78
0.9730051755905151 -5.835562229156494 7.929971694946289 115 111 108
1.4564884901046753 -5.906723499298096 7.398005962371826 153 148 145
-0.3130525052547455 -5.706069469451904 9.396754264831543 145 144 140
1.4250202178955078 -5.9307427406311035 7.426527976989746 78 73 70
0.9722435474395752 -5.937273025512695 7.77152681350708 163 159 156
1.099234700202942 -6.015614986419678 7.583064556121826 91 88 83
0.641233503818512 -5.997091770172119 8.142134666442871 98 94 91
0.6053895354270935 -5.989019393920898 8.043856620788574 148 144 141
1.0187273025512695 -6.069310665130615 7.541991233825684 90 85 82
-0.5780384540557861 -5.979018211364746 9.335692405700684 175 171 168
1.191554307937622 -6.151220798492432 7.172290802001953 115 110 107
-0.6475127935409546 -6.018481731414795 9.3694429397583 118 114 111
0.8309404850006104 -6.224519729614258 7.594970703125 83 78 75
0.6694054007530212 -6.242348670959473 7.6427202224731445 61 56 53
0.793307900428772 -6.244622707366943 7.325538635253906 141 136 133
0.45383918285369873 -6.273479461669922 7.812013626098633 156 151 148
0.05250540375709534 -6.241919994354248 8.163992881774902 149 145 142
0.4063626527786255 -6.286674499511719 7.677279949188232 132 127 124
0.4063626527786255 -6.286674499511719 7.677279949188232 132 127 124
0.3524717688560486 -6.337591648101807 7.700662136077881 141 136 133
0.3524717688560486 -6.337591648101807 7.700662136077881 141 136 133
-1.2140671014785767 -6.287450790405273 9.68418025970459 94 93 91
0.3567931354045868 -6.375846862792969 7.597541809082031 168 163 160
0.47002729773521423 -6.393678665161133 7.460742950439453 72 67 64
-0.28319692611694336 -6.33530330657959 8.35310173034668 142 138 135
0.4259410798549652 -6.399219036102295 7.46226692199707 151 146 143
0.30507445335388184 -6.385108947753906 7.585261344909668 76 71 68
0.2790524661540985 -6.413557529449463 7.648121356964111 152 147 144
0.4190273582935333 -6.44827127456665 7.515228748321533 73 68 65
0.29674264788627625 -6.454326152801514 7.638970851898193 81 76 73
0.1288992166519165 -6.422191619873047 7.807222366333008 136 131 128
-1.0174778699874878 -6.373836517333984 9.291805267333984 141 140 138
0.1393168866634369 -6.405808448791504 7.7579779624938965 79 74 71
0.1393168866634369 -6.405808448791504 7.7579779624938965 79 74 71
0.04457005858421326 -6.415838241577148 7.881929874420166 96 91 88
0.20053179562091827 -6.426049709320068 7.660456657409668 150 145 142
-1.0834686756134033 -6.404390335083008 9.345928192138672 82 81 79
-0.9931561946868896 -6.355532169342041 9.083900451660156 90 89 87
0.026891548186540604 -6.440307140350342 7.79146146774292 146 141 138
0.26267915964126587 -6.502818584442139 7.540936470031738 94 86 84
0.04957062378525734 -6.461239814758301 7.763988018035889 95 90 87
-0.023690620437264442 -6.467615127563477 7.854259014129639 161 156 153
-0.02740856260061264 -6.5145039558410645 7.843234539031982 75 70 67
-0.21534514427185059 -6.495500087738037 8.026090621948242 74 69 66
0.18063245713710785 -6.577628135681152 7.521054744720459 158 150 148
0.214087575674057 -6.589193820953369 7.47848653793335 150 140 139
0.5025910139083862 -6.600395202636719 7.101807594299316 86 70 66
-0.044419098645448685 -6.538224220275879 7.749064922332764 183 178 175
0.10685119777917862 -6.577625274658203 7.590322017669678 145 140 137
0.10685119777917862 -6.577625274658203 7.590322017669678 145 140 137
0.06762491166591644 -6.547198295593262 7.593094348907471 95 90 87
0.17523299157619476 -6.617725372314453 7.431662082672119 142 132 131
-1.2619609832763672 -6.48295259475708 9.127832412719727 87 83 82
0.125081866979599 -6.615234851837158 7.435917377471924 74 66 64
-1.289674162864685 -6.531808853149414 9.170495986938477 150 146 145
-1.330011010169983 -6.551729202270508 9.237699508666992 85 81 80
0.04958435148000717 -6.633730411529541 7.4921650886535645 136 131 128
0.04958435148000717 -6.633730411529541 7.4921650886535645 136 131 128
-0.26134881377220154 -6.617434024810791 7.82439661026001 146 141 138
-0.532119631767273 -6.629153251647949 8.188591003417969 87 83 80
-0.532119631767273 -6.629153251647949 8.188591003417969 87 83 80
0.23179948329925537 -6.69711971282959 7.15618371963501 140 126 125
-1.6860426664352417 -6.626094341278076 9.617484092712402 80 79 77
-1.1733973026275635 -6.608960151672363 8.881473541259766 86 82 81
-0.3046640157699585 -6.693748950958252 7.8301591873168945 145 140 137
-0.17555060982704163 -6.716561317443848 7.669438362121582 138 133 130
-1.2050817012786865 -6.665975570678711 8.963257789611816 77 73 72
-1.6713342666625977 -6.641732692718506 9.456703186035156 133 131 132
0.18277022242546082 -6.779705047607422 7.149127006530762 76 60 60
-0.45151010155677795 -6.736691951751709 7.933521747589111 161 156 153
0.09810326248407364 -6.803681373596191 7.243320465087891 163 151 151
-0.12048980593681335 -6.800633430480957 7.438806056976318 73 63 62
-0.12048980593681335 -6.800633430480957 7.438806056976318 73 63 62
-0.2806665301322937 -6.774694919586182 7.615907669067383 80 70 69
-0.1481161266565323 -6.780293941497803 7.440735816955566 146 136 135
-1.1365941762924194 -6.736342906951904 8.597105026245117 87 83 82
-0.14412394165992737 -6.8528547286987305 7.399995803833008 75 65 64
-0.12026502192020416 -6.866459369659424 7.384786605834961 168 158 157
0.06122535839676857 -6.880183696746826 7.156879901885986 87 73 73
0.10620296746492386 -6.890910625457764 7.108683109283447 88 74 74
-0.1640162318944931 -6.880937576293945 7.444108486175537 166 156 155
-0.1640162318944931 -6.880937576293945 7.444108486175537 166 156 155
-0.7318871021270752 -6.809144973754883 8.105353355407715 92 86 86
-0.7618952393531799 -6.805006504058838 8.091967582702637 157 151 151
-0.214163675904274 -6.871266841888428 7.430546283721924 108 98 97
-0.24782228469848633 -6.867822170257568 7.452689170837402 157 147 146
-0.2800021767616272 -6.866050720214844 7.469442844390869 88 78 77
-0.5795748233795166 -6.834615230560303 7.80235481262207 136 130 130
-0.46396109461784363 -6.853768825531006 7.657061576843262 154 146 144
-0.2163265198469162 -6.971377849578857 7.412453651428223 82 72 71
-0.9600710272789001 -6.931209564208984 8.342884063720703 95 91 90
-0.3111923635005951 -6.997730731964111 7.532482147216797 180 170 169
0.07267460972070694 -6.986030578613281 6.9860920906066895 175 159 159
0.12445142865180969 -7.065279483795166 7.001340866088867 107 95 92
-0.0028967303223907948 -7.027514934539795 7.086313247680664 101 88 88
-0.9528003334999084 -6.911857604980469 8.200334548950195 149 144 144
-0.9528003334999084 -6.911857604980469 8.200334548950195 149 144 144
-0.5376868844032288 -6.938426971435547 7.644521236419678 108 100 98
0.07966327667236328 -7.073224067687988 6.9281415939331055 72 33 17
-0.9062522053718567 -6.945870399475098 8.06218433380127 96 90 90
-0.07898686826229095 -7.069370746612549 7.1064229011535645 156 144 144
-0.9431596398353577 -6.917269229888916 8.060502052307129 174 168 168
-0.04711899906396866 -7.093447685241699 7.092248439788818 80 68 68
-0.11264843493700027 -7.118725776672363 7.1786041259765625 176 164 164
-1.4188251495361328 -6.9074883460998535 8.64018726348877 93 89 88
-0.39885878562927246 -7.063961982727051 7.4564714431762695 178 168 167
-1.5615907907485962 -6.9073028564453125 8.778362274169922 88 84 83
-0.13932780921459198 -7.0965986251831055 7.118946075439453 59 47 47
-0.2014901340007782 -7.113824367523193 7.218664169311523 55 43 43
-0.3535001277923584 -7.1022162437438965 7.406002521514893 120 110 109
0.01409315038472414 -7.121619701385498 6.9362473487854 143 123 122
-1.015019178390503 -6.9641804695129395 8.100156784057617 101 97 96
-0.3679754436016083 -7.123848915100098 7.433120250701904 185 175 174
-0.5778356790542603 -7.070263385772705 7.619124412536621 102 93 94
-0.8589550852775574 -7.035355567932129 7.926754474639893 103 97 97
-1.1319011449813843 -7.0453314781188965 8.285306930541992 97 93 92
-0.9884971380233765 -7.040780067443848 8.079243659973145 73 69 68
-0.5355103015899658 -7.119919776916504 7.550118446350098 174 164 163
-1.34148108959198 -6.968880653381348 8.43239688873291 141 137 138
-1.4556667804718018 -6.968942165374756 8.577340126037598 78 74 75
-0.9323527216911316 -7.0571417808532715 7.946017742156982 170 164 164
-0.39310088753700256 -7.160765171051025 7.325699329376221 177 167 166
-1.1222847700119019 -7.0628252029418945 8.169541358947754 98 94 93
-1.6131268739700317 -7.018110752105713 8.763214111328125 93 89 90
-0.6093712449073792 -7.179938793182373 7.61793851852417 169 163 163
-0.8823487758636475 -7.1259260177612305 7.901522636413574 115 109 109
-0.4115789532661438 -7.207695960998535 7.353939056396484 72 62 61
-0.48940157890319824 -7.204472541809082 7.396416664123535 177 167 166
-0.545854389667511 -7.214484214782715 7.455781936645508 167 162 159
-2.420062780380249 -7.094232082366943 9.739131927490234 144 142 143
-0.5546915531158447 -7.1882734298706055 7.365417957305908 149 141 139
-0.9477958679199219 -7.213919639587402 7.902071475982666 78 74 73
-1.1013097763061523 -7.169506072998047 8.03167724609375 185 181 180
-1.657296061515808 -7.135934352874756 8.718207359313965 106 102 103
-1.657296061515808 -7.135934352874756 8.718207359313965 106 102 103
-1.3297924995422363 -7.139230251312256 8.260693550109863 177 173 174
-1.3449711799621582 -7.168974876403809 8.31358814239502 135 131 132
-0.6707612872123718 -7.254184722900391 7.494959831237793 170 164 164
-1.632944941520691 -7.122105121612549 8.607064247131348 183 179 180
-0.6973376274108887 -7.275261878967285 7.5428690910339355 171 165 165
-0.5403817892074585 -7.260593414306641 7.289376735687256 156 146 145
-1.311059832572937 -7.228527069091797 8.253586769104004 172 168 169
-1.070378303527832 -7.234405994415283 7.939743518829346 159 155 154
-1.3867822885513306 -7.24255895614624 8.368850708007812 185 181 182
-0.521789014339447 -7.309757709503174 7.278877258300781 88 78 77
-1.6570781469345093 -7.151102542877197 8.586112022399902 183 179 180
-1.6989585161209106 -7.232618808746338 8.687271118164062 110 106 107
-1.4010876417160034 -7.244678020477295 8.311022758483887 92 88 89
-1.555033802986145 -7.244964122772217 8.506553649902344 171 167 168
-1.4480513334274292 -7.260924816131592 8.376302719116211 70 66 67
-1.7778105735778809 -7.232583045959473 8.743485450744629 168 164 165
-1.1250791549682617 -7.273075103759766 7.924106597900391 166 162 161
-1.5479207038879395 -7.264385223388672 8.460495948791504 71 67 68
-1.6448426246643066 -7.204113483428955 8.51850414276123 102 98 99
-1.655583143234253 -7.256653308868408 8.593194007873535 185 181 182
-2.415419340133667 -7.228169918060303 9.501108169555664 176 174 175
-0.8493725657463074 -7.309545993804932 7.5199103355407715 175 166 167
-1.8642897605895996 -7.2098493576049805 8.741862297058105 190 185 189
-2.24965500831604 -7.250349521636963 9.271029472351074 115 113 114
-1.9612443447113037 -7.297063827514648 8.904672622680664 168 164 163
-0.4178825318813324 -7.397189617156982 6.982405185699463 115 105 103
-2.009831666946411 -7.286581039428711 8.938349723815918 184 180 179
-1.990007996559143 -7.292454242706299 8.910322189331055 69 65 64
-2.1394712924957275 -7.290529727935791 9.081891059875488 195 194 192
-2.063232183456421 -7.291580677032471 8.93173885345459 100 96 95
-0.7637392282485962 -7.41997766494751 7.290029525756836 178 172 172
-0.7637392282485962 -7.41997766494751 7.290029525756836 178 172 172
-0.7954925298690796 -7.418393135070801 7.302277088165283 81 75 75
-1.9567593336105347 -7.339799880981445 8.713160514831543 168 164 163
-2.185150384902954 -7.367284774780273 8.941600799560547 161 157 156
-0.9220288991928101 -7.463824272155762 7.366394519805908 79 75 74
-0.6700571775436401 -7.511548042297363 7.082956790924072 89 80 81
-0.9637154340744019 -7.504364013671875 7.409882068634033 165 161 160
-0.4993923008441925 -7.484718322753906 6.699189186096191 105 93 92
-0.574414074420929 -7.503375053405762 6.69326114654541 102 92 91
-1.6183173656463623 -7.517767429351807 8.02871322631836 155 151 152
-1.6534771919250488 -7.541260719299316 8.065193176269531 81 77 78
-1.933274507522583 -7.584636211395264 8.38823413848877 73 69 68
-0.7927590608596802 -7.605196475982666 6.869904518127441 72 63 64
-0.7179893255233765 -7.591339111328125 6.7421555519104 170 160 159
-0.8241671323776245 -7.599979400634766 6.887228488922119 175 166 167
-1.0896618366241455 -7.659876823425293 7.28959321975708 80 76 75
-0.8344325423240662 -7.645975112915039 6.937568187713623 105 101 100
-0.8478255867958069 -7.614758491516113 6.854823589324951 112 102 103
-0.8478255867958069 -7.614758491516113 6.854823589324951 112 102 103
-0.9479503035545349 -7.679903030395508 6.976110458374023 117 113 112
-0.8492847681045532 -7.7212653160095215 6.872776031494141 171 161 162
-0.890777587890625 -7.6851301193237305 6.861508369445801 80 76 75
-1.2146449089050293 -7.734664440155029 7.320328712463379 157 153 152
-1.0261216163635254 -7.763250827789307 7.0128631591796875 177 173 172
-0.9353938102722168 -7.739568710327148 6.820126056671143 97 93 92
-0.9353938102722168 -7.739568710327148 6.820126056671143 97 93 92
-1.0205039978027344 -7.795989990234375 6.947145938873291 109 105 104
-1.0788792371749878 -7.853450775146484 6.990396022796631 110 106 105
-1.2544697523117065 -7.872861385345459 7.183553218841553 170 166 165
-0.9695725440979004 -7.886395454406738 6.65809440612793 106 102 101
-0.4957592785358429 -21.806745529174805 22.6776065826416 188 186 187
19.441864013671875 -52.008392333984375 36.81913757324219 82 77 74
16.911148071289062 -46.051631927490234 32.5381965637207 183 178 175
16.911148071289062 -46.051631927490234 32.5381965637207 183 178 175
19.350013732910156 -50.10905075073242 34.6336784362793 174 164 163
13.046101570129395 -41.90789794921875 31.023653030395508 183 178 175
18.726892471313477 -52.52156448364258 36.940555572509766 79 74 71
-0.3399142920970917 -23.252696990966797 21.81065559387207 71 69 70
18.60045051574707 -48.627899169921875 32.29021072387695 177 167 166
2.507241725921631 -28.88531494140625 24.875566482543945 169 165 166
1.6469554901123047 -28.173629760742188 24.34172821044922 83 79 80
1.183052897453308 -26.437047958374023 22.955703735351562 190 186 187
15.335278511047363 -48.028804779052734 31.693119049072266 107 99 97
1.072576642036438 -26.45903205871582 22.453941345214844 187 183 184
2.3666183948516846 -28.753915786743164 23.439016342163086 88 84 85
0.48193463683128357 -25.238399505615234 21.60893440246582 171 167 168
6.630552291870117 -35.05811309814453 25.473108291625977 181 177 176
6.630552291870117 -35.05811309814453 25.473108291625977 181 177 176
7.731851100921631 -34.039703369140625 23.319324493408203 117 112 109
3.2055280208587646 -29.20694923400879 22.375965118408203 82 78 79
1.7754474878311157 -27.876310348510742 22.139564514160156 190 186 187
2.9820332527160645 -29.150653839111328 22.084754943847656 199 195 196
0.5312311053276062 -25.24059295654297 20.494197845458984 190 186 187
10.2659912109375 -37.37097930908203 23.564910888671875 192 187 184
1.4703177213668823 -26.817462921142578 21.103918075561523 118 114 115
5.343704700469971 -31.72319221496582 22.286128997802734 96 92 91
0.6309632658958435 -24.49591064453125 19.535917282104492 198 194 195
0.9417357444763184 -24.267602920532227 19.034292221069336 202 198 199
1.1914411783218384 -24.800094604492188 19.288806915283203 207 203 204
2.1127538681030273 -26.19658088684082 19.657686233520508 185 181 182
0.4824550747871399 -23.725627899169922 18.687042236328125 201 197 198
1.3959859609603882 -24.92426109313965 18.769634246826172 193 189 190
3.5984511375427246 -27.485254287719727 19.19606590270996 141 137 136
1.4691816568374634 -23.62654685974121 17.44217300415039 63 59 60
5.897900104522705 -25.2918643951416 15.257604598999023 185 175 174
5.142004013061523 -23.997474670410156 14.678794860839844 173 163 162
5.371702194213867 -25.492176055908203 15.746124267578125 191 185 185
5.16066837310791 -23.416732788085938 14.114645004272461 70 60 59
4.824620723724365 -24.346790313720703 15.103336334228516 52 46 46
6.808994293212891 -28.88613510131836 17.213661193847656 94 84 83
5.341794013977051 -26.268402099609375 16.164167404174805 200 193 194
6.816815376281738 -29.755569458007812 17.838293075561523 68 58 59
6.024829387664795 -28.872438430786133 17.612722396850586 207 198 199
5.547940254211426 -27.719247817993164 17.051271438598633 62 56 56
-0.42481204867362976 -23.008342742919922 17.823705673217773 174 170 171
6.105812072753906 -28.763652801513672 17.237342834472656 86 77 78
5.301721096038818 -23.057287216186523 13.14960765838623 47 35 35
5.886506080627441 -33.674930572509766 21.120115280151367 153 149 148
4.847353935241699 -30.396806716918945 18.875627517700195 146 142 141
4.847353935241699 -30.396806716918945 18.875627517700195 146 142 141
3.84785532951355 -28.894025802612305 18.31732177734375 141 137 136
3.4211177825927734 -28.16120147705078 17.950836181640625 67 63 62
3.1673967838287354 -26.98238182067871 17.13797378540039 172 168 167
3.897104501724243 -24.795434951782227 14.249002456665039 73 67 67
3.6013095378875732 -26.195215225219727 15.18901538848877 69 63 63
2.6577956676483154 -16.465017318725586 17.804401397705078 195 194 192
2.2670512199401855 -16.185598373413086 17.3531551361084 186 185 183
2.8028509616851807 -16.450668334960938 17.597225189208984 133 132 128
2.616506814956665 -16.29856300354004 17.427040100097656 191 190 188
2.7216711044311523 -16.300262451171875 17.133092880249023 192 191 189
3.207517147064209 -16.435802459716797 17.23056983947754 198 197 195
2.0178351402282715 -16.359935760498047 17.055681228637695 164 163 161
2.2950279712677 -16.293041229248047 16.948814392089844 197 196 194
2.6012816429138184 -16.270652770996094 16.84223747253418 192 191 189
2.744553804397583 -16.369815826416016 16.92204475402832 113 112 110
2.987304925918579 -16.498233795166016 17.038005828857422 199 198 196
2.055974006652832 -16.21274185180664 16.699872970581055 95 94 92
1.3473708629608154 -16.23884391784668 16.671218872070312 95 94 92
2.396047592163086 -16.198654174804688 16.569997787475586 198 197 195
2.396047592163086 -16.198654174804688 16.569997787475586 198 197 195
2.931976079940796 -16.1523380279541 16.497594833374023 108 107 105
2.931976079940796 -16.1523380279541 16.497594833374023 108 107 105
2.8811662197113037 -16.294757843017578 16.62892723083496 196 195 193
2.8811662197113037 -16.294757843017578 16.62892723083496 196 195 193
1.5713521242141724 -16.069740295410156 16.41522979736328 80 79 77
1.6860474348068237 -16.11260223388672 16.447336196899414 158 157 155
1.062070369720459 -16.13788414001465 16.463356018066406 158 157 155
3.131218671798706 -16.677169799804688 16.83400535583496 113 112 110
2.262233018875122 -16.40753936767578 16.544918060302734 182 181 179
2.422332525253296 -16.61332130432129 16.55226707458496 81 80 78
2.5782010555267334 -16.618576049804688 16.534067153930664 173 172 170
2.4066193103790283 -16.715803146362305 16.550466537475586 176 175 173
1.9481152296066284 -16.32501792907715 16.19994354248047 80 79 77
0.6889680027961731 -16.71613311767578 16.568830490112305 171 170 168
2.369821786880493 -16.361976623535156 16.212989807128906 93 92 90
0.30988189578056335 -16.553245544433594 16.414981842041016 164 163 161
0.30988189578056335 -16.553245544433594 16.414981842041016 164 163 161
2.976412057876587 -16.55702781677246 16.335477828979492 111 110 108
1.287810206413269 -16.50531578063965 16.244409561157227 166 165 163
3.0734450817108154 -16.76816177368164 16.432546615600586 197 193 192
2.3134536743164062 -16.36241340637207 16.050779342651367 132 131 129
2.1074512004852295 -16.623762130737305 16.268705368041992 152 151 149
0.320211797952652 -16.33363151550293 16.036375045776367 162 161 159
3.006678819656372 -16.49822425842285 16.116527557373047 85 81 80
0.03628206625580788 -16.768966674804688 16.41395378112793 147 146 144
1.520255208015442 -16.763690948486328 16.373886108398438 154 153 151
1.6212432384490967 -16.73636817932129 16.319538116455078 72 71 69
0.6688558459281921 -16.687314987182617 16.283218383789062 166 165 163
-0.04844444617629051 -16.71746063232422 16.303421020507812 93 92 90
1.9039796590805054 -16.832876205444336 16.351856231689453 151 150 148
2.7635014057159424 -16.560335159301758 16.066020965576172 169 167 165
1.8246402740478516 -16.834182739257812 16.31279945373535 64 63 61
1.4329009056091309 -16.70064926147461 16.198497772216797 89 88 86
0.08554306626319885 -16.644702911376953 16.172842025756836 152 151 149
3.3321332931518555 -16.79416275024414 16.219736099243164 180 179 177
3.3321332931518555 -16.79416275024414 16.219736099243164 180 179 177
0.38641130924224854 -16.784896850585938 16.275466918945312 90 89 87
2.336667776107788 -16.823848724365234 16.25718116760254 141 140 138
1.117201328277588 -16.734453201293945 16.19038963317871 153 152 150
0.6007644534111023 -16.808940887451172 16.252235412597656 174 173 171
1.4583773612976074 -16.764955520629883 16.190460205078125 188 187 185
-0.23441661894321442 -16.65876007080078 16.122249603271484 162 161 159
1.4841381311416626 -16.84328842163086 16.185813903808594 87 86 84
0.4659247398376465 -16.892620086669922 16.24086570739746 168 167 165
3.161931037902832 -16.733797073364258 16.0006046295166 141 137 136
-0.23725789785385132 -16.77416229248047 16.005128860473633 163 162 160
0.2702910304069519 -16.70555877685547 15.927738189697266 70 69 67
-0.5777440667152405 -16.717967987060547 15.887237548828125 75 73 74
-0.15782013535499573 -16.713483810424805 15.870430946350098 68 67 65
2.6123666763305664 -16.99842071533203 16.023876190185547 156 152 151
0.2912311255931854 -16.697357177734375 15.817798614501953 147 146 144
1.4802494049072266 -16.85404396057129 15.918476104736328 143 142 140
2.1072466373443604 -16.921951293945312 15.954270362854004 72 71 69
0.023743579164147377 -16.683034896850586 15.780701637268066 70 69 67
2.8347220420837402 -17.21723747253418 16.14823341369629 143 139 138
3.127721071243286 -17.075973510742188 15.94944953918457 151 147 146
0.27633747458457947 -16.77382469177246 15.7727632522583 96 95 93
2.3340725898742676 -17.252086639404297 16.111196517944336 149 145 144
2.3340725898742676 -17.252086639404297 16.111196517944336 149 145 144
1.2145404815673828 -16.9700870513916 15.895270347595215 176 175 173
0.7105234861373901 -16.936063766479492 15.867274284362793 181 180 178
-0.30469951033592224 -16.87156105041504 15.841960906982422 105 103 104
1.46347177028656 -17.296785354614258 16.147113800048828 100 99 97
-0.04700470343232155 -16.840679168701172 15.79288101196289 157 155 156
-0.09098096191883087 -16.956470489501953 15.882787704467773 91 89 90
-0.9073712229728699 -16.817657470703125 15.786263465881348 192 190 191
-0.46086743474006653 -16.770633697509766 15.710816383361816 160 158 159
-1.1361595392227173 -16.60896110534668 15.589385986328125 94 92 93
1.6522364616394043 -17.025636672973633 15.848710060119629 74 73 71
4.041102886199951 -17.123802185058594 15.815285682678223 82 78 77
-1.0397751331329346 -16.708189010620117 15.631768226623535 174 172 173
-1.2332189083099365 -16.648195266723633 15.584227561950684 101 99 100
1.2843676805496216 -16.864105224609375 15.638757705688477 159 158 156
1.5408235788345337 -17.17326545715332 15.867459297180176 172 171 169
1.4360735416412354 -17.049306869506836 15.759817123413086 81 80 78
0.83758944272995 -17.207714080810547 15.911609649658203 173 172 170
0.83758944272995 -17.207714080810547 15.911609649658203 173 172 170
2.0494632720947266 -17.051502227783203 15.734513282775879 158 154 153
0.09946846216917038 -17.03968048095703 15.764687538146973 82 81 79
-0.1333485245704651 -17.083398818969727 15.80258846282959 70 68 69
-0.743981659412384 -16.74432945251465 15.501851081848145 78 76 77
-0.6255214214324951 -16.870784759521484 15.595977783203125 159 157 158
-0.3542979955673218 -16.904293060302734 15.600456237792969 69 67 68
3.390312910079956 -17.253807067871094 15.703058242797852 139 135 134
0.9829269647598267 -17.157697677612305 15.705865859985352 95 94 92
-1.7796294689178467 -16.442731857299805 15.213390350341797 193 191 192
1.9387831687927246 -17.1801700592041 15.666753768920898 164 160 157
-0.5800709128379822 -16.99171257019043 15.602361679077148 70 68 69
2.889305591583252 -17.209413528442383 15.620111465454102 188 184 183
2.040464401245117 -17.204442977905273 15.640863418579102 86 82 79
1.0353097915649414 -17.220823287963867 15.638434410095215 166 165 163
1.0353097915649414 -17.220823287963867 15.638434410095215 166 165 163
-0.5255446434020996 -16.939830780029297 15.469069480895996 73 71 72
-0.8125139474868774 -16.81698989868164 15.375863075256348 69 67 68
-0.9504848122596741 -16.8071231842041 15.346237182617188 108 106 107
0.18207916617393494 -17.05207061767578 15.501222610473633 98 97 95
2.4030046463012695 -17.272422790527344 15.557578086853027 177 173 172
2.4030046463012695 -17.272422790527344 15.557578086853027 177 173 172
2.4030046463012695 -17.272422790527344 15.557578086853027 177 173 172
0.8259392976760864 -17.1447696685791 15.518893241882324 179 178 176
1.9540191888809204 -17.58980941772461 15.828911781311035 98 94 91
-1.6615242958068848 -16.374725341796875 14.969793319702148 127 125 126
0.9102732539176941 -17.107894897460938 15.461750984191895 92 91 89
3.013021945953369 -17.50633430480957 15.68588924407959 77 73 72
3.7158687114715576 -17.20013999938965 15.395554542541504 126 122 121
2.369492530822754 -17.4921932220459 15.696123123168945 163 159 156
-1.5331591367721558 -16.63593101501465 15.163678169250488 191 189 190
-0.9159160256385803 -16.81827735900879 15.266119956970215 183 181 182
0.6691133975982666 -17.26230239868164 15.545106887817383 173 172 170
2.06445574760437 -17.310020446777344 15.520432472229004 69 65 62
2.06445574760437 -17.310020446777344 15.520432472229004 69 65 62
-0.479239284992218 -17.043174743652344 15.360086441040039 79 77 78
2.326519250869751 -17.249874114990234 15.388472557067871 74 70 69
0.49604567885398865 -16.930500030517578 15.197741508483887 83 82 80
-0.38499686121940613 -17.12118911743164 15.376031875610352 159 157 158
1.0489343404769897 -17.15994644165039 15.330869674682617 68 64 63
2.450197219848633 -17.35809898376465 15.413087844848633 167 163 162
-0.6940730214118958 -17.395965576171875 15.584017753601074 177 175 176
0.963817834854126 -17.34122085571289 15.449185371398926 79 75 74
-1.67729651927948 -16.3094425201416 14.699922561645508 139 137 138
2.636345624923706 -17.380481719970703 15.351507186889648 172 168 165
1.1574674844741821 -17.520061492919922 15.537888526916504 191 187 186
-0.5404514670372009 -17.051708221435547 15.235234260559082 164 162 163
-1.062142252922058 -16.750717163085938 14.993940353393555 185 183 184
-2.3410181999206543 -15.762259483337402 14.249985694885254 199 197 198
-2.299349069595337 -15.732915878295898 14.179178237915039 70 68 69
0.9935534596443176 -17.188804626464844 15.181974411010742 112 108 107
-2.5526885986328125 -15.770408630371094 14.212109565734863 198 196 197
1.485273838043213 -17.284608840942383 15.202797889709473 169 165 164
-2.2348885536193848 -15.794634819030762 14.192682266235352 192 190 191
2.1742541790008545 -17.231903076171875 15.12014389038086 102 98 95
2.965228319168091 -17.546493530273438 15.328508377075195 92 88 87
0.510551929473877 -17.322219848632812 15.250042915344238 112 108 107
3.028552770614624 -17.553939819335938 15.29088020324707 144 140 139
-1.5415503978729248 -16.34496307373047 14.55563735961914 187 185 186
3.078148126602173 -17.36485481262207 15.112534523010254 177 173 172
-0.7629154920578003 -17.066753387451172 15.06619644165039 76 74 75
1.4744837284088135 -17.190628051757812 15.028250694274902 92 88 86
1.4744837284088135 -17.190628051757812 15.028250694274902 92 88 86
2.993288993835449 -17.809289932250977 15.438769340515137 165 161 158
-1.2769112586975098 -16.709508895874023 14.782917022705078 213 211 212
0.3259204626083374 -17.128238677978516 15.028151512145996 76 72 71
-2.438681125640869 -15.944091796875 14.21633529663086 86 84 85
-0.5802034139633179 -17.153690338134766 15.082608222961426 182 180 181
3.0587856769561768 -17.711877822875977 15.32114028930664 60 56 53
-2.3807590007781982 -15.73327350616455 14.037981986999512 61 59 60
2.5115489959716797 -17.507436752319336 15.179093360900879 89 85 82
2.5115489959716797 -17.507436752319336 15.179093360900879 89 85 82
0.9188801050186157 -17.29619026184082 15.09304141998291 202 198 197
-2.5496175289154053 -15.75573444366455 14.042017936706543 90 88 89
-0.8048167824745178 -16.84597396850586 14.77637767791748 198 196 197
-0.8048167824745178 -16.84597396850586 14.77637767791748 198 196 197
-0.3017711341381073 -17.10190773010254 14.943167686462402 98 96 97
1.802635908126831 -17.05088233947754 14.78468132019043 175 171 168
1.802635908126831 -17.05088233947754 14.78468132019043 175 171 168
-2.390960693359375 -16.14948272705078 14.287595748901367 192 190 191
-0.1736026555299759 -17.280445098876953 15.062531471252441 171 169 170
2.1027615070343018 -17.57428741455078 15.14431095123291 74 70 67
2.1027615070343018 -17.57428741455078 15.14431095123291 74 70 67
-2.3338282108306885 -15.978764533996582 14.12889575958252 77 75 76
-0.23949313163757324 -17.326868057250977 15.07284927368164 93 91 92
0.9894194006919861 -17.475997924804688 15.100037574768066 82 78 77
2.239513635635376 -17.51221466064453 15.038832664489746 69 65 62
2.239513635635376 -17.51221466064453 15.038832664489746 69 65 62
-1.3582719564437866 -16.6914005279541 14.604247093200684 199 197 198
-1.9870243072509766 -15.897510528564453 13.996725082397461 105 103 104
0.6574475169181824 -17.32020378112793 14.959138870239258 78 74 73
-2.386570930480957 -15.998640060424805 14.088386535644531 193 191 192
-1.834229588508606 -16.292463302612305 14.288174629211426 203 201 202
1.2047083377838135 -17.23087501525879 14.839960098266602 168 164 163
2.297549247741699 -17.488113403320312 14.973033905029297 181 177 174
-0.20514968037605286 -17.019886016845703 14.753555297851562 105 103 104
0.42299357056617737 -17.402095794677734 15.015416145324707 204 200 199
-0.36849191784858704 -17.139324188232422 14.829580307006836 175 173 174
0.722217321395874 -17.36715316772461 14.939335823059082 191 187 186
1.8259541988372803 -17.360525131225586 14.848194122314453 176 172 169
2.6368300914764404 -17.559494018554688 14.907376289367676 50 46 43
-1.8407878875732422 -16.02883529663086 13.982026100158691 81 79 80
2.7959752082824707 -17.810823440551758 15.084644317626953 176 172 169
0.4937443435192108 -17.136869430541992 14.697007179260254 174 170 169
-2.1499176025390625 -15.88752555847168 13.871546745300293 51 49 50
1.9708163738250732 -17.604280471801758 14.946121215820312 165 161 158
1.3325728178024292 -17.51030731201172 14.907504081726074 185 181 180
-2.003389358520508 -16.02727508544922 13.957854270935059 85 83 84
1.8022375106811523 -17.45293426513672 14.832714080810547 92 88 85
-2.191897392272949 -16.00934600830078 13.94601058959961 203 201 202
-0.6992324590682983 -16.945022583007812 14.572378158569336 167 165 166
1.7216991186141968 -17.462989807128906 14.818136215209961 105 101 98
-2.06624436378479 -16.142261505126953 14.016594886779785 204 202 203
-2.2832205295562744 -16.174781799316406 14.0567045211792 75 73 74
-1.657003402709961 -16.228450775146484 14.048433303833008 200 198 199
-1.657003402709961 -16.228450775146484 14.048433303833008 200 198 199
0.45965203642845154 -17.25471305847168 14.70594596862793 90 86 85
1.0938531160354614 -17.870195388793945 15.137587547302246 112 108 107
2.6905579566955566 -17.62576675415039 14.837556838989258 86 82 79
1.3222242593765259 -17.46561622619629 14.8018217086792 91 87 86
-0.41716092824935913 -17.115388870239258 14.6336088180542 199 197 198
-2.6404476165771484 -16.313566207885742 14.14229965209961 68 66 67
-0.8492496013641357 -16.838363647460938 14.431450843811035 176 174 175
1.8511823415756226 -17.6496639251709 14.876904487609863 176 172 169
2.3834285736083984 -17.535541534423828 14.755950927734375 173 169 166
-2.1017935276031494 -16.271472930908203 14.05736255645752 84 82 83
-2.1622540950775146 -16.05634880065918 13.896965980529785 173 171 172
1.9962514638900757 -17.410072326660156 14.6629638671875 148 144 141
1.388566493988037 -17.63347053527832 14.876225471496582 159 155 154
0.7916660904884338 -17.54469871520996 14.832671165466309 105 101 100
0.15214166045188904 -17.381359100341797 14.73500919342041 161 157 156
-0.5646033883094788 -17.11812973022461 14.56737995147705 193 191 192
-1.5652121305465698 -16.153776168823242 13.888042449951172 197 195 196
1.099073052406311 -17.46617317199707 14.720318794250488 118 114 113
2.7326273918151855 -17.957080841064453 14.981751441955566 167 163 160
2.1917176246643066 -17.46120262145996 14.634618759155273 210 206 203
-2.0287840366363525 -16.26474952697754 13.98406982421875 188 186 187
-0.19880913197994232 -17.375150680541992 14.71738052368164 207 203 202
-0.8982947468757629 -16.873607635498047 14.375222206115723 105 103 104
-0.4701085388660431 -17.245790481567383 14.630517959594727 93 91 92
-0.99683678150177 -16.838651657104492 14.339311599731445 205 203 204
-1.7690731287002563 -16.065963745117188 13.796091079711914 178 176 177
-1.973070740699768 -16.311542510986328 13.962699890136719 82 80 81
0.3660266101360321 -17.393383026123047 14.615948677062988 203 199 198
0.9797733426094055 -17.610998153686523 14.733071327209473 84 80 79
0.22527512907981873 -17.53986358642578 14.72705364227295 175 171 170
-0.726417064666748 -17.060327529907227 14.413819313049316 190 188 189
2.9257051944732666 -17.75343132019043 14.678057670593262 60 56 53
-2.047355890274048 -16.133066177368164 13.779557228088379 83 81 82
0.6747963428497314 -17.331344604492188 14.499637603759766 172 168 167
0.7354864478111267 -17.2814998626709 14.427905082702637 74 70 69
1.7185853719711304 -17.52509117126465 14.542102813720703 90 86 83
-1.3634003400802612 -16.331148147583008 13.84420394897461 64 62 63
-1.1505370140075684 -16.450862884521484 13.918712615966797 125 123 124
-0.040868327021598816 -17.246200561523438 14.44895076751709 94 90 89
2.3326714038848877 -17.877626419067383 14.750932693481445 190 186 183
-0.3715219795703888 -17.160470962524414 14.392560005187988 143 142 140
-2.397874116897583 -16.3808650970459 13.927759170532227 189 187 188
3.846651315689087 -17.843294143676758 14.59444808959961 90 85 82
-1.828812837600708 -16.358753204345703 13.860815048217773 74 72 73
-2.4856629371643066 -15.973186492919922 13.615470886230469 70 68 69
3.268603801727295 -17.90329933166504 14.649869918823242 70 65 62
0.4864214062690735 -17.6370849609375 14.638355255126953 194 190 189
-1.8859926462173462 -16.37061882019043 13.84107780456543 191 189 190
1.8313406705856323 -17.569984436035156 14.483890533447266 90 86 83
-0.5403335094451904 -17.06803321838379 14.254454612731934 144 143 141
-1.7308330535888672 -16.391366958618164 13.821881294250488 50 48 49
1.1264631748199463 -17.96355438232422 14.801013946533203 171 167 166
4.002251625061035 -17.82122039794922 14.478130340576172 88 83 80
-0.4511581361293793 -17.0628662109375 14.222217559814453 195 194 192
1.5960520505905151 -17.440156936645508 14.349644660949707 132 128 125
0.678227961063385 -17.61128807067871 14.54214859008789 176 172 171
-1.792739748954773 -16.417877197265625 13.813643455505371 183 181 182
-1.9853119850158691 -16.58983612060547 13.948657035827637 51 49 50
3.3912301063537598 -17.669416427612305 14.364367485046387 82 77 74
0.36168721318244934 -17.411296844482422 14.373762130737305 101 97 96
1.8262509107589722 -17.64214515686035 14.441166877746582 102 98 95
-1.3929381370544434 -16.317913055419922 13.6749906539917 164 162 163
-2.3757259845733643 -16.517826080322266 13.881983757019043 79 77 78
-2.3757259845733643 -16.517826080322266 13.881983757019043 79 77 78
-1.4684656858444214 -16.526508331298828 13.81710433959961 164 162 163
0.5509019494056702 -17.38563346862793 14.307587623596191 82 78 77
2.725257635116577 -17.658830642700195 14.349421501159668 91 86 83
-2.2739622592926025 -16.36446762084961 13.741865158081055 94 92 93
2.6304759979248047 -17.910024642944336 14.526488304138184 169 165 162
0.21650397777557373 -17.34589958190918 14.267827033996582 78 74 73
-0.013885743916034698 -17.25544548034668 14.21750259399414 209 205 204
-1.574119210243225 -16.431116104125977 13.6996488571167 188 186 187
3.785480260848999 -17.823881149291992 14.325899124145508 81 76 73
1.1832208633422852 -17.54810905456543 14.316479682922363 107 103 102
-1.296858787536621 -16.473588943481445 13.690183639526367 86 84 85
1.295884609222412 -17.47947883605957 14.243517875671387 199 195 192
-1.1465946435928345 -16.133556365966797 13.41738510131836 58 56 57
-0.7246764302253723 -16.682117462158203 13.789454460144043 185 183 184
0.07226140052080154 -17.32607650756836 14.203190803527832 104 100 99
1.7207930088043213 -17.482616424560547 14.194016456604004 71 67 64
1.7207930088043213 -17.482616424560547 14.194016456604004 71 67 64
-1.7139195203781128 -16.645299911499023 13.8111572265625 178 176 177
-0.9171229600906372 -16.462987899780273 13.614774703979492 186 184 185
2.8637921810150146 -18.20412254333496 14.616411209106445 149 144 141
-1.4566679000854492 -16.592914581298828 13.737698554992676 177 175 176
-1.587440848350525 -16.658199310302734 13.791460990905762 82 80 81
-0.771864652633667 -16.405879974365234 13.541264533996582 158 157 155
-2.107560634613037 -16.37359619140625 13.616350173950195 201 199 200
-1.525883436203003 -16.501401901245117 13.663581848144531 202 200 201
-1.525883436203003 -16.501401901245117 13.663581848144531 202 200 201
1.6326757669448853 -17.41408920288086 14.095480918884277 184 180 177
3.7235851287841797 -17.759048461914062 14.185409545898438 88 83 80
-1.178194522857666 -16.35230255126953 13.511911392211914 72 70 71
1.0666667222976685 -17.613664627075195 14.246604919433594 183 179 178
0.5559865832328796 -17.57389259338379 14.25029468536377 117 113 112
1.1435433626174927 -17.57949447631836 14.19478988647461 77 73 72
1.1435433626174927 -17.57949447631836 14.19478988647461 77 73 72
-0.15492232143878937 -17.210664749145508 14.01916790008545 133 129 128
3.776357889175415 -18.060108184814453 14.315190315246582 173 168 165
-1.7661898136138916 -16.397541046142578 13.52661418914795 86 84 85
-1.7661898136138916 -16.397541046142578 13.52661418914795 86 84 85
-0.787097692489624 -16.58181381225586 13.577021598815918 215 214 212
-1.8252509832382202 -16.64637565612793 13.690892219543457 111 109 110
-1.3738120794296265 -16.68311309814453 13.683231353759766 206 204 205
3.6805214881896973 -18.134618759155273 14.342256546020508 194 189 186
-1.5667383670806885 -16.45024299621582 13.523025512695312 90 88 89
0.10121253877878189 -17.256059646606445 13.984042167663574 80 76 75
1.1134605407714844 -17.703754425048828 14.22646427154541 180 176 175
1.1134605407714844 -17.703754425048828 14.22646427154541 180 176 175
-1.18051278591156 -16.649023056030273 13.63277530670166 91 89 90
0.5914194583892822 -17.311246871948242 13.97572135925293 205 201 200
1.1546123027801514 -17.649202346801758 14.17183780670166 198 194 193
-0.9952551126480103 -16.451358795166016 13.446524620056152 172 170 171
-0.8598799109458923 -16.479934692382812 13.43952751159668 65 63 64
1.6244986057281494 -17.691486358642578 14.12480640411377 116 112 109
-2.480656147003174 -16.408903121948242 13.508543014526367 166 164 165
-0.6790045499801636 -16.565881729125977 13.474873542785645 215 211 210
-1.166526198387146 -16.59313201904297 13.527706146240234 200 198 199
0.9278817176818848 -17.545639038085938 14.052824020385742 191 187 186
3.1536006927490234 -17.817035675048828 14.058490753173828 98 93 90
2.2108874320983887 -17.872373580932617 14.173297882080078 196 191 188
1.9998565912246704 -17.749107360839844 14.096622467041016 90 86 83
2.2563064098358154 -17.75444793701172 14.060794830322266 65 60 57
-1.2737995386123657 -16.68295669555664 13.560786247253418 179 177 178
1.8805630207061768 -17.762264251708984 14.08503246307373 104 100 97
1.8805630207061768 -17.762264251708984 14.08503246307373 104 100 97
4.0037455558776855 -18.08430290222168 14.12898063659668 108 103 100
-0.8544636368751526 -16.652952194213867 13.492308616638184 172 170 171
-0.8544636368751526 -16.652952194213867 13.492308616638184 172 170 171
1.5614018440246582 -17.792293548583984 14.113853454589844 187 183 180
-2.106757402420044 -16.475875854492188 13.450630187988281 79 77 78
-1.8784382343292236 -16.867284774780273 13.712080955505371 88 86 87
-0.1513221114873886 -16.964372634887695 13.63491439819336 183 179 178
-1.42677903175354 -16.91737174987793 13.69868278503418 191 189 190
3.4112460613250732 -17.776344299316406 13.916801452636719 174 169 166
3.4112460613250732 -17.776344299316406 13.916801452636719 174 169 166
-1.7457144260406494 -16.774181365966797 13.620430946350098 166 164 165
1.0482101440429688 -17.56328582763672 13.959442138671875 126 122 121
1.6444240808486938 -17.807004928588867 14.074012756347656 100 96 93
2.5928215980529785 -18.12494468688965 14.219590187072754 68 63 60
-2.3895909786224365 -16.582584381103516 13.504155158996582 174 172 173
3.906961441040039 -18.090858459472656 14.054128646850586 84 79 76
2.6945812702178955 -18.077207565307617 14.145033836364746 176 171 168
4.029089450836182 -17.936277389526367 13.926061630249023 196 191 188
4.029089450836182 -17.936277389526367 13.926061630249023 196 191 188
0.5039165616035461 -17.432296752929688 13.855823516845703 188 184 183
-1.0777907371520996 -16.75905990600586 13.490229606628418 65 63 64
1.3370636701583862 -17.806842803955078 14.03986644744873 120 116 115
2.6460893154144287 -18.072053909301758 14.112963676452637 182 177 174
0.7288036942481995 -17.311315536499023 13.726544380187988 185 181 180
0.6028572916984558 -17.553239822387695 13.91083812713623 122 118 117
-1.7975103855133057 -16.57769203186035 13.405471801757812 88 86 87
-0.6475366950035095 -16.335962295532227 13.127937316894531 69 65 64
2.7016048431396484 -18.034822463989258 14.053783416748047 76 71 68
-0.3846321105957031 -16.81048583984375 13.432626724243164 196 192 191
4.03885555267334 -18.078847885131836 13.960899353027344 77 72 69
1.3700448274612427 -17.65654754638672 13.885030746459961 189 185 184
-1.6074703931808472 -16.693893432617188 13.441123962402344 184 182 183
-1.4968626499176025 -16.731094360351562 13.446232795715332 67 65 66
-0.5433319807052612 -16.557416915893555 13.239680290222168 69 65 64
1.4695379734039307 -17.807126998901367 13.945090293884277 124 120 119
-0.8987775444984436 -16.575069427490234 13.269426345825195 69 68 66
0.29815080761909485 -17.211484909057617 13.616965293884277 191 187 186
2.454329013824463 -18.04903793334961 14.025851249694824 171 166 163
-1.1022121906280518 -16.79827308654785 13.421058654785156 196 195 193
-0.9744617938995361 -17.00628662109375 13.556479454040527 182 181 179
-0.6730020046234131 -16.76190948486328 13.343865394592285 150 146 145
-1.252262830734253 -16.94856834411621 13.51076602935791 69 67 68
0.8759415149688721 -17.622188568115234 13.796663284301758 205 201 200
1.4375083446502686 -17.57563018798828 13.714986801147461 185 181 178
-0.3169325292110443 -16.663570404052734 13.202584266662598 194 190 189
2.998530626296997 -18.2362003326416 14.024194717407227 65 60 57
0.03839505463838577 -16.900249481201172 13.325871467590332 194 190 189
-1.8808834552764893 -16.728710174560547 13.35461139678955 165 164 162
2.5667848587036133 -18.22816276550293 14.01930046081543 184 179 176
2.6377065181732178 -18.12506675720215 13.917654037475586 88 83 80
-0.28814470767974854 -16.677350997924805 13.146248817443848 61 57 56
-1.3582823276519775 -16.92491340637207 13.409436225891113 141 140 138
-1.4584647417068481 -16.721216201782227 13.273072242736816 79 77 78
-0.1322963386774063 -16.834531784057617 13.222627639770508 200 196 195
2.338067054748535 -18.01406478881836 13.82236385345459 165 160 157
3.7712135314941406 -18.266799926757812 13.848165512084961 82 77 74
2.496304750442505 -18.236164093017578 13.939091682434082 70 65 62
2.9834771156311035 -18.144582748413086 13.819714546203613 174 169 166
2.8432905673980713 -17.9942626953125 13.715361595153809 163 158 155
-0.9743859171867371 -16.88701629638672 13.283577919006348 83 82 80
-0.4832209050655365 -16.763599395751953 13.149428367614746 98 94 93
2.2442071437835693 -17.982772827148438 13.74195671081543 179 174 171
1.7743515968322754 -17.79820442199707 13.653594017028809 186 181 178
2.6294379234313965 -18.308895111083984 13.929487228393555 151 146 143
-2.023867607116699 -16.702543258666992 13.227469444274902 95 94 92
-3.448637008666992 -16.129411697387695 12.957330703735352 183 183 183
3.001814365386963 -17.95459747314453 13.64145278930664 75 70 67
-0.8918747901916504 -16.91155433654785 13.258174896240234 202 201 199
0.7161483764648438 -17.213924407958984 13.324511528015137 195 191 190
-0.18497499823570251 -16.601362228393555 12.968708038330078 82 78 77
1.8488783836364746 -17.845596313476562 13.653524398803711 96 91 88
-1.8718899488449097 -16.766477584838867 13.235928535461426 170 169 167
-0.5625927448272705 -17.040382385253906 13.306392669677734 190 186 185
-3.5129849910736084 -16.097148895263672 12.919017791748047 194 194 194
0.7824405431747437 -17.437545776367188 13.432327270507812 111 107 106
3.041867971420288 -18.065338134765625 13.624719619750977 195 190 187
1.2426879405975342 -17.6826171875 13.526369094848633 193 189 188
-3.4789249897003174 -16.031126022338867 12.798019409179688 111 111 111
1.7060447931289673 -18.058534622192383 13.720635414123535 193 189 186
-0.9274280071258545 -16.95610809326172 13.198861122131348 81 80 78
0.45084768533706665 -17.24976348876953 13.271136283874512 206 202 201
-4.118037223815918 -15.573101997375488 12.53119945526123 156 156 156
0.11194388568401337 -16.941259384155273 13.065861701965332 215 211 210
-2.590208053588867 -16.529569625854492 13.03403377532959 104 102 103
2.0289394855499268 -17.73604965209961 13.432779312133789 79 74 71
1.1275358200073242 -17.653785705566406 13.440196990966797 195 191 190
-0.8718051314353943 -16.896831512451172 13.099943161010742 192 191 189
-2.2210874557495117 -16.627857208251953 13.012558937072754 185 183 184
1.1895511150360107 -17.656591415405273 13.38891315460205 92 88 87
0.06520500034093857 -16.902544021606445 12.966800689697266 37 33 32
2.4491727352142334 -17.96285057067871 13.466875076293945 169 164 161
2.080535650253296 -17.966094970703125 13.502291679382324 183 178 175
2.080535650253296 -17.966094970703125 13.502291679382324 183 178 175
-2.759263277053833 -16.297897338867188 12.804503440856934 79 77 78
-1.5202633142471313 -16.91411590576172 13.085339546203613 71 69 70
2.1823065280914307 -18.119327545166016 13.550607681274414 90 85 82
4.098650932312012 -18.247203826904297 13.415024757385254 92 87 84
2.3527965545654297 -17.92583656311035 13.358920097351074 88 83 80
4.171797275543213 -18.274539947509766 13.41450309753418 158 153 150
4.267736911773682 -18.172527313232422 13.331421852111816 194 189 186
-0.02804688923060894 -16.916858673095703 12.890400886535645 173 169 168
-2.5138516426086426 -16.582056045532227 12.90778636932373 170 168 169
0.334346204996109 -16.80510139465332 12.77359676361084 188 184 183
-0.24306923151016235 -17.174118041992188 13.082730293273926 81 77 76
2.417949914932251 -17.880674362182617 13.296451568603516 160 155 152
0.25885438919067383 -16.90838050842285 12.837568283081055 77 73 72
-0.23453989624977112 -16.78339385986328 12.799331665039062 210 206 205
3.7243192195892334 -18.270421981811523 13.416337013244629 170 165 162
2.5039196014404297 -17.902782440185547 13.285039901733398 81 76 73
-0.003383256494998932 -16.819259643554688 12.769902229309082 58 54 53
-1.0566493272781372 -16.776029586791992 12.845382690429688 189 188 186
-0.8599041104316711 -16.992431640625 12.947755813598633 65 64 62
-1.8231086730957031 -16.755271911621094 12.881842613220215 80 79 77
2.448699474334717 -18.40125846862793 13.566431045532227 166 161 158
-0.12683136761188507 -17.129127502441406 12.957558631896973 65 61 60
2.76841402053833 -18.191944122314453 13.384132385253906 178 173 170
2.76841402053833 -18.191944122314453 13.384132385253906 178 173 170
0.4108376204967499 -16.775394439697266 12.658262252807617 211 207 206
0.6756204962730408 -17.114421844482422 12.85428237915039 151 147 146
-0.17302070558071136 -17.297651290893555 13.065897941589355 100 96 95
0.08573644608259201 -16.986507415771484 12.824835777282715 185 181 180
-1.7673888206481934 -16.585220336914062 12.713947296142578 185 183 184
0.1793927699327469 -17.213897705078125 12.943988800048828 61 57 56
2.6666479110717773 -18.43313980102539 13.503707885742188 180 175 172
-1.3151745796203613 -16.85765838623047 12.843356132507324 101 100 98
-0.8260669708251953 -17.362083435058594 13.122411727905273 204 203 201
0.040713146328926086 -17.00078773498535 12.788636207580566 78 74 73
-2.868997812271118 -16.30303192138672 12.601619720458984 192 190 191
-0.374207079410553 -16.93673324584961 12.775367736816406 77 73 72
0.19757911562919617 -17.086414337158203 12.815436363220215 91 87 86
-0.1854533851146698 -17.158761978149414 12.874702453613281 205 201 200
-1.2678451538085938 -16.937414169311523 12.833946228027344 177 176 174
1.2644813060760498 -17.889883041381836 13.200047492980957 169 165 162
-0.1372435837984085 -17.053728103637695 12.778148651123047 73 69 68
-0.41224968433380127 -17.29776382446289 12.969015121459961 83 82 80
0.15205048024654388 -17.10879898071289 12.77755069732666 191 187 186
-0.3487188518047333 -17.35142707824707 12.983715057373047 216 215 213
-0.3487188518047333 -17.35142707824707 12.983715057373047 216 215 213
2.877490282058716 -18.18543243408203 13.197111129760742 89 84 81
1.6671943664550781 -17.923704147338867 13.13735580444336 202 197 194
-1.2347239255905151 -16.889652252197266 12.7407808303833 77 76 74
0.5096398591995239 -16.74003791809082 12.453055381774902 50 46 45
-2.684264659881592 -16.223487854003906 12.437947273254395 90 89 87
0.7339211702346802 -17.06097984313965 12.625199317932129 194 190 189
0.0645972192287445 -17.399194717407227 12.920206069946289 64 60 59
3.167081117630005 -18.139310836791992 13.083573341369629 80 75 72
0.6531463265419006 -17.018428802490234 12.598939895629883 73 69 68
0.6531463265419006 -17.018428802490234 12.598939895629883 73 69 68
-0.06244274601340294 -17.058008193969727 12.700579643249512 209 205 204
-1.9391038417816162 -16.50153350830078 12.512899398803711 170 169 167
-1.9391038417816162 -16.50153350830078 12.512899398803711 170 169 167
1.6096217632293701 -17.609182357788086 12.862319946289062 122 117 114
-0.3298724889755249 -17.57581329345703 13.044964790344238 91 90 88
-0.49839869141578674 -17.434778213500977 12.96120834350586 173 172 170
1.0188785791397095 -17.355560302734375 12.736666679382324 189 185 184
-3.379525661468506 -15.853879928588867 12.208213806152344 104 102 103
0.4249047338962555 -16.839488983154297 12.454703330993652 86 82 81
3.633478879928589 -18.4785213470459 13.179535865783691 210 205 202
-0.4763012230396271 -17.31398582458496 12.830856323242188 85 84 82
0.7538015842437744 -17.01865005493164 12.504426956176758 76 72 71
1.8143457174301147 -17.73978042602539 12.86799430847168 108 103 100
0.6694349646568298 -16.910009384155273 12.434374809265137 76 72 71
-2.4359147548675537 -16.42743492126465 12.443140983581543 193 192 190
-1.1032578945159912 -17.06842613220215 12.724363327026367 192 191 189
0.028545917943120003 -16.887537002563477 12.482257843017578 189 185 184
-2.6304824352264404 -16.31930923461914 12.3844575881958 100 99 97
-0.9928119778633118 -17.17056655883789 12.76817798614502 187 186 184
1.7719552516937256 -17.93987274169922 12.970941543579102 121 116 113
1.7719552516937256 -17.93987274169922 12.970941543579102 121 116 113
2.239407539367676 -18.11672592163086 13.03609561920166 169 164 161
0.4784884750843048 -17.06515121459961 12.525430679321289 196 192 191
0.351489782333374 -17.510765075683594 12.826766014099121 162 158 157
-0.9636659026145935 -16.976978302001953 12.608865737915039 85 84 82
-1.7382893562316895 -16.69224739074707 12.504109382629395 85 83 84
-1.7382893562316895 -16.69224739074707 12.504109382629395 85 83 84
0.36814674735069275 -17.157655715942383 12.584723472595215 199 195 194
2.565525531768799 -18.220523834228516 13.025528907775879 188 183 180
-0.4792387783527374 -17.37530517578125 12.784758567810059 221 217 216
0.9726836681365967 -17.134340286254883 12.462180137634277 200 196 195
-0.6634478569030762 -17.1932315826416 12.678691864013672 89 88 86
-0.06547950208187103 -17.436744689941406 12.771379470825195 193 189 188
0.681088924407959 -16.93699836730957 12.363285064697266 208 204 203
0.48899513483047485 -16.9165096282959 12.360823631286621 83 79 78
-3.3070504665374756 -15.787389755249023 12.02906608581543 166 164 165
-3.3070504665374756 -15.787389755249023 12.02906608581543 166 164 165
-3.2327182292938232 -15.831056594848633 12.044388771057129 88 86 87
2.799300193786621 -18.095773696899414 12.859834671020508 175 170 167
2.799300193786621 -18.095773696899414 12.859834671020508 175 170 167
0.7166010737419128 -16.928913116455078 12.321922302246094 110 106 105
0.14538614451885223 -17.333206176757812 12.63239860534668 193 189 188
3.6194591522216797 -18.720190048217773 13.1553373336792 175 170 167
-0.293144553899765 -17.320636749267578 12.664074897766113 181 177 176
-0.06604769825935364 -17.161518096923828 12.532733917236328 60 56 55
-0.33554190397262573 -17.613317489624023 12.82642936706543 176 172 171
-1.1930484771728516 -16.966487884521484 12.490961074829102 95 94 92
-2.0113327503204346 -16.52475357055664 12.286614418029785 170 168 169
-1.14914870262146 -16.884523391723633 12.426360130310059 180 179 177
-2.0735442638397217 -16.53380012512207 12.300869941711426 85 83 84
0.048708654940128326 -17.381389617919922 12.614251136779785 171 167 166
-2.2660787105560303 -16.41888999938965 12.23514461517334 151 150 148
0.8406015634536743 -17.285335540771484 12.448047637939453 77 73 72
2.890000104904175 -18.142047882080078 12.774741172790527 187 182 179
-2.3968446254730225 -16.3446044921875 12.185142517089844 187 186 184
0.05652227997779846 -17.694910049438477 12.78271484375 95 91 90
-1.9372444152832031 -16.570199966430664 12.270992279052734 75 73 74
1.2724779844284058 -17.62982177734375 12.59995174407959 49 45 42
-1.281605839729309 -16.786718368530273 12.336150169372559 164 163 161
0.10266802459955215 -17.386032104492188 12.55940055847168 97 93 92
-2.327956438064575 -16.360416412353516 12.1673002243042 84 83 81
0.45880356431007385 -17.542482376098633 12.621930122375488 76 72 71
-0.33611953258514404 -17.35950469970703 12.589348793029785 82 78 77
-1.451519250869751 -16.757715225219727 12.320215225219727 115 114 112
-1.4530311822891235 -16.740251541137695 12.30851936340332 115 114 112
0.6475288271903992 -17.49323844909668 12.559540748596191 201 197 196
-0.4944625198841095 -17.363521575927734 12.602884292602539 179 175 174
-2.1052677631378174 -16.44136619567871 12.180124282836914 171 169 170
-2.9755208492279053 -16.041763305664062 12.005516052246094 119 117 118
-2.9755208492279053 -16.041763305664062 12.005516052246094 119 117 118
-0.1616010218858719 -17.44346809387207 12.584528923034668 192 188 187
-0.23486894369125366 -17.499618530273438 12.628829002380371 188 184 183
0.2959774136543274 -17.497241973876953 12.565871238708496 168 164 163
0.9063368439674377 -17.444475173950195 12.440781593322754 50 46 45
0.8120278120040894 -17.645801544189453 12.560127258300781 178 174 173
-2.000553846359253 -16.263872146606445 11.989946365356445 168 166 167
3.6994857788085938 -18.75299835205078 12.933464050292969 107 101 99
3.6994857788085938 -18.75299835205078 12.933464050292969 107 101 99
-2.2085111141204834 -16.487958908081055 12.151366233825684 83 81 82
-3.5986201763153076 -15.404573440551758 11.610861778259277 94 92 93
1.037924885749817 -17.46288299560547 12.406051635742188 104 100 99
1.025937795639038 -17.412494659423828 12.373387336730957 104 100 99
-3.8395814895629883 -15.369973182678223 11.60425853729248 193 191 192
3.1126034259796143 -18.372150421142578 12.732878684997559 106 101 98
-0.5860962271690369 -17.390552520751953 12.525736808776855 74 73 71
-0.368748277425766 -17.441797256469727 12.527255058288574 191 187 186
0.6068761348724365 -17.437030792236328 12.412433624267578 59 55 54
0.6068761348724365 -17.437030792236328 12.412433624267578 59 55 54
1.0755587816238403 -17.384475708007812 12.30429458618164 204 200 199
0.1753476858139038 -17.508712768554688 12.472274780273438 71 67 66
0.7465300559997559 -17.567846298217773 12.430192947387695 98 94 93
0.5611429810523987 -17.479209899902344 12.392609596252441 187 183 182
-3.7058045864105225 -15.576342582702637 11.664623260498047 185 183 184
-1.859814167022705 -16.432207107543945 11.968222618103027 105 103 104
1.2921855449676514 -17.305212020874023 12.154747009277344 190 186 185
1.2921855449676514 -17.305212020874023 12.154747009277344 190 186 185
-0.5698634386062622 -17.203821182250977 12.291360855102539 62 61 59
1.2002625465393066 -17.37496566772461 12.194714546203613 183 179 178
1.454284429550171 -17.252595901489258 12.084967613220215 88 84 83
0.5962238311767578 -17.363147735595703 12.25165843963623 66 62 61
-3.659792184829712 -15.41500186920166 11.512619018554688 87 85 86
3.945605516433716 -18.56490707397461 12.61867904663086 81 71 70
-0.5888863801956177 -17.375185012817383 12.38796329498291 190 189 187
0.9659176468849182 -17.16892433166504 12.075986862182617 75 71 70
3.9758331775665283 -18.779224395751953 12.725825309753418 82 72 71
0.4946823716163635 -17.388442993164062 12.247652053833008 63 59 58
1.5416384935379028 -17.384702682495117 12.119805335998535 172 168 167
-1.0733389854431152 -17.045381546020508 12.20861530303955 89 87 88
1.564584493637085 -17.116565704345703 11.933497428894043 187 183 182
-3.1701345443725586 -15.61219310760498 11.541618347167969 175 173 174
-3.2262983322143555 -15.486824989318848 11.469316482543945 154 152 153
0.8627266883850098 -17.496774673461914 12.252679824829102 73 69 68
3.4109537601470947 -18.492992401123047 12.577959060668945 89 84 81
-0.7280914783477783 -17.181108474731445 12.230273246765137 114 113 111
1.517201542854309 -17.207529067993164 11.979254722595215 107 103 102
-3.5024564266204834 -15.547213554382324 11.522028923034668 96 94 95
1.0639950037002563 -17.467803955078125 12.18967342376709 82 78 77
-3.6744163036346436 -15.553296089172363 11.540660858154297 180 178 179
4.097695827484131 -18.465457916259766 12.438057899475098 101 91 90
3.940748691558838 -18.664730072021484 12.580988883972168 191 181 180
-1.250343680381775 -16.798255920410156 12.02192211151123 102 100 101
0.5127378106117249 -17.547658920288086 12.270747184753418 168 164 163
2.9925055503845215 -17.98460578918457 12.247447967529297 180 175 172
0.8052814602851868 -17.688989639282227 12.315805435180664 48 44 43
0.8052814602851868 -17.688989639282227 12.315805435180664 48 44 43
-3.5862863063812256 -15.621291160583496 11.54024600982666 91 89 90
-1.8037165403366089 -16.549203872680664 11.906732559204102 67 65 66
-3.632394313812256 -15.574689865112305 11.513291358947754 114 112 113
-0.8494178056716919 -17.04245376586914 12.095331192016602 63 61 62
2.0704762935638428 -17.507177352905273 12.023994445800781 206 201 198
-0.4192311465740204 -17.47149085998535 12.286351203918457 87 83 82
-0.03901941329240799 -17.592037200927734 12.319192886352539 86 82 81
0.8385316133499146 -17.62059211730957 12.228286743164062 223 219 218
1.5186445713043213 -17.600610733032227 12.131657600402832 183 179 178
1.460731863975525 -17.037588119506836 11.783473014831543 147 143 142
1.8570653200149536 -17.4683837890625 12.0049409866333 78 74 73
0.6963579654693604 -17.46405029296875 12.12371826171875 192 188 187
1.497794270515442 -17.73389434814453 12.194788932800293 97 93 92
-3.1800754070281982 -15.693720817565918 11.4822359085083 181 179 180
3.131880521774292 -18.2794189453125 12.335429191589355 121 116 113
1.6190669536590576 -17.750152587890625 12.179133415222168 75 71 70
2.503178596496582 -17.7470760345459 12.059188842773438 131 126 123
1.1437965631484985 -17.60649871826172 12.131906509399414 70 66 65
1.1437965631484985 -17.60649871826172 12.131906509399414 70 66 65
-1.981011152267456 -16.106901168823242 11.565932273864746 78 76 77
1.5497621297836304 -17.230030059814453 11.80232048034668 194 190 189
2.2874486446380615 -17.801925659179688 12.06522274017334 186 181 178
-3.6208393573760986 -15.59191608428955 11.416157722473145 93 91 92
0.7913126349449158 -17.436250686645508 12.020284652709961 87 83 82
1.5490403175354004 -17.5926456451416 12.005006790161133 195 191 190
-3.547518014907837 -15.571733474731445 11.377508163452148 183 181 182
-3.3530218601226807 -15.542688369750977 11.322892189025879 72 70 71
1.1188406944274902 -17.413484573364258 11.924142837524414 165 161 160
3.4429445266723633 -18.385028839111328 12.214232444763184 110 100 99
1.8469988107681274 -17.517507553100586 11.87159538269043 172 168 167
1.941545844078064 -17.331987380981445 11.74366569519043 67 61 61
1.941545844078064 -17.331987380981445 11.74366569519043 67 61 61
-0.9333591461181641 -17.21615219116211 12.02602767944336 186 184 185
0.5819361209869385 -17.646364212036133 12.09890079498291 76 72 71
1.0888208150863647 -17.540983200073242 11.958626747131348 186 182 181
1.7722316980361938 -17.434005737304688 11.788753509521484 81 77 76
1.7722316980361938 -17.434005737304688 11.788753509521484 81 77 76
-3.783979892730713 -15.520832061767578 11.306221961975098 162 160 161
-0.45057567954063416 -17.5045166015625 12.100682258605957 179 178 176
1.339652419090271 -17.67841339111328 11.984466552734375 172 168 167
1.0266635417938232 -17.747943878173828 12.054869651794434 189 185 184
2.102313280105591 -17.245288848876953 11.608087539672852 207 202 199
0.4286406934261322 -17.44477653503418 11.921245574951172 61 57 56
1.9029487371444702 -17.265317916870117 11.617270469665527 190 184 184
2.994656562805176 -18.28921127319336 12.07320499420166 200 191 189
1.9992707967758179 -17.428871154785156 11.670533180236816 90 84 84
1.8313024044036865 -17.61852264404297 11.806272506713867 189 185 184
-2.0940182209014893 -16.005006790161133 11.309836387634277 175 173 174
2.0725491046905518 -17.310340881347656 11.575824737548828 67 62 59
-1.7229809761047363 -16.3099365234375 11.443839073181152 112 110 111
2.284076690673828 -17.388765335083008 11.591471672058105 200 195 192
0.5037236213684082 -17.65909194946289 11.971813201904297 162 158 157
1.4431051015853882 -17.51970100402832 11.76667594909668 188 184 183
1.2297379970550537 -17.407512664794922 11.721895217895508 73 69 68
1.6058852672576904 -17.537595748901367 11.745380401611328 79 75 74
-4.127517223358154 -15.681272506713867 11.350852012634277 106 106 106
-3.7375621795654297 -15.58536434173584 11.238736152648926 180 178 179
3.0847952365875244 -18.072555541992188 11.87134838104248 187 177 176
2.0899658203125 -17.543407440185547 11.67611312866211 180 175 172
0.40323370695114136 -17.673250198364258 11.967328071594238 168 164 163
2.646956443786621 -17.736745834350586 11.710307121276855 194 186 184
4.565625190734863 -18.313827514648438 11.813630104064941 127 116 114
0.5596446990966797 -17.63855743408203 11.917012214660645 64 60 59
2.07063364982605 -17.783573150634766 11.809610366821289 160 155 152
3.5488879680633545 -18.608678817749023 12.115623474121094 197 187 186
1.7643635272979736 -17.81475257873535 11.861762046813965 183 179 178
3.8248751163482666 -18.83344268798828 12.209157943725586 131 121 120
3.8248751163482666 -18.83344268798828 12.209157943725586 131 121 120
2.743091106414795 -17.8237247467041 11.736530303955078 139 131 129
1.501878261566162 -17.488056182861328 11.691590309143066 64 60 59
4.323967456817627 -18.758670806884766 12.076157569885254 191 179 179
4.323967456817627 -18.758670806884766 12.076157569885254 191 179 179
2.3568475246429443 -17.311370849609375 11.443147659301758 196 191 188
0.6575321555137634 -17.67816734313965 11.885992050170898 176 172 171
1.8315355777740479 -17.397859573364258 11.559566497802734 207 203 202
1.9808984994888306 -17.375944137573242 11.52134895324707 64 59 56
2.312652826309204 -17.47386932373047 11.533745765686035 64 59 56
-3.4005355834960938 -15.683788299560547 11.195830345153809 164 162 163
-3.662290573120117 -15.536731719970703 11.135736465454102 148 146 147
1.4387321472167969 -17.670848846435547 11.76246452331543 76 72 71
0.9666354656219482 -17.61079978942871 11.784573554992676 157 153 152
2.4238219261169434 -17.32134437561035 11.4014892578125 59 54 51
2.222560405731201 -17.545146942138672 11.56187915802002 176 171 168
1.8758151531219482 -17.926166534423828 11.81596851348877 179 175 174
1.911772608757019 -17.82887077331543 11.740889549255371 66 62 61
1.4676744937896729 -17.619272232055664 11.674480438232422 175 171 170
0.20373062789440155 -17.75630760192871 11.911416053771973 186 182 181
-3.2706117630004883 -15.663291931152344 11.109697341918945 187 185 186
2.4178624153137207 -17.48380470275879 11.442994117736816 196 191 188
-1.68037748336792 -16.374204635620117 11.295536041259766 107 105 106
1.081223964691162 -17.61795997619629 11.674013137817383 182 178 177
-2.8684401512145996 -15.6817626953125 11.037809371948242 135 133 134
-2.9363975524902344 -15.801115036010742 11.111615180969238 95 93 94
-0.11915159225463867 -17.43098258972168 11.714432716369629 180 176 175
-3.574028968811035 -15.645781517028809 11.104803085327148 162 160 161
-1.8064254522323608 -16.35138511657715 11.276202201843262 84 82 83
-3.4066362380981445 -15.594192504882812 11.038976669311523 109 107 108
2.216285467147827 -17.21053123474121 11.24802303314209 155 150 147
2.310689926147461 -17.781620025634766 11.572261810302734 203 198 195
1.48447585105896 -17.732635498046875 11.649474143981934 83 79 78
1.9777249097824097 -17.87659454345703 11.66802978515625 186 182 181
1.0756603479385376 -17.49830436706543 11.539026260375977 80 76 75
-1.4034836292266846 -16.6717472076416 11.372624397277832 178 176 177
-0.3437802195549011 -17.267179489135742 11.583474159240723 152 148 147
1.4952601194381714 -17.631540298461914 11.546515464782715 176 172 171
1.9764561653137207 -17.68062400817871 11.507511138916016 74 69 66
1.3179330825805664 -17.43081283569336 11.441610336303711 71 67 66
0.018821997568011284 -17.57987403869629 11.703226089477539 171 167 166
3.1216907501220703 -17.884174346923828 11.452486038208008 115 105 104
2.525850296020508 -17.626853942871094 11.378560066223145 186 181 178
2.525850296020508 -17.626853942871094 11.378560066223145 186 181 178
-3.586087942123413 -15.555220603942871 10.972695350646973 92 90 91
-3.813371181488037 -15.687994956970215 11.077150344848633 191 189 190
0.7512409687042236 -17.349023818969727 11.444751739501953 182 178 177
2.2590346336364746 -17.488750457763672 11.327652931213379 112 104 102
2.2590346336364746 -17.488750457763672 11.327652931213379 112 104 102
1.9490312337875366 -17.94165802001953 11.634313583374023 70 65 62
2.1583213806152344 -17.784772872924805 11.511098861694336 192 187 184
2.1583213806152344 -17.784772872924805 11.511098861694336 192 187 184
2.651381015777588 -17.432912826538086 11.232499122619629 39 29 28
-2.7109882831573486 -15.702077865600586 10.93047046661377 80 78 79
2.177271842956543 -17.58660125732422 11.381562232971191 83 78 75
2.509718179702759 -17.344491958618164 11.19246768951416 75 67 65
1.5791345834732056 -17.744382858276367 11.554304122924805 67 63 62
0.8894814848899841 -17.705883026123047 11.612793922424316 71 67 66
-1.0869237184524536 -16.809328079223633 11.331011772155762 114 112 113
2.496873378753662 -17.789064407348633 11.421004295349121 51 46 43
2.496873378753662 -17.789064407348633 11.421004295349121 51 46 43
-1.1712276935577393 -16.753772735595703 11.307456016540527 170 168 169
0.11111033707857132 -17.362255096435547 11.476638793945312 171 167 166
-0.07622293382883072 -17.3840389251709 11.513313293457031 77 73 72
-0.8522548675537109 -16.948612213134766 11.363893508911133 85 83 84
-3.065485715866089 -15.718565940856934 10.93964958190918 85 83 84
-2.7051966190338135 -15.644848823547363 10.84095573425293 157 155 156
-2.8512189388275146 -15.5582914352417 10.809768676757812 67 65 66
2.9956560134887695 -17.664901733398438 11.243940353393555 200 190 189
0.44714683294296265 -17.43130874633789 11.44973087310791 126 122 121
2.239130735397339 -17.626178741455078 11.320737838745117 208 200 198
-3.8082075119018555 -15.688302040100098 11.005191802978516 101 99 100
1.5300711393356323 -18.037429809570312 11.651228904724121 68 64 63
0.22418878972530365 -17.27629280090332 11.381363868713379 89 85 84
1.5516411066055298 -17.671247482299805 11.43136215209961 174 170 169
0.952472448348999 -17.620676040649414 11.459601402282715 83 79 78
-2.7564563751220703 -15.611102104187012 10.791410446166992 157 155 156
-0.05028972774744034 -17.416156768798828 11.467002868652344 174 170 169
2.4405930042266846 -17.618175506591797 11.241376876831055 173 163 162
0.06922100484371185 -17.425987243652344 11.448333740234375 69 65 64
-2.696852445602417 -15.675474166870117 10.805092811584473 86 84 85
4.073945999145508 -18.829607009887695 11.719490051269531 104 92 92
-3.0975265502929688 -15.678483009338379 10.860150337219238 152 150 151
-0.8935055136680603 -16.855072021484375 11.246063232421875 164 162 163
-0.8984874486923218 -16.818063735961914 11.223821640014648 164 162 163
2.5714614391326904 -18.203266143798828 11.554400444030762 71 61 60
0.43139925599098206 -17.493532180786133 11.429351806640625 62 58 57
2.810368776321411 -17.480562210083008 11.080039978027344 173 163 162
2.810368776321411 -17.480562210083008 11.080039978027344 173 163 162
2.531904697418213 -17.526424407958984 11.144179344177246 59 49 48
3.059835910797119 -17.566232681274414 11.078094482421875 205 195 194
-2.9426276683807373 -15.655369758605957 10.787408828735352 147 145 146
1.076781988143921 -17.545791625976562 11.3163480758667 91 87 86
3.513730525970459 -18.289207458496094 11.404983520507812 188 178 177
2.168405771255493 -17.968271255493164 11.404664039611816 164 159 156
2.0070502758026123 -17.936107635498047 11.403470039367676 180 175 172
2.0070502758026123 -17.936107635498047 11.403470039367676 180 175 172
0.4861658215522766 -17.68753433227539 11.46642017364502 174 170 169
-0.8444378972053528 -16.896289825439453 11.183490753173828 177 175 176
-0.03050466999411583 -17.2159366607666 11.253728866577148 153 149 148
2.784459114074707 -17.54472541809082 11.050538063049316 45 35 34
0.5039254426956177 -17.396438598632812 11.275603294372559 131 127 126
2.554269552230835 -18.16451644897461 11.435628890991211 47 37 36
1.8736566305160522 -17.83453941345215 11.326987266540527 196 191 188
2.8401198387145996 -17.960302352905273 11.259895324707031 47 37 36
3.048096179962158 -17.436920166015625 10.92634105682373 75 65 64
1.761840581893921 -18.028703689575195 11.445329666137695 79 74 71
1.9371929168701172 -17.880199432373047 11.334697723388672 110 105 102
-3.220792531967163 -15.803027153015137 10.853140830993652 69 67 68
-0.4624185562133789 -17.014583587646484 11.16384220123291 195 194 192
-3.459517002105713 -15.718404769897461 10.819194793701172 178 176 177
2.594296455383301 -18.091331481933594 11.340048789978027 192 182 181
2.594296455383301 -18.091331481933594 11.340048789978027 192 182 181
2.236147165298462 -18.086673736572266 11.38737964630127 193 185 183
2.236147165298462 -18.086673736572266 11.38737964630127 193 185 183
0.3783130347728729 -17.44195556640625 11.26996898651123 56 52 51
1.9883195161819458 -17.79280662536621 11.241045951843262 73 68 65
-3.0331966876983643 -15.759193420410156 10.7709321975708 66 64 65
2.1715149879455566 -18.16000747680664 11.413408279418945 199 191 189
-3.3094656467437744 -15.791728973388672 10.819633483886719 80 78 79
2.7739479541778564 -18.43147087097168 11.481639862060547 62 52 51
0.597458004951477 -17.515825271606445 11.255361557006836 169 165 164
0.10347256064414978 -17.26377296447754 11.17720890045166 164 160 159
-0.7668291926383972 -16.8521785736084 11.060860633850098 185 183 184
2.7228589057922363 -17.507225036621094 10.945735931396484 194 184 183
3.069430351257324 -17.821369171142578 11.073420524597168 187 177 176
2.4254703521728516 -17.901994705200195 11.208914756774902 199 189 188
0.04302649945020676 -17.39731788635254 11.237690925598145 159 155 154
0.478436142206192 -17.49960708618164 11.234770774841309 170 166 165
1.4131841659545898 -17.80771255493164 11.265268325805664 77 72 69
0.35837623476982117 -17.34601402282715 11.131404876708984 158 154 153
2.2392451763153076 -18.146743774414062 11.315208435058594 68 60 58
-0.3049755394458771 -17.12190818786621 11.088041305541992 77 73 72
1.0982633829116821 -17.51150131225586 11.098426818847656 149 145 144
1.0982633829116821 -17.51150131225586 11.098426818847656 149 145 144
-0.5770388245582581 -16.69510269165039 10.869551658630371 172 168 167
-3.5595409870147705 -15.68262004852295 10.720704078674316 86 84 85
0.7987096309661865 -17.623199462890625 11.199804306030273 63 59 58
2.226494312286377 -17.882247924804688 11.143026351928711 187 179 177
-0.857939600944519 -16.64589500427246 10.875476837158203 71 69 70
-0.857939600944519 -16.64589500427246 10.875476837158203 71 69 70
-2.6072754859924316 -15.823040962219238 10.649892807006836 150 148 149
-1.6554725170135498 -16.078996658325195 10.642505645751953 169 167 168
1.7517949342727661 -17.69674301147461 11.074226379394531 151 146 143
1.5691919326782227 -17.89007568359375 11.202007293701172 51 46 43
1.5691919326782227 -17.89007568359375 11.202007293701172 51 46 43
2.02207350730896 -18.064661026000977 11.231462478637695 85 77 75
2.567678451538086 -17.779165267944336 10.968188285827637 67 57 56
2.379666566848755 -17.93062400817871 11.072765350341797 210 200 199
-0.8510394096374512 -16.70489501953125 10.840699195861816 176 174 175
0.9921672940254211 -17.514768600463867 11.033184051513672 74 70 69
3.3811066150665283 -17.615324020385742 10.741852760314941 58 46 46
1.8206813335418701 -18.126413345336914 11.24971866607666 93 88 85
-2.525590419769287 -15.762414932250977 10.528241157531738 182 180 181
-1.1496082544326782 -16.497282028198242 10.731505393981934 176 174 175
-0.1209767758846283 -17.276376724243164 11.01726245880127 165 161 160
-0.698303759098053 -16.794931411743164 10.822622299194336 103 102 100
-0.5789173245429993 -17.061349868774414 10.94873046875 187 186 184
0.4339572787284851 -17.393587112426758 10.987841606140137 68 64 63
2.882941246032715 -17.900732040405273 10.91639518737793 181 171 170
2.0225698947906494 -17.980897903442383 11.082507133483887 82 73 72
2.4721286296844482 -17.801219940185547 10.908952713012695 195 185 184
2.4478323459625244 -18.164579391479492 11.109864234924316 62 52 51
-2.637481212615967 -15.701688766479492 10.46151351928711 189 187 188
-1.5773171186447144 -16.12590789794922 10.53808307647705 92 90 91
-3.524667739868164 -15.841775894165039 10.656572341918945 171 169 170
2.1262094974517822 -18.03416633605957 11.048168182373047 196 186 185
-3.571381092071533 -15.7407865524292 10.589624404907227 161 159 160
-1.2320996522903442 -16.357315063476562 10.584413528442383 87 85 86
-2.920679807662964 -15.868524551391602 10.558873176574707 66 64 65
-2.920679807662964 -15.868524551391602 10.558873176574707 66 64 65
2.0314176082611084 -17.904590606689453 10.958138465881348 71 61 60
1.4625674486160278 -17.711109161376953 10.927562713623047 63 58 55
3.293943166732788 -18.35340118408203 11.011700630187988 62 50 50
2.0140111446380615 -18.031455993652344 11.009227752685547 146 136 135
0.6942146420478821 -17.562137603759766 10.921542167663574 160 156 155
1.7364654541015625 -17.940937042236328 10.973162651062012 68 63 60
0.4685831367969513 -17.108659744262695 10.682833671569824 150 146 145
1.921587586402893 -18.04490089416504 10.987150192260742 171 161 160
-2.9648396968841553 -15.784077644348145 10.451019287109375 176 174 175
0.9833774566650391 -17.607471466064453 10.87041187286377 161 157 154
1.6146997213363647 -17.848041534423828 10.899962425231934 71 66 63
-1.0052578449249268 -16.190448760986328 10.359126091003418 179 177 178
2.511704444885254 -18.158641815185547 10.916478157043457 169 159 158
2.279315233230591 -18.24409294128418 10.992606163024902 95 85 84
-2.8622050285339355 -15.758530616760254 10.387432098388672 91 89 90
0.4246203601360321 -17.28959083557129 10.736213684082031 169 165 164
-2.933786630630493 -15.737504005432129 10.372036933898926 85 83 84
1.6391569375991821 -17.746227264404297 10.788131713867188 180 172 170
0.9670802354812622 -17.64240264892578 10.81961727142334 72 68 65
-3.3811230659484863 -15.788898468017578 10.448982238769531 191 189 190
1.8644334077835083 -17.726024627685547 10.717328071594238 173 163 162
-1.259653925895691 -16.186695098876953 10.330403327941895 154 152 153
-2.005643367767334 -15.973194122314453 10.309479713439941 102 100 101
0.4599320590496063 -17.557870864868164 10.79709243774414 194 190 189
0.4599320590496063 -17.557870864868164 10.79709243774414 194 190 189
0.6099141836166382 -17.36165428161621 10.659112930297852 180 176 175
3.3457112312316895 -18.29495620727539 10.74800968170166 167 155 155
-1.8269660472869873 -16.029829025268555 10.282380104064941 63 61 62
-2.76248836517334 -15.753189086914062 10.26778507232666 159 157 158
-0.0077516622841358185 -17.29029655456543 10.682618141174316 100 96 95
1.4603540897369385 -17.70367431640625 10.66237735748291 76 71 68
1.4603540897369385 -17.70367431640625 10.66237735748291 76 71 68
-3.221604108810425 -15.830981254577637 10.358211517333984 99 97 98
-1.7595938444137573 -16.056865692138672 10.25998592376709 162 160 161
-3.4178318977355957 -15.808354377746582 10.36050796508789 187 185 186
-2.2607626914978027 -15.921561241149902 10.24320125579834 88 86 87
-0.17034146189689636 -17.038639068603516 10.505533218383789 88 84 83
0.6227206587791443 -17.61629295349121 10.691180229187012 164 160 159
0.1610240936279297 -17.048114776611328 10.446638107299805 173 169 168
-2.6203525066375732 -16.059032440185547 10.338953018188477 85 83 84
-2.3063573837280273 -15.885645866394043 10.189743995666504 151 149 150
-0.5301405191421509 -16.461273193359375 10.22022819519043 189 185 184
2.8124423027038574 -18.193784713745117 10.638063430786133 89 77 77
-1.623018503189087 -16.13957405090332 10.200517654418945 157 155 156
1.4926855564117432 -17.79246711730957 10.607405662536621 90 85 82
2.0624682903289795 -17.815067291259766 10.52444839477539 162 152 151
-2.6061041355133057 -16.082319259643555 10.277008056640625 167 165 166
-2.6061041355133057 -16.082319259643555 10.277008056640625 167 165 166
2.063368797302246 -17.948360443115234 10.530656814575195 69 59 58
-3.0261383056640625 -15.679051399230957 10.109941482543945 80 78 79
-3.0261383056640625 -15.679051399230957 10.109941482543945 80 78 79
2.132181406021118 -17.801332473754883 10.428396224975586 195 185 184
-2.735092878341675 -15.68196964263916 10.05353832244873 77 75 76
-2.9586117267608643 -15.93411922454834 10.218579292297363 155 153 154
-2.171881914138794 -15.816932678222656 10.030933380126953 144 142 143
-1.5983381271362305 -16.014034271240234 10.035208702087402 167 165 166
-2.3848485946655273 -15.845099449157715 10.063340187072754 130 128 129
0.7196939587593079 -17.60219955444336 10.506645202636719 61 57 56
0.7196939587593079 -17.60219955444336 10.506645202636719 61 57 56
0.014375229366123676 -16.934627532958984 10.252612113952637 185 181 180
-0.49047842621803284 -16.627836227416992 10.1688871383667 88 84 83
-2.222888231277466 -15.887598037719727 10.045080184936523 74 72 73
-2.649608612060547 -15.82479190826416 10.07467269897461 84 82 83
-2.649608612060547 -15.82479190826416 10.07467269897461 84 82 83
-3.081088066101074 -15.848843574523926 10.155255317687988 187 185 186
-2.884089231491089 -15.787033081054688 10.085420608520508 71 69 70
0.9070796966552734 -17.55866241455078 10.397904396057129 72 68 67
-2.3791472911834717 -15.744494438171387 9.947454452514648 85 83 84
-2.3791472911834717 -15.744494438171387 9.947454452514648 85 83 84
1.0132346153259277 -17.447206497192383 10.278519630432129 160 156 155
1.7550815343856812 -17.900808334350586 10.400391578674316 165 155 154
-0.011692035011947155 -16.85213851928711 10.123896598815918 106 102 101
-0.6115096211433411 -16.27579116821289 9.916899681091309 90 86 85
1.8999567031860352 -17.70189094543457 10.261175155639648 106 96 95
-1.788370132446289 -15.803178787231445 9.84856128692627 133 131 132
-0.34931954741477966 -16.861713409423828 10.173551559448242 202 198 197
-0.04864559695124626 -17.026018142700195 10.197181701660156 173 169 168
-2.727402925491333 -15.837972640991211 9.993743896484375 150 148 149
-1.2078315019607544 -15.926645278930664 9.779204368591309 88 87 85
2.794137954711914 -18.112459182739258 10.270109176635742 187 175 175
-2.3111507892608643 -15.903782844543457 9.934961318969727 69 67 68
-2.531862497329712 -15.906744956970215 9.964037895202637 162 160 161
-0.22765636444091797 -16.687976837158203 9.993456840515137 191 187 186
0.5894725322723389 -17.222797393798828 10.141416549682617 81 77 76
1.5221855640411377 -17.856910705566406 10.298532485961914 189 184 181
-0.969653844833374 -16.136173248291016 9.803409576416016 71 70 68
-1.22720468044281 -16.00002670288086 9.768502235412598 161 160 158
-3.0547807216644287 -15.856077194213867 9.991421699523926 85 83 84
0.41967901587486267 -17.37997817993164 10.212945938110352 95 91 90
-2.6762311458587646 -15.773124694824219 9.870650291442871 75 73 74
-2.6762311458587646 -15.773124694824219 9.870650291442871 75 73 74
-1.7062846422195435 -15.988443374633789 9.810997009277344 171 169 170
-2.2234740257263184 -15.932103157043457 9.864006042480469 91 89 90
-2.2234740257263184 -15.932103157043457 9.864006042480469 91 89 90
1.0779881477355957 -17.39566993713379 10.071410179138184 120 116 115
0.022275086492300034 -17.007434844970703 10.040178298950195 88 84 83
-0.05968654528260231 -17.06281280517578 10.073936462402344 187 183 182
-1.4254201650619507 -16.006772994995117 9.745709419250488 179 178 176
-0.4299483299255371 -16.636066436767578 9.898391723632812 121 120 118
-2.8178656101226807 -15.967411994934082 9.93621826171875 67 65 66
-2.860318660736084 -15.81572437286377 9.865945816040039 171 169 170
-2.1856019496917725 -16.01478385925293 9.852852821350098 173 171 172
-1.2269387245178223 -16.203893661499023 9.79057788848877 81 80 78
-1.4302561283111572 -15.839677810668945 9.608823776245117 53 52 50
2.4458842277526855 -18.068471908569336 10.103616714477539 117 105 105
2.009003162384033 -17.803123474121094 10.021563529968262 185 175 174
0.450052946805954 -16.991104125976562 9.824738502502441 80 76 75
0.8234135508537292 -17.163013458251953 9.845248222351074 158 154 153
-2.92829966545105 -15.934138298034668 9.832310676574707 148 146 147
1.1525514125823975 -17.40317726135254 9.89630126953125 61 57 54
-1.8957258462905884 -15.806249618530273 9.577917098999023 181 179 180
-1.4389777183532715 -15.848003387451172 9.511515617370605 104 103 101
1.3801519870758057 -17.35222816467285 9.797524452209473 80 75 72
-1.4861762523651123 -15.933887481689453 9.553027153015137 74 72 73
-1.8182945251464844 -15.877857208251953 9.575446128845215 73 71 72
-1.2078081369400024 -15.985332489013672 9.518372535705566 149 148 146
1.0791953802108765 -17.26638412475586 9.76609992980957 174 170 167
-2.10363507270813 -15.88163948059082 9.602608680725098 154 152 153
0.6875836253166199 -17.063518524169922 9.723893165588379 184 180 179
1.1598352193832397 -17.325191497802734 9.751617431640625 67 63 60
-1.4797483682632446 -15.90782642364502 9.485782623291016 163 161 162
-2.5974535942077637 -15.950057029724121 9.683749198913574 159 157 158
-1.5291246175765991 -16.091100692749023 9.573197364807129 186 184 185
0.6445155739784241 -17.101484298706055 9.694639205932617 80 76 75
1.7464749813079834 -17.54231071472168 9.688275337219238 93 83 82
-0.9450538754463196 -16.058401107788086 9.399883270263672 165 164 162
-1.8058981895446777 -15.83665943145752 9.43041706085205 162 160 161
-0.24460956454277039 -16.575862884521484 9.525670051574707 90 89 87
-1.8497804403305054 -16.045623779296875 9.520781517028809 175 173 174
-1.0580577850341797 -16.112319946289062 9.41744327545166 179 178 176
-1.0580577850341797 -16.112319946289062 9.41744327545166 179 178 176
-1.503462314605713 -15.884597778320312 9.37704086303711 168 166 167
0.8472951054573059 -17.15778160095215 9.594549179077148 83 79 78
0.09679938852787018 -16.715822219848633 9.495762825012207 182 178 177
-0.27411380410194397 -16.17409324645996 9.266639709472656 168 164 163
0.290945827960968 -16.752195358276367 9.444724082946777 84 80 79
1.276046633720398 -17.281152725219727 9.532898902893066 61 56 53
-2.272097587585449 -15.823915481567383 9.41871452331543 107 105 106
-2.752727746963501 -15.947446823120117 9.562280654907227 175 173 174
0.4900969862937927 -16.4444522857666 9.242241859436035 154 150 149
1.5555293560028076 -17.22099494934082 9.433674812316895 107 99 97
1.3958332538604736 -17.477266311645508 9.573720932006836 169 164 161
-2.126370429992676 -16.086965560913086 9.49610424041748 153 151 152
-2.548213481903076 -16.157861709594727 9.5896577835083 184 182 183
1.9157062768936157 -17.60474967956543 9.522510528564453 187 177 176
-2.690383195877075 -15.906143188476562 9.489912033081055 101 99 100
-1.9348536729812622 -16.110315322875977 9.4442138671875 157 155 156
-0.4591119885444641 -16.166301727294922 9.21778678894043 74 73 71
-1.5891211032867432 -16.054237365722656 9.356512069702148 186 184 185
-0.8706524968147278 -15.836579322814941 9.11390209197998 58 57 55
-0.43628057837486267 -16.095399856567383 9.13861083984375 149 148 146
-0.5042847394943237 -16.197723388671875 9.1954345703125 185 184 182
-2.7758662700653076 -16.04960823059082 9.515996932983398 183 181 182
-2.421825408935547 -16.071109771728516 9.43860149383545 175 173 174
-0.4508403241634369 -16.15662384033203 9.12509536743164 83 82 80
-1.4363163709640503 -15.929067611694336 9.180500984191895 184 183 181
-2.369051694869995 -15.97664737701416 9.366789817810059 96 94 95
-0.2593984305858612 -15.837018966674805 8.92115592956543 101 97 96
-0.2593984305858612 -15.837018966674805 8.92115592956543 101 97 96
-2.297808885574341 -15.843512535095215 9.282244682312012 76 74 75
-2.255495309829712 -15.974875450134277 9.333662033081055 161 159 160
0.0823897272348404 -16.504741668701172 9.167476654052734 83 79 78
0.5080034732818604 -16.71015739440918 9.177245140075684 188 184 183
0.11932499706745148 -16.214208602905273 8.981466293334961 178 174 173
1.298405647277832 -17.248374938964844 9.26745319366455 99 93 93
-2.3694519996643066 -15.891140937805176 9.267309188842773 187 185 186
-0.2793239951133728 -16.16398811340332 9.01866626739502 103 99 98
-0.4132350981235504 -16.19502067565918 9.05290699005127 74 70 69
-3.0247607231140137 -16.03422737121582 9.439594268798828 167 165 166
-0.9833620190620422 -15.921695709228516 9.021663665771484 183 182 180
-1.3703826665878296 -16.03034782409668 9.13516902923584 150 149 147
-0.9290377497673035 -15.88809871673584 8.980425834655762 98 97 95
0.11240875720977783 -16.366365432739258 9.013190269470215 93 89 88
-2.35990571975708 -15.806530952453613 9.178601264953613 85 83 84
-1.472007155418396 -15.933633804321289 9.070196151733398 176 175 173
-1.0313349962234497 -16.11013412475586 9.067343711853027 80 79 77
-2.2656807899475098 -15.92000961303711 9.194770812988281 156 154 155
-1.4432445764541626 -15.884195327758789 9.026686668395996 72 71 69
-1.4432445764541626 -15.884195327758789 9.026686668395996 72 71 69
-2.110792875289917 -15.959318161010742 9.185660362243652 103 101 102
-1.8087034225463867 -16.07347297668457 9.182066917419434 86 84 85
-1.8098435401916504 -16.05836296081543 9.174735069274902 86 84 85
-2.010798692703247 -15.96579360961914 9.15517807006836 178 176 177
-0.7967941164970398 -16.107027053833008 8.98890209197998 82 81 79
-1.719049096107483 -15.900738716125488 9.055366516113281 157 155 156
-1.7606091499328613 -16.009445190429688 9.098308563232422 185 183 184
-1.8364884853363037 -15.974005699157715 9.0816011428833 173 171 172
-2.144571304321289 -15.986781120300293 9.139779090881348 164 162 163
1.4416264295578003 -17.081504821777344 8.987824440002441 133 125 123
-1.5344696044921875 -15.839531898498535 8.944114685058594 67 65 66
-1.4008134603500366 -15.945279121398926 8.965110778808594 86 85 83
-0.8685666918754578 -16.06915855407715 8.923216819763184 77 76 74
-2.2398297786712646 -15.805680274963379 9.041972160339355 171 169 170
-1.7269694805145264 -16.033838272094727 9.053902626037598 64 62 63
1.1605397462844849 -16.78644561767578 8.877650260925293 181 177 176
-0.679480254650116 -16.07120704650879 8.86982536315918 84 83 81
0.018447687849402428 -16.255739212036133 8.824108123779297 158 154 153
-2.2602736949920654 -16.120805740356445 9.165570259094238 82 80 81
-1.092451572418213 -16.124412536621094 8.926215171813965 181 180 178
-0.6533870697021484 -16.08916473388672 8.830490112304688 161 160 158
-0.9835103154182434 -15.985651016235352 8.833784103393555 179 178 176
-0.24857017397880554 -16.149627685546875 8.77130126953125 174 170 169
-1.4711157083511353 -15.87981128692627 8.866439819335938 181 179 180
-0.17334744334220886 -16.1625919342041 8.746935844421387 106 102 101
-0.17307251691818237 -16.167232513427734 8.748785972595215 106 102 101
-1.1932761669158936 -15.87247371673584 8.795693397521973 198 197 195
-1.967881441116333 -15.884703636169434 8.941218376159668 81 79 80
-0.26345089077949524 -16.031667709350586 8.670077323913574 78 74 73
-2.0865635871887207 -15.839592933654785 8.919953346252441 86 84 85
1.1054259538650513 -16.567184448242188 8.65951156616211 104 100 99
-0.4138542711734772 -15.956631660461426 8.61821460723877 79 75 74
-1.2413759231567383 -16.005708694458008 8.78696060180664 68 67 65
-0.6711597442626953 -16.010766983032227 8.652884483337402 81 80 78
-0.7291088104248047 -16.01761817932129 8.630439758300781 71 70 68
0.495518296957016 -16.206594467163086 8.476035118103027 155 151 150
-2.357717990875244 -16.040813446044922 8.920713424682617 90 88 89
-0.3259412348270416 -16.02341079711914 8.519729614257812 159 155 154
-0.743510365486145 -16.015966415405273 8.579239845275879 190 189 187
-0.743510365486145 -16.015966415405273 8.579239845275879 190 189 187
-0.05551328882575035 -15.995116233825684 8.438983917236328 160 156 155
-0.7895849943161011 -16.202463150024414 8.672696113586426 172 171 169
-0.7895849943161011 -16.202463150024414 8.672696113586426 172 171 169
-0.8735535144805908 -16.0833740234375 8.61698055267334 177 176 174
-0.37096548080444336 -16.157684326171875 8.540877342224121 91 87 86
-0.2053213268518448 -15.774383544921875 8.329976081848145 178 174 173
-0.44789066910743713 -16.079177856445312 8.502705574035645 97 94 92
-1.9979535341262817 -15.901568412780762 8.706745147705078 74 72 73
0.3213920593261719 -15.947279930114746 8.272884368896484 176 172 171
-0.41282081604003906 -15.616510391235352 8.245147705078125 69 65 64
-0.585859477519989 -16.01777458190918 8.417290687561035 130 129 127
-1.9860010147094727 -16.01807403564453 8.684746742248535 177 175 176
0.142399400472641 -16.208677291870117 8.356436729431152 145 141 140
-0.2789273262023926 -15.898926734924316 8.297115325927734 192 188 187
-0.6600727438926697 -15.949339866638184 8.383804321289062 171 170 168
-0.5558301210403442 -16.099214553833008 8.399890899658203 62 61 59
0.6643294095993042 -15.856348991394043 8.056256294250488 162 158 157
-0.27478715777397156 -15.901198387145996 8.237480163574219 82 78 77
-0.5455634593963623 -15.991159439086914 8.315664291381836 155 154 152
0.10230259597301483 -15.976388931274414 8.129582405090332 80 76 75
0.34456464648246765 -15.721200942993164 7.909438610076904 173 169 168
0.43455708026885986 -15.812152862548828 7.908414840698242 73 69 68
0.24211068451404572 -15.66726303100586 7.871075630187988 158 154 153
0.24211068451404572 -15.66726303100586 7.871075630187988 158 154 153
0.48008814454078674 -15.692404747009277 7.820481300354004 191 187 186
0.33891406655311584 -15.786343574523926 7.886811256408691 50 46 45
-1.3007482290267944 -15.842849731445312 8.228263854980469 79 78 76
-0.605061411857605 -15.739925384521484 7.984532833099365 168 167 165
-0.605061411857605 -15.739925384521484 7.984532833099365 168 167 165
-0.6851370930671692 -15.732852935791016 7.983591556549072 88 87 85
-0.6851370930671692 -15.732852935791016 7.983591556549072 88 87 85
-1.3239128589630127 -15.883641242980957 8.160856246948242 70 69 67
-0.08576156198978424 -15.646257400512695 7.784965515136719 65 61 60
0.34823712706565857 -15.645258903503418 7.6980204582214355 170 166 165
-0.5009569525718689 -15.710094451904297 7.888350486755371 191 190 188
-0.5009569525718689 -15.710094451904297 7.888350486755371 191 190 188
-0.8082459568977356 -16.070659637451172 8.090248107910156 107 106 104
-0.0852472335100174 -15.733776092529297 7.782043933868408 178 174 173
-1.044996738433838 -15.881583213806152 8.034828186035156 166 165 163
-1.044996738433838 -15.881583213806152 8.034828186035156 166 165 163
0.10538928955793381 -15.391361236572266 7.594622611999512 154 150 149
-0.21059831976890564 -15.729469299316406 7.7815470695495605 193 189 188
0.3227287828922272 -15.40377426147461 7.518152713775635 176 172 171
-1.0536800622940063 -15.810229301452637 7.960290431976318 78 77 75
0.15110889077186584 -15.68498420715332 7.66263484954834 73 69 68
-0.03614397346973419 -15.614237785339355 7.665449619293213 186 182 181
-0.20299001038074493 -15.653336524963379 7.708941459655762 79 75 74
0.3358398675918579 -15.34045696258545 7.458045482635498 56 52 51
-0.25806641578674316 -15.644098281860352 7.697343826293945 49 45 44
-0.25806641578674316 -15.644098281860352 7.697343826293945 49 45 44
-0.741265058517456 -15.864846229553223 7.8726725578308105 192 191 189
0.0743580237030983 -15.350019454956055 7.483432292938232 154 150 149
-0.225688636302948 -15.623116493225098 7.646044731140137 167 163 162
0.03565329685807228 -15.427948951721191 7.50690221786499 170 166 165
0.03565329685807228 -15.427948951721191 7.50690221786499 170 166 165
0.33974766731262207 -15.372949600219727 7.4151105880737305 181 177 176
-0.3000926375389099 -15.610941886901855 7.633489608764648 192 188 187
-0.04558708518743515 -15.447209358215332 7.501338005065918 180 176 175
-0.6932822465896606 -15.669422149658203 7.707405090332031 175 174 172
-0.35988590121269226 -15.652303695678711 7.629575252532959 187 183 182
-0.43046098947525024 -15.745028495788574 7.675140857696533 128 127 125
-0.5056054592132568 -15.657541275024414 7.501137733459473 97 96 94
1.3994311094284058 -16.493696212768555 19.07560157775879 141 137 134
1.267696738243103 -20.78741455078125 22.13271141052246 91 87 86
2.5211400985717773 -19.87016487121582 21.76021957397461 98 94 91
3.030353307723999 -23.515226364135742 24.818500518798828 71 67 64
2.5787365436553955 -21.65107536315918 22.9119815826416 142 138 135
3.2222282886505127 -21.867185592651367 23.34661865234375 157 153 150
3.2222282886505127 -21.867185592651367 23.34661865234375 157 153 150
1.2934259176254272 -21.1614933013916 20.790733337402344 174 170 167
3.8905856609344482 -19.65784454345703 20.952800750732422 79 75 72
3.673764228820801 -18.602575302124023 19.878517150878906 165 161 158
4.245755672454834 -29.23227310180664 27.338441848754883 116 112 109
4.050819396972656 -24.645244598388672 23.905778884887695 98 94 91
3.348872184753418 -24.956680297851562 23.768569946289062 121 117 114
3.593609094619751 -25.435169219970703 24.045137405395508 175 171 168
7.483063697814941 -31.943252563476562 30.509746551513672 165 160 157
3.6476616859436035 -23.916624069213867 22.910980224609375 109 105 102
1.4802592992782593 -21.50382423400879 20.115385055541992 166 162 159
0.2757907807826996 -18.209272384643555 17.038116455078125 194 190 187
4.536932945251465 -26.557209014892578 24.990150451660156 86 82 79
2.918398380279541 -21.05601692199707 19.784685134887695 94 90 86
6.463476181030273 -30.182403564453125 27.669919967651367 164 159 155
6.492124080657959 -30.29300880432129 27.537351608276367 104 99 95
6.890085220336914 -30.772783279418945 27.114795684814453 178 173 169
7.359338283538818 -29.129636764526367 26.221050262451172 105 100 96
5.007309436798096 -17.716663360595703 17.528112411499023 153 148 145
11.095147132873535 -41.548583984375 35.402976989746094 160 155 151
8.001662254333496 -34.0490608215332 28.845199584960938 174 169 165
5.483247756958008 -18.585203170776367 18.008718490600586 98 93 90
9.197049140930176 -37.15773010253906 31.108551025390625 110 105 101
4.845751762390137 -17.231569290161133 16.760406494140625 162 157 154
4.813107967376709 -16.550647735595703 16.155305862426758 155 150 147
15.837420463562012 -44.291038513183594 37.75496292114258 171 166 162
8.001458168029785 -23.67201042175293 21.70711898803711 168 163 160
6.156081676483154 -19.614492416381836 18.408750534057617 189 184 181
6.393022060394287 -19.834484100341797 18.558439254760742 87 82 79
10.878857612609863 -36.188743591308594 30.239107131958008 112 107 103
9.96843147277832 -33.53415298461914 28.05792236328125 175 170 166
11.612460136413574 -38.65977096557617 30.78321647644043 183 178 174
11.612460136413574 -38.65977096557617 30.78321647644043 183 178 174
8.61970043182373 -24.017059326171875 19.72568130493164 104 99 96
17.03563690185547 -46.32748031616211 34.25865936279297 169 159 157
14.462434768676758 -37.90040588378906 26.804357528686523 93 83 81
11.534226417541504 -32.17369842529297 22.835100173950195 174 164 162
14.112711906433105 -37.9730224609375 26.324447631835938 93 82 80
14.112711906433105 -37.9730224609375 26.324447631835938 93 82 80
12.08863353729248 -34.64523696899414 23.914094924926758 190 180 178
9.555028915405273 -26.597883224487305 19.115646362304688 95 83 83
8.302407264709473 -22.373458862304688 16.476762771606445 89 78 76
9.922992706298828 -26.579360961914062 18.787864685058594 177 166 160
15.775018692016602 -44.34037399291992 28.65662956237793 118 107 105
7.31486177444458 -19.42266845703125 14.694879531860352 173 162 160
13.832613945007324 -37.72500228881836 24.93284797668457 99 85 84
10.423332214355469 -27.560302734375 19.201353073120117 70 59 53
9.290915489196777 -24.267717361450195 17.385282516479492 106 95 93
14.018156051635742 -37.07796859741211 24.527048110961914 173 159 158
11.472349166870117 -28.938465118408203 19.896570205688477 80 69 63
13.190793991088867 -34.717262268066406 22.848697662353516 181 170 164
12.562654495239258 -31.490854263305664 20.939586639404297 172 159 153
10.32283878326416 -25.60211753845215 17.65428924560547 143 129 128
13.834724426269531 -34.713497161865234 22.545825958251953 96 84 78
9.7416410446167 -24.994098663330078 17.079011917114258 102 87 82
13.332327842712402 -32.82307815551758 21.137008666992188 150 135 130
12.852100372314453 -31.483123779296875 20.412704467773438 155 140 135
12.370253562927246 -29.962404251098633 19.502559661865234 76 61 56
7.043058395385742 -19.21272850036621 8.554012298583984 248 173 106
-4.316808223724365 -3.5303707122802734 4.201046466827393 175 174 172
-4.088943004608154 -3.487630844116211 4.420182228088379 122 121 119
-4.455380439758301 -3.6034295558929443 4.027742385864258 179 178 176
-4.438173294067383 -3.602417230606079 4.0192484855651855 105 104 102
-4.165208339691162 -3.54287052154541 4.311050891876221 165 164 162
-4.4696364402771 -3.5999505519866943 3.9607977867126465 153 152 150
-3.953719139099121 -3.4809539318084717 4.5209550857543945 171 167 166
-4.054439544677734 -3.5299086570739746 4.412017345428467 165 161 160
-4.16461706161499 -3.518439292907715 4.262689113616943 93 92 90
-4.101083755493164 -3.5160505771636963 4.3394083976745605 103 99 98
-4.203549385070801 -3.5386691093444824 4.2071661949157715 106 105 103
-4.315741539001465 -3.5927791595458984 4.100975036621094 106 105 103
-4.205740928649902 -3.5448477268218994 4.166274547576904 173 172 170
-4.341305732727051 -3.5779526233673096 4.015510082244873 111 110 108
-4.0317254066467285 -3.505293130874634 4.338911533355713 189 185 184
-4.037632465362549 -3.530564785003662 4.316146373748779 182 181 179
-4.468587398529053 -3.634627103805542 3.8593177795410156 122 121 119
-4.170077800750732 -3.560079574584961 4.145586013793945 189 188 186
-4.313838958740234 -3.5923330783843994 3.9878454208374023 168 167 165
-4.125485897064209 -3.5238213539123535 4.144948482513428 185 182 180
-4.104889869689941 -3.537113666534424 4.150032997131348 98 94 93
-4.104889869689941 -3.537113666534424 4.150032997131348 98 94 93
-4.138326644897461 -3.5280187129974365 4.103845596313477 179 178 176
-4.138326644897461 -3.5280187129974365 4.103845596313477 179 178 176
-4.240445613861084 -3.56748366355896 4.006272792816162 169 168 166
-4.150118827819824 -3.5564968585968018 4.089910507202148 108 107 105
-4.224456310272217 -3.5787830352783203 4.008179187774658 100 99 97
-4.126932144165039 -3.5577824115753174 4.108206748962402 123 122 120
-3.899704694747925 -3.5275368690490723 4.355253219604492 166 162 159
-3.9894142150878906 -3.541440010070801 4.225527286529541 109 105 102
-4.151219844818115 -3.5683681964874268 4.049046039581299 92 91 89
-3.843198537826538 -3.4988317489624023 4.361696720123291 169 165 162
-4.14054536819458 -3.5561485290527344 4.027042388916016 185 184 182
-3.916539192199707 -3.5189208984375 4.2382612228393555 176 172 169
-4.223959445953369 -3.5889933109283447 3.907439708709717 159 158 156
-4.223959445953369 -3.5889933109283447 3.907439708709717 159 158 156
-3.8948564529418945 -3.544135093688965 4.248435974121094 106 102 99
-4.144026756286621 -3.556779146194458 3.9615650177001953 175 174 172
-4.019594669342041 -3.5298800468444824 4.081714630126953 112 108 105
-4.019594669342041 -3.5298800468444824 4.081714630126953 112 108 105
-4.376631259918213 -3.6334543228149414 3.7088944911956787 167 166 164
-4.217860698699951 -3.589580535888672 3.848273515701294 156 155 153
-4.1394944190979 -3.589857578277588 3.934123992919922 173 172 170
-4.282111644744873 -3.624364137649536 3.786728858947754 112 111 109
-3.9385013580322266 -3.53341007232666 4.128025054931641 108 104 101
-4.345375061035156 -3.6423752307891846 3.716367244720459 118 117 115
-4.050774097442627 -3.563164472579956 3.992757558822632 127 123 120
-4.159692287445068 -3.567636013031006 3.852145195007324 100 99 97
-4.124955654144287 -3.57206654548645 3.888932466506958 178 177 175
-4.014564514160156 -3.5617098808288574 4.0037760734558105 126 122 119
-3.958204984664917 -3.5522358417510986 4.054646968841553 188 184 181
-4.0045647621154785 -3.5438082218170166 3.9811973571777344 187 183 180
-4.02583646774292 -3.5459656715393066 3.932464361190796 136 132 129
-4.279267311096191 -3.61417818069458 3.6746737957000732 155 154 152
-4.279267311096191 -3.61417818069458 3.6746737957000732 155 154 152
-4.067845821380615 -3.563673257827759 3.848586320877075 175 171 168
-4.067845821380615 -3.563673257827759 3.848586320877075 175 171 168
-3.8920373916625977 -3.5195324420928955 4.017129421234131 195 191 188
-4.25191593170166 -3.608952283859253 3.650834083557129 153 152 150
-4.280282974243164 -3.641188859939575 3.6217455863952637 147 146 144
-3.8170177936553955 -3.546550989151001 4.084622383117676 117 113 112
-3.8170177936553955 -3.546550989151001 4.084622383117676 117 113 112
-4.071736812591553 -3.588926076889038 3.817058563232422 172 171 169
-3.910310983657837 -3.5513503551483154 3.9660050868988037 189 185 182
-4.030204772949219 -3.568920850753784 3.834684371948242 110 106 103
-4.195916175842285 -3.603628635406494 3.665992498397827 178 177 175
-3.8551270961761475 -3.5361475944519043 3.997189998626709 115 111 110
-3.873680591583252 -3.529209613800049 3.9608776569366455 173 169 168
-4.1071577072143555 -3.596336603164673 3.7261128425598145 176 175 173
-3.979459762573242 -3.575547218322754 3.804854393005371 121 117 114
-3.8546156883239746 -3.5406746864318848 3.916862964630127 179 175 174
-4.0305352210998535 -3.5802536010742188 3.7408857345581055 122 121 119
-4.003787994384766 -3.586142063140869 3.7691116333007812 129 125 122
-4.078771114349365 -3.584458112716675 3.6657371520996094 163 162 160
-4.011188983917236 -3.5873301029205322 3.728713274002075 183 179 178
-4.031218528747559 -3.6068778038024902 3.7054121494293213 113 112 110
-3.853437662124634 -3.5612833499908447 3.8685102462768555 180 176 175
-3.8610503673553467 -3.5607476234436035 3.8433971405029297 124 120 119
-4.076833248138428 -3.599043846130371 3.5937118530273438 91 90 88
-4.1452836990356445 -3.6392650604248047 3.5083611011505127 164 163 161
-4.1452836990356445 -3.6392650604248047 3.5083611011505127 164 163 161
-4.107834815979004 -3.645477771759033 3.499870777130127 176 175 173
-4.132151126861572 -3.6742334365844727 3.446288585662842 111 110 108
-3.8765599727630615 -3.5856776237487793 3.648702621459961 132 128 127
-4.1174468994140625 -3.6765153408050537 3.432790994644165 158 157 155
-3.8592677116394043 -3.581627130508423 3.6249852180480957 120 116 115
-4.008109092712402 -3.642977714538574 3.4433343410491943 181 177 176
-3.9928855895996094 -3.641523599624634 3.4343478679656982 102 101 99
-3.512157678604126 -3.586665630340576 3.896674871444702 119 115 112
-3.7343080043792725 -3.5515129566192627 3.619929552078247 168 164 163
-3.697909355163574 -3.599335193634033 3.61189341545105 114 110 107
-3.57963228225708 -3.5984346866607666 3.7071266174316406 117 113 112
-3.769723892211914 -3.6051743030548096 3.4419989585876465 94 90 89
-3.313844919204712 -3.5685276985168457 3.8604371547698975 155 150 147
-3.3903870582580566 -3.6033551692962646 3.6829187870025635 141 137 136
-3.5390803813934326 -3.6240432262420654 3.4186253547668457 160 156 155
-3.2571260929107666 -3.5978925228118896 3.629324436187744 162 157 154
-3.198962926864624 -3.5892176628112793 3.648591995239258 120 115 112
-3.2437520027160645 -3.6113064289093018 3.5930275917053223 173 169 166
-3.372737407684326 -3.6157429218292236 3.473031759262085 166 162 159
-3.2822327613830566 -3.6190531253814697 3.553497552871704 120 116 113
-3.3220105171203613 -3.6242148876190186 3.5091464519500732 117 113 110
-3.353363275527954 -3.6214101314544678 3.4684360027313232 111 107 104
-3.1289727687835693 -3.608276844024658 3.6118879318237305 179 174 171
-3.317333459854126 -3.6693062782287598 3.398421287536621 127 123 120
-3.2621679306030273 -3.6266696453094482 3.404979944229126 112 108 105
-3.3249802589416504 -3.688352108001709 3.2516326904296875 105 101 98
-3.603790521621704 -3.717160701751709 2.9668807983398438 126 122 119
-3.2118451595306396 -3.6529016494750977 3.283328056335449 95 91 88
-3.2203621864318848 -3.669342517852783 3.213799238204956 166 162 159
-3.0585577487945557 -3.650466203689575 3.2970101833343506 102 98 95
-3.074528694152832 0.8428624272346497 2.2058098316192627 158 154 153
-2.627263307571411 0.709709107875824 2.4128739833831787 0 0 0
-2.6185309886932373 0.6978658437728882 2.4088454246520996 162 162 160
-2.5885121822357178 0.328735888004303 2.0825188159942627 0 0 0
-2.5912389755249023 0.32513320446014404 2.0792860984802246 0 0 0
-8.737698554992676 1.8073924779891968 -1.2847836017608643 96 95 100
-9.043960571289062 1.7218639850616455 -2.5570151805877686 162 161 166
-9.027177810668945 1.7846112251281738 -2.057525873184204 150 149 154
-9.027177810668945 1.7846112251281738 -2.057525873184204 150 149 154
-8.991191864013672 1.733069896697998 -2.329493999481201 109 108 113
-8.937143325805664 1.7887662649154663 -1.8026331663131714 152 151 156
-8.882281303405762 1.7847599983215332 -1.5969029664993286 172 171 176
-8.9087495803833 1.8011687994003296 -1.448782205581665 98 97 102
-8.781942367553711 1.764949083328247 -1.4359673261642456 90 89 94
-8.781942367553711 1.764949083328247 -1.4359673261642456 90 89 94
-9.055717468261719 1.679473876953125 -2.550835371017456 93 92 97
-9.055717468261719 1.679473876953125 -2.550835371017456 93 92 97
-9.008153915405273 1.6911370754241943 -2.3409969806671143 156 155 160
-9.109088897705078 1.7424556016921997 -2.0076992511749268 72 72 74
-8.859980583190918 1.7435611486434937 -1.4490599632263184 148 147 152
-8.974035263061523 1.719605803489685 -1.8206137418746948 134 134 136
-8.814451217651367 1.611550211906433 -2.1237246990203857 81 80 85
-8.963266372680664 1.6480566263198853 -2.088165283203125 149 149 151
-9.03197956085205 1.710037112236023 -1.7945257425308228 133 132 137
-9.047325134277344 1.5819191932678223 -2.5278611183166504 162 162 164
-8.960068702697754 1.6156398057937622 -2.1099460124969482 90 90 92
-9.025158882141113 1.6622892618179321 -1.8739806413650513 126 126 128
-8.936925888061523 1.6008509397506714 -2.013249158859253 67 66 71
-8.989453315734863 1.678166151046753 -1.6110860109329224 73 72 77
-8.830353736877441 1.6746838092803955 -1.2967524528503418 105 104 109
-9.154376983642578 1.5331839323043823 -2.7097182273864746 173 172 177
-9.025888442993164 1.622631311416626 -1.8441792726516724 61 61 63
-8.987780570983887 1.545903205871582 -2.0681097507476807 92 91 96
-9.052698135375977 1.4919668436050415 -2.4392006397247314 171 169 174
-8.863995552062988 1.4809751510620117 -2.0475552082061768 166 165 170
-9.134794235229492 1.4696366786956787 -2.549219846725464 102 100 105
-9.134794235229492 1.4696366786956787 -2.549219846725464 102 100 105
-8.987103462219238 1.5261356830596924 -1.9030295610427856 152 152 154
-9.056000709533691 1.4543137550354004 -2.34295654296875 101 100 105
-8.962714195251465 1.5434528589248657 -1.6157054901123047 70 69 74
-9.0449857711792 1.4741557836532593 -2.164525270462036 63 62 67
-8.737772941589355 1.5584702491760254 -1.0728340148925781 112 110 113
-8.737772941589355 1.5584702491760254 -1.0728340148925781 112 110 113
-8.874924659729004 1.5466784238815308 -1.330233097076416 90 89 94
-8.966216087341309 1.5472623109817505 -1.4556574821472168 108 107 112
-9.017906188964844 1.5137838125228882 -1.5922397375106812 151 150 155
-8.96157455444336 1.5297527313232422 -1.4024765491485596 177 176 181
-9.102887153625488 1.5372569561004639 -1.5790926218032837 145 144 149
-9.09260368347168 1.4211671352386475 -2.164809226989746 88 88 90
-9.09260368347168 1.4211671352386475 -2.164809226989746 88 88 90
-8.99521541595459 1.4700037240982056 -1.6582975387573242 150 149 154
-9.021465301513672 1.47221839427948 -1.6001850366592407 70 69 74
-9.030040740966797 1.4508639574050903 -1.718643069267273 41 40 45
-9.226907730102539 1.4447972774505615 -2.0305604934692383 70 70 72
-9.226907730102539 1.4447972774505615 -2.0305604934692383 70 70 72
-8.970330238342285 1.4218627214431763 -1.7398594617843628 135 134 139
-8.952054977416992 1.455141305923462 -1.472304344177246 81 80 85
-9.102115631103516 1.3634452819824219 -2.231340169906616 73 73 75
-9.102115631103516 1.3634452819824219 -2.231340169906616 73 73 75
-8.795082092285156 1.4828208684921265 -1.055994987487793 111 110 115
-8.931756973266602 1.4614243507385254 -1.374852180480957 171 170 175
-9.039410591125488 1.4021689891815186 -1.817675232887268 62 61 66
-9.11964225769043 1.3205461502075195 -2.4001564979553223 164 162 165
-9.11964225769043 1.3205461502075195 -2.4001564979553223 164 162 165
-8.902083396911621 1.3449426889419556 -1.9327754974365234 74 74 76
-8.820048332214355 1.461643934249878 -1.102982997894287 171 170 175
-9.065434455871582 1.4003493785858154 -1.7643781900405884 64 63 68
-8.980691909790039 1.3890234231948853 -1.6271225214004517 153 152 157
-9.098688125610352 1.4170702695846558 -1.5909091234207153 79 78 83
-8.945843696594238 1.4349113702774048 -1.2639650106430054 159 159 161
-8.865314483642578 1.4363213777542114 -1.1408566236495972 104 104 106
-9.131377220153809 1.293168306350708 -2.3121843338012695 88 86 89
-8.99911117553711 1.398389458656311 -1.475307822227478 151 150 155
-9.084012985229492 1.3921769857406616 -1.6111823320388794 140 139 144
-9.236336708068848 1.3532121181488037 -2.0377795696258545 146 144 147
-9.023542404174805 1.3793368339538574 -1.5163291692733765 74 73 78
-8.819354057312012 1.4101072549819946 -1.039225459098816 108 107 112
-9.186665534973145 1.2356966733932495 -2.521639347076416 121 119 122
-8.941455841064453 1.3968404531478882 -1.2498323917388916 92 91 96
-8.941455841064453 1.3968404531478882 -1.2498323917388916 92 91 96
-8.892584800720215 1.4003522396087646 -1.1680243015289307 172 172 174
-9.072309494018555 1.389945149421692 -1.3801255226135254 158 157 162
-9.05521297454834 1.363644003868103 -1.4513479471206665 81 80 85
-9.02831745147705 1.28033447265625 -1.850752353668213 77 75 78
-8.771251678466797 1.3652299642562866 -1.0168468952178955 174 174 176
-9.019952774047852 1.294985294342041 -1.5780746936798096 139 139 141
-8.991427421569824 1.2218657732009888 -1.8081790208816528 147 145 148
-9.104994773864746 1.2040168046951294 -2.027139902114868 147 146 149
-9.022929191589355 1.293824315071106 -1.4158910512924194 75 74 79
-8.951387405395508 1.267572283744812 -1.4149786233901978 150 149 154
-9.019603729248047 1.276280164718628 -1.3838552236557007 86 85 90
-9.152277946472168 1.0985463857650757 -2.3653416633605957 165 163 168
-9.068652153015137 1.2157211303710938 -1.6500186920166016 62 62 64
-8.990870475769043 1.2458641529083252 -1.3650473356246948 161 160 165
-8.952220916748047 1.2728041410446167 -1.1726300716400146 176 176 178
-8.952220916748047 1.2728041410446167 -1.1726300716400146 176 176 178
-9.090544700622559 1.1546962261199951 -1.8069723844528198 59 58 63
-9.090005874633789 1.2300059795379639 -1.3941103219985962 89 88 93
-9.090005874633789 1.2300059795379639 -1.3941103219985962 89 88 93
-9.16158390045166 1.0651599168777466 -2.3169500827789307 92 90 93
-8.98728084564209 1.107469916343689 -1.8364208936691284 83 83 85
-8.871468544006348 1.233420729637146 -1.0464484691619873 161 159 162
-8.871468544006348 1.233420729637146 -1.0464484691619873 161 159 162
-8.957493782043457 1.0817692279815674 -1.8713020086288452 143 143 145
-8.88899040222168 1.0868139266967773 -1.7024459838867188 62 62 64
-8.85716438293457 1.1140437126159668 -1.5350921154022217 49 48 53
-8.9766263961792 1.1475807428359985 -1.4794766902923584 145 145 147
-9.013197898864746 1.0480875968933105 -1.963573694229126 86 84 87
-9.187104225158691 0.9963968992233276 -2.3821613788604736 113 111 114
-8.810680389404297 1.2054195404052734 -0.9058061838150024 187 185 190
-8.785623550415039 1.1984854936599731 -0.8418665528297424 93 91 96
-8.993778228759766 1.111132025718689 -1.5109845399856567 52 51 56
-8.993778228759766 1.111132025718689 -1.5109845399856567 52 51 56
-9.02573013305664 1.0531549453735352 -1.7026715278625488 137 136 141
-8.927204132080078 1.1362998485565186 -1.1676890850067139 167 167 169
-9.095696449279785 1.0881067514419556 -1.5441945791244507 146 146 148
-8.798933982849121 1.1378966569900513 -0.9585847854614258 164 162 165
-9.064291000366211 1.1063477993011475 -1.3714574575424194 156 156 158
-9.064291000366211 1.1063477993011475 -1.3714574575424194 156 156 158
-8.862244606018066 1.1275690793991089 -1.0344961881637573 91 89 92
-8.862244606018066 1.1275690793991089 -1.0344961881637573 91 89 92
-9.027069091796875 1.0319533348083496 -1.6231887340545654 135 134 139
-9.035322189331055 1.1052050590515137 -1.2060521841049194 84 84 86
-8.957021713256836 1.101144552230835 -1.0762865543365479 168 166 169
-9.09738540649414 1.052024245262146 -1.4059096574783325 153 153 155
-8.964566230773926 1.0544747114181519 -1.2362726926803589 83 83 85
-9.087584495544434 0.9696995615959167 -1.683211088180542 147 147 149
-9.000198364257812 1.0591413974761963 -1.1354849338531494 185 185 187
-8.87640380859375 1.0649821758270264 -0.8763229250907898 160 160 162
-9.006449699401855 1.0146294832229614 -1.2251769304275513 60 58 61
-9.079964637756348 0.8669387102127075 -1.9413509368896484 164 162 165
-9.014811515808105 1.021619200706482 -1.1443687677383423 97 95 98
-9.014811515808105 1.021619200706482 -1.1443687677383423 97 95 98
-8.956256866455078 0.9007861614227295 -1.633028268814087 156 156 158
-9.036288261413574 0.9173510074615479 -1.6202402114868164 50 50 52
-9.036288261413574 0.9173510074615479 -1.6202402114868164 50 50 52
-9.0068941116333 0.7879941463470459 -2.104218006134033 97 95 98
-9.112714767456055 0.8378341197967529 -1.9547525644302368 62 60 63
-9.112714767456055 0.8378341197967529 -1.9547525644302368 62 60 63
-8.840008735656738 0.9959380626678467 -0.9006882309913635 153 153 155
-8.9606351852417 0.8170749545097351 -1.7594516277313232 94 92 95
-9.053719520568848 0.7772653698921204 -2.038986921310425 102 99 102
-9.058412551879883 0.8795206546783447 -1.5624802112579346 151 151 153
-9.058412551879883 0.8795206546783447 -1.5624802112579346 151 151 153
-9.083441734313965 0.9273535013198853 -1.3262900114059448 49 49 51
-9.063874244689941 0.936577320098877 -1.268782615661621 167 167 169
-8.944585800170898 0.88042151927948 -1.386265516281128 45 45 47
-9.032108306884766 0.7938308715820312 -1.8582671880722046 158 156 159
-9.130279541015625 0.8503842949867249 -1.6533085107803345 48 46 49
-9.059833526611328 0.9099844694137573 -1.2357885837554932 68 66 71
-9.029678344726562 0.8863850831985474 -1.3015947341918945 127 125 130
-9.312747955322266 0.7743856906890869 -2.021045207977295 93 91 94
-9.089832305908203 0.8707727789878845 -1.3761494159698486 63 62 67
-8.900715827941895 0.9001316428184509 -1.0274583101272583 77 75 80
-8.951602935791016 0.8914333581924438 -1.1159124374389648 163 161 166
-9.03028392791748 0.7548828721046448 -1.748799443244934 169 167 170
-9.069209098815918 0.7205050587654114 -1.907577633857727 72 70 73
-9.033623695373535 0.7974646091461182 -1.4761024713516235 144 142 147
-8.903401374816895 0.743187427520752 -1.6011807918548584 60 58 61
-8.963698387145996 0.8913320302963257 -0.9957450032234192 161 159 162
-8.942983627319336 0.849521815776825 -1.1226613521575928 141 139 144
-8.988062858581543 0.737593948841095 -1.6290318965911865 142 140 143
-8.988062858581543 0.737593948841095 -1.6290318965911865 142 140 143
-8.939549446105957 0.8485018610954285 -1.0765260457992554 74 72 77
-8.983037948608398 0.7198546528816223 -1.6684664487838745 60 58 61
-8.923583984375 0.8514888286590576 -0.949116587638855 83 81 84
-8.923583984375 0.8514888286590576 -0.949116587638855 83 81 84
-8.847092628479004 0.8697664737701416 -0.7680778503417969 104 102 105
-9.022913932800293 0.8319931626319885 -1.0700139999389648 169 167 172
-8.91543960571289 0.8045797944068909 -1.0587561130523682 140 138 143
-8.98145580291748 0.6836774349212646 -1.5781683921813965 149 147 150
-8.961069107055664 0.7909426689147949 -1.0544625520706177 62 60 63
-9.243346214294434 0.6909282803535461 -1.664777159690857 54 52 55
-9.090665817260742 0.7954147458076477 -1.077815055847168 103 101 104
-9.190034866333008 0.5664023756980896 -2.090517997741699 163 158 162
-8.879684448242188 0.6270372867584229 -1.5701404809951782 143 141 144
-9.00949764251709 0.6583473682403564 -1.5380280017852783 121 119 122
-9.00949764251709 0.6583473682403564 -1.5380280017852783 121 119 122
-8.958083152770996 0.6602861881256104 -1.4374101161956787 135 133 136
-8.79888916015625 0.7773576974868774 -0.755146324634552 152 152 154
-8.79888916015625 0.7773576974868774 -0.755146324634552 152 152 154
-8.988143920898438 0.7304528951644897 -1.067628264427185 91 89 92
-9.292957305908203 0.49009978771209717 -2.2174179553985596 161 155 157
-8.959160804748535 0.7250102162361145 -0.9911420941352844 66 64 67
-9.14009952545166 0.5466706156730652 -1.83705735206604 161 156 160
-8.778959274291992 0.7545797824859619 -0.6948316097259521 171 169 172
-8.95071029663086 0.519055962562561 -1.7769980430603027 98 93 97
-8.8497953414917 0.7404113411903381 -0.7858481407165527 101 101 103
-9.06279182434082 0.6334381699562073 -1.3796597719192505 133 132 135
-9.000066757202148 0.5871995687484741 -1.51594078540802 121 119 122
-8.972521781921387 0.7109875679016113 -0.9666914939880371 87 87 89
-8.971488952636719 0.6536057591438293 -1.1909325122833252 158 157 162
-8.835681915283203 0.7158797979354858 -0.81425541639328 153 153 155
-8.835681915283203 0.7158797979354858 -0.81425541639328 153 153 155
-9.049970626831055 0.5329495668411255 -1.7000160217285156 144 139 143
-8.955848693847656 0.6187312006950378 -1.2763184309005737 65 65 67
-9.00663948059082 0.6610757112503052 -1.1384992599487305 133 131 135
-8.975029945373535 0.6029033064842224 -1.3352410793304443 63 63 65
-8.92983627319336 0.5544776320457458 -1.4869556427001953 50 48 51
-8.949790000915527 0.7151095271110535 -0.8429450988769531 157 155 158
-9.025826454162598 0.6645910739898682 -1.0903879404067993 67 65 68
-9.045042037963867 0.5028578639030457 -1.7500827312469482 73 68 72
-9.037452697753906 0.5025508999824524 -1.7443647384643555 73 68 72
-9.06614875793457 0.634020209312439 -1.2126611471176147 42 41 46
-9.06614875793457 0.634020209312439 -1.2126611471176147 42 41 46
-9.024195671081543 0.6531604528427124 -1.0321810245513916 80 78 81
-9.331941604614258 0.5340176224708557 -1.707071304321289 133 131 134
-9.026571273803711 0.4568539559841156 -1.763340950012207 179 174 178
-8.81386661529541 0.6797490119934082 -0.7250087261199951 154 152 155
-9.001272201538086 0.6698419451713562 -0.8964067697525024 145 143 146
-8.885074615478516 0.4884178638458252 -1.5015723705291748 135 130 134
-8.857985496520996 0.4360990524291992 -1.6926323175430298 108 102 104
-9.134819030761719 0.46330252289772034 -1.7760919332504272 158 153 157
-8.983139038085938 0.5549830794334412 -1.2670210599899292 145 145 147
-8.93083381652832 0.5270012617111206 -1.3378732204437256 57 55 58
-8.899441719055176 0.6193636655807495 -0.9155462384223938 165 163 166
-8.973198890686035 0.4283171594142914 -1.708837628364563 102 97 101
-8.842671394348145 0.5926516652107239 -0.9506998062133789 79 77 80
-9.029038429260254 0.5043237805366516 -1.422310709953308 156 154 157
-9.026375770568848 0.5730551481246948 -1.1300005912780762 141 140 145
-9.034964561462402 0.5547160506248474 -1.195796251296997 60 59 64
-8.839841842651367 0.44611281156539917 -1.486622929573059 139 134 137
-8.970038414001465 0.4828527867794037 -1.4341732263565063 57 55 58
-8.970038414001465 0.4828527867794037 -1.4341732263565063 57 55 58
-8.939949035644531 0.5917319655418396 -0.9613428115844727 63 61 64
-8.997833251953125 0.45593133568763733 -1.4924505949020386 162 160 163
-8.97684383392334 0.5920584797859192 -0.9071319103240967 166 164 167
-9.152985572814941 0.3721519112586975 -1.8665149211883545 83 77 81
-8.945845603942871 0.423710435628891 -1.5298607349395752 59 55 56
-8.867575645446777 0.4753255546092987 -1.2635074853897095 57 55 58
-8.867575645446777 0.4753255546092987 -1.2635074853897095 57 55 58
-9.00698471069336 0.5011492371559143 -1.2480666637420654 56 56 58
-9.06315803527832 0.522394061088562 -1.168136715888977 131 131 133
-8.915440559387207 0.44557419419288635 -1.3617606163024902 127 125 128
-8.915440559387207 0.44557419419288635 -1.3617606163024902 127 125 128
-8.796753883361816 0.5794879198074341 -0.7253170013427734 173 171 176
-8.931910514831543 0.5266743302345276 -1.0066548585891724 123 122 127
-8.91601848602295 0.5293022394180298 -0.9642009735107422 72 70 75
-9.061250686645508 0.5438055396080017 -0.9867441654205322 160 158 163
-8.896912574768066 0.5574413537979126 -0.8269277215003967 51 49 54
-8.9464693069458 0.45555081963539124 -1.2403932809829712 120 120 122
-9.009946823120117 0.4697231650352478 -1.2235110998153687 142 140 143
-8.992774963378906 0.49701759219169617 -1.085984706878662 60 60 62
-8.992774963378906 0.49701759219169617 -1.085984706878662 60 60 62
-8.915547370910645 0.3862849175930023 -1.4362972974777222 148 146 149
-9.023776054382324 0.43512052297592163 -1.2604000568389893 71 71 73
-8.926155090332031 0.31963077187538147 -1.6440211534500122 152 146 150
-8.995630264282227 0.46052607893943787 -1.1185516119003296 135 135 137
-8.995630264282227 0.46052607893943787 -1.1185516119003296 135 135 137
-8.826001167297363 0.46386271715164185 -0.9121399521827698 50 49 54
-8.783968925476074 0.29894232749938965 -1.4931724071502686 163 158 162
-8.93122673034668 0.481849730014801 -0.8849257826805115 135 133 138
-9.01740837097168 0.4686252176761627 -0.970862627029419 54 52 57
-8.782173156738281 0.5092951655387878 -0.6764146685600281 159 157 162
-9.031316757202148 0.32241711020469666 -1.5132793188095093 59 57 60
-8.89561939239502 0.3489529490470886 -1.3159024715423584 145 143 146
-8.858985900878906 0.4142967164516449 -1.0181005001068115 109 107 112
-8.902410507202148 0.3012409806251526 -1.4670283794403076 174 169 173
-8.927068710327148 0.2587142288684845 -1.641083836555481 134 128 130
-8.850754737854004 0.47449472546577454 -0.7604912519454956 73 71 76
-8.850754737854004 0.47449472546577454 -0.7604912519454956 73 71 76
-8.793508529663086 0.48330268263816833 -0.6762827634811401 69 67 72
-8.840132713317871 0.3625318706035614 -1.14750337600708 50 48 51
-8.977437019348145 0.40416431427001953 -1.0587923526763916 57 55 60
-9.084607124328613 0.22740626335144043 -1.7697596549987793 172 166 168
-8.947057723999023 0.432278037071228 -0.9309433102607727 138 138 140
-9.08254337310791 0.3378848433494568 -1.3417774438858032 70 68 71
-8.828461647033691 0.47753262519836426 -0.677939236164093 80 78 83
-9.257301330566406 0.2584177553653717 -1.720915675163269 110 105 109
-8.780800819396973 0.32563069462776184 -1.2081334590911865 76 74 77
-8.934048652648926 0.4077511727809906 -0.9560773372650146 43 43 45
-8.934048652648926 0.4077511727809906 -0.9560773372650146 43 43 45
-8.863265991210938 0.45003005862236023 -0.7360357046127319 158 156 161
-8.967057228088379 0.3251707851886749 -1.240329384803772 131 129 132
-8.947298049926758 0.37479367852211 -0.9820547699928284 132 132 134
-8.781000137329102 0.4577335715293884 -0.5599467158317566 136 134 137
-8.885335922241211 0.32614031434059143 -1.0729269981384277 150 148 153
-9.019552230834961 0.23077335953712463 -1.4432921409606934 131 129 132
-8.926718711853027 0.27160608768463135 -1.2558475732803345 157 155 158
-8.901969909667969 0.18693304061889648 -1.5398350954055786 93 87 91
-8.992738723754883 0.27309179306030273 -1.258857011795044 143 141 144
-8.835294723510742 0.3755567967891693 -0.759433925151825 127 125 130
-8.902576446533203 0.2543526887893677 -1.2225492000579834 79 77 80
-8.955399513244629 0.2054116129875183 -1.4112766981124878 136 131 137
-8.981290817260742 0.14827443659305573 -1.6128110885620117 171 160 166
-8.882619857788086 0.3076893985271454 -0.9934002757072449 61 59 64
-8.88826847076416 0.3443261682987213 -0.8495013117790222 154 154 156
-9.031418800354004 0.2295132279396057 -1.3061168193817139 134 132 135
-8.850354194641113 0.21610531210899353 -1.257195234298706 65 60 66
-8.951342582702637 0.34734880924224854 -0.8282949924468994 58 56 61
-8.917254447937012 0.24541914463043213 -1.1809461116790771 49 47 50
-8.917254447937012 0.24541914463043213 -1.1809461116790771 49 47 50
-8.9463472366333 0.2546078562736511 -1.1416748762130737 120 118 121
-8.899455070495605 0.21379387378692627 -1.235553503036499 81 79 82
-8.987443923950195 0.16117525100708008 -1.463120460510254 66 60 64
-8.85788631439209 0.27380433678627014 -0.8918201327323914 50 50 52
-8.926011085510254 0.09679518640041351 -1.541536569595337 147 136 142
-9.03759765625 0.18378280103206635 -1.27168869972229 142 140 143
-8.953804016113281 0.0851145088672638 -1.5265371799468994 100 89 95
-8.820810317993164 0.29761356115341187 -0.7130566835403442 68 66 69
-9.032086372375488 0.17571350932121277 -1.1238107681274414 59 57 62
-8.788509368896484 0.2425576150417328 -0.7836095690727234 56 56 58
-8.891694068908691 0.21960054337978363 -0.8860985040664673 65 65 67
-8.782160758972168 0.2780582308769226 -0.6238834857940674 74 72 75
-8.782160758972168 0.2780582308769226 -0.6238834857940674 74 72 75
-8.784149169921875 0.262399286031723 -0.6597567796707153 144 142 145
-9.03271198272705 0.04313652217388153 -1.5020358562469482 155 148 155
-8.965182304382324 0.11684703081846237 -1.206978678703308 138 136 139
-8.88715648651123 0.025634994730353355 -1.3783918619155884 89 82 89
-9.122790336608887 0.048076778650283813 -1.3981765508651733 84 82 85
-8.998035430908203 0.0328182578086853 -1.3748855590820312 147 142 148
-8.793503761291504 -0.004432877525687218 -1.3974355459213257 158 147 153
-8.882710456848145 0.01971960812807083 -1.2472916841506958 72 67 73
-8.882710456848145 0.01971960812807083 -1.2472916841506958 72 67 73
-8.870138168334961 0.15136604011058807 -0.7786351442337036 127 125 128
-8.796635627746582 0.18297603726387024 -0.6240166425704956 143 143 145
-8.967573165893555 -0.058689240366220474 -1.4843635559082031 96 85 91
-8.893363952636719 -0.010347381234169006 -1.2863894701004028 147 140 147
-8.923975944519043 0.02949501760303974 -1.156009316444397 156 154 157
-8.923975944519043 0.02949501760303974 -1.156009316444397 156 154 157
-8.731724739074707 0.06393951922655106 -0.9493488073348999 117 115 118
-8.726622581481934 0.1531945765018463 -0.5830011963844299 51 51 53
-8.97396469116211 -0.020639723166823387 -1.221993327140808 72 67 73
-8.961822509765625 0.0076188272796571255 -1.1268596649169922 58 56 59
-8.750767707824707 0.10618305951356888 -0.688572347164154 98 96 99
-8.969582557678223 -0.05791326239705086 -1.258259892463684 153 148 154
-8.97224235534668 -0.05600064992904663 -1.197462558746338 143 141 144
-8.854897499084473 -0.08739364892244339 -1.2572641372680664 69 62 69
-8.872477531433105 -0.07199867069721222 -1.1506948471069336 35 30 36
-8.8504638671875 -0.05154464766383171 -1.0628308057785034 73 71 74
-8.923001289367676 -0.020174508914351463 -0.9819279909133911 91 89 92
-9.077082633972168 -0.1466612070798874 -1.405780553817749 159 152 159
-9.077082633972168 -0.1466612070798874 -1.405780553817749 159 152 159
-8.645073890686035 0.04307955875992775 -0.6145514845848083 55 53 56
-8.774876594543457 0.011258427985012531 -0.7253068685531616 141 139 142
-8.774876594543457 0.011258427985012531 -0.7253068685531616 141 139 142
-8.964765548706055 -0.13379232585430145 -1.2408032417297363 125 120 126
-8.789616584777832 -0.017553146928548813 -0.7785695195198059 112 110 113
-9.038137435913086 -0.1802690178155899 -1.3405985832214355 76 69 76
-9.095243453979492 -0.15268713235855103 -1.2634782791137695 144 137 144
-8.915934562683105 -0.09582798928022385 -1.0242844820022583 44 39 43
-8.864768028259277 -0.20022445917129517 -1.2731174230575562 152 142 150
-8.90463638305664 -0.14658388495445251 -1.1134635210037231 54 49 53
-8.869906425476074 -0.1359245330095291 -1.0580989122390747 120 115 119
-8.902692794799805 -0.10256359726190567 -0.962041974067688 138 136 139
-8.787829399108887 -0.057263944298028946 -0.7695171236991882 139 137 140
-8.867105484008789 -0.23296381533145905 -1.2638280391693115 65 59 63
-8.951824188232422 -0.2161620557308197 -1.1966423988342285 143 136 143
-8.895581245422363 -0.23634600639343262 -1.2248704433441162 58 51 58
-8.747822761535645 -0.10011953115463257 -0.7306986451148987 39 37 40
-8.973048210144043 -0.18595674633979797 -1.0528042316436768 114 109 113
-8.97456169128418 -0.24763277173042297 -1.2227776050567627 60 53 60
-8.80056381225586 -0.19791841506958008 -0.9814707040786743 137 132 136
-8.950385093688965 -0.27569007873535156 -1.246760368347168 120 110 118
-8.684630393981934 -0.13731877505779266 -0.6759839653968811 134 130 134
-8.732033729553223 -0.15788711607456207 -0.7470674514770508 53 48 52
-8.732033729553223 -0.15788711607456207 -0.7470674514770508 53 48 52
-8.742035865783691 -0.23673376441001892 -0.9553083777427673 99 94 100
-8.881806373596191 -0.2886316180229187 -1.127334475517273 141 139 144
-8.666481971740723 -0.1385815143585205 -0.6035926342010498 146 144 147
-8.666481971740723 -0.1385815143585205 -0.6035926342010498 146 144 147
-8.614075660705566 -0.15682315826416016 -0.6043547987937927 59 57 60
-8.759540557861328 -0.29311415553092957 -1.0280719995498657 62 57 63
-8.791400909423828 -0.2414902001619339 -0.8446588516235352 34 29 33
-8.750358581542969 -0.291331946849823 -0.9719552993774414 125 120 126
-9.127281188964844 -0.3684979975223541 -1.1873747110366821 37 32 38
-8.671614646911621 -0.23559759557247162 -0.672025740146637 125 123 126
-8.835073471069336 -0.31319060921669006 -0.8918830752372742 28 23 29
-9.00955581665039 -0.40738362073898315 -1.1946254968643188 32 19 26
-8.7347412109375 -0.3492417633533478 -0.957971453666687 96 87 92
-8.687186241149902 -0.32272961735725403 -0.8227817416191101 118 113 119
-8.687186241149902 -0.32272961735725403 -0.8227817416191101 118 113 119
-8.630659103393555 -0.27174243330955505 -0.6610574126243591 62 60 63
-8.630763053894043 -0.30024948716163635 -0.7219542860984802 96 94 99
-8.617034912109375 -0.34215065836906433 -0.6720275282859802 126 124 129
-8.588391304016113 -0.35843542218208313 -0.6460133194923401 50 48 53
-8.589811325073242 -0.35900887846946716 -0.6468434929847717 50 48 53
-8.682679176330566 -0.41442596912384033 -0.8023359775543213 122 117 123
-8.740234375 -0.44439682364463806 -0.8038997054100037 37 32 36
-8.677030563354492 -0.424314022064209 -0.7234532237052917 135 133 138
-8.705119132995605 -0.4584500193595886 -0.6979563236236572 43 41 46
-8.298612594604492 -1.1741269826889038 -1.9453699588775635 172 74 20
-8.607878684997559 -1.83049476146698 -2.255388021469116 191 146 105
-8.555896759033203 -1.9221503734588623 -2.186856746673584 212 162 125
-8.594779014587402 -1.9399539232254028 -2.219856023788452 212 162 125
-8.422785758972168 -2.022814989089966 -2.2252323627471924 133 91 65
-8.585444450378418 -2.012449264526367 -2.1612279415130615 85 28 19
-8.585444450378418 -2.012449264526367 -2.1612279415130615 85 28 19
-8.399394989013672 -1.9189083576202393 -1.9224380254745483 175 116 100
-8.462207794189453 -2.014975070953369 -2.1171469688415527 195 150 130
-8.40734577178955 -2.0013575553894043 -2.014636516571045 86 32 28
-8.415539741516113 -2.035176992416382 -2.0757596492767334 66 21 5
-8.317502975463867 -2.0324325561523438 -2.0414857864379883 198 158 124
-8.30783462524414 -1.9530084133148193 -1.8361223936080933 178 132 117
-8.24234676361084 -2.032264232635498 -2.003967761993408 198 156 116
-8.279346466064453 -2.0032060146331787 -1.8228693008422852 94 45 31
-8.133929252624512 -2.0506720542907715 -1.9145368337631226 205 150 94
-8.096980094909668 -2.0203309059143066 -1.7882053852081299 193 150 108
-7.991699695587158 -2.0150835514068604 -1.6410682201385498 76 36 10
-8.051188468933105 -2.147367000579834 -1.825002670288086 213 152 105
-7.266208171844482 1.832690954208374 -1.4092793464660645 163 163 165
-6.919857501983643 1.6360433101654053 -0.7860456705093384 107 107 109
-12.474557876586914 2.34669828414917 -7.648396015167236 65 65 67
-7.435300350189209 1.6025512218475342 -1.5551042556762695 106 104 109
-7.517787933349609 1.5429083108901978 -1.6758676767349243 88 86 91
-7.20089054107666 1.445929765701294 -1.1680349111557007 100 99 104
-7.375146389007568 1.4212620258331299 -1.4208725690841675 109 107 112
-7.103156089782715 1.4090759754180908 -0.9593340754508972 117 117 119
-7.679797172546387 1.4209275245666504 -1.854261040687561 113 108 112
-7.679797172546387 1.4209275245666504 -1.854261040687561 113 108 112
-7.091897010803223 1.367929220199585 -0.9441202878952026 155 155 157
-11.027106285095215 1.6591936349868774 -5.779697895050049 74 72 75
-7.047248840332031 1.3333449363708496 -0.8579631447792053 83 81 86
-7.047248840332031 1.3333449363708496 -0.8579631447792053 83 81 86
-10.719072341918945 1.5635071992874146 -5.54228401184082 136 134 135
-10.719072341918945 1.5635071992874146 -5.54228401184082 136 134 135
-7.188989639282227 1.3115159273147583 -1.027072787284851 161 159 163
-10.847648620605469 1.5521531105041504 -5.527095794677734 142 140 143
-11.165387153625488 1.5449823141098022 -6.10861349105835 77 76 74
-7.212608814239502 1.287974238395691 -1.0896317958831787 116 114 119
-11.030549049377441 1.4896284341812134 -5.78123664855957 69 67 68
-11.269649505615234 1.4019867181777954 -6.216904640197754 92 88 89
-7.11181640625 1.2177842855453491 -0.8449923992156982 149 147 152
-7.014727592468262 1.1620186567306519 -0.702633798122406 86 84 89
-10.605484008789062 1.2445967197418213 -5.189114570617676 128 124 125
-6.96880578994751 1.1111197471618652 -0.6313530802726746 156 154 157
-7.026801586151123 1.0698010921478271 -0.6618622541427612 93 88 92
-10.5409574508667 1.0775294303894043 -4.885130882263184 144 142 143
-10.973950386047363 0.9627866148948669 -5.648920059204102 92 88 89
-11.26476001739502 0.8015329241752625 -6.019402503967285 98 92 94
-10.232178688049316 0.8168948888778687 -4.474531173706055 133 127 129
-10.965513229370117 0.726338267326355 -5.615098476409912 156 150 152
-10.223465919494629 0.7738726735115051 -4.553927898406982 67 61 63
-10.226881980895996 0.8023085594177246 -4.317657947540283 134 128 130
-10.40588665008545 0.7275676131248474 -4.851099014282227 144 138 140
-10.707647323608398 0.6662167906761169 -5.248075008392334 82 76 78
-10.707647323608398 0.6662167906761169 -5.248075008392334 82 76 78
-10.094416618347168 0.7083427906036377 -4.335608005523682 139 133 135
-10.261594772338867 0.6978687644004822 -4.385788917541504 128 122 124
-10.290575981140137 0.6493355631828308 -4.611096382141113 72 66 68
-10.126877784729004 0.6801207661628723 -4.115996360778809 132 128 129
-10.43835163116455 0.5882236361503601 -4.871049880981445 152 146 148
-10.643988609313965 0.4458619952201843 -5.165584564208984 141 135 135
-10.101397514343262 0.5355934500694275 -4.125855445861816 129 125 126
-10.127446174621582 0.49085620045661926 -4.074751853942871 63 59 60
-10.298845291137695 0.40278440713882446 -4.632754325866699 64 58 58
-9.954270362854004 0.3062480688095093 -4.026516914367676 131 125 127
-9.937033653259277 0.26031237840652466 -3.6746714115142822 119 113 115
-9.98620319366455 0.24243222177028656 -3.576505422592163 122 116 118
-9.98620319366455 0.24243222177028656 -3.576505422592163 122 116 118
