ply
format ascii 1.0
element vertex 12903
property float x
property float y
property float z
end_header
0.0010584308742476293 -0.005161898595341459 0.0036356582307730608
0.0009678265644855724 -0.00685670167514562 0.004587759483598082
0.0010782340829849398 -0.004852391301227166 0.0034857666691776546
0.0012635937141530335 -0.004398482365769733 0.003725941934709263
0.0012635937141530335 -0.004398482365769733 0.003725941934709263
0.0012635937141530335 -0.004398482365769733 0.003725941934709263
0.0012763173582064622 -0.004348773949612349 0.003729833339641302
0.0012825852522553537 -0.004397148660580208 0.0037589574386751342
0.0012149703988827843 -0.006837843482485535 0.004957471539599075
0.0012988258118194797 -0.004366634214322502 0.0037466768688638307
0.0013091677006455023 -0.004381714536886415 0.0037831539628336882
0.0012544912734068032 -0.006800411216368098 0.004992961112456524
0.0013329353815987846 -0.005224491585383122 0.004266323618413337
0.001325060101341055 -0.003424881871804242 0.004624791274546266
0.001366428408946653 -0.005279580242502131 0.0043162017099065975
0.0013781300200560078 -0.005252314014733297 0.004312683446522366
0.0013485065495505598 -0.00664714708711378 0.005008776496285228
0.0013820643688657766 -0.005234611419880795 0.004318618102349253
0.0013820643688657766 -0.005234611419880795 0.004318618102349253
0.001348357813273313 -0.006683048043512342 0.0050355594330271725
0.0014063613566215015 -0.004572192655110307 0.003959307868527727
0.0014093726628272478 -0.004602199211649117 0.003991547498872015
0.001396041974148917 -0.005252301852525589 0.004334327160898206
0.0013965502478550404 -0.005221923478803085 0.004346621773670986
0.0014009613363994027 -0.005236812967551217 0.0043278528541231456
0.0014248977209657817 -0.0042807803437765616 0.0038324001210605007
0.0014248977209657817 -0.0042807803437765616 0.0038324001210605007
0.0013777368798264548 -0.00652821210564132 0.004985495272294346
0.0013788040822068856 -0.006533192968540058 0.004998247284383794
0.0014366365709997664 -0.004323241055863097 0.003875932800103683
0.001389849310250793 -0.0065736570097334295 0.005059012181761803
0.0013887015802631448 -0.006773295762359761 0.005131698550364786
0.00139447988276002 -0.006778979776401007 0.005133303460247829
0.0014006772798884628 -0.00659197279300648 0.005058840657018054
0.0014006772798884628 -0.00659197279300648 0.005058840657018054
0.001458943094349765 -0.004321893276366199 0.0038880995216201584
0.0014424239638065259 -0.005232993438759057 0.004351376319199499
0.0014424239638065259 -0.005232993438759057 0.004351376319199499
0.0014480067619490936 -0.005254692039799061 0.004321194484245874
0.0014751840300646446 -0.004307534191526875 0.003877780954140874
0.0014751840300646446 -0.004307534191526875 0.003877780954140874
0.0014577240837942644 -0.0052487533090056744 0.0043648084118518855
0.001470765324467517 -0.005215982271683901 0.004361536903362172
0.001470765324467517 -0.005215982271683901 0.004361536903362172
0.001482065018496396 -0.005240826746861838 0.004377936073160832
0.0015030533998943096 -0.004585332635356442 0.004035767781493213
0.0015045191026525357 -0.004676628102537492 0.0040980342726805435
0.0015045191026525357 -0.004676628102537492 0.0040980342726805435
0.001634635188792253 -0.005539948534335611 0.00032459272471687317
0.0015062596305552847 -0.005255993270640171 0.004394541875106935
0.0015057619831079568 -0.0052913599675847 0.004410390861736315
0.0015069942999963745 -0.005219897875647771 0.004376740916832304
0.0015272531996990116 -0.004304447247673712 0.003892962900100115
0.0014958963011362932 -0.006328588273661557 0.004949330634217344
0.0014958963011362932 -0.006328588273661557 0.004949330634217344
0.0014912029427970716 -0.0066749325909982865 0.00514070309787733
0.0014912029427970716 -0.0066749325909982865 0.00514070309787733
0.0015333317175162937 -0.004257965797487609 0.0038696696392851106
0.0015333317175162937 -0.004257965797487609 0.0038696696392851106
0.0015195833604446697 -0.005274738116539766 0.0044025318186527935
0.0015204641487806775 -0.005238496618325396 0.004383173596257273
0.0015352629851971345 -0.004284450760140721 0.0038979983048581597
0.0015284217276887574 -0.005112691431409461 0.004365691112287558
0.00153324626860338 -0.0052593270947714375 0.00442102038050544
0.00153324626860338 -0.0052593270947714375 0.00442102038050544
0.001560336332435833 -0.006948872652797412 0.003551977226402562
0.0015323076941078139 -0.0032527887642650535 0.00491227928342996
0.0015462708489328274 -0.005296691779136769 0.004434010119871313
0.001555986305697177 -0.00524903943434576 0.004423881633906301
0.0015728499746579837 -0.004242916852165745 0.0038913123505922736
0.0015827756370019365 -0.004275331831453114 0.003912774509537594
0.001572950093450297 -0.005221808094559345 0.004409705264295654
0.00159299407001596 -0.004261285672695086 0.003907753649275364
0.0015893820667292821 -0.005231295274834959 0.004415423758822669
0.0015893820667292821 -0.005231295274834959 0.004415423758822669
0.0016020062032353728 -0.004562371594021817 0.004070800456568333
0.001584280725878679 -0.006319114415391808 0.005016491097479277
0.001584280725878679 -0.006319114415391808 0.005016491097479277
0.0015985225300475462 -0.005229174975727367 0.004419376350943999
0.0015987290524843512 -0.00526278529941864 0.004441452387919583
0.0015987290524843512 -0.00526278529941864 0.004441452387919583
0.0016117540089645524 -0.004270382251758736 0.003926926805499996
0.0016175576546184674 -0.0052525160076881084 0.00444393297675756
0.0016106092881829348 -0.006409275995716598 0.004926002265998648
0.0016192969600312664 -0.00530245014564369 0.004468675170276348
0.0016277371717024166 -0.005230233871445317 0.004429361398088213
0.0016277371717024166 -0.005230233871445317 0.004429361398088213
0.0016388733968828568 -0.005308637950927911 0.00447250739415645
0.0016432883958277641 -0.00524984972576132 0.004447055529548754
0.0016432883958277641 -0.00524984972576132 0.004447055529548754
0.001647698363756339 -0.005219185634195379 0.004438358924120019
0.0016493133748544165 -0.005293750280241755 0.0044809923520943585
0.0016428189283410782 -0.006577020549774249 0.005163495827422561
0.0016428189283410782 -0.006577020549774249 0.005163495827422561
0.0016468871789827393 -0.006323767776367538 0.005027680328570112
0.0016468871789827393 -0.006323767776367538 0.005027680328570112
0.0016508300538762618 -0.006614366301218304 0.005154727001049089
0.0016649919730287825 -0.005237375062161036 0.004446660822024393
0.0016665577553969515 -0.006019747816469079 0.004838418321406326
0.0016665577553969515 -0.006019747816469079 0.004838418321406326
0.0016933863474366429 -0.005896920803146657 0.0025678194032667874
0.001682828508895547 -0.004228503068737633 0.0039119158827501666
0.0016824838215849728 -0.004339034654293975 0.003967315867309769
0.0016809365959873264 -0.005296726259622537 0.004470736476407381
0.0016809365959873264 -0.005296726259622537 0.004470736476407381
0.001689397174654502 -0.004679296743242966 0.0041516618348880615
0.0016962431967390945 -0.004317294049753126 0.003947337246937585
0.0016924865007957738 -0.0053175348566330645 0.004497861961102486
0.0017026438524129057 -0.004241226211256724 0.003931337298472331
0.0016979935163161544 -0.00605874048129702 0.004885507380443461
0.0016979935163161544 -0.00605874048129702 0.004885507380443461
0.0016986089694776996 -0.00598449960701201 0.004838693162223797
0.0017179977933043393 -0.004208089430018636 0.0039003936328586004
0.0017224522293048444 -0.00431165150633249 0.0039448947747093305
0.001735552864573952 -0.005315198020074846 0.004511286029205458
0.0017437002017417506 -0.004604022422189444 0.004113330568468952
0.0017437002017417506 -0.004604022422189444 0.004113330568468952
0.00175161437735881 -0.0053233525922673 0.004493075818910651
0.0017554851743232468 -0.004293978251238788 0.0039591137747387465
0.0017575925224330422 -0.006667435279556372 0.005258963891815328
0.0017591084781728226 -0.006669377095131268 0.005272099076139352
0.0017656972411816735 -0.0052767216848483385 0.004476818583329772
0.0017656972411816735 -0.0052767216848483385 0.004476818583329772
0.0017674428627925472 -0.005309810538211208 0.00448638836004175
0.0017674428627925472 -0.005309810538211208 0.00448638836004175
0.0017700073214939193 -0.006271386150840317 0.0050112560820545285
0.0017764274037868713 -0.0042692447091873375 0.003931933121266411
0.0017806259181773524 -0.006322104437734066 0.005043945087166068
0.0017823165355769514 -0.0052958273220126565 0.004496039385316557
0.0017823165355769514 -0.0052958273220126565 0.004496039385316557
0.0017968190004635173 -0.005317178014951257 0.004507989443998822
0.001795021916727634 -0.004559063708619617 0.004098667209015669
0.0018000814108068727 -0.005336755282469095 0.00451695035802392
0.0018046600039838036 -0.004247144002991481 0.0039357648436121745
0.0018144205831656657 -0.005332259904809977 0.004498928724640371
0.0018342697724143958 -0.00529713488472479 0.004484874227873967
0.0018368574074877362 -0.00431889250238156 0.003933908665025568
0.00184032248472267 -0.004541478786261275 0.004073766029111591
0.001850044414414575 -0.005327588300522685 0.004501798002590648
0.001845855231305555 -0.0043183309093060805 0.00395304621231217
0.0018509930117604364 -0.004338515221448821 0.003975351952014765
0.0018555192337813692 -0.004583319351138316 0.004095922813115666
0.0018661391920521667 -0.004274404243694149 0.003934851048047517
0.0018678999145485121 -0.0042438411172597175 0.0039040453043768597
0.001892286112724689 -0.006596910649335696 0.005189689962851164
0.001881640262743669 -0.0052759918896941 0.00446780049439009
0.0018768912340928795 -0.004533939298916085 0.0040616238827777
0.0018840135937614841 -0.005336534481976592 0.004488792715660283
0.001886989596651688 -0.004821688223202884 0.0042312106978440655
0.001886989596651688 -0.004821688223202884 0.0042312106978440655
0.0018902074174577657 -0.004937988182443495 0.0042765845094437
0.0018902074174577657 -0.004937988182443495 0.0042765845094437
0.001895267844077415 -0.005314773095106593 0.004477033240026629
0.001906284751104148 -0.006323154149104444 0.005042419419708501
0.0018983268430641585 -0.005309476453650008 0.004469920480038721
0.0018986644226927799 -0.005292807144918299 0.004469261965452336
0.0018986644226927799 -0.005292807144918299 0.004469261965452336
0.0018933393034895392 -0.004272148154164421 0.00390697827718812
0.0019097297434561215 -0.00532903560323987 0.004474612333774927
0.0019097297434561215 -0.00532903560323987 0.004474612333774927
0.0019125507330533741 -0.00531108355774578 0.004487305164812438
0.0019125507330533741 -0.00531108355774578 0.004487305164812438
0.0019125507330533741 -0.00531108355774578 0.004487305164812438
0.001906153396126318 -0.004568254247006986 0.0040604006405262185
0.0019304128001525554 -0.006634679444994233 0.0052119099401818835
0.001904788595807809 -0.004126279587573105 0.003874587685007958
0.001933673431616304 -0.006634964065731304 0.005207132324073802
0.0019220342145132422 -0.0052876649133461635 0.004464193459427952
0.0019199602132942677 -0.004926947139076724 0.004256922858773418
0.0019199602132942677 -0.004926947139076724 0.004256922858773418
0.001925604935254686 -0.005342475908517048 0.004490196510273606
0.001925604935254686 -0.005342475908517048 0.004490196510273606
0.0019406650867344242 -0.006549791749005422 0.0051646022121731834
0.0019406650867344242 -0.006549791749005422 0.0051646022121731834
0.0019267493895961864 -0.0053249378796193505 0.0044854349432643555
0.0019423597242452047 -0.006553257351284116 0.005176469517689603
0.0019423597242452047 -0.006553257351284116 0.005176469517689603
0.0019404295693436773 -0.005981413415460353 0.004840916965480487
0.0019404295693436773 -0.005981413415460353 0.004840916965480487
0.001929006638924072 -0.0046432564739271875 0.004104773389586306
0.0019338779949345996 -0.004824115320269076 0.004201220950542067
0.001951938168097469 -0.006041258749628814 0.0048705466111274775
0.001951938168097469 -0.006041258749628814 0.0048705466111274775
0.0019401768587288903 -0.004887603964437997 0.004231931402688419
0.0019629283684206794 -0.006654401781319469 0.0052131106133881345
0.0019419907046827416 -0.004541994849422593 0.004027515535488345
0.001954680056325779 -0.004910711344088813 0.004244616209176514
0.0019558604487372186 -0.004677048333457795 0.004107418481687295
0.0019591124914254215 -0.004759056180092852 0.004140202276788802
0.001987226108477912 -0.006227132014651273 0.0049907854564963244
0.001987226108477912 -0.006227132014651273 0.0049907854564963244
0.001988987716495824 -0.005372571354180874 0.004481789791692495
0.0020097207385507258 -0.0065978571700159375 0.005177335165957769
0.001993531962407045 -0.005332357202471636 0.004470857847717285
0.0019965726240445385 -0.005463238481118822 0.004537748485505132
0.0019846584877592655 -0.004631374498531367 0.004074833795718153
0.001993838964113969 -0.004898179364517413 0.004220536040984481
0.0019877779529796883 -0.0043320285643906765 0.0038772608630319003
0.0020123823656119353 -0.005440119252719261 0.0045164041871293475
0.002024904753339113 -0.006042495282540264 0.004843713520951688
0.0020174681902439427 -0.005479177179702994 0.004548510910873945
0.001999802223071096 -0.004319084840800356 0.003946040279138352
0.001999802223071096 -0.004319084840800356 0.003946040279138352
0.002015038209355305 -0.004806919157551299 0.004187509503263164
0.002022704349793901 -0.005285866724667441 0.004411887440202253
0.0020247159256606864 -0.005187268459084818 0.004377834763224465
0.0020310394273293534 -0.005487681321329348 0.004541274773438779
0.0020310394273293534 -0.005487681321329348 0.004541274773438779
0.002009094604275066 -0.004240064877150145 0.003843979044332312
0.0020483683790997096 -0.00631925634960959 0.004995593164664713
0.0020220135802803737 -0.004889521580981064 0.0041896515564226865
0.0020294826960886984 -0.004871957534989558 0.004180521123791192
0.002063109946563895 -0.006535196222071414 0.005109323097389147
0.002063109946563895 -0.006535196222071414 0.005109323097389147
0.0020681863831000045 -0.0066235906461546736 0.005139285761836869
0.0020244051311003276 -0.004264649212735906 0.0038581744722478205
0.0020584809100035796 -0.0064014106834538445 0.004820351048397978
0.0020264879091702248 -0.004270710505983252 0.0038530889140559305
0.00203286015370741 -0.004546352947729508 0.004002476935175532
0.0020544295156175747 -0.0055137743975887535 0.00455268869191324
0.0020420019648992086 -0.00488402568933558 0.004197050190983511
0.0020421136816730985 -0.004794924062652736 0.004114195213668441
0.0020431900997469983 -0.004749759927670707 0.004108551949292194
0.0020709961038475897 -0.005504652553732805 0.0045370242699204096
0.00206809303502126 -0.005187997439245757 0.004350241346991585
0.00206809303502126 -0.005187997439245757 0.004350241346991585
0.0020757109968174686 -0.005470772843409991 0.004506219027784091
0.0020757109968174686 -0.005470772843409991 0.004506219027784091
0.002051232108826367 -0.004301010577657166 0.0038604599642281406
0.002061733266150744 -0.004772696366395089 0.004124798151117627
0.0020997703826803526 -0.006348956460831132 0.0049911174722283794
0.0020691779791789135 -0.00487059843962415 0.004169106703782392
0.002082937260295347 -0.005457711886168058 0.004485032712724918
0.0020998953901142114 -0.006109605466984767 0.004853079173187917
0.0020855167767815834 -0.005346344932479234 0.00442195574204665
0.002107580526165876 -0.0062745707685058945 0.004937265724171574
0.0021034187628795158 -0.005975668464996985 0.00476962737001009
0.0021098747949971188 -0.006166159482057145 0.004881515167109394
0.0021098747949971188 -0.006166159482057145 0.004881515167109394
0.0020760781512991107 -0.004702381633192851 0.0040549584914196905
0.0020760781512991107 -0.004702381633192851 0.0040549584914196905
0.0021089228201309467 -0.006041130231454586 0.00480095972473612
0.0020818124128118907 -0.004842826249909033 0.00413737663232597
0.002090679790682868 -0.005156549073358063 0.004307213211492884
0.002090679790682868 -0.005156549073358063 0.004307213211492884
0.002091651513463616 -0.005161007243438448 0.004317558861826445
0.0020846210364531105 -0.004800698917101034 0.004123209290333415
0.0021024066352386263 -0.005530508153482954 0.004529585512612509
0.0020973516392954854 -0.005370541895480334 0.004400670123188464
0.0020973516392954854 -0.005370541895480334 0.004400670123188464
0.0021006385386202107 -0.005442731243553912 0.004470213376092377
0.0023695964209929587 -0.00741717733211972 0.010731966387776664
0.0020781831222634844 -0.004230413914567131 0.003778316664139331
0.0021068590690200145 -0.005395237697072816 0.004441745283973238
0.0020961198709602506 -0.004882037356450793 0.00415422317075453
0.0020961198709602506 -0.004882037356450793 0.00415422317075453
0.002090360062542106 -0.004616592573225884 0.004002940854438599
0.002090360062542106 -0.004616592573225884 0.004002940854438599
0.0021094599007156355 -0.005339311540300386 0.004390825004124677
0.0020855637956258134 -0.004243459575011741 0.003778498721104189
0.0021227371759869216 -0.00561139611312262 0.004563930082575274
0.0021082901972547838 -0.00512360513207311 0.0042360590302938685
0.0021125159688610883 -0.005164348653276583 0.0043041719072645195
0.0021373283144954674 -0.006005374845397759 0.004756545348325941
0.0021373283144954674 -0.006005374845397759 0.004756545348325941
0.002112319179325039 -0.004830700285894031 0.0041121865686429455
0.0021136663005581176 -0.004862301086874717 0.004140452542423689
0.002126719954206247 -0.005353145487341456 0.00434376553561351
0.002119594843935255 -0.0049088129112341925 0.004147245825038003
0.0021320893808337 -0.005379361627589159 0.004400767420850124
0.0021117124481590983 -0.004446736300999713 0.00393445834666051
0.0021334805117049775 -0.005329165124482774 0.004378337300631593
0.002144096144242106 -0.0055951189415517875 0.004545689278685822
0.002147107544485541 -0.0055205177148446 0.00449872861243933
0.0021395092365662205 -0.00516455556753709 0.004284934053110227
0.002146517771449419 -0.005355595984119126 0.004380145331921707
0.0021463028012936006 -0.00533540772239347 0.004370010326010296
0.0021335807558808756 -0.004851365788888619 0.0041018203554015085
0.0021335807558808756 -0.004851365788888619 0.0041018203554015085
0.0021335807558808756 -0.004851365788888619 0.0041018203554015085
0.002149202735530315 -0.0052571059245700245 0.0043209191418940645
0.002161711816924575 -0.0054016401590538925 0.004405947267497642
0.0021522550421682295 -0.004868764720372137 0.004114318591115699
0.0021522550421682295 -0.004868764720372137 0.004114318591115699
0.0021731460788856397 -0.005612625185710786 0.004507382587449296
0.0021771743713461795 -0.005462151530823816 0.0044215595299192745
0.0021600637123966337 -0.004836087548336396 0.004075415074016418
0.0021759362711399216 -0.0053776901390226875 0.004369539886800829
0.0022114380062050773 -0.006505299007854861 0.005039735207929113
0.0021470786122233915 -0.004335779602399742 0.003801297970595819
0.0021527941288902717 -0.004360500919551692 0.003784610418552549
0.0021931166120166155 -0.005621776432017327 0.0044972796797355455
0.002188168286158084 -0.005448400462332174 0.004394364833485462
0.002214960971473732 -0.006288452110541948 0.004885859457549054
0.0021871254708848605 -0.005344587994999849 0.004352481700881444
0.0021965495832174144 -0.005534147349334544 0.0044408505467134415
0.0022026936923223973 -0.005656924334606706 0.004528338196712781
0.002203548682985871 -0.005635999883163996 0.004510059276213608
0.0022006393763262066 -0.005240580368118074 0.004288092214839451
0.0021744889684227374 -0.004331417131340313 0.0037619230112183933
0.002209025249886376 -0.005328664217062247 0.004317945043267052
0.0021763197568334595 -0.004247486394215162 0.0037113668452995476
0.0022052514861025997 -0.005131936463773972 0.004213707149432136
0.0022202893349772246 -0.005565239845263211 0.004453360819251756
0.0022202893349772246 -0.005565239845263211 0.004453360819251756
0.0022051366974308864 -0.004840181526122324 0.004034786278792865
0.0022152858403414635 -0.005157271314151328 0.004203500424110326
0.0022210099144379936 -0.005270638449473686 0.004271839994601957
0.0022083197791475523 -0.004819716315567681 0.0040335449813051994
0.0021938940842789025 -0.004341271528789362 0.0037551487869089397
0.0022663616585267363 -0.006371105721820131 0.0048797307079331866
0.0022663616585267363 -0.006371105721820131 0.0048797307079331866
0.0022410338923219107 -0.0055627810104771636 0.004445397958560174
0.0022713226167814177 -0.006379616884927224 0.004906278926604736
0.0022713226167814177 -0.006379616884927224 0.004906278926604736
0.0022688694556025745 -0.0062958963847275715 0.004853239664176221
0.0022469183947149527 -0.0055952230099270165 0.004441130904408635
0.0022390475655744767 -0.005332405287076335 0.004295244596040097
0.0022492873608167285 -0.005475540930365641 0.004370060479444141
0.002253480187886176 -0.005488447791182086 0.004382183567473171
0.0022611871406815636 -0.005668655473550236 0.004484657063505418
0.0022361267549709245 -0.004886250464315052 0.004035097731617043
0.0022361267549709245 -0.004886250464315052 0.004035097731617043
0.0022536419640562227 -0.0054014944006367804 0.004316309038255026
0.0022460302714392448 -0.005141125481885377 0.004161471846548157
0.0022460302714392448 -0.005141125481885377 0.004161471846548157
0.002242559058245139 -0.004940238692403708 0.004062641495950417
0.002236056195358684 -0.004715478119538734 0.00393214376568856
0.002264237284452644 -0.0055065600768973095 0.004375514665374792
0.002264237284452644 -0.0055065600768973095 0.004375514665374792
0.0022604495090532872 -0.005332445974049542 0.004277475234428788
0.0022567372459177636 -0.005138539445452741 0.004182435480361058
0.002246336238731596 -0.00470989692003687 0.003926633909446341
0.002246336238731596 -0.00470989692003687 0.003926633909446341
0.0022690874663103197 -0.0053412885259707665 0.004264776886513555
0.002261400261429509 -0.005243828241802088 0.004141441568139113
0.0022750892650467668 -0.0055136319618366335 0.004350172135252879
0.0022353877127773212 -0.004376192643820072 0.003730968311849216
0.0022353877127773212 -0.004376192643820072 0.003730968311849216
0.0023211813678567514 -0.00665204482069592 0.0050084856063689264
0.0022560843422467893 -0.004847499045340379 0.00398516848362126
0.0022560843422467893 -0.004847499045340379 0.00398516848362126
0.0022425270227392708 -0.0043592501869492845 0.00371196166502495
0.0022425270227392708 -0.0043592501869492845 0.00371196166502495
0.0022792937527895837 -0.005354900167916318 0.0042478039614317065
0.002307054273994857 -0.006042412654758004 0.0046485945957834745
0.002246038045221491 -0.004305602093179786 0.003671884056039355
0.0022888703315610266 -0.005327572251423855 0.004256092819443281
0.0022857722599147283 -0.005218164729703566 0.004206871236399053
0.0022857722599147283 -0.005218164729703566 0.004206871236399053
0.002338685355111227 -0.006618864311932699 0.00498809021096149
0.0022526924028240546 -0.0043735061437902645 0.003703091528715111
0.0022912830251879362 -0.005387911910374651 0.004267934546708441
0.002294877396408028 -0.005374394870343689 0.004281202136097816
0.002271566205740424 -0.00473729883292522 0.0039005265394582898
0.0022686826027156055 -0.004640764490855959 0.0038555333924215392
0.0022686826027156055 -0.004640764490855959 0.0038555333924215392
0.0022759679532077326 -0.004710632209538969 0.0038878392252985026
0.0023136009897900306 -0.0049517317435930075 0.004419083454890343
0.00229959796298511 -0.005269479278233942 0.004174314636352865
0.0022863657317665964 -0.004893051489365716 0.00398062357944622
0.002354826046650209 -0.006546772637671534 0.004953681946137742
0.002354826046650209 -0.006546772637671534 0.004953681946137742
0.0023088072618913267 -0.005429342847080763 0.004291497131463193
0.0023103980661211 -0.00533380720093589 0.004224653136368823
0.0023103980661211 -0.00533380720093589 0.004224653136368823
0.002305905008058297 -0.004924007661992013 0.003975505923056669
0.002305905008058297 -0.004924007661992013 0.003975505923056669
0.0023006007182030503 -0.0047069311373781515 0.003836986151051294
0.0023416634660129473 -0.005633746426689545 0.004374756846989393
0.002294325708635732 -0.004373781987676413 0.0036383815622308482
0.0023322205774885976 -0.005158107152472252 0.004089643101663925
0.002370732647036719 -0.006025054425920641 0.004570138576150955
0.0023589815094114423 -0.005650654591149941 0.0043563821334315755
0.002398947715082109 -0.006582029498595941 0.0048801580151895466
0.0023439399930669674 -0.005255576683680296 0.004136896663964073
0.0023439399930669674 -0.005255576683680296 0.004136896663964073
0.0023517585372526597 -0.005279035011984443 0.00412052708469138
0.0023631224903686524 -0.005342303318012829 0.004140773022865959
0.002356838829333996 -0.00515240828047623 0.0040493523405844885
0.0023244787680566877 -0.004403583784985076 0.003632499567509498
0.0023747191554176865 -0.0056203642993956264 0.004274397819728055
0.002338256982094398 -0.004617721746443011 0.0037627535520828675
0.0023269219298946583 -0.004383408625844012 0.003609525784068087
0.002383096220781036 -0.005610830319697056 0.0043178668039102535
0.0023325251969074138 -0.00421560614457027 0.0035519080146638555
0.0023966783348924117 -0.005617456277917705 0.004304641343405309
0.00233714909274076 -0.004344909376767418 0.0035586501407756485
0.00233714909274076 -0.004344909376767418 0.0035586501407756485
0.00243935846825202 -0.006496471752730959 0.004801943233573822
0.0023795069275961214 -0.0051983712068481664 0.004032676825365341
0.002340162122970795 -0.004288454665494054 0.0035190590200983502
0.0023890760773901763 -0.005334348920713209 0.004120634914574148
0.0023885311603314497 -0.005180156545436107 0.0040654485836427254
0.0023455600743637474 -0.004282010826930054 0.0034978701973674853
0.002399743963536192 -0.005324402303637677 0.004124444569409019
0.0023543301545730657 -0.004394397055124091 0.003574865247472098
0.0024444262846666878 -0.006292392289688401 0.004661429862573105
0.002355110353928318 -0.0043775319285791125 0.0035536548587646794
0.0023609829448808218 -0.0044205777118173474 0.003581719717275704
0.002387200088197201 -0.004878130059149404 0.0038259137774613178
0.0023723116652095387 -0.004761445595473631 0.0035928964100080773
0.002381579518249769 -0.004734266812959472 0.0036956838665361943
0.0023713739840720127 -0.004396049140580843 0.003535881986413002
0.002439069396397696 -0.005553754520837313 0.004176210937686546
0.0024489505005502667 -0.005561513445128521 0.0041448464847628555
0.0024696379143262655 -0.00595871083671246 0.0043758170905808785
0.0024222148961115138 -0.004952792535737675 0.0038186560740495978
0.002391916391732407 -0.004355557076156311 0.003460567076342199
0.0024572228079286725 -0.0055695236381232945 0.004146087782250521
0.0023963645624719187 -0.004287153842149593 0.0034428784617593815
0.002419981438318808 -0.004806686069467504 0.0036824664305806646
0.002463303661015218 -0.0055321748774732095 0.004126844912752844
0.0024382315832853136 -0.004979721591374537 0.0037956366509833877
0.002439775494054442 -0.004962796703878543 0.0037843716882074467
0.0024075254568726315 -0.004346001969323733 0.0034159099573122104
0.0024075254568726315 -0.004346001969323733 0.0034159099573122104
0.0024068419909529077 -0.004326880941324404 0.003401133251098438
0.002409706567018761 -0.004345644281302729 0.0034249646582585995
0.00241299343499759 -0.00440731764544305 0.0034382317461136356
0.00241299343499759 -0.00440731764544305 0.0034382317461136356
0.0024463803878328762 -0.004939746655871792 0.003753239947216796
0.0024463803878328762 -0.004939746655871792 0.003753239947216796
0.002452467071256106 -0.0049861882027320914 0.0037570671557535136
0.0024298560225249795 -0.004445800437924164 0.003407137118664031
0.0024298560225249795 -0.004445800437924164 0.003407137118664031
0.002458423543826716 -0.004896514145130172 0.003701963076453597
0.0024687410455455313 -0.004973071731908071 0.003735034250731036
0.0025583955746541474 -0.00651864446045028 0.004660915789876193
0.0025583955746541474 -0.00651864446045028 0.004660915789876193
0.002559415444731387 -0.0065201819139648004 0.004665401512999296
0.0024959289712657745 -0.005293785074186486 0.0039777141787488675
0.0024717720056281656 -0.005034759734581895 0.0037176967101851337
0.002457022570344046 -0.004646675315965295 0.0035451112213091716
0.002484267357519911 -0.005021202540457962 0.0037419203171979642
0.002484267357519911 -0.005021202540457962 0.0037419203171979642
0.002519890714662141 -0.005433185038955841 0.003941385037408852
0.0025282393179517837 -0.00545688015415953 0.003939008266178935
0.0025282393179517837 -0.00545688015415953 0.003939008266178935
0.00253001286875613 -0.005459139002128119 0.003946290544773239
0.0025345086852577945 -0.0054689127152404695 0.003947712394622747
0.0025489941880963043 -0.005526139977470424 0.0039248444349267485
0.0025455163609181103 -0.005428703829641785 0.003874615269396573
0.0025490664717328334 -0.005450143231466498 0.0038891336854260435
0.0024886028711086482 -0.004404780101111762 0.0032444970557195464
0.002625000714019831 -0.006493328511648304 0.004492403762897127
0.0026225738520478602 -0.006461820870670985 0.004465924254429946
0.0025663823209185976 -0.0055178414649228345 0.003913097497651556
0.002635857992070404 -0.006587715142623787 0.004526429357020638
0.0026326684217532342 -0.006436598332639546 0.004441947402311634
0.002501617499116067 -0.004441377908127706 0.0032077406071231713
0.002527679041403942 -0.004689823247642619 0.003349164262948176
0.002647395413375708 -0.006451195991094492 0.004426660134141318
0.0026336192054753522 -0.006273393416646381 0.004293266544609247
0.00253926793267073 -0.004837653557962312 0.0034109904069863474
0.0025454391246299887 -0.00481027303521963 0.003397664138079374
0.002521953588087981 -0.004478592555361099 0.003171178252315777
0.002521953588087981 -0.004478592555361099 0.003171178252315777
0.002596882755560723 -0.0054885357477666916 0.0037968428410673615
0.002553370952884379 -0.004847550194006426 0.003371109399461425
0.0026934995216639193 -0.006796186918018912 0.004539610180969461
0.002604035011377784 -0.005453307913142122 0.003726387798736146
0.002560297580940929 -0.004722613576894135 0.003243182534218467
0.002709518779201204 -0.00653611866910341 0.004331002489768616
0.002709518779201204 -0.00653611866910341 0.004331002489768616
0.002638282346370682 -0.005534762982734992 0.0036943803787905607
0.0026423954921721087 -0.005501308071996846 0.003670196894524807
0.002721933007913705 -0.006542829323935465 0.004263721156731117
0.0026439699965358824 -0.0054649930363101 0.0036078501578433236
0.0026509946745555996 -0.005536465190279694 0.0036356637476507836
0.0026333506338371117 -0.005400987850954945 0.0032963822876352863
0.002654327997152528 -0.005369455195952496 0.003446044146503682
0.002678707832111785 -0.005473051564676742 0.0034058461692768587
0.0027783235854835398 -0.006277936690834821 0.003827724316423125
0.0028246854824217145 -0.006720081339063541 0.004090760018635655
0.002782880965325249 -0.006197519170404621 0.0037828726020698172
0.0027849134332318206 -0.006199720906150419 0.0036928331453564404
0.0028256745081371394 -0.006473556021889224 0.0037603908238144266
0.0008254079272248737 -0.005974501896125749 0.0007091206066100388
0.0010025256565338301 -0.005825873323378146 0.0013272526511324322
0.0010833716126726518 -0.005752652381862167 0.0014273197854087925
0.0010837461961316823 -0.005734144949780037 0.001416622057969639
0.001104884614661533 -0.005679257721389708 0.0014580166961280058
0.0011081799460323234 -0.005799689720170651 0.0014535114131657033
0.0011166514879266786 -0.005708784803264485 0.0014775178558099843
0.0011323169129881863 -0.004978924245814089 0.0014123971327025303
0.0011487254865556933 -0.004992334850854662 0.0014468319788462167
0.0011654544778736777 -0.005000067350555415 0.0014593653219640997
0.0011622089237859786 -0.004406056882153873 0.0014064765198371198
0.0011622089237859786 -0.004406056882153873 0.0014064765198371198
0.0011718566263957933 -0.004572952495306008 0.0014319920793057991
0.0011784482922060507 -0.0049901223948123795 0.0014749494984627784
0.0011753936973177166 -0.0046863201204079925 0.0014468951721728616
0.001180839921390745 -0.004981260753240398 0.001462837444189194
0.0011994536160608352 -0.005892292142737095 0.0015744769817909656
0.0011866473128792504 -0.004977982583747751 0.0014860324042738618
0.001203131116597525 -0.00497353800211335 0.0015039236387294137
0.0012139430057904682 -0.0043861505454182185 0.0014578471775216096
0.0012361872448448104 -0.004982346512391351 0.0015343055858840799
0.0012361872448448104 -0.004982346512391351 0.0015343055858840799
0.00123549462592341 -0.004892876422535701 0.0015242678776343278
0.0012313450561906535 -0.004619361199503613 0.0014671265658516243
0.0012686709029906507 -0.005718072466911084 0.0016268371667252184
0.0012771532905650749 -0.005583450619784148 0.00160783453217566
0.0012771532905650749 -0.005583450619784148 0.00160783453217566
0.001268890167534242 -0.004974797448874887 0.001551476115495278
0.00127104961766613 -0.004355103971227416 0.0015155396755422701
0.0012802314889132124 -0.004983868167574211 0.001566161542459453
0.0012810019083488648 -0.004975039987746373 0.001569721433193776
0.0012932631690881382 -0.005007770008963029 0.0015811794866900208
0.0012937513187289316 -0.00497787096101155 0.001580297287788686
0.0013017303225570322 -0.004963788738799999 0.0015837287857323656
0.0013158335621919544 -0.005734224317589096 0.0016524761036411566
0.0013158335621919544 -0.005734224317589096 0.0016524761036411566
0.0012953813053288965 -0.0043714636451969244 0.0015292230368982207
0.0013060588146650309 -0.0050120041812695025 0.0015851421094981197
0.001307567461300987 -0.004995256664526892 0.0015943216924947828
0.001296945967081278 -0.004349431994010293 0.0015287164872163854
0.001296945967081278 -0.004349431994010293 0.0015287164872163854
0.001321213113543865 -0.005609196822356722 0.001654567501832496
0.0013108653003434693 -0.004974227831249992 0.0015875595050094521
0.0013108653003434693 -0.004974227831249992 0.0015875595050094521
0.0013133807144720727 -0.0050021504734301695 0.001596163828119912
0.0013133807144720727 -0.0050021504734301695 0.001596163828119912
0.0013076126307373435 -0.004537083386337937 0.0015549552592011107
0.0013262357291762795 -0.0049671128143575615 0.001598493956656354
0.0013254357505605545 -0.004339972931003528 0.001554533970356812
0.0013352918406879953 -0.005004490256502627 0.0016023357096888865
0.0013426934844548506 -0.005016728039165682 0.0016191792389114148
0.0013629357865054747 -0.0055698654337749485 0.0016889311301001226
0.0013540387554167362 -0.004996134506348661 0.0016195558911995913
0.0013540387554167362 -0.004996134506348661 0.0016195558911995913
0.0013657252578041451 -0.004613513371809071 0.0016022945838731336
0.0013741913141666737 -0.004996668828494488 0.0016402983483692353
0.0013837273626943908 -0.005021351872307235 0.0016380123548545768
0.0013840293177120341 -0.004974751009929737 0.0016361631977487093
0.0013947416523387949 -0.005012733349505818 0.0016396739381178641
0.0013935625764549934 -0.004661978523523805 0.0015905967969631095
0.00140617607102934 -0.00500368980769846 0.0016598180648217363
0.00140617607102934 -0.00500368980769846 0.0016598180648217363
0.0014150497807713406 -0.005016531719818074 0.001662983749566037
0.0014298913729901507 -0.005749906732126319 0.0017281661613971207
0.0014173842350414516 -0.005028971213322874 0.001670125598545575
0.0014173842350414516 -0.005028971213322874 0.001670125598545575
0.0014056386769856902 -0.004360754978040013 0.0015998877205829086
0.0014033653158671815 -0.004286764839578332 0.001577055871359279
0.001426589427635272 -0.005027215592371128 0.0016572562274209301
0.0014490063198856259 -0.005603099606712385 0.0017214837178716035
0.0014519733656860041 -0.005770353472111654 0.0017325947096056404
0.001455977521806506 -0.005773251212135637 0.0017441490576948675
0.0014632136592416726 -0.005728333357941447 0.0017413705574598505
0.0014632136592416726 -0.005728333357941447 0.0017413705574598505
0.0014528104264968783 -0.005023959631445906 0.0016811197327787528
0.0014472875617077554 -0.004525445031247019 0.0016447083398072322
0.001445534855924351 -0.004299461306739796 0.0016266124793415926
0.0014734053385333293 -0.005787340314771394 0.0017491924870023277
0.0014457980987602453 -0.004325931568167613 0.0016127861806991836
0.0014568007590771766 -0.004507612319579585 0.0016394332016354078
0.001476347527038058 -0.005029971335485537 0.0016817346138776935
0.001492965083695218 -0.005450104613322437 0.0017285087093502824
0.0014867190690818414 -0.005015802206776902 0.001695246952024232
0.0014881260296306766 -0.005001322534275076 0.0016849293876136243
0.0014881260296306766 -0.005001322534275076 0.0016849293876136243
0.0014808402716418993 -0.004510785605703703 0.0016463378248728585
0.001506760490956968 -0.005758770599256927 0.0017563809786753416
0.0014961691985082026 -0.0050132433158903335 0.0016890359507768587
0.001489755734117576 -0.004537947075487593 0.0016513095347699203
0.0014997327567123756 -0.004775371570147569 0.0016782293903862616
0.001505015026075575 -0.004998626881243592 0.0016918901826969816
0.0015025305346735268 -0.004697952901806751 0.0016825506102463527
0.0015025305346735268 -0.004697952901806751 0.0016825506102463527
0.0015069698031785308 -0.0050210537414889225 0.0016977842142424542
0.0014925624770050269 -0.0042817888352934975 0.0016266571158977147
0.0014989970528567127 -0.0043544752038964804 0.0016616220838371436
0.0014991266994832022 -0.004368688498972796 0.0016544396105761911
0.001508527866619772 -0.005010540014460188 0.0016922949209081113
0.0015085105950309917 -0.004503753671109027 0.0016557797103285313
0.0015080934751908815 -0.00433210733662771 0.0016396769473238947
0.0015483355090747481 -0.005733836192702927 0.0017726412234622517
0.0015483355090747481 -0.005733836192702927 0.0017726412234622517
0.0015474771330544897 -0.0056132163066204424 0.0017603767027497782
0.0015218652633198799 -0.004339254733830867 0.0016463704246048579
0.0015218652633198799 -0.004339254733830867 0.0016463704246048579
0.001529682271556661 -0.004524867028594903 0.001661809657679724
0.0015366827818904443 -0.004697441415146272 0.001678478151418133
0.0015377870507930762 -0.00474074461872019 0.0016779736078736517
0.0015515348436385694 -0.005109320681812526 0.0017214927454896956
0.0015424285473471125 -0.004576213205134497 0.0016753696415884155
0.0015424285473471125 -0.004576213205134497 0.0016753696415884155
0.0015432302656600738 -0.004576109983098465 0.0016775518174950146
0.0015483696134097628 -0.004760935597743219 0.0016868688209004132
0.0015668119557385315 -0.005532101716151588 0.001762989195118768
0.001557030421825091 -0.005008759567558688 0.0017054963077648105
0.001558391946497452 -0.005666956588670527 0.0016777087977429496
0.001558391946497452 -0.005666956588670527 0.0016777087977429496
0.0015497848179292862 -0.004209122935560703 0.00167089445068642
0.0015647067183340406 -0.004857300460388454 0.001708930814914521
0.0015618852585483458 -0.004748826411619132 0.0016904648221071046
0.0015624550955945142 -0.0046542735337651645 0.0016918044203251066
0.0015814776034422339 -0.005634279996533864 0.001767864610422847
0.001559992499300929 -0.004505414110247104 0.001675065210244976
0.0015608284316595417 -0.004597550395828329 0.0016742146080069636
0.0015728690956546372 -0.005021378829777927 0.0017235971835738348
0.0015738704559801983 -0.005115924321755114 0.0017199394936435138
0.0015937119694026077 -0.005595187839831532 0.00178057599823088
0.0015953282265000574 -0.005500452517107241 0.0017701862128755355
0.0015870205922966871 -0.005139917097588672 0.0017156423474316681
0.0015865967801077482 -0.0049437840856610595 0.0017110442806167522
0.0015845186098845854 -0.004566306522730665 0.0016761891486974441
0.0016048288698380694 -0.005460615644604102 0.001760948451895612
0.001585048590623795 -0.0046184525054835555 0.0016746684965832615
0.0015905459241805013 -0.004718167595408335 0.0016877670689005783
0.0015911010600013738 -0.004717262840670515 0.0016893037701135915
0.0016084343375053992 -0.004991824947161939 0.0017185226591373906
0.0016278981955709555 -0.005442554766158569 0.0017616756766863655
0.0016278981955709555 -0.005442554766158569 0.0017616756766863655
0.0016167431158339793 -0.00493536848051839 0.00171057885675067
0.0016167431158339793 -0.00493536848051839 0.00171057885675067
0.001613453975277679 -0.004734872221720418 0.0016956572071130849
0.0016285866298152193 -0.005098625963579404 0.0017288658017992594
0.0016347535508961274 -0.005202672051875758 0.0017391773477978057
0.001622573907033963 -0.004643259608516802 0.0016855417610408727
0.0016372290146800836 -0.005056054349712277 0.0017464260235914336
0.0016255783171425556 -0.004502372351503245 0.0016734949062312868
0.0016265706655229726 -0.004578291626124829 0.001673403626981689
0.0016344443628129467 -0.004913558194050392 0.0016973478793680021
0.0016344443628129467 -0.004913558194050392 0.0016973478793680021
0.0016352887899094169 -0.004724528821924245 0.0016962199286408265
0.0016415344362085136 -0.005032625141745657 0.0017188702224339369
0.0016415344362085136 -0.005032625141745657 0.0017188702224339369
0.0016458034651515097 -0.00504960756463404 0.0017284079009482539
0.0016454097215134558 -0.00501679486861628 0.0017239161594130893
0.001650228847424518 -0.005193740289534082 0.001735685665733512
0.0016340208484100212 -0.004305817063335605 0.001645762063452317
0.0016561013756852296 -0.005147335950252516 0.0017281445954205673
0.0016477187464253127 -0.004706175443656776 0.0016964215454448837
0.001652361504651669 -0.004919380161380609 0.001713559976858421
0.0016511789885557647 -0.004677528595687468 0.0016957690492705594
0.001659641518504976 -0.005027245496356058 0.0017222555792184792
0.001659623682690065 -0.004894885992265132 0.001724774786200517
0.0016541684153259964 -0.00473195960904827 0.0016886236895506522
0.0016712665750994507 -0.005155075722201176 0.0017403599657678725
0.001669210934739148 -0.005044193407412776 0.0017278913205796497
0.0016686297583150462 -0.005030765044922032 0.0017190552886048253
0.0016726963632971593 -0.005057081617421009 0.0017203091244509519
0.0016756936970696954 -0.005072792619415524 0.0017240375307229945
0.0016723319515814306 -0.004919977535796548 0.0017103110374139373
0.0016691659220322722 -0.004715771375213082 0.0016966141346308487
0.0016759175772964954 -0.004979945589148447 0.0017169969916798235
0.0016660604762639038 -0.004548158267599606 0.001676525176704206
0.0016660604762639038 -0.004548158267599606 0.001676525176704206
0.0016710838206884038 -0.00474932158861802 0.0016884180604718874
0.0016807211478065917 -0.004902415636998929 0.0017136733236189107
0.0016874073685125951 -0.0051728318244984115 0.0017399923410977881
0.0016831290925302337 -0.004987882448419171 0.0017105542815680859
0.0017014836702680105 -0.005666080094722292 0.0017809892625257635
0.0016887793156954271 -0.005058720004721143 0.0017197097909165033
0.0017047372528233619 -0.005618814934440568 0.0017750300315162923
0.0016942811317152832 -0.0051041400828635 0.0017206286018245451
0.0016942811317152832 -0.0051041400828635 0.0017206286018245451
0.0016864688723817692 -0.00470961716183194 0.0016898569624889024
0.0016928941306658238 -0.004588853469104159 0.001677069341461425
0.0017050070978886335 -0.005082946840361277 0.0017228092731281287
0.0017055836116106826 -0.0050173665237244255 0.0017213954478280363
0.001697093830323003 -0.004720342556677356 0.001686469098032668
0.0017046993477984388 -0.005099605460142397 0.001712862342593636
0.0017127677697135533 -0.004968167713473752 0.001707130306639483
0.0017041712243035761 -0.004504581108729782 0.0016654151880388462
0.0017142025889275944 -0.0048923683055590575 0.001700832038417219
0.0017254176647098077 -0.005176777802635653 0.0017309617137996449
0.0017302207728679356 -0.005198679431045041 0.0017322165527144484
0.0017227956549430985 -0.004897423426885783 0.0016948597675149482
0.001733974330303404 -0.005243622675415116 0.0017299180208413289
0.0017380744068252532 -0.005122355120426313 0.0017196651543603812
0.0017350370737301071 -0.004998377336564316 0.001704702378907043
0.0017373780342327884 -0.005028955101532252 0.001703896413225153
0.0017690349982433478 -0.005805205845592101 0.0018175129991890972
0.0017245965432871274 -0.0043427053214253036 0.001639166385367352
0.0017479466263753832 -0.005142260109288433 0.001722104115848267
0.0017485483353410246 -0.0050114582924879955 0.0017141934147278841
0.0017527332779380307 -0.0051279485761735735 0.001719220794936514
0.0017418564537620878 -0.004699471208856077 0.001675742783136223
0.0017335040458642996 -0.004347287151066012 0.00163779769815772
0.0017552435160755318 -0.005097613992667995 0.0017177227118675617
0.001735862791244811 -0.0043506944186319655 0.0016378463469885497
0.0017388308068088513 -0.004349411148989351 0.001612874450742751
0.00176753383348098 -0.0052449078571573955 0.0017241584004985611
0.0017595804930033506 -0.004900986749995735 0.001682766771546225
0.0017879635634198555 -0.005799014404183927 0.0017865116571264441
0.0017879635634198555 -0.005799014404183927 0.0017865116571264441
0.001771624009597441 -0.0050465095243336375 0.001707237133453573
0.0017780769110436654 -0.005235279933808054 0.0017210383553790593
0.0017612055999901102 -0.004970397801582621 0.001645739494407087
0.001779821063315657 -0.005243713641205752 0.0017252993911185364
0.001779821063315657 -0.005243713641205752 0.0017252993911185364
0.0017712170379912103 -0.004890019902365159 0.0016926826069517337
0.0017747739714361432 -0.00495308754763932 0.0016756078703991798
0.001761136965885252 -0.004342175325013146 0.0016235791996626428
0.0017896448710882972 -0.005244690191254508 0.0017187508572613856
0.0017814378572115783 -0.0049198134557031335 0.0016829217456568062
0.0017992810442856828 -0.005469636617366231 0.0017447107761539322
0.0017810930876180266 -0.0047034639678046495 0.0016608687792607905
0.0017810930876180266 -0.0047034639678046495 0.0016608687792607905
0.0017790253222732682 -0.004606619108390299 0.001645274572075343
0.0017941754051290697 -0.004990545564410447 0.0017018381163001512
0.0017902614272335634 -0.005030257084674869 0.0016799867667081927
0.0018170431493220317 -0.005790412337977989 0.0017720097917301421
0.0018012251324380504 -0.005039371938395976 0.0016820841833115935
0.0018000238793327206 -0.004959639560890944 0.0016755030497224435
0.0017899477175048624 -0.004342811270554301 0.0016415943130997919
0.00180395382404408 -0.004999696246490857 0.0016801332147350205
0.00181132206092211 -0.005237215166744758 0.0017065976771720483
0.0018018661873602788 -0.00473354807800878 0.0016560660864357868
0.0018339005177577116 -0.0058158771170949 0.0017671263518766478
0.0018027393547252846 -0.00455457663762298 0.0016358597694739465
0.0018027393547252846 -0.00455457663762298 0.0016358597694739465
0.001803895309092436 -0.004604984568798917 0.0016385650456955496
0.0018136968338511481 -0.00495707444784399 0.0016662171414460287
0.0018011028168330237 -0.0043510001351571475 0.0016188096081039766
0.0018011028168330237 -0.0043510001351571475 0.0016188096081039766
0.0018205125875547677 -0.005030871432893575 0.0016799787421587775
0.0018194075154135468 -0.0049725703699720495 0.001674694576368861
0.0018299059613179065 -0.0052115468273782285 0.0016931515415581852
0.0018076123250494638 -0.004362634916815903 0.0016086695868491804
0.0018076123250494638 -0.004362634916815903 0.0016086695868491804
0.00180686990533555 -0.004311777987023468 0.0016060560914115138
0.0018417802021138507 -0.005477759028669232 0.0017283983717958232
0.0018395997894139105 -0.0052166247685173535 0.0016868492610612137
0.0018173080769998441 -0.004352099937269578 0.0015990376198792347
0.0018262832063888482 -0.004602510852548672 0.0016272419049363483
0.0018622246146663963 -0.005776492503181459 0.0017473939848646435
0.0018622246146663963 -0.005776492503181459 0.0017473939848646435
0.0018393282242425875 -0.004926358134015057 0.0016692569410713784
0.0018395521044693875 -0.004971980158093381 0.0016629697066045605
0.0018632560121969463 -0.005677966521235366 0.0017392445533991581
0.0018540186352042508 -0.005218994674996013 0.0016846094087056929
0.0018416996745066333 -0.004357293105922961 0.0015829052663486295
0.0018416996745066333 -0.004357293105922961 0.0015829052663486295
0.0018679056273380862 -0.005196283601510262 0.001674282816676993
0.0018820596159788803 -0.005441023393747903 0.0016986879791203425
0.0018555735248735065 -0.004385760163627527 0.0015730516212010886
0.0018802194473087344 -0.005167257270326532 0.0016491669800760588
0.0018617693311977197 -0.004378108724414227 0.0015715961685509048
0.0018617693311977197 -0.004378108724414227 0.0015715961685509048
0.00190761212442265 -0.005816220166582401 0.0017182698858308114
0.00190761212442265 -0.005816220166582401 0.0017182698858308114
0.001889494290483807 -0.005184933033091927 0.001646733535465896
0.0018665940131688751 -0.00436240377217767 0.0015691105643695431
0.0019128170634600393 -0.00580368118120321 0.001713432085602116
0.0018973688497859252 -0.005192210547110015 0.0016572953470993293
0.0018951721764023555 -0.005200906431583139 0.0016407552461515638
0.0018951721764023555 -0.005200906431583139 0.0016407552461515638
0.00189389689996326 -0.005022738740136636 0.0016229001221683805
0.0019010767871877798 -0.005166428923674788 0.0016429775448052388
0.0018827314995899752 -0.004232654801337225 0.0015838476493705783
0.0018782454159890665 -0.00433098593719283 0.0015525438821018397
0.0018782454159890665 -0.00433098593719283 0.0015525438821018397
0.0019030544467949274 -0.005099997534611481 0.0016177358230853537
0.0019060693577787314 -0.005131555830556984 0.0016291863535665215
0.0019041540921778768 -0.005054393832209459 0.0016176957003382775
0.0019083513076727859 -0.005142118833334471 0.0016317115789606209
0.0019066412166352017 -0.005082862488554729 0.001617868729685043
0.0018888370297332673 -0.004615811151380682 0.001552223903193908
0.001886084405535525 -0.004369178717442735 0.0015435453530013572
0.001909340192331678 -0.005040201758304839 0.0016093406397940273
0.0018903639588631546 -0.0043548837976528365 0.0015447946750384378
0.0018892005245815335 -0.004277726250422566 0.001538964839888287
0.0019391116311399173 -0.005799771470267818 0.001697201932875513
0.0018904392360327663 -0.004284324279449743 0.0015361146202428717
0.001915225070875474 -0.0050682106643912305 0.0016182032530887896
0.001914988910893856 -0.004791778572502032 0.0015592865097479708
0.001912820668238097 -0.004669117355460838 0.0015279596718996633
0.0019261415456509321 -0.004761068100764495 0.0015537019248893222
0.0019261415456509321 -0.004761068100764495 0.0015537019248893222
0.0019634463750275587 -0.005778289249948959 0.0016714667013665923
0.0019294488981728972 -0.0045797032258662945 0.0015432700106495477
0.001923886443516933 -0.004377023654872989 0.001510444086663611
0.0019237676739164086 -0.004334516237401185 0.0015075878486061345
0.0019702836516071244 -0.0057425153071216095 0.0016472812109634843
0.0019392182542056823 -0.004732225467307375 0.0015373960404776131
0.0019844720893877907 -0.005949090530415883 0.0016788322346610793
0.0019844720893877907 -0.005949090530415883 0.0016788322346610793
0.0019414826190519948 -0.004785687108829638 0.0015386824760557393
0.001976775465065186 -0.0057658261843302515 0.0016492908590576563
0.001980239202263059 -0.005657995549261844 0.0016408304763023314
0.0019508089008426549 -0.0048187511362427545 0.0015363939748693886
0.0019508089008426549 -0.0048187511362427545 0.0015363939748693886
0.001987957329870425 -0.005685252624029001 0.0016539631529546629
0.0019369161018815571 -0.004326663526188685 0.0014831546002398318
0.0019369161018815571 -0.004326663526188685 0.0014831546002398318
0.0019520255134370997 -0.0048024585660004365 0.0015293975708480015
0.0019520255134370997 -0.0048024585660004365 0.0015293975708480015
0.0019378993912979859 -0.004311446880322403 0.00147896628697943
0.001970774810453948 -0.005157574773771987 0.0015791598079090798
0.0019994121077205216 -0.0059665004172901066 0.0016592493248819332
0.0019692531395981406 -0.005166174520381609 0.0015458860137589066
0.0019692531395981406 -0.005166174520381609 0.0015458860137589066
0.0019798171454443046 -0.005107692544620434 0.001535571960088668
0.0019798171454443046 -0.005107692544620434 0.001535571960088668
0.00200755075619773 -0.0057110767524994124 0.001609124478494155
0.001954254833571513 -0.004392873080344916 0.0014344596282509765
0.001954254833571513 -0.004392873080344916 0.0014344596282509765
0.0020060628135261838 -0.005644671788026563 0.0015980154928974721
0.0020060628135261838 -0.005644671788026563 0.0015980154928974721
0.001959250601443872 -0.004393108895521676 0.0014449452066649653
0.001959250601443872 -0.004393108895521676 0.0014449452066649653
0.001991115899096299 -0.005191279511302474 0.0015401339164312156
0.0019477313450853887 -0.0044118799779363504 0.0013886344357467364
0.002015233666690768 -0.005744018405533946 0.0015906645040988003
0.001979983999649528 -0.004532331599248286 0.0014888119075775557
0.0020083904657368294 -0.005452904616842215 0.001569096019873728
0.0020083904657368294 -0.005452904616842215 0.001569096019873728
0.001972754742638567 -0.0046474407122210895 0.001443186827274357
0.0020257882060762938 -0.005815211204877023 0.0015923707239182095
0.0019859569288156183 -0.004300708904752588 0.0014432876356763858
0.0020332224182292523 -0.005765230674995134 0.001572752706735372
0.002010363846629152 -0.005142306187755779 0.0014911430391826744
0.002009395963720683 -0.005120314157781885 0.001486757121392923
0.002009395963720683 -0.005120314157781885 0.001486757121392923
0.0020232582161059795 -0.0051216656987863205 0.0014738205446669257
0.001994640745118723 -0.004365449558869185 0.0013545321068694426
0.001995668592726533 -0.0043863771449015095 0.0013545546759146728
0.0020085740429776505 -0.004688264849192113 0.0013809955662377937
0.002014192826209002 -0.004664146750506615 0.0013770760753828014
0.0020336661193893005 -0.005128535590770834 0.0014337233758421309
0.002038012541349899 -0.005154265556169201 0.0014187856771057153
0.002018949033070011 -0.004692959802253802 0.0013541148302998517
0.0020440891000486714 -0.005154565849854348 0.0014119246873557098
0.0020429371383650424 -0.005139027657785326 0.0014062859367885085
0.0020706456880744935 -0.005650726435943924 0.0014617215302861412
0.0020172530320127476 -0.004419272970235868 0.0012947637582219344
0.002051358965668099 -0.0051792133160749616 0.001392435564497854
0.002051358965668099 -0.0051792133160749616 0.001392435564497854
0.0020521558723860006 -0.005157308490384166 0.0013846362040006073
0.002052285675741971 -0.005142599710727357 0.001376806249908715
0.0020313614123746385 -0.004681056176639332 0.0013081025654873692
0.0020597810750842206 -0.005181985766552021 0.0013670970466506478
0.0020408268699442186 -0.004706715502101599 0.001288650556170559
0.0020408268699442186 -0.004706715502101599 0.001288650556170559
0.002062016727089657 -0.005176929516773034 0.0013520896346411876
0.002094313877153386 -0.005961214872280759 0.0014154364307935416
0.0020308720088979995 -0.004437482334191478 0.001220176072941885
0.002108377432883778 -0.0059463852541942796 0.0014546534068543555
0.002030915078159314 -0.0043935590852822275 0.0012184342441844457
0.0020634224651485417 -0.005063517932969931 0.0012995228175594932
0.002062159194187673 -0.00515775451114053 0.001277235634627421
0.0021013955420123094 -0.005674152164516072 0.001374527277874795
0.002097956677783034 -0.005644694231688208 0.0013608108152525068
0.00205134119254498 -0.005089926035485676 0.0012036760947411955
0.002075482077737862 -0.0051491282145568655 0.001248951605610494
0.0020798069023760107 -0.005171728637029196 0.0012531975953198175
0.0020784970514134585 -0.005158400957556896 0.001236881178687001
0.0021275010312465916 -0.005938672533754 0.00134500596364491
0.00020273354889092468 -0.005512536485457873 -0.000825918772372444
0.0007946406136229003 -0.0033938154556611747 0.0020451985550902683
0.0007286528003360573 -0.003837923924283891 0.0014205034322149089
0.0008131976349127453 -0.0035732233161430817 0.0018076433049427259
0.00033138513125294396 -0.005512909062779549 -0.0008595165577052563
0.00034984723716923724 -0.005569705820471737 -0.0008713542726957081
0.00026380375529746623 -0.005240637229573695 -0.0011931101167883843
0.0003992730700727997 -0.005551264716305866 -0.0008856938917335212
0.0004167307280927608 -0.005615107906069701 -0.0009288880350982492
0.0009618420686838018 -0.005384184256404116 0.000985186170935518
0.0004481205085005439 -0.005680181422257549 -0.000954107187772904
0.0010376581996340939 -0.005545833287495822 0.0010600085742859624
0.0010756950653965332 -0.005572723489894403 0.0010916478680271246
0.0008756837981403179 -0.004788691754032452 0.0005037274997514936
0.0008756837981403179 -0.004788691754032452 0.0005037274997514936
0.0010943456855322916 -0.005400235486755477 0.0010895820480870462
0.0010943456855322916 -0.005400235486755477 0.0010895820480870462
0.001038253771661004 -0.004812243352050603 0.0010129907331248862
0.0010498998378423753 -0.0048352736286333565 0.0010278592201225956
0.001137154775908674 -0.005413690399220263 0.0011146311806209664
0.0011013546906039325 -0.00482351275027085 0.0010647821781193361
0.0009261057409318357 -0.005623706398843477 0.00033997051983527925
0.001110551388459895 -0.00479858723027841 0.0010708808356748967
0.0011161806098746658 -0.004826541500467805 0.0010763711320779163
0.00108779740244231 -0.004448975056248868 0.0010356615898258733
0.0011289030314381447 -0.004798783565298965 0.001084553163275401
0.0011397556076042947 -0.004814603713703885 0.0010919859021712405
0.0009703306627456644 -0.005642918361287547 0.0004043121093479501
0.0011278791490861976 -0.004537871234091851 0.0010691776250615179
0.0011702620606584815 -0.004827622228602426 0.0011118602034010262
0.0012329868915393642 -0.005419074433035323 0.001164774583779267
0.0011828315769405252 -0.004812174187330741 0.0011190572211577938
0.0012564561909071646 -0.005436860157204424 0.0011798221185358034
0.0011705044898193302 -0.004516978567387841 0.0010905449940168716
0.0012054747238693128 -0.004828667582893238 0.00112435442684051
0.0012507691363139914 -0.005278075326027817 0.0011751954642635956
0.00120762505234542 -0.004790002459170675 0.0011281776231025196
0.001254868395883422 -0.005300353418650005 0.001173351824035451
0.0012717147462366042 -0.0054471409842247395 0.001183614219668829
0.001162629773787731 -0.004244130910069654 0.0010740500311595665
0.0012148484006549562 -0.004820655336742268 0.0011244687766696767
0.001222977269212565 -0.004811595017043993 0.00113638372794825
0.001222977269212565 -0.004811595017043993 0.00113638372794825
0.0011946094212693245 -0.004490867953099538 0.0011070710520031605
0.0012339682061643354 -0.004831648068246592 0.0011485494463960486
0.0012339682061643354 -0.004831648068246592 0.0011485494463960486
0.001243450559171942 -0.0048307913222129335 0.0011405956133225589
0.0013042467084084164 -0.005425550871331322 0.0011980288180902406
0.0011966508541021957 -0.004245004582887234 0.0010948772476324087
0.0012118165001954373 -0.0044081227334398475 0.0010998534713385164
0.0012238579635108846 -0.0045232180463818696 0.001110122888452633
0.0012575935454031861 -0.004810151679582673 0.0011516669838438581
0.0012298683510228777 -0.004272707897832028 0.0011034615093693308
0.001338147483173445 -0.005445792609155815 0.0012043717228686266
0.001338147483173445 -0.005445792609155815 0.0012043717228686266
0.0013392165663076452 -0.0054031932855164895 0.0012068172043029123
0.0013392165663076452 -0.0054031932855164895 0.0012068172043029123
0.001288330014643345 -0.004795761272356617 0.00116186668768493
0.0012357575239544465 -0.004194508350321834 0.0011108626516018478
0.0012367034490626608 -0.004204146962621764 0.0011089001477354902
0.0012946653964066542 -0.0048155248206988195 0.0011676097573945288
0.0013003181272435397 -0.004822395700079062 0.0011683871356191276
0.0012723464600817788 -0.004404953475263386 0.0011590164680395146
0.0013065056817605906 -0.0048133161653464455 0.00117161701675875
0.0012909269594478428 -0.004597847257137848 0.001152064199039911
0.0012760950844568403 -0.004389431739789844 0.0011408122761567697
0.001314945909104689 -0.004818042601442582 0.0011762035482838816
0.0013126785350523456 -0.004799852632760217 0.0011694333362491356
0.0013143087410735835 -0.004810124745621403 0.0011655168546001742
0.001270918623166106 -0.00425026219870311 0.0011266083221575073
0.001270918623166106 -0.00425026219870311 0.0011266083221575073
0.0013034491747725913 -0.0045818017865949055 0.0011560358494661022
0.0013806333033227999 -0.005431917536298992 0.0012186489008813026
0.0013806333033227999 -0.005431917536298992 0.0012186489008813026
0.0013106936815620307 -0.004613381554479272 0.001164806681976928
0.0013707613208260095 -0.005321888049307231 0.0012083925236599858
0.0013132093778036994 -0.004547406875122918 0.0011687467357397966
0.0013132093778036994 -0.004547406875122918 0.0011687467357397966
0.001296855722246253 -0.004389589879835937 0.0011450106201039405
0.0013783257438315882 -0.005286437282669221 0.0012109287828095312
0.001344357387314453 -0.004896083311460494 0.0011840350069787892
0.001284388675698734 -0.0041796315566616435 0.0011344969557669986
0.0013036776550096516 -0.004411675038467302 0.0011462659605530826
0.001305163857983962 -0.004422347939956702 0.001143722679922799
0.0013814956916177658 -0.005209440947382866 0.0012066406642157776
0.0013293029878066593 -0.004547281491538305 0.0011641581980773113
0.0013114548853042144 -0.004257643342253881 0.001153693182571199
0.0013554028347796338 -0.004820398519815084 0.0011786771156411205
0.0013107296666508147 -0.004268156379672899 0.0011452162491827052
0.0013211898235430232 -0.004381414493968437 0.0011522397360583688
0.0013410596423096592 -0.004589574213130883 0.0011709008257234424
0.001372352563898329 -0.004899900724404664 0.0011896702468056214
0.0013158910505654993 -0.004189123282092201 0.0011512221228856523
0.0013448155702785241 -0.0045808781954377 0.0011649355763019098
0.0013706414541191196 -0.004813394569269198 0.0011907064167488604
0.0013516891924246794 -0.004596931721875954 0.001165976260054195
0.001340884011253513 -0.0043966690683690645 0.0011597938462641131
0.001384558749898061 -0.004904163672243807 0.001190721462779014
0.0013342976742456013 -0.004224349768843235 0.0011539389343970397
0.0013678616373564644 -0.004563118065192809 0.0011745896107827473
0.0013678616373564644 -0.004563118065192809 0.0011745896107827473
0.0013682067556731107 -0.004455597801515162 0.0011694639298437811
0.0013391331235320853 -0.004309480740332091 0.0010976537417300718
0.0014492426365967247 -0.00529422391673263 0.0012246507623095422
0.0014281428989027269 -0.0049619906598319125 0.0012103083848328676
0.0013933123108201067 -0.004555344408330408 0.001177698622146803
0.0013943326510857884 -0.004471517880637018 0.0011813768749850005
0.0013913359834135455 -0.004427884064059897 0.0011762120743676354
0.0014401790647617244 -0.004969992734239582 0.0012073352892745318
0.0014130955835674635 -0.004567856718351972 0.0011828147739333388
0.0014130955835674635 -0.004567856718351972 0.0011828147739333388
0.0014780775383926475 -0.005344302998112024 0.0012225708994079872
0.001413562637420146 -0.004555712001654596 0.001181454111273122
0.001413562637420146 -0.004555712001654596 0.001181454111273122
0.001436963508696644 -0.0048184178274924844 0.0011997831852061413
0.0014793508713861815 -0.005345255662587911 0.001224397989002963
0.001446368186573583 -0.0049144145325874 0.0011983382647770648
0.0014571731169775802 -0.004977586073834362 0.001211957931272032
0.0014571731169775802 -0.004977586073834362 0.001211957931272032
0.001496757028098763 -0.005472811517804 0.001233020868883946
0.001481754600086791 -0.005304961892302444 0.001218087182422238
0.001455013823575173 -0.0049646607659580315 0.0012033435774748027
0.001455013823575173 -0.0049646607659580315 0.0012033435774748027
0.0014562448709547963 -0.004928098097691676 0.0012101293370740407
0.001424282401024295 -0.004489668549402081 0.0011815569258125044
0.001424282401024295 -0.004489668549402081 0.0011815569258125044
0.001465278256691801 -0.0049714008859324706 0.0012101995518814237
0.001452012861515157 -0.004812945672526863 0.0011998278217622634
0.001432134203205806 -0.004529826905416167 0.0011902811156298543
0.0014340926007597675 -0.004556710337101178 0.0011872047039977976
0.001457421313783321 -0.004826004302336007 0.0011967815021905138
0.001461900705035401 -0.004815018545293576 0.0012016955356386537
0.0014289538485821056 -0.0044320031028898 0.0011741302053287265
0.0014664834437070982 -0.004836627967259024 0.001205273481609161
0.0014431544485704793 -0.004540461455201624 0.001182070496975078
0.0015166304829893527 -0.005418462937293167 0.0012239260451904809
0.0015201467872550747 -0.00542034782872065 0.001228980508253387
0.0014693552920208592 -0.004771436614011063 0.0012023761177359313
0.0014641516851840563 -0.00472093561246143 0.0011914632320655825
0.0014823749353716623 -0.004941634321411083 0.0012031600159069298
0.0015278815752062462 -0.005469125553875349 0.0012336979402408543
0.0015278815752062462 -0.005469125553875349 0.0012336979402408543
0.0015020293451399338 -0.0051636101439632145 0.001215599070569184
0.0014523265398979617 -0.004561180982848231 0.0011839151402718996
0.0014850046366376402 -0.004875971173243647 0.001203273864201758
0.0014850046366376402 -0.004875971173243647 0.001203273864201758
0.001470364191034445 -0.0047050207215751675 0.0011912621167958638
0.0014494605532667814 -0.004464286695853443 0.0011701876438941655
0.001460137404339097 -0.004547049845365733 0.0011764648476742144
0.0014676802300222262 -0.00457496311512296 0.0011841287939000796
0.0014980694807706961 -0.004871586227176677 0.001205758465314443
0.0014687578392401797 -0.00452688966956303 0.0011833062775850204
0.0014957207641178355 -0.004801458185234131 0.001205706305743244
0.0014653708838149337 -0.00440191527427874 0.0011794570015374113
0.0014653708838149337 -0.00440191527427874 0.0011794570015374113
0.001505637586919073 -0.004921315645084482 0.0011988578543516996
0.0015021856827969976 -0.0048438730617840165 0.0012017491998128679
0.0015021856827969976 -0.0048438730617840165 0.0012017491998128679
0.0014665662595647348 -0.00422155935716768 0.0011967614408169758
0.0014807560138730396 -0.004539107767003301 0.001183829879434363
0.0014807560138730396 -0.004539107767003301 0.001183829879434363
0.0015585593022370138 -0.005453386716725051 0.0012339216245558034
0.001473948437530079 -0.004486694466448017 0.0011721100250134471
0.0015066275843572785 -0.004693430466761897 0.0011957398153695517
0.0015066275843572785 -0.004693430466761897 0.0011957398153695517
0.0014930493728099738 -0.004435010177399566 0.0011888331859947472
0.0014729103868330708 -0.004189370225062095 0.0011648152080606816
0.0015146150829232366 -0.004697033391493401 0.0011911297117305128
0.0014989487331577927 -0.004514374898888618 0.0011765646530075662
0.0015275142326492271 -0.0047828788966033054 0.001204332101655889
0.0015292059079728213 -0.004808916682620134 0.0012024026990558692
0.001533814773448962 -0.004897218471743786 0.0011994316096348872
0.0015302615280446234 -0.004908929784408 0.001185732700714445
0.0015346839638033932 -0.004891944822502029 0.0011954388947664812
0.0015518626903664354 -0.004990880275889571 0.0012090801272380018
0.0015008871477029564 -0.004358924064245707 0.0011734270541862186
0.0015688434832682183 -0.005147798082799502 0.0012106223453287378
0.0015688434832682183 -0.005147798082799502 0.0012106223453287378
0.0015516962279849141 -0.004867905419647942 0.0012009562740237774
0.0015516962279849141 -0.004867905419647942 0.0012009562740237774
0.0015608247485167437 -0.004981703106526911 0.0012051817008252245
0.0015463631312511025 -0.004745162999103645 0.0011883888265708797
0.0015549147932560252 -0.004820595607137147 0.0011933344566823422
0.0015346395466685442 -0.004563905160645215 0.0011800071847066916
0.0015082702973910815 -0.004218878123248426 0.0011665399846506135
0.0015702288151487078 -0.004988925608497252 0.001200741115792582
0.0015334791999576944 -0.004524232901115724 0.001179103921363142
0.0015606804947026467 -0.004697339603675566 0.0012120602442770758
0.0015457828403485669 -0.0045791236872652664 0.0011817419919833926
0.0015710290131857058 -0.004860411556254604 0.0011972835380633028
0.0015551301709084936 -0.004686217979805378 0.0011823037104424575
0.0015254693674407272 -0.004214385754795338 0.0011656021154377108
0.00153023336375693 -0.004096686303165652 0.001183962284499714
0.0015716574200388364 -0.004711542365551215 0.0011911763544239888
0.0015742628595811917 -0.004771821557288772 0.001186596342845257
0.0015968964773575487 -0.004982732787869647 0.0012071101003565674
0.0016307563849104678 -0.0054365386110016845 0.0012128311025552745
0.0016307563849104678 -0.0054365386110016845 0.0012128311025552745
0.0015391711288377193 -0.0042193129848657595 0.0011731712716736087
0.0016319564938905879 -0.005353716484185782 0.0012067389649461138
0.0015890497375382663 -0.004778449165087206 0.0011815794948577347
0.0015578280808445006 -0.004423832701019789 0.0011586964891315832
0.001591675144416471 -0.004744449619403399 0.0011921979798714128
0.001557661994613733 -0.004355172430664615 0.0011671373120477084
0.0015715957626611032 -0.00452385590402269 0.0011728658372614923
0.0015715957626611032 -0.00452385590402269 0.0011728658372614923
0.0015945421654622244 -0.00475168576467504 0.0011916648488696398
0.001595190179173399 -0.004683547944207524 0.0011866439886074097
0.0015827157349943878 -0.004553408611167572 0.0011713502004906942
0.0015583606946389873 -0.004209087452006257 0.0011518264717634854
0.001605135134916434 -0.004755144388573602 0.0011818026776383452
0.001621316199969661 -0.004962792440836666 0.0011872097193411822
0.0015912980846316447 -0.004548131576569031 0.0011707664145207376
0.0015912980846316447 -0.004548131576569031 0.0011707664145207376
0.0016204931977932117 -0.004810909827099981 0.001177138909825092
0.0016328199871283933 -0.004964112604599054 0.0011817419919833926
0.0016100297025630629 -0.004728750264368424 0.0011603405186930245
0.0015770123021704744 -0.0042146940103381094 0.0011542920145713091
0.0015967169907561756 -0.004434558796494961 0.001164231422090725
0.001594955664851329 -0.00439114385263773 0.0011601755138956741
0.001657912996080454 -0.005153421317148107 0.0011929497798447504
0.0016338041307204921 -0.004819388194563224 0.0011733503194324357
0.0015890746888716043 -0.004225001042527609 0.001152992037566045
0.0016279508410035448 -0.004742335289729904 0.0011682963579038679
0.001637370925388443 -0.004758362863725263 0.0011708742444035045
0.001690561188835202 -0.005481059124616237 0.0011869775089424796
0.001690561188835202 -0.005481059124616237 0.0011869775089424796
0.0015937294133938171 -0.004211387676557769 0.0011464705865631703
0.0016736752799610746 -0.005170728044678091 0.0011856173478166012
0.0016736752799610746 -0.005170728044678091 0.0011856173478166012
0.0016736752799610746 -0.005170728044678091 0.0011856173478166012
0.0016159651420373537 -0.0044314734512825 0.0011516424086612741
0.0016417495317479166 -0.004723440707423064 0.0011649867328044317
0.0016035930735551788 -0.004220535224048564 0.0011465994808881523
0.0016021327152722468 -0.004176090974999351 0.0011426669501403604
0.0016194266850224962 -0.004485597328736759 0.0011310810053878108
0.0016624590365442297 -0.004948148312090673 0.0011613144983782958
0.0016673228617032061 -0.004919893654178441 0.0011750680745416292
0.0016375665081074908 -0.0045502519853872605 0.0011543160882195548
0.00161615592883429 -0.004208540121313526 0.0011469109337123302
0.001672869643411094 -0.004933128361722752 0.0011665575383524593
0.0016184538181165384 -0.004224418322318122 0.0011406658281299421
0.001673385973012529 -0.004939230561364577 0.0011610501897819322
0.0016815954397056217 -0.004948167354722586 0.0011691785568052027
0.0016815954397056217 -0.004948167354722586 0.0011691785568052027
0.0016234534101882284 -0.00420545173554914 0.0011295071906337526
0.0016800891675212994 -0.0049161505623540516 0.0011560127788865335
0.0016793224233919708 -0.004792980844348987 0.0011514312627047864
0.0016367639748012292 -0.00420984809152231 0.00112930406922668
0.0016367639748012292 -0.00420984809152231 0.00112930406922668
0.0016867417619172047 -0.004860118973659911 0.0011444373663550913
0.001689973617848285 -0.004819664665367295 0.0011497486149992843
0.001689973617848285 -0.004819664665367295 0.0011497486149992843
0.0016944487774043842 -0.004844786873021621 0.0011547027711945003
0.0017312564040535847 -0.00532817691376065 0.0011664687667745535
0.0016921933696478974 -0.004852700998681159 0.0011432828343079778
0.0016921933696478974 -0.004852700998681159 0.0011432828343079778
0.0016930839614129273 -0.004801552881186409 0.0011520777404670493
0.0016649431204496278 -0.004392839038701693 0.0011267006044757824
0.0016605369532109616 -0.004210826741746108 0.0011199168510138981
0.0016605369532109616 -0.004210826741746108 0.0011199168510138981
0.0016609104787459967 -0.004192577380427006 0.001121210809607101
0.001684032050251296 -0.004549820462107867 0.0011192964530372348
0.0017503636516133173 -0.0053585766026925385 0.0011450733118962468
0.0016726107341453428 -0.004179925393092184 0.0011086975278627562
0.0016726107341453428 -0.004179925393092184 0.0011086975278627562
0.0017172629044419764 -0.004767617841438648 0.001113632625753111
0.0017060952550006427 -0.004588180441367854 0.001112457530798121
0.0017529753510290903 -0.0051562635749359004 0.0011354854799480848
0.0016842093739858344 -0.004212969484515347 0.0011102898993873372
0.0017090508477942139 -0.004573475987444714 0.001114037865498579
0.0016820915747134601 -0.004131144972190415 0.00109592244519374
0.0016787522101950486 -0.00413953796126901 0.0010831814668597385
0.0017153024027947354 -0.004558439314041195 0.0011058422928739563
0.0017153024027947354 -0.004558439314041195 0.0011058422928739563
0.0017077829924960325 -0.004478097587987893 0.001093103822211647
0.0017809970006916062 -0.0053285188974876805 0.0011257251201874958
0.0017809970006916062 -0.0053285188974876805 0.0011257251201874958
0.0017174272705666924 -0.004397422937171548 0.0010955979524767624
0.001705530687983265 -0.0042149300135902465 0.0010934433609587782
0.0017152332341566366 -0.004379537658436265 0.0010915340197322962
0.0017152332341566366 -0.004379537658436265 0.0010915340197322962
0.001731045597024599 -0.004580171549227771 0.0010960388011602604
0.0017280831140112298 -0.00453254229068928 0.0010933470663657956
0.00175641298738084 -0.0049142448885974195 0.001100605271311854
0.0017366663785568304 -0.004607973000336946 0.0010877619799728087
0.001710004327263401 -0.004184769086349356 0.001081014336983293
0.0017409990533828472 -0.004593264024768286 0.0010885333397853457
0.0017409990533828472 -0.004593264024768286 0.0010885333397853457
0.0017390872456261618 -0.004579741922375096 0.0010833073519786896
0.0017390872456261618 -0.004579741922375096 0.0010833073519786896
0.0017409350764087984 -0.004564735842566222 0.001086832135309321
0.0017409350764087984 -0.004564735842566222 0.001086832135309321
0.0017150222762755258 -0.004213520106527173 0.0010732520900270915
0.0017667624579954947 -0.004862882239789397 0.001093175040087707
0.0017667624579954947 -0.004862882239789397 0.001093175040087707
0.0017142685406931007 -0.004196086772922627 0.0010691059056511195
0.0017667378642012847 -0.004891059536029922 0.0010868662396443358
0.0017132782062865115 -0.004177163631565712 0.0010672768099187898
0.00175021364092948 -0.004606822261143267 0.0010808197416599741
0.001731326454295013 -0.004093573154143304 0.0011072054632058654
0.0017344514775346476 -0.004432809758181406 0.001067863605094777
0.0017970619860140226 -0.005181275625274671 0.0010937222140509567
0.0017235735856391168 -0.004200484069272681 0.0010683139829307058
0.001726831200060361 -0.0042082122432397645 0.0010583189050997219
0.0017806399630979476 -0.0048886719347928835 0.0010735194078294857
0.0017253293045467889 -0.00414600273889164 0.001053450511276381
0.0017241765592157562 -0.004139525924444888 0.0010474917818012483
0.001730636386145912 -0.004166733598079707 0.00105709265364221
0.0017806666835152997 -0.004910661300365605 0.0010642370102934401
0.0017288368378389437 -0.004152969552387058 0.001047712958444505
0.0018256694537421693 -0.005361180255518813 0.0010697167744753524
0.0017571057422160871 -0.004407542897052807 0.0010484075835032593
0.0017571057422160871 -0.004407542897052807 0.0010484075835032593
0.0017951134584991125 -0.004891440451359976 0.001054070407718706
0.0017951134584991125 -0.004891440451359976 0.001054070407718706
0.0017526810762457838 -0.004213852623793566 0.0010352458178592976
0.001751730199465537 -0.004220398336520063 0.0010242892987015037
0.001751730199465537 -0.004220398336520063 0.0010242892987015037
0.001809597233395097 -0.004894931067663801 0.0010359359291090056
0.0018535161369794932 -0.005341894065992653 0.0010305053152922616
0.001826376679851177 -0.004920562779350675 0.0010030774053910697
0.001827903366050369 -0.004900189655202456 0.0010039927055587423
0.001827903366050369 -0.004900189655202456 0.0010039927055587423
0.0018279811744010951 -0.00487649355260304 0.0010052445352675152
0.0018339318793268128 -0.0048873087644609745 0.0009957324350044594
0.0018339318793268128 -0.0048873087644609745 0.0009957324350044594
0.0017622365600862301 -0.0040331150703968414 0.0009465640146001066
0.002294005040118085 -0.003269495374613185 0.002103131288059047
0.0018409540104924677 -0.004904563975010631 0.0009729748128629205
0.001795606008320078 -0.004207913485503529 0.0009645339899467952
0.0017929541631375866 -0.004189460501243016 0.0009612098203515439
0.001841547952532778 -0.004890255513793594 0.0009671088672404011
0.001841547952532778 -0.004890255513793594 0.0009671088672404011
0.0018486676164543134 -0.00492452461851137 0.000958559211372832
0.0018486676164543134 -0.00492452461851137 0.000958559211372832
0.0018485319043969183 -0.0048810712916043004 0.0009586514936911069
0.0018450615453784829 -0.004934274822201606 0.0009398324207094213
0.0018060960887884019 -0.004236765470812855 0.0009429023123950781
0.0018201587472425167 -0.004435635089185276 0.0009449350310688188
0.00185625776660416 -0.004874327895983713 0.0009541752997204345
0.0018562985554515293 -0.004882447674231438 0.0009403244258954415
0.0018584374113296447 -0.0049237486665250465 0.0009381537852786269
0.0018899673627485506 -0.0053737025648812504 0.0009318815968419624
0.001828711518108516 -0.0044728648451406155 0.0009208784349906926
0.0018526719606501924 -0.004818120292246198 0.0008993475658410041
0.0018644974820870405 -0.004885697710782287 0.0009064322399059587
0.0018516856071724146 -0.004905024587281654 0.0008784551499041634
0.0018690531300679873 -0.0048876567352541716 0.0008957390262758514
0.0018056515334526836 -0.004077259934791895 0.0008651374070809436
0.001905865013881709 -0.005394119902415994 0.0008914203140874524
0.0018707167821604205 -0.004800714088514772 0.000892986605826434
0.0018616098981334107 -0.00489642200386843 0.00084850602688358
0.0018762112632405767 -0.004917669302368569 0.0008725395523821374
0.0018468484573710643 -0.004493314986155683 0.0008588692309189867
0.0018473791277199894 -0.004423428965877336 0.0008466719158078658
0.0018473791277199894 -0.004423428965877336 0.0008466719158078658
0.0018817735454941123 -0.0048996228900541105 0.0008453764526116476
0.0019079718499269039 -0.0053341743240716355 0.0008245236578875444
0.0018540392372944975 -0.0045018918659340615 0.0008230371101083766
0.0018441016791829546 -0.004247039495773706 0.0008173492091760072
0.0018679294815650586 -0.004888981256096123 0.0007573305948936122
0.0018462800073808007 -0.00423855720223697 0.0007644674285297656
0.0018537382539996347 -0.00448247375720394 0.0007469563571027595
0.0018564479735020175 -0.004526854233027429 0.0007368584647323932
0.0018622047335317613 -0.004577760266166188 0.0007383259542066998
0.00019472993853434381 -0.00545198950474992 1.4292927983087754e-05
0.0002922719728001894 -0.005749885667684104 -0.00010942455955725357
0.0003119584494202254 -0.0057626855763028735 -0.00014567170003293165
0.0021030807914271922 -0.0055664901703689675 0.0027910413035557476
0.0021465945688949944 -0.005610046421526058 0.00281402110540922
0.00216412153269135 -0.005453278698766907 0.0028361121884149577
0.002164995518967893 -0.005454221019097064 0.002837106229473767
0.0023243622867065825 -0.0055899321988071154 0.0029322984499803866
0.002195317250656049 -0.004787495132283279 0.0028648696658473824
0.0023784241149594067 -0.005428744641998576 0.002979204448983988
0.002265908271484777 -0.00479656200327385 0.0029186191008991435
0.0004647574055756305 -0.0058648246116231656 -0.00029008976662565634
0.0023717284434657125 -0.004784070021065941 0.0029864125004962017
0.002505659176274264 -0.005626550662768624 0.00303340676954337
0.002505659176274264 -0.005626550662768624 0.00303340676954337
0.002379232400237612 -0.004770946317176383 0.0029966703823205336
0.0023839039418331112 -0.0047578339252371 0.0029997518092959746
0.0025080039746901055 -0.005570724938247468 0.0030376577745960783
0.0025080039746901055 -0.005570724938247468 0.0030376577745960783
0.0023667989878366656 -0.004327694649442644 0.002998107278200195
0.002441311819116701 -0.004741655350223499 0.0030342358058048293
0.0023042550854683787 -0.004014179390681466 0.002954916645575836
0.002580235953182452 -0.005460916690590758 0.003078988717893462
0.002370283334961259 -0.004030700934858709 0.003007032081752925
0.0025192183451896557 -0.004766033862777762 0.0030737180935306837
0.0004962034832129047 -0.005912904200978742 -0.00032568742013304073
0.0004962034832129047 -0.005912904200978742 -0.00032568742013304073
0.0026172565222998133 -0.005310010023494327 0.003107859040552038
0.0025384721230591934 -0.004745352402762914 0.003086046810638479
0.0025464016944090604 -0.004760649229472437 0.0030887826804547273
0.0025464016944090604 -0.004760649229472437 0.0030887826804547273
0.002512017816692519 -0.004488376142430738 0.0030824979536596014
0.002482250876020378 -0.004173214174033998 0.00307946517551499
0.002503891831957356 -0.004192758308939603 0.0031078560313460074
0.0025287391596118423 -0.004465442293661026 0.0030939896099565225
0.0025519882854050627 -0.004439594483366071 0.003106767200297231
0.0025242393308354703 -0.004166157460508412 0.0031034174524507186
0.0025646622462130887 -0.004389834127058762 0.0031224371391677845
0.002714760878798483 -0.0054222859454798 0.0031301356912630026
0.0026410356445051917 -0.004759047595235543 0.003142157469355666
0.002602165542131209 -0.004386776930461047 0.0031360247074650907
0.0026155209627216048 -0.004445108289191205 0.0031397491014624255
0.0026155209627216048 -0.004445108289191205 0.0031397491014624255
0.002629020072899967 -0.004431594007599106 0.0031426875911514086
0.0026339391216914916 -0.004374680172984786 0.003154053362329378
0.002647010235003778 -0.004451933325198324 0.003156101628567611
0.0026295391609402635 -0.0042582691944164745 0.0031525582884664566
0.0026048169661032207 -0.003970724825611498 0.0031637149198252925
0.0025880114281068302 -0.003941331402637918 0.003139378969120649
0.002770155033021401 -0.005437252858591431 0.003130597604388716
0.0026712275101455855 -0.004403941002817638 0.0031683134881745467
0.002655931465124347 -0.004226945804616744 0.003170565878888529
0.0026283349143018508 -0.003863320118580019 0.0031854870269917754
0.002696927320791853 -0.0044322425855364105 0.003176519593020277
0.002833861178527255 -0.00566119289336126 0.0031474998131288427
0.002833861178527255 -0.00566119289336126 0.0031474998131288427
0.002835455681572774 -0.005597098184126691 0.003159202113847913
0.0027709841319746523 -0.004982270185134218 0.0031750230145543403
0.0026938351735199275 -0.004244824187254873 0.0031934388539279113
0.002652097799333022 -0.0039331037318156336 0.0031859218572632122
0.002779430158309539 -0.004963359049255531 0.0031794500581598445
0.002779430158309539 -0.004963359049255531 0.0031794500581598445
0.0026952496884297353 -0.004128874212781287 0.0032060248581513317
0.0027465203527054964 -0.0046236443340998785 0.003189187347340865
0.002719776410258367 -0.004385161519702794 0.0031882008292971322
0.0027856616597729967 -0.004971932120507527 0.003176029092437272
0.002736703821099001 -0.004268443570773455 0.003216122750521698
0.0026847856759923 -0.0039042394275691193 0.0032017618162745007
0.0027477468549301776 -0.0043977574605752945 0.003200630856341294
0.002737074204207947 -0.004202820153529393 0.003215472762019066
0.0027412311715721955 -0.004234413588224483 0.003209323449495322
0.0028033337237226455 -0.004766938763944385 0.0031985770732253387
0.002831210569548543 -0.004846908300581476 0.0032073168106071808
0.0027813952952311736 -0.004322743502453459 0.003216849473778113
0.002791237154321761 -0.0043429608218248485 0.003225677982737861
0.002795732093138333 -0.004380763157592269 0.0032234722347173547
0.0027899379296180042 -0.004288825675520922 0.0032278566479040905
0.0027899379296180042 -0.004288825675520922 0.0032278566479040905
0.002838539114685569 -0.004835960017557896 0.003199004882016037
0.002838539114685569 -0.004835960017557896 0.003199004882016037
0.0028258668465559354 -0.004356278690031652 0.0032396938613602037
0.0028400196440526754 -0.004590722178212752 0.003214480225563272
0.002793358581881615 -0.004200302545188058 0.003210717213421876
0.0029402934104764775 -0.005628902169206242 0.00316393258572818
0.0029420916618469926 -0.005629754714889816 0.0031658048134136163
0.002884126454529799 -0.004896895828434681 0.0032137219056435347
0.00058884289393681 -0.0056223233552134076 -0.00028695668161335484
0.0028818013413367417 -0.004788464394411179 0.003221626588351856
0.0028818013413367417 -0.004788464394411179 0.003221626588351856
0.002772064123480714 -0.00390953863938919 0.0032117373342662853
0.0029534120441673324 -0.00558714260212486 0.003171401936630726
0.0029534120441673324 -0.00558714260212486 0.003171401936630726
0.0028539333350535595 -0.004402116107435392 0.003229147095756924
0.0028539333350535595 -0.004402116107435392 0.003229147095756924
0.002861835384706604 -0.004362644759427296 0.0032457508915656732
0.00297409343953127 -0.005660890342771589 0.0031710408319070415
0.0028523911169628237 -0.004330367357278144 0.003222900485571521
0.0029588449148885997 -0.005214052210820062 0.003202486533393562
0.0029588449148885997 -0.005214052210820062 0.003202486533393562
0.002907834233475533 -0.0043788691131631105 0.00327485392615729
0.002907834233475533 -0.0043788691131631105 0.00327485392615729
0.0029431194310900626 -0.004852173071098148 0.0032296235533784525
0.002883042137290069 -0.004147870264692654 0.003268669004695516
0.0028671748446573346 -0.003844939261226555 0.0032988984854112934
0.0028671748446573346 -0.003844939261226555 0.0032988984854112934
0.0028366581101492098 -0.0042732555733296165 0.0031708261752101848
0.0029724882788810586 -0.00497907710407668 0.003230062897458935
0.002931164357064413 -0.004362613601606519 0.0032726597134265685
0.0029376648690086576 -0.004192738843138091 0.003300814848118514
0.0030274610815678856 -0.005619647669517773 0.0031721622626878173
0.0030274610815678856 -0.005619647669517773 0.0031721622626878173
0.002985065130102802 -0.004987984385273461 0.003220868769966457
0.002934923733081855 -0.004316434451242918 0.003265405019220879
0.0029788810863261204 -0.004764256640585328 0.0032457152826276432
0.0029929444853270316 -0.0047466357586067424 0.0032531274586156058
0.0029929444853270316 -0.0047466357586067424 0.0032531274586156058
0.0030431875684350995 -0.005504934666798183 0.00318194418842496
0.002989853278431991 -0.004638686861349504 0.0032592832910857497
0.002997351216791829 -0.004814077651201694 0.0032378527288037516
0.002984949651821374 -0.0045683737532360704 0.003256765588706727
0.002973481191487606 -0.004298804484831803 0.003287084844069087
0.003000335471489195 -0.0046571130683782285 0.0032534439267831684
0.003010830328288445 -0.004976375887148629 0.003209542620001225
0.002986428927352634 -0.0043724380323788455 0.0032661302378742788
0.003028057280512719 -0.004605901647846197 0.0032653714164202026
0.0030452841073534084 -0.004974541290211524 0.0032243724888548733
0.0030284796978092793 -0.004672091305194844 0.0032508469819786706
0.0031093571252278386 -0.00561215556149462 0.0031835460891019712
0.003114417355935637 -0.005613865856280528 0.0031886807976590297
0.0030943515939721475 -0.004636331946045679 0.0033304404814907965
0.0030310004093943325 -0.004346448867765188 0.0032866209248060205
0.003051512411535458 -0.004179200362514161 0.003308453717627456
0.003051512411535458 -0.004179200362514161 0.003308453717627456
0.003156134355290043 -0.0056866729692754935 0.0031859484385831503
0.003156134355290043 -0.0056866729692754935 0.0031859484385831503
0.0030955972798852745 -0.004538161873240983 0.003299649282315954
0.0030355671303130952 -0.0038458600155801582 0.0033320509082515617
0.0030852868623389897 -0.004645451007953345 0.0032565133169344864
0.0031004594045293847 -0.004870936128963408 0.00323820931971839
0.003041404112327569 -0.003863405880951894 0.003328787424311263
0.003070563193381508 -0.004302494210267992 0.0032934929483114717
0.0030350101764302457 -0.0038545174386387018 0.0033125893697823205
0.003057473899449452 -0.004156377039374285 0.003282391987264204
0.0030727057480753692 -0.004050141471577527 0.0033170640591499777
0.003105827953471746 -0.00472377486398187 0.003245524699579032
0.0031687848066759543 -0.005648097455633558 0.0031668118943652254
0.003116456719939362 -0.004590476206965638 0.0032740910924285065
0.0031061051765773244 -0.0043376471908925475 0.003297305612352374
0.0031193965888477756 -0.004711207608032807 0.003249223515325106
0.0031230669425201425 -0.00471172464928404 0.0032529965581532703
0.0031144035637413296 -0.004602542841035696 0.003253500600163413
0.003134464435745019 -0.004734603961582021 0.0032510641463472196
0.003150699478431422 -0.004713368866431079 0.0032601218564996394
0.0031048226278903215 -0.0038255236758410745 0.0033358776152539404
0.003205360075992564 -0.005693912805526406 0.0031355001025470714
0.0032130593803892894 -0.005623335388816608 0.003152910365572049
0.0031658647483739097 -0.004589366405512335 0.003264105042215615
0.002795098529885285 -0.0037972431575645166 0.0028750688681541156
0.0031929385750321553 -0.00490530533680055 0.0032294906467787627
0.0031929385750321553 -0.00490530533680055 0.0032294906467787627
0.0031976679184601607 -0.004573725626161678 0.0032894786674665124
0.0032307113829654 -0.005464351385815845 0.0031711461541181164
0.0031782456250529036 -0.0041539135653956075 0.0033137654678059877
0.003240534058367542 -0.005583635560571451 0.0031521144305769275
0.0032460730036013912 -0.005849556276374126 0.003113266082254875
0.0032140517914614987 -0.004870950924226392 0.003236239794371294
0.0032380045699315655 -0.00554168465813995 0.0031540804451836543
0.0031793087524668345 -0.0038152467984036735 0.0033541715817832682
0.0032217987416203776 -0.0042271399924434135 0.0033345244756088003
0.003188595287661172 -0.0038299240127430564 0.00334571220209662
0.0032296029920774244 -0.004687934731845894 0.003251138874963649
0.003265793960707196 -0.005593441246497878 0.003142125371158005
0.003227542689015069 -0.004597051188922668 0.003259074151266616
0.003260147060206995 -0.005582508989063707 0.0031337362062787404
0.003197121998332757 -0.0037586989898187343 0.003354285931612435
0.003243552292016338 -0.004763189732072674 0.0032437347235251012
0.003243552292016338 -0.004763189732072674 0.0032437347235251012
0.0032375627181793908 -0.004725770268794697 0.003237221297071642
0.003260425035614081 -0.004775239368830544 0.003253490569476644
0.003260425035614081 -0.004775239368830544 0.003253490569476644
0.003224769078739852 -0.0038284763338751185 0.0033541530250127453
0.003251363940104877 -0.004662499429626078 0.003243148429883452
0.0032703866360279735 -0.004680992548388378 0.0032523525880626997
0.0032288822872330704 -0.0038111218665452936 0.0033344933804798165
0.0032833528032799393 -0.005273556438946584 0.003149208039085606
0.0032554216036701123 -0.0037063242603886663 0.00336558198951736
0.003289005596808617 -0.0034061672433485387 0.0034506933698211202
0.0032604651583611572 -0.0038002583193154898 0.0033454759794232097
0.0032685116499036756 -0.003695348871001388 0.0033727719857933893
0.0033119329883237215 -0.005610981344224722 0.0031065700973022196
0.0033119329883237215 -0.005610981344224722 0.0031065700973022196
0.0032895512661688516 -0.004315659173193361 0.00328642031107064
0.0032895512661688516 -0.004315659173193361 0.00328642031107064
0.003283454238599891 -0.004079173852519215 0.0033134449873637177
0.0032741346021392154 -0.003803408895337845 0.003342823364307144
0.003314660833590555 -0.0054629291598155836 0.003119610993170615
0.003314660833590555 -0.0054629291598155836 0.003119610993170615
0.0033277170262562728 -0.005673725609561219 0.0030985450463526703
0.003352791737041454 -0.005534334923177124 0.0031532438859071185
0.0033261118656060613 -0.005588548528259122 0.0031082838401367057
0.0033503892621766906 -0.0046411831779908765 0.003274637764857418
0.0033356780061940855 -0.005567259524044152 0.003093084340475619
0.003308674645110392 -0.00379274401839786 0.003345173554217124
0.003308674645110392 -0.00379274401839786 0.003345173554217124
0.005215897390546584 -0.0019403890042045894 0.006142878040587608
0.003320772531038915 -0.004371495555319209 0.0032558041473799175
0.003320772531038915 -0.004371495555319209 0.0032558041473799175
0.0033500833262302358 -0.005615633890207152 0.0030800339154547934
0.003353604598820498 -0.005680685464267692 0.0030735335288941336
0.0033242575677732244 -0.0038060588773986335 0.003335668976969145
0.0006896696019687538 -0.005596641599803324 -0.0004118655639746858
0.003359836037592163 -0.0054816069254974105 0.0030910817138621854
0.0033513922054700072 -0.00432158069508976 0.0032668053030938332
0.0033513922054700072 -0.00432158069508976 0.0032668053030938332
0.003352260110642696 -0.004368287898419958 0.003258405605993461
0.0033523943964618164 -0.004856063927477004 0.0031775968887792693
0.00334237098194071 -0.0037392344421434626 0.003346748372039859
0.00334237098194071 -0.0037392344421434626 0.003346748372039859
0.0033530323481403257 -0.0037908849559888077 0.003339076401264579
0.0033450654751740363 -0.004198188546605593 0.003253666106495102
0.00286671343306596 -0.0037732706938716654 0.0026981952606844003
0.0033713382261101915 -0.005246955245710536 0.0031115097090016206
0.0033713382261101915 -0.005246955245710536 0.0031115097090016206
0.0033613449036493923 -0.003675757936672827 0.0033441348766021927
0.0033613449036493923 -0.003675757936672827 0.0033441348766021927
0.0033943414746939867 -0.003794798929966077 0.0033659867277284895
0.003358565274962114 -0.003701082098099595 0.0033343143327209898
0.003358565274962114 -0.003701082098099595 0.0033343143327209898
0.003371991349202439 -0.004354725312801886 0.0032460116894216674
0.0033820601525811752 -0.004778974291130749 0.0031834101732962513
0.0033820601525811752 -0.004778974291130749 0.0031834101732962513
0.003380217640805292 -0.0042781501723221415 0.003258576127668534
0.003380217640805292 -0.0042781501723221415 0.003258576127668534
0.003367880773764497 -0.0036562149615653803 0.0033402299302430155
0.0033604694754616263 -0.003688005405217793 0.0033242801352116064
0.0033715950116914783 -0.004394293864433954 0.0032212800281239866
0.0033896048590180737 -0.0040428642710184 0.003293752743098789
0.0033896048590180737 -0.0040428642710184 0.003293752743098789
0.003389555959420075 -0.004369880552057605 0.003237004132703093
0.003389555959420075 -0.004369880552057605 0.003237004132703093
0.003413387241196652 -0.005519215042092266 0.0030631086361350974
0.0034100786191658926 -0.0039097496599620925 0.003314541341427571
0.0034100786191658926 -0.0039097496599620925 0.003314541341427571
0.0034114898114107083 -0.00438943885530827 0.003234580718779699
0.0034107163200772328 -0.0048141753171776335 0.0031621080038048963
0.0034152318844934736 -0.0037302711458302566 0.0033208280743600503
0.0034228899376908617 -0.0036814501006470733 0.0033336844055918955
0.0034224378044847487 -0.005459071169608844 0.0030471041738607974
0.0034224378044847487 -0.005459071169608844 0.0030471041738607974
0.0034187695823333203 -0.0037773278559025624 0.00330262237787429
0.005486958143708664 -0.00184287894275282 0.00623003467792357
0.005486958143708664 -0.00184287894275282 0.00623003467792357
0.003437980353633336 -0.004815004110508397 0.003137895430547512
0.003437980353633336 -0.004815004110508397 0.003137895430547512
0.0037764379181143433 -0.004787804970793805 0.0035652939661571046
0.0034485883064259066 -0.005625740120585895 0.0029787229760190755
0.0034579527048262887 -0.0036948706580096752 0.0032954098125530305
0.003457786446193092 -0.003660004053492375 0.0033003208367951395
0.0034654040004926507 -0.004070947184765608 0.003238181735329775
0.0034654040004926507 -0.004070947184765608 0.003238181735329775
0.003460385271751359 -0.004818117855102773 0.003109422323084989
0.003470817687525472 -0.0036680733021555007 0.0033008058205004215
0.003470817687525472 -0.0036680733021555007 0.0033008058205004215
0.003463503436117092 -0.005843219390007802 0.0029414920759385263
0.0007041633174320558 -0.005797542526284159 -0.0005162514104394449
0.0032952399194027286 -0.004502818466297297 0.002926928521818595
0.0034873945258635294 -0.0037573702372808012 0.003273762085902483
0.0034749602357774904 -0.005514237125707766 0.002963927211500441
0.0034749602357774904 -0.005514237125707766 0.002963927211500441
0.0034336957457799513 -0.004938501831970809 0.002995413035734038
0.003474424597104025 -0.005797404353573916 0.0029037044727422967
0.0034951591551078383 -0.0037674940840531825 0.003248149228772144
0.0034951591551078383 -0.0037674940840531825 0.003248149228772144
0.0034937146108295156 -0.004853064673768328 0.0030672317499315007
0.0034937146108295156 -0.004853064673768328 0.0030672317499315007
0.0035112970255161665 -0.0037924948812152345 0.0032502531653219448
0.0034892820503462886 -0.004821462454385841 0.0030602017431094375
0.0034892820503462886 -0.004821462454385841 0.0030602017431094375
0.003512174459841286 -0.0037308175674919983 0.003258898614248158
0.003484777018151155 -0.0054544724758760045 0.0029515784330191083
0.003484777018151155 -0.0054544724758760045 0.0029515784330191083
0.0034947791174628775 -0.004786726280142434 0.0030686546028496856
0.00350792433247367 -0.00484438715799035 0.003061414453139811
0.00350792433247367 -0.00484438715799035 0.003061414453139811
0.0035113371482632426 -0.00480278823079028 0.00306277762347172
0.003677750128652307 -0.003310429729632439 0.0034942415964287943
0.0035082806726211392 -0.004852560537720497 0.003024688598138082
0.0035082806726211392 -0.004852560537720497 0.003024688598138082
0.0035106204556935965 -0.004852768893892227 0.0030268271405572357
0.0035204135405697695 -0.004789969467614974 0.003034304516009197
0.003521743108101002 -0.00480304327667433 0.003016373158806569
0.0034983059069308626 -0.005841938847458153 0.002813214136658653
0.0035258894178605586 -0.004853536899693876 0.002994671266447469
0.0035258894178605586 -0.004853536899693876 0.002994671266447469
0.0035302221730104345 -0.004788321903803741 0.003000143006079966
0.0035302221730104345 -0.004788321903803741 0.003000143006079966
0.000764703402042855 -0.005572565443885998 -0.0004812886994045391
0.00353472808289066 -0.0047760034054580925 0.002984066322860929
0.0035428525630228076 -0.00485078552933198 0.0029648756129344515
0.0035431368076091242 -0.004788440571530103 0.002972508464031333
0.000746608670029477 -0.005662372251358126 -0.0005332988133705534
0.0035873183467026773 -0.003728629623940507 0.003180151704699337
0.003595396434908518 -0.0036970933328141042 0.003189968737840171
0.003595396434908518 -0.0036970933328141042 0.003189968737840171
0.0034957181151280417 -0.005788634524131767 0.002745252723058214
0.003577506203521643 -0.0037231790114420175 0.0031460839816913966
0.0035831711592580282 -0.004089121723430593 0.0030964185407576393
0.0035831711592580282 -0.004089121723430593 0.0030964185407576393
0.003522425570952049 -0.00488620305364712 0.0029000467828119757
0.003526257042530643 -0.005444678074472193 0.0028184115370080173
0.003596562376861831 -0.0037122912651803837 0.0031517468059068434
0.0035988373366210437 -0.003772678319126163 0.003139018365931303
0.0035134018397510593 -0.005816472563738226 0.002718589151488821
0.0035498628846220865 -0.0048547355510898255 0.0029073857347865248
0.0036120838615682034 -0.0036968865125912857 0.003153160129672597
0.0035487005787927274 -0.004790156046225352 0.0029110454308541997
0.003567451693871553 -0.004684937260935063 0.002944304680508558
0.0035785535326039127 -0.004146947754968866 0.0030362660168068776
0.0035259588803664343 -0.004819980624164045 0.002864249769405057
0.0035259588803664343 -0.004819980624164045 0.002864249769405057
0.0035564143023016836 -0.004848650560344987 0.0028959166475348345
0.003538893325571493 -0.005498494965892476 0.002766415967537818
0.003538893325571493 -0.005498494965892476 0.002766415967537818
0.0036071817395606017 -0.004038135491816525 0.0030530287990009155
0.0036263538927165566 -0.0037407758452408985 0.0031129641585831277
0.00359750475988378 -0.00417816331488583 0.0030121893593552137
0.003574630656392136 -0.004128104357571765 0.0029808961243075823
0.0035368864359161824 -0.00549601086631413 0.0027260053397514914
0.00357579308760508 -0.004836041587416161 0.0028686597608430543
0.003560912563783248 -0.004803321636068644 0.002840455475785941
0.003560912563783248 -0.004803321636068644 0.002840455475785941
0.003547758948072286 -0.0048512729580171615 0.002817158202696229
0.0036159563335789657 -0.004113450276503744 0.0029921540656027853
0.0036159563335789657 -0.004113450276503744 0.0029921540656027853
0.0035409008421447264 -0.004717223296965403 0.002812463339753992
0.0035409008421447264 -0.004717223296965403 0.002812463339753992
0.003589042496374686 -0.004846864486855128 0.0028363258420431377
0.003608563215895864 -0.004170873638660033 0.0029396053037572746
0.003608563215895864 -0.004170873638660033 0.0029396053037572746
0.0007423052546384007 -0.005761071199959193 -0.0006306338393382035
0.0035317060877343254 -0.005460778580572307 0.0026248704388685696
0.0036274247939127335 -0.0040589246543714375 0.0029412197427927476
0.003660141634180057 -0.0036985971208361563 0.0030231203002617467
0.003660141634180057 -0.0036985971208361563 0.0030231203002617467
0.0036531005936025476 -0.0037076528875430144 0.002973578236775248
0.0036531005936025476 -0.0037076528875430144 0.002973578236775248
0.0036301543945497514 -0.004098614640005203 0.0028867621412550937
0.0036627690471956157 -0.0037391280541719187 0.0029601180581999083
0.003575761741708927 -0.004748300817346266 0.0027133400931025962
0.003575761741708927 -0.004748300817346266 0.0027133400931025962
0.0007585690728574723 -0.0057108083062447565 -0.0006433462302149133
0.003617184089639493 -0.004187804811008206 0.0028280510269930396
0.003610067191993293 -0.004740377160575179 0.002732363290560031
0.003610067191993293 -0.004740377160575179 0.002732363290560031
0.0036444550192927497 -0.0037525190210085523 0.002906902757218597
0.003652216012413105 -0.0037250528064222614 0.0029193222520416517
0.0036264806555206 -0.004087888889334888 0.0028215506404323802
0.0036012462060486224 -0.0042527610308526476 0.0027672495176083232
0.003643369573600758 -0.003772515069698997 0.0028800215197463163
0.0036146923416624853 -0.00421156465548745 0.002762019015992621
0.003649878110094417 -0.003797777981244682 0.0028586902612633314
0.0036025805381560702 -0.004196560378067605 0.002738055203767108
0.003605585731912067 -0.004140505734466843 0.002746835063896026
0.0036482382181912683 -0.003815345976819102 0.0028386975979296713
0.003621211535760837 -0.0035373915714832253 0.002848365675371985
0.0035913753833499893 -0.0042151424760743725 0.002709675883225875
0.0035913753833499893 -0.0042151424760743725 0.002709675883225875
0.003660743350002613 -0.003743210480995115 0.0028511522001564175
0.003589469427480292 -0.004305999841256074 0.0026859568197575264
0.003627947016542645 -0.003842518041515892 0.00278735653077115
0.0036584509619251395 -0.003814130382966282 0.002823763911467963
0.0035864157102770506 -0.004137471326335632 0.0026882147273492316
0.003611620443839475 -0.004211369715359273 0.0026993507958001906
0.003595428533106179 -0.004315669391955507 0.002660089684717593
0.0035625290089560746 -0.004264139340389079 0.00262749898033639
0.0035812776163632078 -0.004201967074965584 0.002644476920761623
0.0035925942371760095 -0.0041368330611981615 0.002656255956234476
0.0035825967770569175 -0.004160663402597854 0.0026379965955745013
0.003573940043608089 -0.0043270186125003085 0.002597237401422952
0.003601441804440618 -0.004067262286597427 0.0026618139597731866
0.0036215886895833516 -0.0038091981688983733 0.0027009511918741867
0.0035543185156848827 -0.004258644906327767 0.0025554385265877935
0.0035543185156848827 -0.004258644906327767 0.0025554385265877935
0.0035818489893582875 -0.004087932773589503 0.0026052940490358238
0.0035818489893582875 -0.004087932773589503 0.0026052940490358238
0.0035688977427528906 -0.004117585677891439 0.0025699719886474177
0.003595429410791271 -0.0038470761109673166 0.0026293235622596735
0.003613685762245215 -0.0038130549052692673 0.0026485338320253508
0.003553409484696441 -0.004146603890488066 0.002525205535131647
0.003553409484696441 -0.004146603890488066 0.002525205535131647
0.0035256994617298707 -0.004269937955026661 0.0024651392750870992
0.003494388547596809 -0.004250269251529744 0.002405106116308889
0.003472675872249432 -0.004398821308944837 0.0023492000836017896
0.0035413770489990857 -0.00390431120967131 0.002488045852927158
0.003426625240060058 -0.004284664821265551 0.0022900747019761756
0.003449548619300455 -0.004232092142501275 0.0022954285810391365
0.009989231147679075 0.0004629241752055878 0.009438155245669367
0.007307203048800551 -0.001484779412824314 0.005766334083828238
0.004468849204298639 -0.003287098728358466 0.0025522783587212158
0.004421155294849331 -0.0033439377403186683 0.002368076331498059
0.004421155294849331 -0.0033439377403186683 0.002368076331498059
0.004067147532821076 -0.003588211669847681 0.0017301522373773853
0.004979704307662274 -0.003072908207669157 0.0025046170490039075
-0.00040865022572402995 -0.005672093804899278 -0.00022420445441923424
0.0008452364007544836 -0.005694715636618681 0.0013667249081715175
-0.00039125225029034447 -0.005691304450815709 -0.0002739764713999123
-0.00034544862376265756 -0.005594310154739244 -0.00020336720725962307
-0.00030964371118990836 -0.005547045621375442 -0.00014607142290067686
-0.00030964371118990836 -0.005547045621375442 -0.00014607142290067686
-0.00033601338363696917 -0.005627632033494116 -0.00026848492116104635
-0.00035315871114766014 -0.005671646185502211 -0.00031424541573562653
0.0013615625541409005 -0.005411690280278521 0.0017449635494605114
0.0013615625541409005 -0.005411690280278521 0.0017449635494605114
0.001746435494597598 -0.00486752351692216 0.0022424439858535128
0.0015557673546125472 -0.005236556213315826 0.0019231165710276146
0.001540764440739185 -0.005254448168726989 0.0019008038098442814
-0.00027678656669140317 -0.005574259250730531 -0.00028514087654099406
0.0015543690768769465 -0.00530001268875882 0.00185631921862672
0.0014607951979698712 -0.005447570234926661 0.0017039470681933363
0.0015801811685232348 -0.005304809990089685 0.001839641697270219
0.0014930606259866929 -0.005436581680262999 0.0017078329562476523
0.0014930606259866929 -0.005436581680262999 0.0017078329562476523
0.002108690108197906 -0.004444024880982464 0.002640919537698992
0.0020842962302771717 -0.004574021484402519 0.0025434393175403605
0.0015324953463151348 -0.00542063922017129 0.00171779443127796
0.002342942566651373 -0.0040887026914908165 0.0029466137446027846
0.002101141420832196 -0.004560696108853586 0.0025514603562152025
0.002101141420832196 -0.004560696108853586 0.0025514603562152025
0.002251085549495451 -0.004313401108872176 0.002771007514406334
0.0022816513089851595 -0.004286147920996142 0.0028098212568590337
0.0022440263909899653 -0.004339191697233703 0.002753177968674412
0.0021470118768104813 -0.004535828782517354 0.0025835976735544466
0.0022307239763099643 -0.004402429127554378 0.002705493588377535
0.0023875930403513775 -0.004116223259861038 0.0029469026283817324
0.0024232843553964674 -0.004062022882747217 0.0029934440119212804
0.002149091614328452 -0.004556101991621586 0.002567567131494547
0.0022666554322654836 -0.00437280280457238 0.00273512172942151
0.0022666554322654836 -0.00437280280457238 0.00273512172942151
0.0023056180050331186 -0.00431395003820561 0.002788250766496608
0.002421188255320705 -0.004125841497328468 0.002957656527666792
0.0015939445402791163 -0.005380709501123745 0.0017407782454061404
0.0021941101515410865 -0.004513527102108311 0.002605483629015758
0.001590779592163375 -0.005399230286557637 0.0017288392204793215
0.0015673366233483433 -0.005420668622621881 0.001697059497123393
0.0022085979112841194 -0.004522847005009104 0.002604841665062541
0.0022793592343666475 -0.004410666076761923 0.002708373900083257
0.0025226463950847582 -0.004011610719875299 0.0030678957813956094
0.0024886684467234003 -0.004082368939714108 0.0030035343812765698
0.002332344707237364 -0.004348584965204442 0.0027664174721408336
0.002320828287682482 -0.004374051060848992 0.0027437009758150476
0.0024766323749020915 -0.004106943934222815 0.002976646122323551
0.0022510645477450287 -0.004504884223545583 0.0026251517996324406
0.0021417227583689726 -0.0046755443573603655 0.002460451935159939
0.0023061361526965306 -0.004425926356115651 0.0026953786438396613
0.0023061361526965306 -0.004425926356115651 0.0026953786438396613
0.0016926513880460136 -0.005286989785434817 0.0018162355912290631
0.0022921067326470493 -0.004470031803046292 0.002650057493345564
0.002316773758706862 -0.00444852630839954 0.002680511661444967
0.0016895760578473742 -0.005320149292447615 0.0017803548215876233
0.0022794322389587886 -0.004516985573195631 0.0026047508873472815
0.002300598586682112 -0.0044840099568826145 0.002634893602622507
0.002409664751593293 -0.004364021126381485 0.002766534831176031
0.002312910314314192 -0.004497491058843637 0.002629802527552894
0.002312910314314192 -0.004497491058843637 0.002629802527552894
0.002103082985639923 -0.00481080488103966 0.0023150501089623434
0.0016625175671688215 -0.005377693398995887 0.0017049752135871604
0.0016326387686662579 -0.005411514805951856 0.0016646132346316634
0.0016326387686662579 -0.005411514805951856 0.0016646132346316634
0.0023487019989187645 -0.004479525863746112 0.0026443861430463633
0.0023920771334878807 -0.004445208031832765 0.00268902771451186
0.0023987499224773826 -0.0044335129093239145 0.0026882127212118777
0.0027000505631927622 -0.003982646735679017 0.0031156212875082397
0.0023750815766690097 -0.004492751998187824 0.002624948678225368
0.0016577026964631621 -0.0054200092930421955 0.001645960169516005
0.0016577026964631621 -0.0054200092930421955 0.001645960169516005
0.0016772030411518408 -0.005392829329179575 0.0016653795791008162
0.002272695504341134 -0.0046437528518657204 0.0024632464844937863
0.0023867412469693113 -0.004495298288024138 0.00261452428700067
0.002387905809703194 -0.00449583036893839 0.0026154225350008354
0.0024376595206805182 -0.004454904978845436 0.0026576261480471233
0.002419467052162935 -0.00447797864598494 0.0026277021017434626
0.0016219122578579616 -0.005492093130829322 0.0015485692224696179
0.0016219122578579616 -0.005492093130829322 0.0015485692224696179
0.0026960540241250256 -0.004145928386425964 0.0029715866439172602
0.0016721884814147375 -0.005413901545176751 0.0016128313187896443
0.0024462852843839472 -0.0044609049125010625 0.0026346067249809133
0.0017193734784852874 -0.005371753665133823 0.0016665416341630065
0.0017193734784852874 -0.005371753665133823 0.0016665416341630065
0.0017446382688256227 -0.005340255177158181 0.0016973579100547712
0.002816000663049933 -0.0039777211042493 0.003124428230491434
0.0025044900997313354 -0.004406112959962091 0.002697310554111373
0.0023160070380869556 -0.004653237591079672 0.0024421770269354723
0.002131400303998565 -0.004896770993403251 0.0021878093426943857
0.001615414692427956 -0.005498568377981267 0.0015138826060880292
0.002497176036398332 -0.0044374546871110716 0.0026601077399537776
0.0018121566454071883 -0.0052693925754851816 0.001759321474501678
0.0026122084537997226 -0.004268914824976221 0.0028130270643504105
0.0017559946788455742 -0.00534425666887751 0.0016830566583938495
0.001784486745187694 -0.00531954488087799 0.0017144140898368025
0.0024976382002912145 -0.004457265591265887 0.0026414060260072894
0.0024976382002912145 -0.004457265591265887 0.0026414060260072894
0.0028649759927339823 -0.003963501351918377 0.003131260131249809
0.0021410864993688557 -0.004890614063826742 0.0021623559734836742
0.0021410864993688557 -0.004890614063826742 0.0021623559734836742
0.0017713714772624384 -0.005340724362531801 0.0016714987995642531
0.0017713714772624384 -0.005340724362531801 0.0016714987995642531
0.002689429821274561 -0.004249425420005301 0.0028536102199491643
0.0017958180437163693 -0.0052948594861230314 0.001698055544319556
0.0017958180437163693 -0.0052948594861230314 0.001698055544319556
0.0027209305034629344 -0.004208127609320151 0.002881807985059878
0.0026914307552096026 -0.0042470073035383565 0.002837143844549151
0.0026914307552096026 -0.0042470073035383565 0.002837143844549151
0.0029344642022442495 -0.003927917804064262 0.0031557976987585095
0.0022191942034033214 -0.004836649016028291 0.0022138710730576377
0.0027004279050906544 -0.004254841928168776 0.0028191362541270786
0.0026454557920135425 -0.0043241882974989505 0.0027407865597743105
0.0017752274623113837 -0.005340552649712674 0.0016310620919923271
-4.8237117892250784e-05 -0.005342044212835227 -0.0002095641655455199
0.0017824620549816055 -0.005349960995059464 0.001627558874638249
0.0017824620549816055 -0.005349960995059464 0.001627558874638249
0.0019854660834277556 -0.00514129274358725 0.0018762667438699196
0.0017570952650951877 -0.005385370635881721 0.001586850836989221
0.002366228868677432 -0.004693695396398827 0.0023529365144232474
0.0018731928728622997 -0.005258005301022451 0.0017227877071515753
0.0018731928728622997 -0.005258005301022451 0.0017227877071515753
0.00300762075928953 -0.003919299814143079 0.0031570751067185434
0.0030106922809617865 -0.0039175687683739155 0.003159396709171232
0.0016939506911145105 -0.005443162876543941 0.0014949120697361315
0.003084913470024013 -0.0038390425966258056 0.0032370417477784767
0.003084913470024013 -0.0038390425966258056 0.0032370417477784767
0.0018276548792950887 -0.005319834328883068 0.0016454827088258001
0.0030396299346052997 -0.003896014891336451 0.003172883970600848
0.0030343560502693215 -0.003914163224832251 0.0031568313610300567
0.0009711028375515016 -0.005552420188729864 0.0007347856233115764
0.0017605834845552664 -0.005383013926025341 0.0015556749609767872
0.0017978575487766271 -0.005345878756311644 0.0015980551141102097
0.002655601455529646 -0.004389902147653414 0.0026480052148326236
0.002655601455529646 -0.004389902147653414 0.0026480052148326236
-6.265184169724691e-05 -0.005372119283666554 -0.00026655376319084195
0.0018942504189800753 -0.005248707230538329 0.00168488224338581
0.0018942504189800753 -0.005248707230538329 0.00168488224338581
0.003097677017403245 -0.0038763102967884384 0.0031780878908966126
0.003212325384884967 -0.003758091318275909 0.0033142594791293616
0.003212325384884967 -0.003758091318275909 0.0033142594791293616
0.003241008509851716 -0.003750662528962985 0.00334287000700062
0.003247292609728919 -0.003739176389543787 0.003344020526773026
0.002832790402714663 -0.004328469425957862 0.0027897428311534985
0.002037434021490496 -0.005106415638194739 0.0018352337119695757
0.002037434021490496 -0.005106415638194739 0.0018352337119695757
0.002288727143507399 -0.004828145180024424 0.00214251677965758
0.002288727143507399 -0.004828145180024424 0.00214251677965758
0.0031474036455262934 -0.0038587865616193863 0.003180931590595628
0.0031474036455262934 -0.0038587865616193863 0.003180931590595628
0.002659740931883841 -0.00442547249888525 0.0025734135172778665
0.002701396117131033 -0.004383569054140524 0.002622672715397479
0.002701396117131033 -0.004383569054140524 0.002622672715397479
0.0018741539537113039 -0.005273515250439039 0.0016192680104893204
0.0023166539546917646 -0.004818930411259329 0.002149419396757677
0.0018828594065192284 -0.005275829517952027 0.0016246093511938205
0.0023677214348686608 -0.004764468699491042 0.0022008798290887492
0.0031543055103248827 -0.00386855438170326 0.0031634887278386512
0.003395181043176553 -0.0036402738180013093 0.00343569899770446
0.002695683202173534 -0.004409190406008721 0.0025812299299426207
0.0028003036413251033 -0.004263704604155331 0.0027144755668448485
0.003235096799220813 -0.003791497329416056 0.003237922442076796
0.0026689992557716413 -0.004440077586317584 0.0025446745966159648
0.0026689992557716413 -0.004440077586317584 0.0025446745966159648
0.0026689992557716413 -0.004440077586317584 0.0025446745966159648
0.0031872060375436636 -0.0038499349193882775 0.003171878895786593
0.0031872060375436636 -0.0038499349193882775 0.003171878895786593
0.0019323725299071033 -0.0052350899149855735 0.0016537469916547906
0.0019323725299071033 -0.0052350899149855735 0.0016537469916547906
0.0023561408816102497 -0.004786882539434758 0.002150614051551867
0.002694040551831523 -0.004419075083593453 0.0025569662001827145
0.002694040551831523 -0.004419075083593453 0.0025569662001827145
0.0033301750460490195 -0.003700631845647251 0.003329528692063493
0.002733784327023087 -0.004379177525435362 0.0025960929000626073
0.0029841418053857143 -0.004107089943407097 0.0028926205638625364
0.0029841418053857143 -0.004107089943407097 0.0028926205638625364
0.00331816016405351 -0.0037149981713885867 0.0033000961494115137
0.003307259691358038 -0.0037378676356876 0.0032822585791301762
0.003307259691358038 -0.0037378676356876 0.0032822585791301762
0.003347118631372069 -0.0036881198177387523 0.0033187627559543103
0.003176650871240215 -0.003960163515512403 0.003083379651026598
0.003176650871240215 -0.003960163515512403 0.003083379651026598
0.0023765148991165093 -0.004781504951119594 0.002130128881497848
0.0023765148991165093 -0.004781504951119594 0.002130128881497848
0.001719770822983162 -0.005454631086110539 0.0013582549962637622
0.002402299030223429 -0.004758607259841095 0.0021546047602829187
0.0033770661244060525 -0.0037068140086701632 0.003287801035104395
0.0023920472295029505 -0.004777638893262832 0.0021054152754363515
0.0018560762817019072 -0.005309817183541192 0.0014822172325612674
0.00190991358713706 -0.005257603697400937 0.001539680529389256
0.0033242304849189484 -0.00378783650489612 0.003174407130386723
0.0033242304849189484 -0.00378783650489612 0.003174407130386723
0.0033330912174599414 -0.0037862778615557996 0.003180891467848552
0.0033330912174599414 -0.0037862778615557996 0.003180891467848552
0.003029523766918349 -0.004114696714718378 0.002818241015332944
0.0034130677638230587 -0.0037064200534473106 0.0032513565408665364
0.0034130677638230587 -0.0037064200534473106 0.0032513565408665364
0.0034577181121394785 -0.003663625883717497 0.00329998731646007
0.0023852243563626673 -0.004795776984487064 0.0020411737420242015
0.0023852243563626673 -0.004795776984487064 0.0020411737420242015
0.0024107421727358695 -0.004770728102720313 0.0020625215511403555
0.0024107421727358695 -0.004770728102720313 0.0020625215511403555
0.003464896949276477 -0.0036581411041922 0.003279148063163105
0.002441424727034645 -0.0047439692611769176 0.002093590600338699
0.002392956824717523 -0.004786571956459198 0.002033403972052923
0.002433374223217419 -0.004754231486366986 0.002069326870578793
0.003398682379776862 -0.003744917453116032 0.003177090339097434
0.0033747294759232105 -0.003773079860055885 0.003132776771089284
0.0033747294759232105 -0.003773079860055885 0.003132776771089284
0.001739387172956148 -0.005440431144385985 0.001269535076394849
0.001739387172956148 -0.005440431144385985 0.001269535076394849
0.0033505259302839185 -0.003803530517414919 0.0030965770256085896
0.002400440657424092 -0.004789154325421985 0.0020111849977908804
0.002400440657424092 -0.004789154325421985 0.0020111849977908804
0.001718911502667782 -0.005461920010034828 0.0012383682280005073
0.002454719211202919 -0.0047384826028569705 0.0020598077488349987
0.002413568506808416 -0.004780045388238777 0.0020057278026541984
0.002420027830245115 -0.004781458637558028 0.002009734560484081
0.002449834078671032 -0.004749025029012752 0.0020399685550089044
0.002449834078671032 -0.004749025029012752 0.0020399685550089044
0.00245419191053783 -0.004740877770209693 0.0020424471377095276
0.00245419191053783 -0.004740877770209693 0.0020424471377095276
0.0024146589678437926 -0.004784055202293534 0.0019879860254315047
0.0024146589678437926 -0.004784055202293534 0.0019879860254315047
0.0024669753939070157 -0.004731434879726225 0.002036771273601281
0.0024669753939070157 -0.004731434879726225 0.002036771273601281
0.001858434409960088 -0.005315516494379762 0.0013406255627328816
0.0034082201836747638 -0.0037781368934822757 0.0030609053957862836
0.002430791760216944 -0.004772422677539302 0.00196538237433187
0.0024753149068867737 -0.004726935741539128 0.002013089825208316
0.0019886395889731467 -0.005192598076424157 0.0014756270713540253
0.0031775402170058724 -0.0040298709582203655 0.0027898150520982356
0.0019699067642247265 -0.005219132189442437 0.0014486279733122087
0.0019150548626593621 -0.0052625175427737 0.001387615819505343
0.001751116571222883 -0.005416201895111847 0.0012080023299446713
-8.886152469034194e-05 -0.005419572832784159 -0.0004497098405511601
-8.886152469034194e-05 -0.005419572832784159 -0.0004497098405511601
0.002388820420261151 -0.004797964677271386 0.0018931970385329998
0.003525056745475146 -0.0036954474224988937 0.0031234181403337943
0.0019503324432211266 -0.005220459406031459 0.0013979715005256728
0.0019503324432211266 -0.005220459406031459 0.0013979715005256728
0.003135941579755341 -0.004087592733308033 0.0026884394147328574
0.003135941579755341 -0.004087592733308033 0.0026884394147328574
0.0024329014644116367 -0.004770896645685692 0.0019190601612982254
0.0024862664733929754 -0.004719101672686141 0.001970248762017857
0.0034881464512204513 -0.003730326314607486 0.0030654708628692004
0.0034881464512204513 -0.003730326314607486 0.0030654708628692004
0.002440289378675977 -0.0047642009859467085 0.001912033665216531
0.002440289378675977 -0.0047642009859467085 0.001912033665216531
0.0035421141790930233 -0.003682628204808094 0.0031146708799368755
0.002479655435818895 -0.004721378261085059 0.0019492048827108046
0.0024965650421905146 -0.004742692511480703 0.0019579601676571385
0.0024965650421905146 -0.004742692511480703 0.0019579601676571385
0.0038634449728338627 -0.0033363892723742316 0.0034576110329513706
0.0019876922219537094 -0.005201547361121783 0.001410183360132609
0.001942686802998615 -0.005213875231890382 0.0013645848611493483
0.003536545016415282 -0.003695072525580902 0.003081890595575738
0.003536545016415282 -0.003695072525580902 0.003081890595575738
0.003576208734188071 -0.003649915815658024 0.0031216793207823855
0.0035402404468045717 -0.003695187753095161 0.003073381062455245
0.0035047162680777702 -0.003725506569614975 0.0030303494162161747
0.0024588311658602915 -0.004747903613904924 0.0018937517355113263
0.0024588311658602915 -0.004747903613904924 0.0018937517355113263
0.003531443409124562 -0.003699293689340472 0.0030496875772381567
0.0035643977259011417 -0.0036767682149058435 0.0030816087332775285
0.003212033742667158 -0.004022911479664646 0.0026980834185269258
0.0024426056523263193 -0.004757199727229655 0.0018583589587811988
0.0024426056523263193 -0.004757199727229655 0.0018583589587811988
0.0035522138268335745 -0.003690720900201542 0.003047397571448791
0.001083472734533642 -0.005505284612382837 0.0005181240429367209
0.002594258915977326 -0.004616106727508459 0.0020183504188843256
0.002594258915977326 -0.004616106727508459 0.0020183504188843256
0.002470342758147166 -0.004727939627168448 0.0018797880164601818
0.002470342758147166 -0.004727939627168448 0.0018797880164601818
-6.95380335477596e-05 -0.005401794568938343 -0.00047461578503145256
0.0025616808753381685 -0.004644903026833269 0.0019634138520534515
0.0025616808753381685 -0.004644903026833269 0.0019634138520534515
0.00407663104562684 -0.003224139994400488 0.0035656229726831285
0.0031593040523090516 -0.004085145872654317 0.0025882669582454223
0.0031593040523090516 -0.004085145872654317 0.0025882669582454223
0.0019753630503304203 -0.0051838479948965845 0.0013345820739545508
0.003721165072509538 -0.003544741682596805 0.0031810549680428867
0.001973509896622793 -0.005183550271574922 0.0013233105912322097
0.001988137866559319 -0.005170726195270218 0.0013369001656668698
0.0030919573944239685 -0.004141501280128668 0.002486913388390936
0.0030919573944239685 -0.004141501280128668 0.002486913388390936
0.0019793587273860126 -0.005177576464723739 0.0013168598565710568
0.003454627030628022 -0.003742754899740425 0.0028522460465485785
0.003224608462367963 -0.004022226759909077 0.002590231468249134
0.0035842655071845276 -0.003686466196333088 0.0029482713155913644
0.0035842655071845276 -0.003686466196333088 0.0029482713155913644
0.0036537853133581173 -0.0036103776068534326 0.003020750550512567
0.0036537853133581173 -0.0036103776068534326 0.003020750550512567
0.0036578091233555074 -0.0035924670633258504 0.0030248029479672486
0.0036324264704865176 -0.0036267025495700027 0.0029768738189132078
0.0036324264704865176 -0.0036267025495700027 0.0029768738189132078
0.002546658479990347 -0.004654574042953347 0.0018469089298343694
0.002546658479990347 -0.004654574042953347 0.0018469089298343694
0.0031873180050847228 -0.0040543268383236904 0.0025058112022637584
0.003668441400563493 -0.0036066253777003133 0.002990912266580781
0.003668441400563493 -0.0036066253777003133 0.002990912266580781
0.0030733727887455086 -0.004150373610651238 0.0023679012960139394
0.0030733727887455086 -0.004150373610651238 0.0023679012960139394
0.0030346048113011927 -0.004180710231640066 0.0023137360889956024
0.0031933828090724378 -0.004038657400987475 0.0024648789787654435
0.0036579314977340893 -0.003615250890636573 0.002928750094535848
0.0032073836416646275 -0.004027731851575081 0.002467125351067364
0.003604366251168124 -0.0036667931357566054 0.0028510453733423275
0.0030201671423002127 -0.004200919871266899 0.002257716709528013
0.003079473577822008 -0.0041518031715911995 0.0023131197032936466
0.003079473577822008 -0.0041518031715911995 0.0023131197032936466
0.0030308461875852588 -0.004178535014522413 0.0022548213517921373
0.003570056537841881 -0.0036935121895621892 0.0027951017255598443
0.003570056537841881 -0.0036935121895621892 0.0027951017255598443
0.0030858860704898535 -0.004131810884408293 0.00230654057584185
0.0031505043815737645 -0.004072507332708944 0.002366982485105898
0.0041022928023551775 -0.003241770054849292 0.0033065403641262666
0.003541041522526662 -0.00372494811112911 0.0027471073970418048
0.003541041522526662 -0.00372494811112911 0.0027471073970418048
0.0030696249480178513 -0.004148755974334358 0.0022758667357022054
0.0030696249480178513 -0.004148755974334358 0.0022758667357022054
0.0015280502944922906 -0.005492283212343595 0.0007435308775711412
0.0029654364553152726 -0.004240620671234837 0.002168631672660708
0.0035809766957601375 -0.0036853334183379045 0.002780935386635966
0.003653895525528992 -0.0036206448924466107 0.0028506581888330432
0.0015341121833116634 -0.005482223436582951 0.0007442325241106337
0.001595839948254758 -0.005429674298586686 0.0008044833487917314
0.001615489170277216 -0.005410567470278315 0.0008222557196090704
0.0016827456460190662 -0.0053510749655169545 0.0008880715693096171
0.00360625151874636 -0.0036550560410928052 0.0027965040155701524
0.0038884734170763218 -0.0033537847401362247 0.0030843686767420228
0.0035587653698967558 -0.0037060291701222804 0.0027443263891350957
0.003527333711371712 -0.00373272772371178 0.0027075508822338597
0.0015778768846781712 -0.005439051799571661 0.0007791117296781875
0.0030684472200075844 -0.004142874543839138 0.0022506751674161653
0.0015492262340598367 -0.005459261689965663 0.0007500628607951231
0.0032527464195088165 -0.003977664807019809 0.002431097631864758
0.0029554727233804417 -0.004244747891343636 0.002133490666168483
0.0015121603387766378 -0.005487126122816683 0.0007120219827579761
0.001631977385930374 -0.005399246586423637 0.0008245863496798508
0.0015328233654454296 -0.005466042496913308 0.0007299563491666347
0.0015328233654454296 -0.005466042496913308 0.0007299563491666347
0.0028520282568689544 -0.004675642791310761 0.001959102662880129
0.0015944295553302942 -0.005417654902782131 0.000789157462477355
0.0017609172027919168 -0.005273951209162737 0.0009526290693549909
0.0032286438076551374 -0.003989615994154335 0.002395046340548245
0.0017071713948797142 -0.005319125660862838 0.0008964737740816816
0.001554786039987576 -0.005447004566884682 0.0007466669717894734
0.003003911912856687 -0.004187679866266139 0.0021696899101148388
0.001748176106742443 -0.005281893883097196 0.0009337819104503521
0.0016542013755358013 -0.005357162213166316 0.0008413360919810888
0.0016319661797724993 -0.005381705799087077 0.0008163526604455057
0.0017713988059860877 -0.005260048175766545 0.000952049295659742
0.0029278057069833936 -0.004261270344551868 0.002082734388048595
0.0032635642644220286 -0.003971807700940005 0.002411011683144146
0.001597072374853812 -0.005405247068632445 0.0007801754840100415
0.0017282543468463219 -0.0052912699421709475 0.0009069618601673626
0.0016194365903256806 -0.005383697329253273 0.0007997854766434638
0.001670117097578092 -0.005342457351746525 0.000848651973376069
0.0018939083255424078 -0.005149826757852639 0.001065825871077652
0.0031605325606710866 -0.004052533226145807 0.0023035268560021
0.003264981725846075 -0.003959685929438613 0.0024049220532066777
0.0016452596608720965 -0.005356009311105802 0.0008226007752339245
0.0015499763883736262 -0.005434408970817038 0.0007295044667276905
0.0018542711734166088 -0.005185306331369215 0.0010238048165305603
0.0031296409292449695 -0.004078272971463773 0.0022686692164110996
0.0029303919941831994 -0.004249400562709651 0.0020737032592161135
0.0015675358108454486 -0.005420784602437648 0.0007442275087672492
0.0015285284134463149 -0.0054468917216585295 0.0007067809489211663
0.0016160004531893704 -0.005377375802376063 0.0007884101763130635
0.003242477880079792 -0.003978623803366719 0.0023700749458367846
0.0017322180177828234 -0.0052789537634216135 0.0008992944032011283
0.0017585928346302007 -0.005257963109446229 0.0009234487984752524
0.0017585928346302007 -0.005257963109446229 0.0009234487984752524
0.0019522108773940014 -0.005085997172207734 0.0011122920244664323
0.0018871162183991988 -0.0051485899741740195 0.0010470760098346727
0.0031798768654887144 -0.004025421533645008 0.0023042696283573456
0.0016040065415983873 -0.0053787109494768115 0.0007715200043970594
0.001825309818357367 -0.005199306348968104 0.0009841916283423703
0.001825309818357367 -0.005199306348968104 0.0009841916283423703
0.0030186383402530303 -0.0041737185921948946 0.0021401721066253232
0.0018975000480342744 -0.005136745457124102 0.0010520692857082879
0.00171050284064111 -0.0052870111633359935 0.0008720475471961172
0.0017865080245684573 -0.005226990229457283 0.0009431059353364891
0.0030264651597553074 -0.00416300343643748 0.0021447195184720554
0.0030264651597553074 -0.00416300343643748 0.0021447195184720554
0.003233425436037926 -0.0039821977370625185 0.002345143172338062
0.003233425436037926 -0.0039821977370625185 0.002345143172338062
0.0015615000488305194 -0.005406465922458466 0.0007249630732930195
0.001801579709378861 -0.005210773649503714 0.0009559121131344892
0.001520334690229565 -0.005435406836075178 0.0006848869689104395
0.0019396770797606242 -0.005094317532844943 0.0010878432285356377
0.001672725945986654 -0.005315541633788477 0.0008292962586522413
0.0036697471452136494 -0.0036037089555222227 0.0027585278354626654
0.0035741348896985775 -0.0036717945615632203 0.0026684051240491056
0.0018889887360341747 -0.005129220028413339 0.0010364033591124418
0.0016802522445460363 -0.00530315116526526 0.0008337298222041454
0.0030140395211366066 -0.004170963852149162 0.0021204251951175038
0.0030140395211366066 -0.004170963852149162 0.0021204251951175038
0.0015842036776659344 -0.00538371137221475 0.0007404865641367455
0.0018716814129321642 -0.005146043182803367 0.0010163083827737377
0.0035550595326699435 -0.0036914898777259714 0.0026431448455586978
0.0018123665963013852 -0.005192284398041353 0.0009588626396475947
0.0017356320443076348 -0.005254624896889501 0.0008850904492018661
0.0017356320443076348 -0.005254624896889501 0.0008850904492018661
0.0030461551471157125 -0.004139331893347699 0.0021480913338294597
0.003218298909623084 -0.003990782124183026 0.00231318339815463
0.001608342399991982 -0.005359307212840077 0.0007612219998256512
0.0017772588987420598 -0.005218515960469962 0.0009236559321570326
0.0019910014082105995 -0.00504547514110648 0.001127845105836127
0.0029389218394443996 -0.004235142693769006 0.002039610961025589
0.0018995177676967058 -0.005113443011961525 0.0010394155743491766
0.0036212071473353752 -0.003634549681212987 0.002699707386714829
0.0019823207891889027 -0.005037925293942612 0.0011195672815799982
0.0036358921981487964 -0.0036235155496163176 0.002712364107279971
0.0015538721033663862 -0.00539717267924235 0.0007069755442444852
0.003518709953805637 -0.0037150544686180777 0.002599640252438469
0.00180288922337303 -0.005201365805691264 0.0009427182492928667
0.0015662081710868293 -0.005385038996300421 0.0007177695662766211
0.0018839765037298609 -0.005133597420119336 0.0010201486312032546
0.0016585227286159512 -0.005307909534993103 0.0008057773073849343
0.0029947224245568393 -0.0041788806970651906 0.0020896430235607536
0.0029947224245568393 -0.0041788806970651906 0.0020896430235607536
0.0017431322630814179 -0.005239847971254455 0.0008846676557545522
0.0017431322630814179 -0.005239847971254455 0.0008846676557545522
0.0030154127221552847 -0.004165504588183334 0.002104367068668989
0.0015289374930640618 -0.005410493305888017 0.0006788279325676167
0.003172578161644826 -0.004020636645289019 0.002252948121038024
0.0016616868852478146 -0.005300934258105723 0.0008031893901985287
0.0018102067778552175 -0.005179096866070753 0.0009444781332864902
0.0017168529040385298 -0.005251212708017852 0.0008552897803454641
0.003596045420342473 -0.0036423545585879567 0.002658836350405805
0.001899255465237696 -0.005100612948590657 0.0010277589132549054
0.001559295476281119 -0.005386909029773126 0.0007012389944812861
0.0019600573194272705 -0.00506294364480651 0.0010813538757304241
0.0017687364276029295 -0.005211405081235823 0.0009003034902900912
0.0019306983455935627 -0.0050779299923737545 0.0010548222076920436
0.0018786224522644708 -0.005122584478348466 0.0010042991430395357
0.0015824966271802772 -0.0053578967102049764 0.0007232543458019179
0.0015824966271802772 -0.0053578967102049764 0.0007232543458019179
0.00182609465690525 -0.005155269972719637 0.0009558002709770147
0.0022384883861330004 -0.004820248349463089 0.001347204690184678
0.0031823114385511387 -0.004008516441082435 0.002251107991550248
0.0031700662269106956 -0.004019824159660729 0.002237133238743658
0.003557678043450995 -0.0036722534654829025 0.00260980785808188
0.0016058623910530836 -0.005337103786142526 0.0007417745043178869
0.0019711084718455505 -0.005033985334217432 0.001090300746794046
0.0014613222165218943 -0.00544592457537862 0.0006029668516022409
0.0014613222165218943 -0.00544592457537862 0.0006029668516022409
0.0017595489642969514 -0.0052066437649937415 0.0008834825301127932
0.0031311154402000147 -0.004045569171089249 0.0021900567180649835
0.0022972120387535155 -0.004765795602621102 0.0013922670489601348
0.0018107493909905769 -0.005162964230427082 0.0009308489376390925
0.0018107493909905769 -0.005162964230427082 0.0009308489376390925
0.0017769650250882684 -0.005194099356774517 0.0008980084691573407
0.0017267736254856015 -0.005228861140615081 0.0008514520395876393
0.0017000297418120272 -0.005249611371566971 0.0008261962749062775
0.00220162849607932 -0.004844755103955871 0.0013008207884274035
0.0018281163300688337 -0.005143730325855705 0.0009473684756789815
0.0016824154013301445 -0.005262924287122183 0.0008087945379650536
0.0023494054008284413 -0.004717336787522131 0.0014410252142756346
0.0022114376300543235 -0.004830302373251789 0.0013101603608780324
0.0022114376300543235 -0.004830302373251789 0.0013101603608780324
0.0015839810747844028 -0.005341714265932319 0.000714891762242591
0.0019949980569889726 -0.005021309116504882 0.0010990008629631503
0.0015056521941066803 -0.005398689569848995 0.0006385918387310709
0.0031269201054588743 -0.00405810082152874 0.0021741686117572037
0.0014917502421439059 -0.0054046051673710205 0.0006243066361689797
0.001615625070409988 -0.005310397333387195 0.0007401008842304769
0.002976189853065994 -0.0041725900772415885 0.0020306555638782134
0.0016764042066613253 -0.005259175129866887 0.0007964026275306138
0.0016589410944554334 -0.005270181112848811 0.0007804097005460979
0.0022579863798794673 -0.004785585728365006 0.0013429411467735086
0.0018052589809586835 -0.005153639390547645 0.0009151584358606623
0.0018052589809586835 -0.005153639390547645 0.0009151584358606623
0.0021523428420233545 -0.004855962774270118 0.0012454629327522308
0.003491274646272953 -0.0037260363152599634 0.0025138678498766304
0.002361941565076978 -0.004693667418227392 0.0014408892984699145
0.002944513195016617 -0.004196661499928595 0.0019935595765347073
0.0023064410855743083 -0.004741910742871525 0.0013849100417494013
0.0030727852412680136 -0.004090840983142802 0.0021102726355042463
0.0035421968068752832 -0.0036896163335128967 0.0025550187423465103
0.001865609007564632 -0.005098702134107055 0.0009680683024298572
0.00216248637401852 -0.00484876237899304 0.0012482935925584465
0.00220547629886981 -0.004816624873578419 0.001287483485764984
0.00220547629886981 -0.004816624873578419 0.001287483485764984
0.0023738647916721357 -0.004679737474379353 0.0014442836828725489
0.0023410142298118226 -0.004706478543779188 0.0014133821461432476
0.0019448104874629922 -0.0050399005869346 0.0010357975056315934
0.0021423276714729366 -0.0048562425677391805 0.0012255204228524158
0.0016467141888183438 -0.005268511379652524 0.0007574399293793945
0.0022447537411643035 -0.004783270959317678 0.001318385524028624
0.0024220799833744706 -0.004635722769899838 0.0014848934197912403
0.0016619048019178714 -0.005246946280784236 0.0007716619386148409
0.002901039070107449 -0.004222421494695477 0.0019375015789230576
0.0013700208994129753 -0.00545177967532107 0.0005019219761330711
0.0024742539736855736 -0.004587505752299053 0.001531817474031026
0.002221238457366846 -0.004792119796091081 0.0012939282020140756
0.002221238457366846 -0.004792119796091081 0.0012939282020140756
0.0018855732950257993 -0.005063653848775652 0.0009789310346663609
0.002148378651920448 -0.004842290501524932 0.0012240494226377397
0.002548322445541742 -0.004518863913330817 0.0015969477262909107
0.0019268041352038178 -0.005032459353300903 0.001012555401319111
0.0034283057562446216 -0.0037582487373663902 0.0024247627516357875
0.0036770990116974135 -0.0035985496717825805 0.0026477679890905366
0.0025281052828998326 -0.004539119286620138 0.0015721644069563695
0.0022430113795266294 -0.004767650836912586 0.0013057398372189279
0.0015342290408125224 -0.005335989941068619 0.0006431944193550329
0.0031089647999915856 -0.004038599724538554 0.0021183648920551482
0.0023000245179399625 -0.004719992904715588 0.0013583713522302826
0.0027144374518419745 -0.004378436069607755 0.0017452283595912133
0.0023507957793982115 -0.004684217210436291 0.001402216988700658
0.0025400392924832672 -0.004524335073064235 0.0015780178142204275
0.0016838893794049548 -0.00521850082040212 0.0007784792948774012
0.00226861028773318 -0.004743840754757401 0.0013246687462207343
0.002784795698045869 -0.004323020318062387 0.001803578369129583
0.002341504855778412 -0.004666567264934615 0.0013934240886789404
0.0027320559770009937 -0.0043501365243722315 0.0017560579905613793
0.0016963716678944783 -0.00520376019331482 0.0007879738414386114
0.0018348956872687823 -0.005089325354077693 0.0009174519523903975
0.0034277584568977873 -0.00375362283539569 0.002405771652376013
0.002851541517793488 -0.00425367673851697 0.0018625171799812937
0.0027922474325547775 -0.0043015835179470545 0.0018074090884066694
0.0025019808607442745 -0.004561448363342418 0.0015309232383055684
0.0025019808607442745 -0.004561448363342418 0.0015309232383055684
0.0018552467360696356 -0.005066315993044148 0.0009311553751198858
0.0021274705630355308 -0.004842547365470959 0.0011837416093907957
0.0029308492681162815 -0.00418513533180001 0.0019301300272165092
0.0026618333331438577 -0.004400325943306085 0.0016799521608388396
0.002452369021292939 -0.00458037274286223 0.0014834043643403801
0.003072068172547614 -0.004051299138214256 0.0020588357752870812
0.003072068172547614 -0.004051299138214256 0.0020588357752870812
0.002587973499572485 -0.00446931426413745 0.0016051478127245796
0.0030435392693899384 -0.004076739342148583 0.002030419341204803
0.0026885072488589813 -0.004376680480001904 0.001697353396245725
0.002233914204890953 -0.004751645571399697 0.0012751327011462973
0.0028562413960791094 -0.004235499754872086 0.0018523545896812672
0.0026246405496730307 -0.0044276840145506475 0.0016372404935077014
0.002516040184778686 -0.0045165065922294625 0.0015340337542726398
0.003030678048198293 -0.004085812976016248 0.002012248250588396
0.002772928016378695 -0.004297295900887639 0.0017733508945511594
0.002805736825505332 -0.004277188010039719 0.0018012086193804034
0.0021732299605037456 -0.004797355798911558 0.0012131555952722521
0.0030060153478721494 -0.004103310129865363 0.001985032991246707
0.0032038884488599646 -0.0039375414957176225 0.0021683899331095746
0.002108527234921494 -0.0048418955432334015 0.0011535657928492325
0.002953781800358355 -0.004147267044267082 0.0019354503034787942
0.0024541860802011458 -0.004557928093820832 0.0014721820319832074
0.0024541860802011458 -0.004557928093820832 0.0014721820319832074
0.0026832870286972173 -0.004368819368089236 0.0016841284372751187
0.0029278928485746993 -0.0041695502149244465 0.001907686867105179
0.002710879504553213 -0.004340330368257363 0.0017083535488909643
0.002407702874644858 -0.0045939940079979015 0.0014262023669027242
0.002885460912020832 -0.004195526182915824 0.0018679482953323763
0.0020874527306738995 -0.004850285029408102 0.00112969576754501
0.00294895352928209 -0.004139935489924025 0.001924017326699472
0.00294895352928209 -0.004139935489924025 0.001924017326699472
0.002514296851418231 -0.004499812520239793 0.001520604670826284
0.0022128118027957824 -0.004752821156134315 0.0012412420197598297
0.0028639349328309434 -0.004212128536813349 0.0018413118066172597
0.0023803903176415103 -0.004601783682613237 0.001396642936063117
0.002419710359008876 -0.004574503913417264 0.0014308275165719165
0.0033383910561979343 -0.003807941888072347 0.0022792009359842258
0.0025381938341931453 -0.004480182575943469 0.0015391549214025598
0.0024042287462824104 -0.004591281984572151 0.0014133339988467563
0.003142713171009518 -0.003974243151687522 0.0020900477617718832
0.003319054901313306 -0.00381459160648228 0.00225256093652874
0.0029831062623603983 -0.004108738612161169 0.0019402865991044742
0.003063218473762067 -0.004042624286837451 0.0020119653852215097
0.003063218473762067 -0.004042624286837451 0.0020119653852215097
0.003201493497010278 -0.003909954411355765 0.0021394443803002313
0.003279681321155311 -0.0038449896027357767 0.002207330563749902
0.0033473030706250343 -0.003789612751447535 0.0022683978863339976
0.0026689703548553882 -0.004362064923040254 0.001640097734633855
0.0026689703548553882 -0.004362064923040254 0.001640097734633855
0.0027295032926018645 -0.004298879088064647 0.001693431899253379
0.0030914136058175033 -0.003987256463167302 0.002026517905585995
0.0027705758830231537 -0.004259771791294473 0.0017312460837695463
0.0028495194567244395 -0.004195459886345459 0.0018010090087137
0.002871638249502377 -0.004169277631011498 0.0018183726290452017
0.002871638249502377 -0.004169277631011498 0.0018183726290452017
0.00211896557506998 -0.004775840610546421 0.001129156116596837
0.0031682133082972896 -0.003927546355194846 0.002081419866547516
0.003247605692539697 -0.0038437064271308508 0.00215515143271183
0.0030240635625756363 -0.004037991614153182 0.0019485990292299562
0.0027611152527215813 -0.004254319109966837 0.0017080425976011247
0.0029985856181823406 -0.0040666872147866 0.0019212779461428543
0.0021627954759004865 -0.004730034494958667 0.001163787564201196
0.002747925526538251 -0.004258688351739835 0.0016871050435738235
0.0032337997060379953 -0.003862275924087365 0.002127340350576062
0.002495423424652616 -0.00444772579690358 0.0014577905041413645
0.0033355353196747963 -0.0037598876888926547 0.0022174078932123923
0.0025915723219098303 -0.004364639173415937 0.0015347890649863465
0.0030225222221699926 -0.003994539180604152 0.0019270546186531295
0.00282799209831512 -0.004173381122276909 0.001747617167645254
0.002992226037387201 -0.004028051015489712 0.00189051984823435
0.002659324971841889 -0.004294212028932298 0.001589096206222465
0.0028216276275601806 -0.004164274700601868 0.0017337502447214307
0.0029197790260472437 -0.004096431837180681 0.0018186309192295038
0.0032992272427769965 -0.0037774429580332367 0.0021501777166774145
0.003234296601183815 -0.0038199428524899643 0.002093685891863005
0.003234296601183815 -0.0038199428524899643 0.002093685891863005
0.0025976944888875053 -0.004313416687782564 0.0015243757075170945
0.002819348530142676 -0.004159210708386532 0.001716880635713303
0.0032223306187863046 -0.0038071195598326645 0.002060415608453201
0.005596559194991803 -0.002546779879096683 0.003956739511180521
0.005596559194991803 -0.002546779879096683 0.003956739511180521
0.002646130606465928 -0.0039242735928692865 0.0012512060024618297
0.002646130606465928 -0.0039242735928692865 0.0012512060024618297
0.005458863443904502 -0.0026433701265717335 0.003252292905476424
-0.0006775784548790172 -0.005671976069713327 0.0004002767640607758
-0.0006539902918730041 -0.005718439213896076 0.00032167229026407477
-0.0006539902918730041 -0.005718439213896076 0.00032167229026407477
-0.0006512421344654634 -0.005744402768912576 0.00029134275344777644
0.000812679800708295 -0.00555288134955407 0.0013260690300936886
0.000812679800708295 -0.00555288134955407 0.0013260690300936886
0.0008377709367430603 -0.005568327039883544 0.0013196278245849661
-0.00045314384455968367 -0.00560113772976395 0.00021081414316160934
0.0009421233057907279 -0.005576858327055967 0.0013194648259249697
0.0009421233057907279 -0.005576858327055967 0.0013194648259249697
0.0011971098207136704 -0.004896551634821971 0.0018184192717386775
0.0011971098207136704 -0.004896551634821971 0.0018184192717386775
0.0009366353916758158 -0.00558788549986369 0.0013049113024918074
0.0010055200046097577 -0.005457891623536599 0.001408190262671606
0.0012777410888097393 -0.00476391113044498 0.0019227770322804835
0.0012777410888097393 -0.00476391113044498 0.0019227770322804835
0.0013177646888162626 -0.0046997213510664975 0.0019709007566578434
0.001308545704028135 -0.004785377818872295 0.0019161903818136104
0.0013299731944123102 -0.004743634155914974 0.00194592384506866
0.001307732654173714 -0.004841373657571873 0.001877467918610509
0.0010186632134831966 -0.005552398183910765 0.001340255430391105
0.0013638890152074927 -0.00480615196674295 0.0019117904210623825
0.001356051600792316 -0.004841832436107971 0.0018830224114088504
0.00140407758866547 -0.004743243780001638 0.0019541590389060204
0.001410538980931315 -0.004743378698616037 0.0019576321641997917
0.001383763034324213 -0.004827657100911897 0.0018997907104806111
0.0010821509407846553 -0.005517615837162325 0.0013661842541546677
0.0012651179710452736 -0.00511682924643116 0.0016782068213410312
0.0010854720384820835 -0.0055315460787963774 0.0013596522709306857
0.0010854720384820835 -0.0055315460787963774 0.0013596522709306857
0.001081078346910086 -0.005549409854246899 0.0013427340130917284
0.0014278148014076916 -0.004820292617704931 0.0019098474770352246
0.0016755048302088986 -0.004409099377526292 0.002244042375790155
0.0011743481862974239 -0.0054624796596647466 0.001405122377123303
0.0017082837510235536 -0.004460123365272276 0.0022117310260354687
0.0015297504645537421 -0.004792235431101991 0.0019397574803774087
0.0016149845953868384 -0.004677071521584474 0.002036292809842399
0.0011789159102848638 -0.005546766517516094 0.0013350505070266637
0.0015689277880559223 -0.004802242420373513 0.001934130265099992
0.0015689277880559223 -0.004802242420373513 0.001934130265099992
0.0016624309506212763 -0.004649521060984035 0.002054607840813942
0.0016145137330077735 -0.004769870447655666 0.0019659415851192427
0.0016145137330077735 -0.004769870447655666 0.0019659415851192427
0.0007597037316064247 -0.0057228210567193275 0.0009270618518494513
0.0016212530379889126 -0.004782175894353804 0.0019550156595560943
0.0016212530379889126 -0.004782175894353804 0.0019550156595560943
0.0012094335851698733 -0.005541770608587202 0.0013280149833268774
0.0012094335851698733 -0.005541770608587202 0.0013280149833268774
0.0018013596024143105 -0.00449236725865844 0.002191564330286366
0.001739590850752877 -0.004602436884070225 0.0020996009878506924
0.0017468145164396117 -0.0046252239948635695 0.0020864627943206378
0.0017707845273160889 -0.004626915270526988 0.002083230405509323
0.0017707845273160889 -0.004626915270526988 0.002083230405509323
0.0012919700568341317 -0.005471552165080151 0.0013759085034428882
0.0012871135744513288 -0.0054991727268591 0.0013600680428972613
0.0012871135744513288 -0.0054991727268591 0.0013600680428972613
0.0012280648962336013 -0.005602628979427541 0.0012734731240203639
0.0012280648962336013 -0.005602628979427541 0.0012734731240203639
0.0012903650215675049 -0.005486816237287313 0.0013653246242985632
0.00126361386956426 -0.005537102452348488 0.0013244621140732925
0.001351253233700981 -0.005409139163174199 0.001429410180531455
0.001816176117916198 -0.004625688721283462 0.0020780951954179265
0.002109168603302684 -0.004263394687280064 0.0024124345360623306
0.002109168603302684 -0.004263394687280064 0.0024124345360623306
0.0017747950682038135 -0.004734700387435944 0.0019839050405195315
0.0020536912570713753 -0.004342217109092718 0.002333405262680962
0.0021803634087831144 -0.004235331176642575 0.00244936100479944
0.001839822972194521 -0.0047051827661444496 0.002017448660143791
0.001839822972194521 -0.0047051827661444496 0.002017448660143791
0.0020940903182220215 -0.004342743720148091 0.0023345502655756447
0.0020940903182220215 -0.004342743720148091 0.0023345502655756447
0.0007848261508455509 -0.005696746161079691 0.0008575517002118768
0.0021411237696393817 -0.004314912984135435 0.0023676675810122214
0.0021411237696393817 -0.004314912984135435 0.0023676675810122214
0.0022515997475759477 -0.004172653897486156 0.002500438264895936
0.0021553373154828666 -0.004318067917237356 0.0023593987843741845
0.002058885240718059 -0.004477297656391012 0.0022282099397939433
0.002207178161609654 -0.004261462557587079 0.002407312867398072
0.0013950574935884343 -0.005474304397454191 0.0013562167607122984
0.0013950574935884343 -0.005474304397454191 0.0013562167607122984
0.0014564767052027451 -0.005393371487799441 0.0014279095897908104
0.0014564767052027451 -0.005393371487799441 0.0014279095897908104
0.002203889036726302 -0.004297863198916219 0.0023805514966326814
0.002198776489717824 -0.004310652042433647 0.0023671204070489717
0.002198776489717824 -0.004310652042433647 0.0023671204070489717
0.0013876229993224104 -0.005504631175831628 0.0013293415416520795
0.001927789556141185 -0.004686563593779007 0.0020285967654188734
0.001927789556141185 -0.004686563593779007 0.0020285967654188734
0.0019157006194660136 -0.004699985295266818 0.0020144991366993627
0.0022824576821637 -0.004214529068232551 0.002452446444049589
0.0022824576821637 -0.004214529068232551 0.002452446444049589
0.001711005088098698 -0.005009874885889714 0.0017439614838522868
0.0014498321902115733 -0.00544570709755111 0.001380319497949562
0.0020106686384503973 -0.004587966881777362 0.002102284698095742
0.0017263612271210993 -0.0050280513993461555 0.0017287644918628923
0.0017263612271210993 -0.0050280513993461555 0.0017287644918628923
0.002129841723350037 -0.004469600718609445 0.002221915683846387
0.002129841723350037 -0.004469600718609445 0.002221915683846387
0.0022777476164618287 -0.004273386191678887 0.002398539527215554
0.0022795407584512706 -0.004270946227122324 0.002395512767483004
0.001441654077251108 -0.005468549604379431 0.0013493031098567557
0.0014227064547492983 -0.005502465237099237 0.0013203655815968271
0.0014227064547492983 -0.005502465237099237 0.0013203655815968271
0.001974111722155986 -0.00470152341879987 0.0020084401003565397
0.001974111722155986 -0.00470152341879987 0.0020084401003565397
0.001797399538214985 -0.004972157920670466 0.001779189255785064
0.001797399538214985 -0.004972157920670466 0.001779189255785064
0.001990812988028823 -0.004683916904996433 0.0020227097553541388
0.00160451343608508 -0.00525725450411779 0.0015263427251924983
-0.0004005276263456517 -0.0056682728028499985 -2.202066579243505e-05
0.002393683485282146 -0.004215573325416997 0.0024462710517402456
0.002132735012256767 -0.0045150318618531445 0.0021516712859373207
0.0018161998154136898 -0.004985338007990729 0.0017540508501388997
0.002407329670405259 -0.004214447474864864 0.002440709035926827
0.0024982755250518005 -0.00412125126698759 0.0025261228414366734
0.0024837443198966994 -0.0041511948104386584 0.00250331807506732
0.0024837443198966994 -0.0041511948104386584 0.00250331807506732
0.0015359336149723835 -0.005401392965316829 0.0013824028715914863
0.000765170205128368 -0.005679122181734741 0.0007450199330220013
0.0018606711042165713 -0.004974500963716123 0.0017523992975623814
0.002566315428776207 -0.004100480786586785 0.0025515526385334777
0.002872483961780589 -0.003807647800874638 0.0028619662835620914
0.0025093976759248677 -0.004163094778378871 0.0024676233746654453
0.0019080473621907368 -0.004964238238950835 0.0017513616230161269
0.0025420971505657228 -0.00417057021038527 0.00246733047861179
0.0024125381672018614 -0.00435335690770532 0.0022927313293669488
0.001641660391855731 -0.005356251426807689 0.0013970637233730772
0.0015110305699874854 -0.005559771490987498 0.001212374204772946
0.0015110305699874854 -0.005559771490987498 0.001212374204772946
0.0019555446545064235 -0.004969463678204309 0.001727521188237873
0.0019555446545064235 -0.004969463678204309 0.001727521188237873
0.0019942129676739206 -0.004925019256752668 0.0017658349009551373
0.0019751849116025817 -0.004947360354626123 0.0017440296925223162
0.0016608994293176027 -0.005377831634397923 0.001362919767145692
0.0020073708934456036 -0.004929873137426089 0.0017568860237541614
0.0016265814641841974 -0.0054247352511134165 0.0013193670267289718
0.002659554173034561 -0.004144150823346911 0.002465018906845871
0.002011969712562027 -0.004955885764443018 0.0017263295426497142
0.002011969712562027 -0.004955885764443018 0.0017263295426497142
0.0019940058496650884 -0.004964008536223825 0.001711300063129362
0.0025356997666198225 -0.004329705770793934 0.002289100220756566
0.002044060982779822 -0.004909916835331967 0.0017584488047527737
0.002044060982779822 -0.004909916835331967 0.0017584488047527737
0.00242662024835688 -0.004445433722285068 0.0021755217514023437
0.0027730832412564453 -0.00408359193119842 0.0025245394975301847
0.0027730832412564453 -0.00408359193119842 0.0025245394975301847
0.002784327014206587 -0.004063220985589983 0.0025317580812635053
0.0027900430010619095 -0.004062993853226457 0.0025345320676894764
0.0020565759258566628 -0.004910533174015078 0.0017510125551165653
0.0020565759258566628 -0.004910533174015078 0.0017510125551165653
0.0027962901127816515 -0.004080374274958297 0.0025110853373669063
0.0027962901127816515 -0.004080374274958297 0.0025110853373669063
0.002047067273642184 -0.004944492064071575 0.0017184489335896383
0.002047067273642184 -0.004944492064071575 0.0017184489335896383
0.0024815726135194154 -0.004425844762747965 0.002184592501447563
0.0028401540552553802 -0.004040178805403165 0.0025497752008380083
0.0020833523739981034 -0.004899274088594666 0.0017546782695963014
0.002047626421737764 -0.00495109492036676 0.0016998344866180407
0.0025679538160763406 -0.004356331100370021 0.002246178912071955
0.0025679538160763406 -0.004356331100370021 0.002246178912071955
0.0028585954728802127 -0.00404136706563454 0.0025369193711405015
0.0028585954728802127 -0.00404136706563454 0.0025369193711405015
0.0017612063271904119 -0.005329246498429188 0.001365565862315358
0.002881553959524301 -0.00403435780979573 0.002542370046330784
0.00212466178266483 -0.004887641109324939 0.0017532529090064245
0.002093845820232027 -0.004927526348545842 0.0017167301754117679
0.002851795670319498 -0.004060042637103636 0.0025068649259088437
0.0028691032441886775 -0.004058582984103368 0.0025151517777830643
0.0008963231273116179 -0.00565351170689251 0.0006868399436243665
0.0029075812094017843 -0.004016185339959892 0.002551879137387809
0.0028904520563735087 -0.004033999776969869 0.00253276014687173
0.003297319155386361 -0.003662335561248248 0.002915058207096144
0.0016052179194281746 -0.005539184572154566 0.0011705542654955729
0.0016052179194281746 -0.005539184572154566 0.0011705542654955729
0.0021074954847496124 -0.004927179929374506 0.0017106982219232212
0.0029294739355766653 -0.004018786673189851 0.0025436750386794325
0.002137734024429378 -0.004899179815811986 0.0017286571635144639
0.002137734024429378 -0.004899179815811986 0.0017286571635144639
0.0017320266138635568 -0.005385814431079458 0.0012938314058867546
0.002690918061732121 -0.0042826577435348635 0.002287495812407862
0.002690918061732121 -0.0042826577435348635 0.002287495812407862
0.002869927265106752 -0.004076224015615825 0.0024648604219949205
0.0030698095126544013 -0.003893908823265712 0.0026492735951745656
0.0022532235903802663 -0.004793247605761724 0.00181484784571457
0.002144582538512715 -0.004915309630325002 0.0017031596592819687
0.0021796230500618725 -0.004869161010864253 0.0017406107329370978
0.0021796230500618725 -0.004869161010864253 0.0017406107329370978
0.001647923074649387 -0.005518109848485699 0.0011688500518135176
0.0021661219024002604 -0.004887945572014275 0.0017155646096092083
0.0018341500781099349 -0.00530163302082277 0.0013582750576373
0.0017360357324312434 -0.0054182428264103796 0.0012460462171878489
0.0017873602411201215 -0.005365814432806097 0.0012885602799896378
0.002710409629569877 -0.004313031070568087 0.0022331124379522988
0.002710409629569877 -0.004313031070568087 0.0022331124379522988
0.000979157353643435 -0.005632183081464802 0.0006829525509670351
0.0022192546696370007 -0.004883467795075846 0.0017088756461372913
0.0022192546696370007 -0.004883467795075846 0.0017088756461372913
0.003048379451906741 -0.00398976100026994 0.0025284730313466534
0.0016808050450976455 -0.005512780419221736 0.0011461054695647782
0.0023267413148410237 -0.004765243479924497 0.001810307455348576
0.0009707300094626558 -0.005623984687709525 0.0006709668833467404
0.0021907063633696063 -0.0049059848061185135 0.0016753686385197388
0.001845270959474208 -0.005323391523870322 0.0013112251182785632
0.001845270959474208 -0.005323391523870322 0.0013112251182785632
0.00270888151713241 -0.004347825485486547 0.002180330462639409
0.0009745338339608428 -0.005633679534547154 0.0006634378498579185
0.0030945429293222667 -0.003960727302800613 0.002542713095818284
0.0030945429293222667 -0.003960727302800613 0.002542713095818284
0.0032113100286167737 -0.003874452488215232 0.002640442077008787
0.0022185146557206167 -0.004887025805056401 0.0016845141171813872
0.0022185146557206167 -0.004887025805056401 0.0016845141171813872
0.00224975425793993 -0.004859982869778814 0.0017069296929041026
0.00224975425793993 -0.004859982869778814 0.0017069296929041026
0.0031534062592560403 -0.00391803180995189 0.002580253442585657
0.0018687386288554085 -0.005299496359157385 0.0013157429395993271
0.002825314782632886 -0.004240272104869614 0.002267228308256731
0.002825314782632886 -0.004240272104869614 0.002267228308256731
0.0030840118366670635 -0.003969994842381882 0.00251439245479465
0.002263488180226375 -0.004848375437414451 0.0017051056125151575
0.0031833597707020852 -0.003882429893402629 0.002586049674935132
0.001890506292741112 -0.005286660214682663 0.001293353443662211
0.002858332919654034 -0.004247577171930421 0.002232588334568618
0.00294657262039388 -0.004173533839482968 0.0022959747519337094
0.003242291560073058 -0.0038645343959052007 0.002573446117009866
0.0028417644820161454 -0.004274279737794629 0.002181291903966219
0.0028417644820161454 -0.004274279737794629 0.002181291903966219
0.0032734250564338927 -0.0038676057921938727 0.002570598405036143
0.003652777354721416 -0.0035318491155090065 0.0029037466016267268
0.0029068508500214156 -0.004215652034962238 0.0022341170112322156
0.0032271621498357692 -0.0038966332831757607 0.0025257366599960663
0.0028877159357900907 -0.004254702282201413 0.002194763617831343
0.0019557141104210277 -0.0052623830688792025 0.0012918603759366433
0.002315924284921111 -0.004799074611944747 0.001665469353747399
0.0023992199228443033 -0.004767107009123751 0.0017187307958878477
0.0023992199228443033 -0.004767107009123751 0.0017187307958878477
0.003235622281823925 -0.003908489492244943 0.0025002095652376026
0.001952733460501719 -0.005265291842658632 0.0012755384424261039
0.002846427121377137 -0.004303243251802469 0.0021284517506700686
0.003025826581158875 -0.004134517477157535 0.0022843000356032542
0.003236491816983214 -0.003924752808929676 0.0024743318979765622
0.0032810291946898974 -0.003887665598437093 0.0025087767748070175
0.0029941057880877144 -0.004152744927695225 0.0022457445833348566
0.0033026080857524926 -0.003857616105857027 0.002521081418266567
0.0028003196904239336 -0.0043555401493723875 0.0020613660160245647
0.003268368211082879 -0.0039006290072501975 0.0024805865327113806
0.002950389045942321 -0.0042204944743835645 0.0021807251701637695
0.003242025370722925 -0.003920916071240528 0.002449388589188055
0.002901343376067304 -0.0043115301663684815 0.00211637028999113
0.0029485633355667757 -0.004235698675929074 0.0021482959598395474
0.0028181261655762873 -0.0043632229031359444 0.002024407950624133
0.0028895748728155583 -0.0042887377816281085 0.002079888682212226
0.002929600572997124 -0.0042686265681151974 0.0021069023247498576
0.002845960945209547 -0.004356731857652339 0.0020129112789838274
0.0033911005597989183 -0.0038108353650544535 0.002503669650638574
0.0033641632758643156 -0.0038284015425668967 0.002479235900737933
0.0034118401331461163 -0.003766202821207049 0.0025238619246389375
0.0028946176752050953 -0.004297546793440449 0.0020474133307288663
0.003029606645467778 -0.004172674585777617 0.0021617430985220874
0.0030487928415852093 -0.004150314554982886 0.002178981836803315
0.003422264398987229 -0.003800048552578433 0.002501626399743726
0.003003101307982166 -0.0041969413560894505 0.002131024621826321
0.0033716595842375537 -0.0038408147055189286 0.0024509032228901763
0.0034421419601902152 -0.003786001077292767 0.0025068308215738288
0.003115494150160291 -0.004099845906806099 0.0022084645328891393
0.003115494150160291 -0.004099845906806099 0.0022084645328891393
0.0028572705445416104 -0.004347716589843311 0.0019765264673322447
0.0029528607325457904 -0.00427053663029729 0.0020441543605976137
0.0029526094638422265 -0.0042603655452594065 0.0020438062957667293
0.003122148758530024 -0.004098843841197875 0.0021908912712041654
0.003423493659650772 -0.0038048074238406144 0.002448443698494414
0.003423493659650772 -0.0038048074238406144 0.002448443698494414
0.002952687327048271 -0.004251608316867511 0.002035594172508937
0.0029515075929006504 -0.004262513898944056 0.0020270891531974904
0.003118253592090446 -0.0041034588347967135 0.002166870284064069
0.003118253592090446 -0.0041034588347967135 0.002166870284064069
0.0034205191848730053 -0.0038134225299393514 0.0024294746667455317
0.0029197999651058744 -0.004305345809132838 0.001988432390992726
0.0031044453486842216 -0.0041181848860423025 0.002149656120965426
0.0031044453486842216 -0.0041181848860423025 0.002149656120965426
0.00295293521039505 -0.004263724634182973 0.002009386495653196
0.003043518581098477 -0.004188779668378569 0.0020829390140586833
0.003043518581098477 -0.004188779668378569 0.0020829390140586833
0.0029340246073965978 -0.00427996525643889 0.0019877653503225863
0.003396161918958978 -0.003835934713714011 0.0023810244435138405
0.0035306348103873947 -0.003718054082804559 0.0024778220754378406
0.003097832493048165 -0.00413676967979614 0.0020970451688619475
0.002994889560875128 -0.004237854772050074 0.001986459354905261
0.003412490497799502 -0.003830582903480196 0.002324434819503433
0.0024800498298842943 -0.004754384622824405 0.0015146374152673974
0.002498544472840795 -0.004751759870291783 0.0015210570547995663
0.003156087963363736 -0.004094153742831853 0.002085936684799603
0.0018036143009698968 -0.005487009829541955 0.0008937328889220485
0.0020794366133047534 -0.00517983506192516 0.0011448255539330521
0.0029666601991010923 -0.004271345918644173 0.00192290442200245
0.0017197578379456804 -0.005573403068923003 0.000816390777055228
0.0018213244031645276 -0.0054757868075750666 0.0009034972609573452
0.0017445475479248 -0.005551939468066459 0.0008360734921677256
0.0019325208586877 -0.005347538834971916 0.0010036556744833034
0.001866453575717635 -0.005424196665925713 0.00094107271512841
0.001866453575717635 -0.005424196665925713 0.00094107271512841
0.0020320747509333962 -0.005245125084217737 0.0010900966223182965
0.0018941493127920333 -0.005387176723726275 0.0009675833187245754
0.001808113553765427 -0.005481327570870893 0.000888952765142275
0.0019912185882520967 -0.005284740278543281 0.0010534219238190893
0.0018278231989209573 -0.0054656473505464015 0.0009037209452722943
0.0018278231989209573 -0.0054656473505464015 0.0009037209452722943
0.0021050722902474918 -0.005158536591249551 0.0011561707622031454
0.001823011627370868 -0.005472551534941306 0.0008973725236161853
0.002174047806280278 -0.00508939920500903 0.001210730676745843
0.002174047806280278 -0.00508939920500903 0.001210730676745843
0.0017863709058639722 -0.005503425299206615 0.0008633880553084275
0.002061863665078741 -0.00520495255985859 0.0011116505620475537
0.0019216820747158575 -0.005356448341727323 0.0009810324635444693
0.0019429942122021892 -0.005336389663936365 0.0009988248957353463
0.002079825553184222 -0.005191994417156039 0.0011202568912953678
0.0018058043682058524 -0.005493863672427638 0.0008712019603014894
0.0017607788302056687 -0.005538137807298427 0.0008319528860430146
0.002114623980377389 -0.005145945634374539 0.0011521945979679083
0.0021550991180179987 -0.005108375885156574 0.0011857111347378915
0.0021550991180179987 -0.005108375885156574 0.0011857111347378915
0.0017736123522778214 -0.005521864898769471 0.0008420302155055045
0.0017875222347523226 -0.005499398856153949 0.0008556253068178877
0.0036722261040650264 -0.003547608829026143 0.002500705081163992
0.0021720907252539548 -0.005095516732794075 0.0011946098585050222
0.00200880684894838 -0.005255953147893095 0.0010533286384321375
0.00200880684894838 -0.005255953147893095 0.0010533286384321375
0.003053350409502295 -0.004181684211325338 0.0019631149375877346
0.0020666859490888405 -0.005201971878593385 0.0011003765716535207
0.0018829746183605394 -0.005411484525816172 0.0009316313312070756
0.0019821964870377073 -0.005303016252528217 0.0010204736254545708
0.0017393468170739692 -0.005556501863251553 0.000804995916885628
0.0028883199085171702 -0.0043583801816015535 0.00181414870684677
0.0017502315472726576 -0.0055446654647887395 0.0008142823266963813
0.003285184782834715 -0.003961914622655103 0.0021527325325974823
0.003285184782834715 -0.003961914622655103 0.0021527325325974823
0.0034641149318592477 -0.003770857749477587 0.0023095056468507708
0.002957715334174824 -0.004289706840007684 0.001872228890911053
0.0028327865158235396 -0.004413477270766628 0.0017655595586033278
0.003386752382468135 -0.0038556492762570004 0.0022396002861544972
0.001774422383130619 -0.005523567231697757 0.0008321605212591333
0.0021686689758839786 -0.005086269442661721 0.001189022264440343
0.003223551478749678 -0.0040270937745129866 0.002096976960191918
0.0020897499773652765 -0.005183225778857944 0.0011134229843996386
0.002428041722055634 -0.004818216242034323 0.001413223661292297
0.002428041722055634 -0.004818216242034323 0.001413223661292297
0.002797642688200661 -0.004437544775216616 0.0017344468759175388
0.0027984052711622753 -0.004437775418320511 0.001734642975843873
0.0027984052711622753 -0.004437775418320511 0.001734642975843873
0.0018901165770507137 -0.005392754851330316 0.000934587374597904
0.003408895374277903 -0.0038338643799648866 0.0022517790444950953
0.0020370201616235857 -0.0052320791103141655 0.0010650128839150234
0.002391532091045569 -0.004868779954477667 0.0013738682617540708
0.0030835125592331356 -0.004159585291845562 0.001972934478400261
0.002069337435752645 -0.005198924963449609 0.0010919603239199795
0.0020075076085716756 -0.005268283996521829 0.0010356756327873499
0.0034805429398823695 -0.003764355231395989 0.0023070727037749466
0.0029785084463126513 -0.004251935035143116 0.001882644756051997
0.00205055983339157 -0.0052109690284744365 0.0010750601213172061
0.002107338441809885 -0.0051648457991895725 0.0011198160426118696
0.0025816350459113525 -0.004666684294837903 0.001534478113696507
0.002399178170110627 -0.004843933112684572 0.0013787055604484277
0.0024780683304048683 -0.004773668927678559 0.0014430830096662979
0.002420837055900205 -0.00482021134563268 0.0013972588202307344
0.002698636299050124 -0.004523160213203467 0.0016408881527512531
0.002698636299050124 -0.004523160213203467 0.0016408881527512531
0.0018009106155525236 -0.005486651922099678 0.0008458990513923133
0.002681443263085488 -0.00456839249808197 0.0016161389377517266
0.002681443263085488 -0.00456839249808197 0.0016161389377517266
0.002032564405177205 -0.00523642474862736 0.001051095807557355
0.002961962452336409 -0.004265301991023296 0.0018620387162224118
0.0019287133823926112 -0.005348953600648893 0.0009575415982001155
0.0018348304956412578 -0.005434121654332898 0.0008757067417294535
0.0032206202613086032 -0.004007124934060404 0.0020750232975949158
0.0035303046754091095 -0.0037281147989420877 0.0023266345491118777
0.0017857872198090597 -0.00550961404486772 0.0008219944202187376
0.002306210944004752 -0.004958326512646984 0.0012793586294820827
0.0020415690780733334 -0.0052261488429127395 0.0010505737103110278
0.003310923148933251 -0.003938256620992461 0.0021396500093789957
0.0018090361849545625 -0.005458970361206815 0.0008499674979458253
0.0019951603190204096 -0.005274305355097476 0.0010089749476769115
0.0028193633254056604 -0.004424969303214303 0.0017227134800694847
0.0020131518446707035 -0.005253913031587862 0.0010245124814821142
0.001757332543243695 -0.00553861520529684 0.000793323708226865
0.0023963458803178115 -0.004849070422951011 0.0013566405572282892
0.0023963458803178115 -0.004849070422951011 0.0013566405572282892
0.0027548683917690085 -0.0044729129297453145 0.001668076830773004
0.0028244841163848266 -0.0044000211985036845 0.001728262455990103
0.0030744149771008093 -0.004156445561503276 0.0019353540088858116
0.001864504934573851 -0.005417249474961286 0.000884404851761204
0.0019083260585534346 -0.005364420418112374 0.0009234663521770982
0.003010167801427352 -0.004232830933927709 0.001872691807105443
0.0027756702807577587 -0.004448474211520133 0.0016778221445034396
0.0018657978509160067 -0.00540775994374346 0.0008818129223000908
0.0021872533621411653 -0.005080154391202472 0.0011573518755701967
0.0021872533621411653 -0.005080154391202472 0.0011573518755701967
0.00304360509577186 -0.004199074005480127 0.001892455269246431
0.0029554920324524722 -0.004264025586131939 0.0018241763844097532
0.003631489102807953 -0.0035611843604993264 0.0024000155427736144
0.0035712953276578543 -0.003685029990063142 0.0023270844254134676
0.0017995975555538525 -0.0054749787730640305 0.0008184285110723531
0.003195092038097878 -0.0040097101554997395 0.002027497402148989
0.0021244487246086766 -0.005133097954610031 0.0011015095377240806
0.002534792302926188 -0.004688851932358521 0.0014616949489662033
0.0024457914611359503 -0.004793366430217567 0.0013803621283683305
0.002630908161608857 -0.004612079712393187 0.0015353868939177798
0.0020776516212483113 -0.005183183179785072 0.001058026510580405
0.0024700835902777716 -0.004767724303856695 0.001398295491708312
0.0024700835902777716 -0.004767724303856695 0.001398295491708312
0.0025720725414472823 -0.004662241284416546 0.0014846877907124755
0.0032277700094539715 -0.003952394873993386 0.0020562598949247983
0.002431305205995933 -0.0048115005796953575 0.0013611297910917615
0.0023592323392724597 -0.00487014839092013 0.0013038199637713387
0.0021929682518901225 -0.0050592394375662975 0.0011539630080452854
0.0017646141496154605 -0.00550611214404128 0.0007806017881977246
0.0020661126953399915 -0.005190075703506608 0.001041925252178784
0.002048121028633165 -0.005210196916360392 0.0010250932582460401
0.0030694189427883326 -0.004160959245165748 0.0018975588826745055
0.0019124388595500035 -0.00533869026463863 0.0009110378297359515
0.001904581477798977 -0.00535838445234912 0.0008995757639649992
0.003400999593804089 -0.0038053085820283113 0.002180659469165433
0.002804114549995821 -0.004422156259801725 0.0016708302542910983
0.00201667764674296 -0.005258231304933715 0.000986728389026254
0.003382923167794064 -0.0038446933840171294 0.0021544206971807075
0.003134223824646147 -0.0041028598774130185 0.0019421497991718186
0.0018264511067633557 -0.005452975395875729 0.000820825343675809
0.0018063732962210325 -0.0054647717342832585 0.0008064799569931037
0.0018390207210013249 -0.005439019262531454 0.0008311273605219248
0.0027207804820039453 -0.004510399048112342 0.0015925352271812215
0.002878201202471758 -0.004355977926158063 0.0017236011958485424
0.0017851826593464275 -0.005492347408738917 0.0007849932228651988
0.003010140467805906 -0.004202204488783048 0.001840973772473144
0.00189823059549002 -0.005363840330958164 0.0008836490395131588
0.00189823059549002 -0.005363840330958164 0.0008836490395131588
0.0030372209397941364 -0.004174313411920297 0.001860296385930634
0.003068842429066284 -0.004141681895182303 0.001886429334169946
0.00293226923721202 -0.004290596969420746 0.0017660034164928566
0.00293226923721202 -0.004290596969420746 0.0017660034164928566
0.002944328379612898 -0.004264026495162928 0.0017804295502040525
0.002080318780860192 -0.005200300295989225 0.0010268280655227411
0.0022089382963704465 -0.005000705678384678 0.0011597376744182067
0.0019393835254431497 -0.005326999185750383 0.000911510275082772
0.0025117351394010096 -0.004725214305736034 0.0014042627472671985
0.0025307558918785445 -0.00470516353543716 0.0014203860731797115
0.002575852981906939 -0.004664626730623224 0.001456398746352164
0.003908399627110137 -0.003431852697574368 0.0025342552207346515
0.0018066696442415016 -0.005458398800136358 0.0007973991762611154
0.0017763044250202291 -0.005476699161228501 0.000775608010789771
0.0018172633307330856 -0.005451343026987657 0.0008030509667211163
0.00184737883777045 -0.005420907603734153 0.0008284752469401975
0.001862611321150764 -0.005397071933532114 0.0008435122494756264
0.0019083823871288218 -0.005354849951790681 0.00087832675711352
0.002142685923720071 -0.005099163827811496 0.0010823805165212327
0.0032886427367147483 -0.003918721795818014 0.0020535972491219634
0.0028926590582298607 -0.004338293386541745 0.0017136236717194041
0.0028926590582298607 -0.004338293386541745 0.0017136236717194041
0.0018965317262832587 -0.005360276302565548 0.0008681857327900469
0.00305035286414496 -0.004170346839529283 0.0018472364317573778
0.001956823190918719 -0.005282876451558014 0.0009228956060999413
0.002786298420307452 -0.004423368781756721 0.0016267634411774661
0.002786298420307452 -0.004423368781756721 0.0016267634411774661
0.0017285699059828958 -0.005555058447425492 0.0007132447234751189
0.002962413080939507 -0.004250382880403299 0.0017720288500350033
0.0017316394215177986 -0.005532716785325906 0.0007217061092991207
0.00215563723301726 -0.0050793688003530815 0.0010884310267803019
0.003464556783611423 -0.003770747725382089 0.0021794221839524747
0.003003681959362507 -0.0042058945903699916 0.0018038948372971454
0.0018698339014858445 -0.005387789535996069 0.0008382496496622631
0.002380749855070387 -0.004849554387914668 0.001276140785166583
0.0029108163566519607 -0.00430370159149602 0.0017238905811618284
0.0023437119203265568 -0.004875797031117568 0.0012480022011078066
0.00266325286339705 -0.004554139158623318 0.0015158100025506951
0.00266325286339705 -0.004554139158623318 0.0015158100025506951
0.003221064746116055 -0.003985298410418198 0.0019824726584489164
0.002933471289637702 -0.004266314494814939 0.0017453502324354568
0.0023492738107563902 -0.004864123380547582 0.0012527316699193968
0.0018683645469307166 -0.005402908351320458 0.0008285941105784103
0.0028953703528635253 -0.004313538121784261 0.0017090943151088559
0.00338763621135607 -0.003812847332744941 0.002118508330875945
0.00338763621135607 -0.003812847332744941 0.002118508330875945
0.002090969332725635 -0.005147977255941914 0.0010240686235925853
0.002090969332725635 -0.005147977255941914 0.0010240686235925853
0.0017078202118294774 -0.005544781256529129 0.0006964287786412055
0.003219150891080527 -0.003992228298447948 0.0019719153606245292
0.0017631190328968216 -0.005487356201694447 0.0007427529978122042
0.00235792515271108 -0.004857828873832857 0.001252407177202419
0.0031962112119741305 -0.004015595472886081 0.0019497771333909768
0.0018285532761882608 -0.005421175924605224 0.0007922945597643641
0.0018728789828946959 -0.005394701933015765 0.0008221950339541179
0.0017804842386449772 -0.005473123534854309 0.000749656617980978
0.0018443833220598907 -0.0054136998029891085 0.0008004575326569877
0.0017707393069426509 -0.005480279426795323 0.0007402453261199506
0.0021130639578176382 -0.005122949658038651 0.0010302716002905435
0.003129034574229783 -0.004080158113658424 0.0018830299344239272
0.0021275963541167934 -0.005108876353734555 0.001041160913846985
0.0019198637462988564 -0.005317810324368458 0.0008666395024246034
0.0017872409856582068 -0.005462400291855687 0.0007497303435287303
0.0018646148803046082 -0.005400492773871102 0.0008062427312510165
0.0017782699684589544 -0.005469398639322636 0.0007372456492416771
0.0030318982812437435 -0.004147123166603739 0.0018009749043786853
0.002421430057563631 -0.004779715919360785 0.001287057181577301
0.0034328534188585234 -0.0037810397742332282 0.0021169796542123477
0.002633230516363053 -0.004564321825969831 0.0014611206921486771
0.0029255436617333964 -0.004259598793293604 0.0017034440292518704
0.0027735103604374285 -0.0044010861439795915 0.0015778412741332929
0.002103485122141672 -0.005114961187749912 0.001007612278879341
0.0028380429718412566 -0.00434675988174682 0.0016259078235960694
0.002729896370139625 -0.004451478120094388 0.0015371051505613119
0.0019508114398602433 -0.005277856218213707 0.0008762238236323962
0.0019508114398602433 -0.005277856218213707 0.0008762238236323962
0.0017839390814448168 -0.005474866805522971 0.0007253076273835351
0.0017839390814448168 -0.005474866805522971 0.0007253076273835351
0.002903794499762897 -0.004272699998666198 0.0016778512334950696
0.0031091802089899504 -0.004061951664871157 0.0018468903730638469
0.001905121113074202 -0.005325351958907534 0.0008327869376478582
0.00182440135943153 -0.005407959554410164 0.0007641013084626966
0.0020097497491776153 -0.005207675139014869 0.0009216718623141216
0.0021464652984192587 -0.005065760951260964 0.0010352693899732047
0.0018875657577324054 -0.0053320587895402585 0.000815835578542563
0.0019685116210787414 -0.00525043388788203 0.0008813449907623163
0.0019685116210787414 -0.00525043388788203 0.0008813449907623163
0.0024086223751626154 -0.004710892320723925 0.001278562192952623
0.002045166333115871 -0.005169167834042964 0.0009451647337958292
0.0024122517284028136 -0.0046656032023072395 0.0012946077810426762
0.003321033203511325 -0.0038416279434487265 0.002002032999182832
0.003031454674121384 -0.004129094887890206 0.001766285278791066
0.003200411311291486 -0.003949252573287616 0.0019070729890749152
0.0031646136709666444 -0.0040056540592293115 0.0018697001547765845
0.0031646136709666444 -0.0040056540592293115 0.0018697001547765845
0.0030058793066828444 -0.0041558370749671504 0.0017388353013789823
0.002021691328794971 -0.005188013645074068 0.0009148640352039918
0.0028605705151050313 -0.004284981195395425 0.0016234889234817216
0.002049944482104187 -0.005155552681357043 0.0009374190374727967
0.0036794122134499326 -0.0035316614162828417 0.0022567989016886486
0.0018189457394261295 -0.005387123999928945 0.0007392954200829251
0.0023717445552563356 -0.0047692275472438015 0.0012063738479477218
0.0021924799768657448 -0.0049856175193467266 0.0010452504248427122
0.0029764285834110965 -0.004117430578397273 0.001711381311692191
0.0021514392652208433 -0.005022557905661728 0.0010107207887090585
0.0026908408881357922 -0.004443451157045172 0.0014576947110827205
0.003110808565603315 -0.004003537145478504 0.0018013014032330168
0.003110808565603315 -0.004003537145478504 0.0018013014032330168
0.003765429740919689 -0.003488438309310068 0.0022777128836020425
0.0021622510603760982 -0.004999858774962411 0.0010074974275158359
0.002438529745449523 -0.004681295443782906 0.0012415108421652394
0.0017603042227572942 -0.005397771636626045 0.0006765354191065585
0.0019569360361448703 -0.005191705533377092 0.0008333060256881546
0.006618218245216551 -0.0020489122581943977 0.0034956193112565185
0.005644041958484622 -0.0024116670298524033 0.0025036260171511287
0.0037771335462417743 -0.0032854548241806093 0.0013362687339347605
0.002930538066059273 -0.0036669322488437333 0.0008072738858508711
0.00551529107232359 -0.0022742363396629738 0.0018328765005788574
0.010947965693664444 -0.004177407189178823 0.00677668804852997
0.011057705419192165 -0.0047339288042838965 0.006507731231917691
0.01174002382834948 -0.0045785580505691825 0.006778849661528692
0.011920661451029267 -0.004566746117578317 0.0068179853890266776
0.008253341559875732 -0.004004433638108484 0.005396929969911054
0.012447905442737625 -0.003889351568807587 0.007329975715365395
0.012917215196874188 -0.0037235314646983635 0.007511596345348547
0.013001528134511135 -0.004119401420272007 0.007317118381064873
0.013137893314998527 -0.0035854813169091553 0.007536571752334715
0.013225811281460257 -0.004664252836773909 0.007007961581088417
0.013667532634707324 -0.003292271804292416 0.007902235423155735
0.013667532634707324 -0.003292271804292416 0.007902235423155735
0.013518056343544155 -0.004519337549821692 0.00714320934306974
0.013518056343544155 -0.004519337549821692 0.00714320934306974
0.013198338233468604 -0.005665242595068872 0.006405235668374552
0.013642765866005952 -0.004591562005298961 0.00711050428885937
0.013530388069857981 -0.004681126426710848 0.007011377029933267
0.014088121337069433 -0.0031288803175253473 0.008036683739401567
0.013933249539493212 -0.0032256400836067943 0.00791853227994935
0.013933249539493212 -0.0032256400836067943 0.00791853227994935
0.013530433207948443 -0.005662592487624498 0.00646878508439964
0.013530433207948443 -0.005662592487624498 0.00646878508439964
0.013809699564421914 -0.004141698571199056 0.007342620399106415
0.014337330740639555 -0.0033158627257372903 0.007984344618909529
0.013676173068290153 -0.005484347058355535 0.006590869576133986
0.013676173068290153 -0.005484347058355535 0.006590869576133986
0.013339959493822958 -0.0070528698101498715 0.005580630964330099
0.013952727127061283 -0.005516428830766796 0.006591133383196011
0.014612592846954837 -0.003181855007407787 0.0080494407668344
0.015082538546632556 -0.002810993560086649 0.008420817916839048
0.01498435417226274 -0.003132728088969941 0.008194524620261417
0.01474228862380951 -0.0037168616849148923 0.007793370373514272
0.014223560685168045 -0.005469334505619107 0.006629884935390743
0.014223560685168045 -0.005469334505619107 0.006629884935390743
0.01487297643558564 -0.003109982127501771 0.00808945518249335
0.014390131272722968 -0.005401362371722183 0.006692189543187796
0.014390131272722968 -0.005401362371722183 0.006692189543187796
0.014423841401747593 -0.005399969485480721 0.006704562395317375
0.014326798519532091 -0.006803818139129193 0.005847416137256886
0.014326798519532091 -0.006803818139129193 0.005847416137256886
0.015413250289406946 -0.0028877096317154985 0.008241198408866316
0.015413250289406946 -0.0028877096317154985 0.008241198408866316
0.015721198391627736 -0.0027947924963516763 0.00838615386950269
0.015318505437530225 -0.0038300951613360525 0.007695213081998732
0.015318505437530225 -0.0038300951613360525 0.007695213081998732
0.015473659097404656 -0.003499581650008935 0.007904059002010341
0.014992675630006313 -0.005277234002175066 0.0067849202331613
0.014930448258497382 -0.005423406874726237 0.006683590235420721
0.015008438854263818 -0.005350445727997576 0.006742697060275812
0.016737704176524905 -0.0017516297852151002 0.009218487217702668
0.015124986406901669 -0.005289088643949441 0.006784150879486116
0.015124986406901669 -0.005289088643949441 0.006784150879486116
0.015934252184738946 -0.0026189538049893536 0.008439960479469034
0.015583962547528795 -0.003668286140790381 0.007717522332441696
0.015275050496309502 -0.005313565463111397 0.006764585021874478
0.015836892332821543 -0.003534915245687125 0.007874938915251217
0.01600774502055816 -0.002633741294191403 0.008395544598455842
0.015243649431379104 -0.005362190721827207 0.0067189815075478325
0.015243649431379104 -0.005362190721827207 0.0067189815075478325
0.015299623672756233 -0.005205580543542122 0.006806442074692896
0.016133758532299928 -0.0036107476138116244 0.007925763402041134
0.01494768699677861 -0.006837117260763458 0.0057990782577170075
0.016091345779434506 -0.003634734371233121 0.007844351339017785
0.015466684760894162 -0.005311583524789424 0.006725146367636069
0.015100670016036226 -0.006688712748481558 0.005889225042778813
0.015257357367917638 -0.002855874864965925 0.007853115150047872
0.016204727647328054 -0.0032830064589238774 0.007987049895131132
0.016204727647328054 -0.0032830064589238774 0.007987049895131132
0.015899547011586836 -0.003555156920819826 0.007732674687874968
0.01575041878525455 -0.005108485501755421 0.006844091254411713
0.015258947231770528 -0.006878289719209891 0.005755114760677096
0.015699357574256886 -0.005238530910735787 0.006741003880349203
0.016255091725595274 -0.003559731666288004 0.007789200617024393
0.015386023996309811 -0.006764569064870719 0.0057873874922877225
0.015386023996309811 -0.006764569064870719 0.0057873874922877225
0.01657472658097064 -0.0024832778580665786 0.008373203249815216
0.016553409365449134 -0.0033226652867368667 0.007928351319227539
0.016553409365449134 -0.0033226652867368667 0.007928351319227539
0.016052898157048873 -0.005170865935275269 0.0068036836358314175
0.015587841414102372 -0.006657084613879426 0.005878277551239111
0.0164079744379852 -0.004765233339527091 0.007128955737170971
0.016850150181342904 -0.0023683174108427556 0.008471111780298884
0.015968845014199245 -0.005019264392352915 0.006805964614002691
0.015968845014199245 -0.005019264392352915 0.006805964614002691
0.01602127641700956 -0.005173112965841009 0.006741367994278918
0.016026703018551594 -0.005076174716226866 0.006755939572948264
0.017198083610231014 -0.002083379202535745 0.008668242861232961
0.016743382548304844 -0.0033880906919549294 0.007840398245362116
0.01681528451720249 -0.00307566213272159 0.00798656842216622
0.0171114545870191 -0.0022576721650669623 0.008494891529422186
0.015715320409181093 -0.0068754169305192455 0.005678623752582627
0.0172596790484735 -0.0021590712664290627 0.00858971261451835
0.016457074649719523 -0.004653920351716733 0.007025813194331231
0.016361552419618203 -0.0050421090307021755 0.00678272852810227
0.01613987925736638 -0.0024692424196050356 0.007951195205275291
0.016347726120975795 -0.0049792210287588675 0.006768525075637346
0.01689348776352843 -0.002999613979447972 0.007947491875720171
0.016309642612519878 -0.004938202212222429 0.006761998107756749
0.017275546591873404 -0.0020444964991115084 0.008542745929859798
0.017080218025351715 -0.002134878253010878 0.008413908779792551
0.01645315465733019 -0.005038808746679792 0.006729307096507856
0.01645315465733019 -0.005038808746679792 0.006729307096507856
0.01711037729126011 -0.0030480214468773105 0.007949873160759135
0.016456824885618976 -0.004947743997049141 0.006768257256300613
0.016456824885618976 -0.004947743997049141 0.006768257256300613
0.01725413308175891 -0.002062841371376189 0.008480869632387781
0.017263708375348612 -0.002829934129761824 0.008095198753737287
0.016030105427503643 -0.0067806057507262645 0.0056911099514726955
0.01733173849915342 -0.0021070884860844943 0.008442524323007194
0.016189113880303408 -0.006606974562754633 0.0057549211684224544
0.0171714732013015 -0.0030951846076129525 0.007834524275190182
0.01727113509583239 -0.002041503592946804 0.008368315296152676
0.017384755694071042 -0.0019445003319440391 0.008436575122684491
0.017164799785394074 -0.003043510396270116 0.007812163868244696
0.017164799785394074 -0.003043510396270116 0.007812163868244696
0.01629014897585298 -0.006510972113524246 0.005773816976157923
0.01629014897585298 -0.006510972113524246 0.005773816976157923
0.017562919749393592 -0.0020406407031174994 0.008417134648657466
0.0173831377442952 -0.002155360163091697 0.008298172709714315
0.0173831377442952 -0.002155360163091697 0.008298172709714315
0.017407757061901067 -0.0019737204748036846 0.00836314748632928
0.017407757061901067 -0.0019737204748036846 0.00836314748632928
0.01721366026371462 -0.002707895403035862 0.007926953041491939
0.017151517149974545 -0.0032417380820352155 0.007637411249492289
0.017254507226375396 -0.0031292648689793543 0.007709976246785367
0.01736701040610798 -0.00316585606201121 0.00770912363841
0.017096078547270882 -0.003289065871417454 0.0075531073394734345
0.017389855295224407 -0.002123438505517987 0.008218948339475288
0.017389855295224407 -0.002123438505517987 0.008218948339475288
0.017307859446231103 -0.0027240865614676503 0.007888474323977324
0.017448005192561736 -0.002669745065129348 0.007950913342977083
0.017448005192561736 -0.002669745065129348 0.007950913342977083
0.017331205869685985 -0.002904023791443792 0.007748450952025273
0.017181901103266565 -0.004573330855945525 0.006864588962824193
0.017181901103266565 -0.004573330855945525 0.006864588962824193
0.01654856755294573 -0.0032517245083988613 0.0073000381276345965
0.017377108298478345 -0.002626543900283882 0.007831253268234807
0.017377108298478345 -0.002626543900283882 0.007831253268234807
0.018010131900578017 -0.0015972768249120056 0.008478303782712266
0.01739904841964821 -0.0030142794704221937 0.0075645774297938015
0.01739904841964821 -0.0030142794704221937 0.0075645774297938015
0.0177998184910921 -0.0017052767278196404 0.008297221800608613
0.017414997211610942 -0.0025726908983912306 0.007742198824962147
0.017714313907866996 -0.0018386226715895583 0.008188799104253663
0.01666915747235149 -0.006336409074751773 0.005630221676647427
0.016706426489041765 -0.006334532458640875 0.005641967610853942
0.01730533271623399 -0.0032549306920409923 0.00733348344652852
0.017291258659628387 -0.0027356654847394616 0.007572307077018004
0.03242183345965064 0.0031022125208300185 0.015276435231011114
0.03242183345965064 0.0031022125208300185 0.015276435231011114
0.017580713184653145 -0.0025057864684090766 0.007717701881734862
0.017667120529687462 -0.0017468697228088645 0.008092815462560968
0.017189615704460613 -0.0032614058765011444 0.007192583392552857
0.017430715297777986 -0.00261684109158863 0.00758212009788413
0.017577256609992542 -0.0018208307409330199 0.008016020524657398
0.017577256609992542 -0.0018208307409330199 0.008016020524657398
0.01725989470823903 -0.0027565728213228714 0.007425479890230531
0.017543728036398438 -0.002493592162503986 0.0076404786335062536
0.017325223568096945 -0.002980619620214998 0.007307752728828645
0.017445275842691888 -0.0025024943970114863 0.007535461355309385
0.017445275842691888 -0.0025024943970114863 0.007535461355309385
0.01749901123478217 -0.0018114156875644542 0.007865401738271239
0.017314657242654463 -0.00294058163244214 0.007252413429923995
0.01811990974271546 -0.0014288600894572458 0.008232972242647046
0.017437292419092427 -0.0028794318074593698 0.00728617872772585
0.01729955102838033 -0.002539142764957925 0.007397549442922212
0.01729955102838033 -0.002539142764957925 0.007397549442922212
0.017176530673570434 -0.0029489716750064976 0.007142081893876903
0.01718598559891891 -0.0027071088718095865 0.007213425153521515
0.01751393890283182 -0.0025523193258648706 0.007367678057724088
0.01697352361632707 -0.0015238213534010086 0.007660905124042674
0.01735122210513355 -0.001779382689367608 0.007623176701898381
0.017276375126600522 -0.0026588543723534757 0.007151638129161742
0.017070331780472178 -0.002861078283727351 0.006982413421887739
0.017070331780472178 -0.002861078283727351 0.006982413421887739
0.016782506238978704 -0.0032005445591465676 0.006668757858895379
0.01712243016448176 -0.0024596922027322575 0.0071218901214108775
0.016930370598778093 -0.002939908698743524 0.006767362519040818
0.01709631125920392 -0.001769595748287081 0.007358625362915054
0.01709631125920392 -0.001769595748287081 0.007358625362915054
0.017119912462102736 -0.001831618493785925 0.007317576783450217
0.017119912462102736 -0.001831618493785925 0.007317576783450217
0.01718295231923996 -0.00145756916882601 0.007502667027986771
0.017018216344295088 -0.001972101020424827 0.007185424491405812
0.017018216344295088 -0.001972101020424827 0.007185424491405812
0.016965790959896837 -0.0028626128534194255 0.006738246444556401
0.01695004077553213 -0.0025957705055780545 0.006842947756120045
0.016803611807009386 -0.0015809288116158666 0.007286587979746025
0.016923280909369755 -0.0026746448048488424 0.00679315542699866
0.016570019179669944 -0.004390839170527121 0.005859805038485295
0.016860293211803733 -0.003061986043613547 0.00656181468883886
0.016900788097358916 -0.002971633880240146 0.006609050195902824
0.016992786547198283 -0.004294721525128372 0.005997225447220787
0.01672191186327577 -0.003443216713382153 0.006317982736445607
0.01710020216260162 -0.0014090108649443824 0.007406372435004236
0.016874580922037516 -0.0031625781589586805 0.006494409476819764
0.016897244255723424 -0.002813398542623105 0.006659310958096323
0.016897244255723424 -0.002813398542623105 0.006659310958096323
0.016763671618432528 -0.0020684156747808992 0.006978085180546909
0.016793181898906967 -0.003328815100794949 0.0063719608711557026
0.016595277452022997 -0.0022503101425128446 0.006828189606676795
0.016734355933281406 -0.0031009612801232277 0.006451174207639282
0.01679040640787798 -0.002862420765767799 0.006581071601298013
0.01672154875241473 -0.003236962221297319 0.006369093097808441
0.016682326761010533 -0.0033986807148949005 0.006273289005408912
0.016682326761010533 -0.0033986807148949005 0.006273289005408912
0.016679098886008263 -0.002905006171829232 0.0064971849678487495
0.0168080233030504 -0.0022788607370306585 0.0068238192364515355
0.016596538309349863 -0.0036227982301287485 0.006103851647575405
0.017927630504971554 -0.0007258945146545937 0.007874240779452093
0.016685805403182027 -0.002456534793304541 0.0066851409795952105
0.016685805403182027 -0.002456534793304541 0.0066851409795952105
0.016597398942274643 -0.003724793826628244 0.006041232076213805
0.016597398942274643 -0.003724793826628244 0.006041232076213805
0.016644473958350305 -0.0028163955864461015 0.006490911776343408
0.016636623942884874 -0.002610204162304327 0.0065856275392285
0.016637420379414333 -0.003752687787313441 0.006031388963287371
0.016428848297151518 -0.003597239413323378 0.006031628696701151
0.016577513105755073 -0.0037789269981407126 0.005984384162019095
0.016577513105755073 -0.0037789269981407126 0.005984384162019095
0.016679687687321604 -0.001822548997576552 0.006949528818384203
0.01638891713619275 -0.0024179204107513757 0.0065779701129490345
0.01638891713619275 -0.0024179204107513757 0.0065779701129490345
0.01652816012071417 -0.0022330152323857106 0.006692548641774127
0.016532960807401822 -0.0025489016201154986 0.006540590758704304
0.019970792126707455 -9.97035656148053e-05 0.008691189060285757
0.016499406154022116 -0.003279532581328599 0.006167102149134776
0.016476482022480213 -0.004568593456622208 0.0055414982460381445
0.016595599437068283 -0.0017216821667975322 0.006940659685143041
0.016595599437068283 -0.0017216821667975322 0.006940659685143041
0.016531381977304378 -0.00285856496977379 0.006376554925695911
0.016433943886030176 -0.0031976624920706607 0.006186411221165128
0.01663803024516989 -0.0018106330432293017 0.006903663503132887
0.01639528461615372 -0.002090538605217129 0.006696741468843575
0.016520904924974145 -0.0046052115130870664 0.005525324766691786
0.016431096174056452 -0.004262110790719527 0.005659795150448511
0.016431096174056452 -0.004262110790719527 0.005659795150448511
0.016488604107440564 -0.004737560036318746 0.005445104349256597
0.01639143885084648 -0.0048273196153209635 0.005372690815333731
0.016427938513861567 -0.004786994373755758 0.005402088752116358
0.016399821495779347 -0.003949780250103458 0.005794012760898656
0.016452974104968352 -0.002465892170224185 0.006521089097487987
0.016303532921208872 -0.0029168817526622373 0.0062612902978958175
0.016174572393694367 -0.006739918777519452 0.004387730537256436
0.016364947807089514 -0.005453289544446976 0.005050332628500576
0.016420163728546905 -0.0032428374453051 0.006125204973569282
0.016305729641611286 -0.00469232883287366 0.005395200679512076
0.016360134080509067 -0.0038008685612217997 0.00583455679681901
0.01627453922110304 -0.0034284754907228255 0.005986147556753088
0.016279631800775667 -0.005931902823253593 0.004786122834401733
0.016396049957554195 -0.006244119734996106 0.004668723676457194
0.016362385969688708 -0.0037176055857223995 0.005870312182875838
0.01647223202049618 -0.001828539323715007 0.006805626579858575
0.016388224015737012 -0.0045675061145034985 0.005468532021274306
0.01632677602859003 -0.006832559818229956 0.004362254097466156
0.01629850654406892 -0.0065753385289866705 0.00447677093756762
0.01643684977598716 -0.0030792575070103584 0.006189194736743529
0.01637387110603923 -0.0058823296646381106 0.004825770628459276
0.016364293806312175 -0.005709393164417025 0.004905575775462228
0.016364293806312175 -0.005709393164417025 0.004905575775462228
0.016092394989270543 -0.005779784323811881 0.004793155850429827
0.016328759095364267 -0.006687651376437812 0.004425021119923261
0.016380878543816063 -0.006489308463158453 0.0045342352374642845
0.016380878543816063 -0.006489308463158453 0.0045342352374642845
0.016321274196897228 -0.006393300873201097 0.004562520269549889
0.0164420416594588 -0.004719831345762806 0.00539794106313737
0.016289208097434043 -0.005662884944835607 0.004900817217659008
0.01632229331467296 -0.004818733566867961 0.005314499792180651
0.016285682311034735 -0.0026746821691570567 0.0063254164784101235
0.016383645007226957 -0.005453189864497209 0.005020739093325954
0.0165671463909793 -0.0021377242096144167 0.006659524611724503
0.016517101288551335 -0.0018276420787835188 0.0067911894123919335
0.01645313559902533 -0.0018704375023491783 0.006751929304378013
0.016374203121771284 -0.002865644001577437 0.006252117234845554
0.016374203121771284 -0.002865644001577437 0.006252117234845554
0.01629090328349801 -0.006594015667750574 0.004441372643959769
0.016155237241878416 -0.0027145763419583638 0.00625759599595879
0.016347461310845093 -0.006955476104664623 0.004279499928553114
0.016229504446716198 -0.0054845037251445095 0.00494894344970806
0.016372806850173036 -0.006648896062735542 0.004429272626510308
0.016372806850173036 -0.006648896062735542 0.004429272626510308
0.016286751582244314 -0.005547216895352023 0.004932227310207498
0.01630779696615438 -0.0026383896398237488 0.0063277395854658275
0.01630779696615438 -0.0026383896398237488 0.0063277395854658275
0.016352934053546268 -0.006795346346467669 0.004349269373443668
0.016384620993049583 -0.004004249324239104 0.005693474184344152
0.016329132236912073 -0.007207306275920318 0.004144538041144708
0.016330295796577278 -0.005955921302721997 0.0047431573906953385
0.01623232306969829 -0.0029170655649972794 0.006169119320244025
0.016239911284239048 -0.0029668181475223424 0.00613992199719678
0.01636050521591952 -0.003866259047111548 0.005741579351950989
0.016363416121219887 -0.0059145251599606145 0.004760604265727023
0.016332526621314708 -0.0032533177576085344 0.006024664390877424
0.016168493797512347 -0.006423273317568419 0.0044537650559285475
0.016185028381582388 -0.002744389047638889 0.006216098041726702
0.01635652604247825 -0.004396753827672262 0.0054726746949099086
0.016255545112637233 -0.0069514319825265255 0.004219158326156757
0.016255545112637233 -0.0069514319825265255 0.004219158326156757
0.016303917096512126 -0.0026555043737397943 0.0062861734225637105
0.016407315421864476 -0.00502077491974264 0.005183989523560333
0.016428823220434596 -0.0019928379607167482 0.006636150102346669
0.016317316087898177 -0.004763875223720937 0.005280253021413883
0.016308154058603357 -0.0065133701999635476 0.00444037208295456
0.016353254032454197 -0.0038948288880096 0.005704127776761522
0.016262948762541442 -0.006983793485715057 0.0041991972594864185
0.01627518519733096 -0.00702207535100183 0.004183742980381399
0.01627145980026495 -0.006585049236847752 0.004389586214308704
0.01633871555505119 -0.006296224012034165 0.0045399482151135765
0.016178309827584503 -0.0033419606919564957 0.005905544970151999
0.01628543455307154 -0.007153017691454723 0.00410900282866246
0.016289593275805973 -0.005892621023879534 0.004710106277791438
0.016289593275805973 -0.005892621023879534 0.004710106277791438
0.01624326454282593 -0.006974850125391804 0.004179078209499469
0.01624326454282593 -0.006974850125391804 0.004179078209499469
0.016158248454046474 -0.003729886907835211 0.0057043945930295775
0.016158248454046474 -0.003729886907835211 0.0057043945930295775
0.016265803495995903 -0.002602563286658031 0.006268415094707848
0.016174217307382745 -0.0028473811301770935 0.006124913080584304
0.016072788005843153 -0.0029088990813642868 0.006065145233471134
0.01619771017886445 -0.004262824191970076 0.00545020194427261
0.01633663719675265 -0.004123738313080175 0.005554766838496196
0.01615319399098357 -0.004053043474643387 0.005537078725447717
0.01615319399098357 -0.004053043474643387 0.005537078725447717
0.016136187964635382 -0.002791839587550463 0.006131435033121516
0.01616902943618581 -0.0017707878954095783 0.006627591920395346
0.01601037005128561 -0.0038180987734192733 0.005603316365526901
0.01626044410005522 -0.007109181584136778 0.004099795661277183
0.016181040180523028 -0.0021107333868891844 0.006464011480566267
0.01616288263133376 -0.006146765274572841 0.004529211367996024
0.01621143717370785 -0.00232621987230905 0.006367269518953835
0.016056684741304176 -0.003416810052777632 0.0057997733843101005
0.016267701301932603 -0.007065812906822269 0.004114469552951573
0.016132794583301423 -0.002659745473489318 0.006175779696258651
0.01627280993070406 -0.004459061726788412 0.0053527518161742855
0.01618275442489185 -0.004379385599494026 0.005362611981268226
0.01618275442489185 -0.004379385599494026 0.005362611981268226
0.01622645411486974 -0.006026124825582479 0.004578023197485738
0.01612091925323559 -0.007235481471985801 0.00396864292716931
0.01608007229057481 -0.0062207766968980106 0.004437520358706129
0.01609004379629189 -0.004583172950130333 0.005220618582434742
0.01609004379629189 -0.004583172950130333 0.005220618582434742
0.01615366944553642 -0.004519156605636148 0.005267096772647644
0.01613226195383399 -0.007395511801000158 0.00388841950052809
0.01623719096198729 -0.00708884486824694 0.004062480001893435
0.01615917629257261 -0.006635675116039643 0.004257199705728242
0.01617121111055807 -0.001963014722815116 0.0064894222193582094
0.01617121111055807 -0.001963014722815116 0.0064894222193582094
0.016139007590686153 -0.005687841857743045 0.004698397958660306
0.016115684237810842 -0.005865237249000126 0.0046017798760294715
0.016119918190696043 -0.0028588147338743384 0.006035433336192638
0.016119918190696043 -0.0028588147338743384 0.006035433336192638
0.015978418301651594 -0.002754049852833295 0.0060451199704054746
0.016063118423797824 -0.005976289364507987 0.0045257718455029294
0.01617065541051107 -0.0032452685076271547 0.005850636990778416
0.01599634715118253 -0.003879641299789051 0.005498908953085588
0.01605171453601013 -0.005433838162048089 0.004770927848549692
0.01605171453601013 -0.005433838162048089 0.004770927848549692
0.016019947351012663 -0.0047103103229393884 0.005105697004122149
0.016022116988560802 -0.006869301973097685 0.004075568041989645
0.01595747422767789 -0.0028086569116038073 0.005992414729846367
0.016073295558593666 -0.00692233496634697 0.004061291365511307
0.016073295558593666 -0.00692233496634697 0.004061291365511307
0.01604816969130596 -0.006074234883149117 0.004454526385054315
0.016161741139179446 -0.0072632077948183715 0.003916972853484765
0.016066489737620888 -0.007302897216226006 0.0038692834578445035
0.015794347174890772 -0.005518402619155769 0.004643966436908252
0.01580403982751567 -0.00292301852682752 0.005883816496472961
0.015874747141619124 -0.004738175217162819 0.0050348472542665725
0.015953203161251647 -0.005616163071626009 0.004606142221705315
0.015968401657844054 -0.004205026716543199 0.005280512816201201
0.01612986562276487 -0.005348801008826419 0.004775474758862086
0.015299586559215188 -0.0020929499823164 0.006101831467260126
0.015299586559215188 -0.0020929499823164 0.006101831467260126
0.01576916212655113 -0.0028146155156953553 0.005881681966328514
0.015949406546309573 -0.007212855251840937 0.003828278511867113
0.015949406546309573 -0.007212855251840937 0.003828278511867113
0.016259393887150503 -0.006804792118814465 0.004104281885934624
0.015745484690432875 -0.0025450102151834595 0.005992378619373999
0.01584147836281234 -0.00467085506615117 0.005006061189376856
0.015849037488361466 -0.0028651447241435095 0.005861038812957884
0.015872267555849823 -0.0032594676970502017 0.005677432106994468
0.01579698524551102 -0.004716697800541323 0.0049584575561084695
0.015952911268266666 -0.006339079619720438 0.0042280485238401335
0.015952911268266666 -0.006339079619720438 0.0042280485238401335
0.015576164691634564 -0.002175326997406927 0.00610498310904295
0.015880524817198077 -0.006402907888837705 0.004170602279179652
0.015660958099167746 -0.0027102923610229025 0.005866888709481573
0.01593546188556329 -0.003529813763779989 0.005547848673831607
0.015883383562927247 -0.0068700359686020085 0.003943880170742645
0.01586767249824094 -0.006692539079333183 0.004022879853598046
0.015703440063771876 -0.00224380173140277 0.006092503931633619
0.015750342552035106 -0.004273585927729175 0.0051380369413341264
0.015798626265866433 -0.004118225384940132 0.00522279423839494
0.015905668739721966 -0.00644176689476445 0.004146255796253902
0.015774027009634102 -0.004672193990432404 0.004944902086008824
0.01569205021894566 -0.002459580360574783 0.005973275176422412
0.015820190236282457 -0.005883471658326762 0.004369209877206129
0.015606836525636854 -0.002703627596582816 0.005823635385064908
0.015413290412154022 -0.0024166186783759268 0.005882539590047265
0.015386150382963102 -0.0018133205149818898 0.006161328485830532
0.015632694633058695 -0.004625617816866364 0.004884642735243972
0.01573266647581075 -0.00623643810968481 0.004135782756198374
0.015814104618619696 -0.006670036738169916 0.0039501990018727855
0.015835939417578486 -0.00583938904688147 0.004349425350622925
0.01583338761086445 -0.005907022582408146 0.004315465959032091
0.015022034447110541 -0.0019578040318057825 0.005977857194138497
0.015152726271161378 -0.0025352363139957324 0.005734789580077043
0.015851251260931388 -0.0060862699519017485 0.00423063945023257
0.015504900674415427 -0.0029933968344049524 0.005606210218659761
0.015503984872713416 -0.0047063685520091466 0.004792275156131507
0.015445737677714429 -0.0025411744805629885 0.005802519786347457
0.01561762753846296 -0.007078996238442784 0.003690072700357608
0.015515087839898037 -0.0046643363461594985 0.00480694202632516
0.015726414348747622 -0.006906983501781333 0.003797239554729076
0.015252464398911715 -0.0043007300005406994 0.00490767620127166
0.015652376846636853 -0.00635926424532214 0.004031815690906221
0.015285253710890944 -0.002954538204628962 0.005549458599058034
0.01525915085471194 -0.0027780991766635137 0.005617047372645004
0.01525915085471194 -0.0027780991766635137 0.005617047372645004
0.015678853847432343 -0.006763063709553859 0.0038347457971614346
0.015375901027222524 -0.0028047919626081213 0.005632423412393226
0.01569000094963875 -0.006616607532793255 0.0038989241372469397
0.01569000094963875 -0.006616607532793255 0.0038989241372469397
0.015598946387424348 -0.006036519500897624 0.004149800640958071
0.01577778651103513 -0.006578001174789505 0.003937098924952453
0.015611105585925747 -0.0060596735859337085 0.0041368073908518285
0.015611105585925747 -0.0060596735859337085 0.0041368073908518285
0.015139934136324853 -0.00344446076930868 0.005247441641923762
0.015041708636139284 -0.0022463297152357305 0.00577678004102949
0.015708951926151446 -0.0047132075418378485 0.004770825535544648
0.015545907124995833 -0.005718830724139029 0.00424949914749567
0.015341396467805793 -0.0040295166869020425 0.004995715539043295
0.015472542681967264 -0.005557724603968696 0.004302206895726469
0.015582272376808216 -0.0062463105623700435 0.0040016087792356745
0.014780581773618897 -0.0023637627267481154 0.005634302160025062
0.015066537595098625 -0.0026681286199565215 0.005561338944467254
0.016744709608164383 -0.000849534013605306 0.006844446340723336
0.014878500334789336 -0.0044078813700394685 0.0046779102809345946
0.015609740409456485 -0.006460387736298863 0.003893577279664717
0.015609740409456485 -0.006460387736298863 0.003893577279664717
0.015151391186752421 -0.002905027110887863 0.0054580539658753945
0.015560082491537803 -0.006950803560000447 0.003647165936168812
0.015311665512222435 -0.005617988468542594 0.004204187024619665
0.015348335696912596 -0.005547109629695387 0.004239498552786963
0.015060578364089154 -0.002756089969138528 0.005485599234811784
0.015194937407222742 -0.006105081752635527 0.00393298233110245
0.015465295510776652 -0.006486192806464413 0.0038203452417014997
0.015419910665421572 -0.006648385626162583 0.003728893965825384
0.015508830697491528 -0.00656167121672955 0.00379264800786056
0.015336650949895371 -0.00530689392795774 0.0043407543234454515
0.015157326344113648 -0.0030170690044126563 0.005375356971876935
0.015190657313178403 -0.005515844480570709 0.004195934778614797
0.015460901066903147 -0.0060637263595391434 0.004005971626445857
0.014855075671977656 -0.0030038965811640026 0.0052981858832195266
0.015137527774568968 -0.0033695497197639146 0.005189473300016953
0.014947528511927658 -0.002848564375065083 0.005383032453392585
0.015420637890212325 -0.005521307192585114 0.0042354892872853885
0.015420637890212325 -0.005521307192585114 0.0042354892872853885
0.015545805815059465 -0.006887734613871595 0.003614991505288523
0.015005120703080629 -0.0034464862157345135 0.005104188388832089
0.014781293952379497 -0.0028046654505712474 0.005348772642733018
0.01500240439310358 -0.0031756220640331064 0.005229143663119726
0.014160766579856664 -0.0023413428879835232 0.005406436051762048
0.015480794927972132 -0.006215185090558624 0.003905182784256466
0.01439308932225115 -0.0019966558908682043 0.005623645558401661
0.015344710606714274 -0.006505959653962185 0.003731956334495964
0.0153100124550429 -0.005683181349902992 0.004110423675443292
0.0153100124550429 -0.005683181349902992 0.004110423675443292
0.015196294559142589 -0.005486767525764691 0.004174058853840254
0.015404884696641589 -0.006563913325989594 0.0037102920572122475
0.014809499240505288 -0.0029422852192062727 0.005268213188085036
0.01534899471303332 -0.00408461236550179 0.004853474382246615
0.015289370304740948 -0.006004095431300371 0.0039316186592362025
0.01466723802233507 -0.0023149508972584013 0.005516305173149089
0.01466723802233507 -0.0023149508972584013 0.005516305173149089
0.015204258924437187 -0.005713749930523354 0.004039186741078431
0.01505678576142179 -0.005575472023452697 0.004064798093605755
0.015310544081441658 -0.006663479176694673 0.0036127621851541098
0.01449101390183365 -0.003360284249011792 0.0049593934191840185
0.014830260755979794 -0.004195834093653736 0.004649621738108622
0.015174851960036468 -0.006018147295011498 0.003871811190910295
0.01455428446476656 -0.003484580381795121 0.0049095659826589415
0.014572546333098225 -0.0028103957311552156 0.005232487894088516
0.014572546333098225 -0.0028103957311552156 0.005232487894088516
0.015303835558130542 -0.0070822010428654835 0.0033959990440757177
0.015366622641961186 -0.006523436871821346 0.0036752232716647597
0.014862271686665748 -0.004316309631884436 0.004586024174787043
0.015136175637992504 -0.005808628566684858 0.003941938731318502
0.015136175637992504 -0.005808628566684858 0.003941938731318502
0.015292126737465071 -0.006810827081509042 0.0035069274059855663
0.015083211605714757 -0.0054769883584664105 0.004083074506433236
0.014301368722435287 -0.003396124770522571 0.004869157361009969
0.015123164834184416 -0.005893359282425734 0.0038914542848100552
0.014451760815300467 -0.004043879313827632 0.004596303622587928
0.014451760815300467 -0.004043879313827632 0.004596303622587928
0.015188625096039002 -0.006587514152737653 0.0035788920666755186
0.015162457040395998 -0.006614462094276948 0.0035575919033215176
0.013907788647267424 -0.003787182441426988 0.004573796266081276
0.01430433279037553 -0.0026406945662596835 0.005213026355619275
0.015290555931917044 -0.006895633779702193 0.00344893248275882
0.014876470123787287 -0.005487519889964159 0.004008571580456385
0.015155261025707908 -0.0064096406111806515 0.0036403114663652062
0.014442236678213288 -0.003163676769927057 0.004993864877334412
0.014899714234237122 -0.005295887129982517 0.004099381393913622
0.09651280626339767 0.02431221153606752 0.03815747093028124
0.09651280626339767 0.02431221153606752 0.03815747093028124
0.015149445233519233 -0.0068194884541505005 0.00343330667891005
0.014688644510968824 -0.005375086736963582 0.003997014724695466
0.014626431182421368 -0.004183475127756153 0.004535695705457854
0.015161515158908387 -0.0068502419128663745 0.003407607056339159
0.014145453733435088 -0.0029056668179365565 0.0050030860876811665
0.014803988381194393 -0.006040937015350698 0.0036860744686114787
0.014147849061435527 -0.003261062827013644 0.004833455137593017
0.013848945629474358 -0.002396699740590019 0.005163437649439301
0.014818045385632488 -0.005784660992951806 0.0038015086150179683
0.014804299332484231 -0.005708571463095266 0.003831648321087163
0.014804299332484231 -0.005708571463095266 0.003831648321087163
0.014906633401970388 -0.005452343776068243 0.003973508813320958
0.015021181838735175 -0.007002556637618005 0.0032651030955491316
0.014937660322284304 -0.0067814497076342925 0.0033451274130579865
0.014327432458935892 -0.004036126972174614 0.00448597710188422
0.014860966694317098 -0.006130759182311941 0.003625222805792917
0.013844181053259077 -0.0035447667593137273 0.004592528072088071
0.013953821474987783 -0.0029005988134465123 0.004923047225676496
0.014281911196240754 -0.004057942148602413 0.004458015559446917
0.014868541868965059 -0.006725150095855094 0.0033455802985656075
0.01383453654793067 -0.0031304192756428833 0.004783124662126475
0.015101964977698105 -0.0062295432663669595 0.0036329649913755804
0.014927355797766495 -0.006618664325115241 0.0034029849158759974
0.014927355797766495 -0.006618664325115241 0.0034029849158759974
0.01496270694714653 -0.006763389706873852 0.0033421036625314675
0.014111915129154213 -0.004353867156202901 0.004267216851070118
0.014586028579184456 -0.005926596715336369 0.0036416746366971153
0.014586028579184456 -0.005926596715336369 0.0036416746366971153
0.014014274418007277 -0.0028190351616693677 0.004963550135781098
0.01339504000100897 -0.002272912790543802 0.005064743716181618
0.01490696341156509 -0.00700582789534055 0.0032057590449519526
0.01362646800614366 -0.002639937625559377 0.004943204893807507
0.014725570478171595 -0.006870296014156495 0.0032127378952714943
0.014587611421556608 -0.005701743323844429 0.0037157437354712066
0.013617630971100157 -0.0031560789008502825 0.004677265809309686
0.014825421952682421 -0.006927074716612499 0.003191589195287705
0.014515925112424496 -0.0056282904853887095 0.003724536133958586
0.01452799804701968 -0.005938610468879617 0.00356882075562509
0.014054468382959392 -0.004066293384947332 0.0043326655776349185
0.014445761461543919 -0.005643032146890583 0.0036660080797300664
0.014300819040800345 -0.005126917170806549 0.0038711451533088325
0.014481274104980936 -0.006233738350340931 0.003386194549293345
0.01428674197498871 -0.0056674677775449935 0.0035974347942367177
0.014347410577773738 -0.005814834427205262 0.0035344034631832493
0.014347410577773738 -0.005814834427205262 0.0035344034631832493
0.029420182542220875 0.003348096250201873 0.011384179696734135
0.014120898612224542 -0.006524427652906955 0.0031425541830173804
0.01473886414734657 -0.0069431922748801195 0.0030918696243078915
0.013121827164000597 -0.0032307334155809303 0.004443945013581683
0.013286868071823246 -0.0036076921412381982 0.004305229141649973
0.013321281351990379 -0.0033625205906269435 0.004419434528927259
0.014409322985718122 -0.006715241658081077 0.0030986212795721148
0.013238980570119295 -0.00355809653896107 0.004291973087550383
0.014369963573905188 -0.006838843291189237 0.0029880449947678584
0.014114633445268615 -0.006245905573391744 0.0031997005101434685
0.013964846202815606 -0.005636594452122229 0.00344970935944908
0.014078400598521583 -0.005989885333505462 0.00330049236153889
0.013132716477557038 -0.004394392071126602 0.003827032199036063
0.013132716477557038 -0.004394392071126602 0.003827032199036063
0.01403275395224183 -0.006030769911241625 0.003264260016326196
0.014188674959654092 -0.006870358455181632 0.002903642282484329
0.013652475570798359 -0.005799429423848995 0.003246541309683071
0.013896378741067672 -0.006234619420790004 0.0030982962853207986
0.013923397398948687 -0.006310559368030101 0.003051543755824763
0.013607005464605741 -0.006507462877758106 0.002816046802602222
0.013445239576013176 -0.006532225383417602 0.0027241150568298707
0.010945200233322228 -0.0068152254122736695 0.0020395858843086662
0.013211134380579836 -0.006404046497169572 0.002704599854186416
0.013285298269343894 -0.006747027650616236 0.002556348309877743
0.013020613522226538 -0.006711268879202624 0.0024708958862238364
0.012298826366770509 -0.006268791713707512 0.002438995293092341
0.038287121069117955 0.007606922229383791 0.011907490656160364
0.02203659601768705 0.002395748242482334 0.005944670666963215
0.019096603731826412 0.0013009083107968908 0.0051084052895497825
0.037127120291577984 0.008885300156828283 0.00882423909879599
0.25809641721599624 0.09734155339333114 0.06178044844393237
0.0016029704030010442 -0.006303025444581479 0.002043767677622668
0.0014636816221253433 -0.00612473826257884 0.0020936778673135894
0.0016346921286126152 -0.006310106607906064 0.002029447869191224
0.0016594632857394492 -0.006388384833615603 0.001967948224007384
0.001680603130507575 -0.006267025685918242 0.0020373756224791144
0.0016988699985096781 -0.006290223905976109 0.0020090364246849574
0.0017326640992718608 -0.006232566891509894 0.0020282386699012195
0.0017651877797599533 -0.005787470086781469 0.0022947610388346588
0.0017485929052871176 -0.006166160735892991 0.0020629212740081006
0.001776127163977483 -0.005403475837424414 0.002521699308571538
0.0017827038905295458 -0.005569503576749756 0.0024206531792665222
0.0017827038905295458 -0.005569503576749756 0.0024206531792665222
0.001770001929999781 -0.00624149319966564 0.0020126730501730636
0.0018140551840542083 -0.005145055191502515 0.0026732444288808167
0.0017717003290180998 -0.006128636062073694 0.002070195026518651
0.0017814549603161669 -0.006146134218991486 0.002058967177283755
0.0018471449895486733 -0.0051388918046713986 0.0026644354797602686
0.0018075910411859757 -0.006167222860238245 0.0020282231223367276
0.0018504353212490273 -0.005751463306637493 0.0022727677550249186
0.001885214635282015 -0.005308227319688304 0.00254283747633422
0.0018562789485934855 -0.006109419397745202 0.0020257395242927194
0.0018929026708290736 -0.0057563672467070715 0.00223562412191926
0.0018982069920302168 -0.005717030090480407 0.002258775950050821
0.0018992247462594658 -0.005736330322968043 0.0022465314907118856
0.0018510712276078125 -0.006315340244111382 0.0018873892708937408
0.0018510712276078125 -0.006315340244111382 0.0018873892708937408
0.0018959418278635522 -0.0057456075170853275 0.002232373677871761
0.001935651749487271 -0.005342522049676186 0.0024778942963825774
0.0018699641201749388 -0.006128756054164169 0.001994357016132844
0.001883373416524348 -0.006130211882965106 0.0019950586626723363
0.001963566461155721 -0.0050972675264778135 0.0026207523404155513
0.001963566461155721 -0.0050972675264778135 0.0026207523404155513
0.0019219784031451414 -0.005738211703655157 0.0022274656628356823
0.0019219784031451414 -0.005738211703655157 0.0022274656628356823
0.0018946446406430458 -0.006086925708049273 0.002013788964076116
0.001928652148184476 -0.005696097050262151 0.0022478314677171498
0.0019273191482776144 -0.005721390806169651 0.002231623382501439
0.0019273191482776144 -0.005721390806169651 0.002231623382501439
0.0019385582820351255 -0.005695640716705953 0.0022412919614780914
0.0019385582820351255 -0.005695640716705953 0.0022412919614780914
0.0019020330564417244 -0.0060860264569804305 0.0020023118522750107
0.0019454833114509718 -0.005723001483697585 0.0022177965823246912
0.001982508331685587 -0.005318447649129044 0.0024648258161255676
0.0020023693422554036 -0.00503905020411786 0.00263297623684661
0.0020017997716493528 -0.005060718117525531 0.002619320961413613
0.0019464817409352425 -0.005683385850529495 0.0022393068885665033
0.0019578912709842422 -0.005682082049324901 0.0022329338917278104
0.0019578912709842422 -0.005682082049324901 0.0022329338917278104
0.001994429332722118 -0.0053015764728261095 0.002463814722899251
0.0020274754929744264 -0.005042512389693874 0.0026125191527155444
0.0019643511586470716 -0.005704943489074498 0.002208375259776895
0.0019204595064011435 -0.006069363103968991 0.0019827710713802944
0.0020269911675329638 -0.005207824126059285 0.0025022021611642675
0.0020071117725950533 -0.005270003005466869 0.002459884699823151
0.001937471942985093 -0.00609963910199466 0.0019576457056269298
0.002022258093943316 -0.005281419682380191 0.0024546557028104644
0.0019106403887582154 -0.006279309891853499 0.0018389315246469726
0.0019106403887582154 -0.006279309891853499 0.0018389315246469726
0.0020085426970814974 -0.005585026816826313 0.0022628970577098706
0.0019215656247116484 -0.006294837771122687 0.001817200041761904
0.00199868894222332 -0.005645494304341622 0.002214426271570303
0.002051159731152149 -0.005223994846966782 0.0024628974165942247
0.002051159731152149 -0.005223994846966782 0.0024628974165942247
0.0019634612329823354 -0.006033120101151605 0.001968700023980722
0.0019304557597032332 -0.006250030442558332 0.001833926713483573
0.0020784796230951972 -0.005008784989080468 0.0025831111852461495
0.0020126656541484197 -0.005631511464293824 0.0022006195327670935
0.0019445741707518934 -0.0062324476517209276 0.0018333614842841392
0.0021037895221392156 -0.0049509078480585176 0.0026152931391415155
0.0019690973348213112 -0.006094313559621821 0.0019173273601588781
0.0020107390883520016 -0.005650562998441381 0.0021810601951018547
0.002103525182196956 -0.004988674621906753 0.0025896511930195466
0.0020778522349836916 -0.0052407380693216205 0.002434022078592264
0.0020778522349836916 -0.0052407380693216205 0.002434022078592264
0.002026596836159357 -0.00563304797743146 0.002183699770325121
0.0021113738184429555 -0.004946442719189187 0.0026010861759362225
0.0020924283901538766 -0.0051580812921079265 0.0024706847402673486
0.002043073587050997 -0.005621631990127853 0.002190360146339746
0.002043073587050997 -0.005621631990127853 0.002190360146339746
0.0021110770981899694 -0.004968163434758927 0.002585088233608322
0.0020197417707837244 -0.005638141497480973 0.0021726625041388363
0.001984665932409602 -0.0060466430969028356 0.001927405692690045
0.002000381401194318 -0.006213521250390814 0.0018359168017385455
0.0019557538256714537 -0.0062377019762177065 0.0018082205709662826
0.0020296305860267494 -0.0056481494271293795 0.0021663702543286336
0.0020296305860267494 -0.0056481494271293795 0.0021663702543286336
0.0020385236988784685 -0.005624622263237281 0.0021787887460830114
0.0020385236988784685 -0.005624622263237281 0.0021787887460830114
0.0020408675882633218 -0.0056105340382866156 0.002187284236242028
0.0020408675882633218 -0.0056105340382866156 0.002187284236242028
0.002046644699616143 -0.005556796138524639 0.0022148736402002006
0.002001332451356553 -0.006021114246774188 0.0019298215835983619
0.0020971711809713318 -0.005207958474570198 0.0024116441179449326
0.0021236624128036746 -0.0051530420318046544 0.0024467048789430052
0.002132466754077488 -0.004937130934875498 0.0025693596152201697
0.0021424675055156757 -0.00494641221963223 0.002560527595520053
0.0021424675055156757 -0.00494641221963223 0.002560527595520053
0.00216270084264 -0.004921746165295198 0.002562220775446662
0.002130485693440608 -0.005211299539603476 0.0023692103006372955
0.002130485693440608 -0.005211299539603476 0.0023692103006372955
0.0021859309101283594 -0.0048944663177344855 0.0025600611685852935
0.0021818708642750164 -0.004875922226626804 0.0025647379762913465
0.002084812810645776 -0.005530534985570061 0.002161883026602515
0.002084812810645776 -0.005530534985570061 0.002161883026602515
0.0021715410122731165 -0.004928752490292718 0.0025271188886328367
0.0020287553459143602 -0.005968241995280376 0.0018924482477656929
0.002193507558033438 -0.004878674741113909 0.002549956254734189
0.0021977930122260183 -0.004888196448894136 0.002536404295374913
0.0021705008300551697 -0.0050562020202290555 0.0024247487086743106
0.0021645829442827245 -0.00513678125413751 0.002372048483458588
0.0021606390663205252 -0.00514776241116968 0.002354617155991396
0.0021723526515622107 -0.005134704776592739 0.0023473679786634293
0.0021723526515622107 -0.005134704776592739 0.0023473679786634293
0.002192407755921008 -0.005054495330221204 0.002394785041157912
0.0021690033425582444 -0.005188061228144428 0.0022979467849524975
0.002232324654497026 -0.004813685506204344 0.002514377910298835
0.0021919242454728452 -0.005053482920467248 0.002366697613601658
0.0022399117405855233 -0.004804452400089999 0.0025192784023198365
0.0022223152202456038 -0.004842988018242606 0.0024928059153333936
0.0022223152202456038 -0.004842988018242606 0.0024928059153333936
0.0022064134471271014 -0.005009663614549641 0.0023945347755230254
0.0021717982993887416 -0.005032887318821082 0.0023640690721338374
0.002184115794665714 -0.005181808599546964 0.002277866854643947
0.002200352091187963 -0.005003327637214306 0.0023813800313598017
0.002187363386236663 -0.005078129728424043 0.002335573395626084
0.00220804503236777 -0.004995087741492522 0.0023687960332737356
0.002245128826157672 -0.004810039328054385 0.0024822355776162068
0.0022000228652406663 -0.005100908697120862 0.0023024550771208307
0.002192398007347304 -0.005152167857452735 0.002262642779800276
0.002192398007347304 -0.005152167857452735 0.002262642779800276
0.0021983079939539188 -0.005097948139920988 0.0022891448573126878
0.0022450351959658627 -0.004810676770362082 0.002457277222797546
0.0022450351959658627 -0.004810676770362082 0.002457277222797546
0.0021946268572932753 -0.005086944445189483 0.0022865584447292974
0.002219109005257577 -0.005042836851064956 0.0023112590108979943
0.002226598950413896 -0.0049814276701374135 0.0023460629863147806
0.00226755913445158 -0.004743118112344841 0.002487222333543422
0.002243607641163255 -0.004795319937811729 0.0024507532641229795
0.002226614748745557 -0.004999163711061111 0.0023119566451627795
0.0022205825444898413 -0.005007929434190864 0.0023015748843568497
0.002230731060482495 -0.00505689191205749 0.002253380945172107
0.002256176530527376 -0.004785928386028804 0.0024021169716517228
0.002201575082672275 -0.005135767026321578 0.0021880209901852118
0.002215194968588515 -0.005068786613887148 0.002206573246898842
0.002027498030673761 -0.006138354042182685 0.0015548213495327442
0.0022412650996519365 -0.004934120443663052 0.002260351770942233
0.0022412650996519365 -0.004934120443663052 0.002260351770942233
0.0022523571584646966 -0.004849016664739109 0.0023098155950719334
0.0017999029664565469 -0.004802098229251208 0.002232677607680862
0.002059511249610134 -0.005938077337877844 0.0016652266111275888
0.0020920942115549876 -0.005762664449168866 0.0017686309548919999
0.002267042021202741 -0.004778257477095755 0.0023503771846941335
0.002267042021202741 -0.004778257477095755 0.0023503771846941335
0.0020501285138605023 -0.005987532761307375 0.0016352032610249146
0.0020968475659394466 -0.005739105751305237 0.0017815665285493202
0.00208346876131052 -0.005839163607196336 0.0017222761421263556
0.0022288085539796288 -0.004994021134684118 0.0022194571625193016
0.002232034297460959 -0.004974986292226262 0.0022307542234929036
0.0022133870940278812 -0.0050940195274102144 0.002160142200913753
0.0020406575707590953 -0.006046436088604641 0.0015980511018355021
0.002194594508328445 -0.00519270390016957 0.0021015930822430185
0.0020208325766239584 -0.006117679041381562 0.0015550074187723095
0.0020928927169135934 -0.0057307314443807485 0.0017800468795038146
0.002218096062623387 -0.005071712910022528 0.0021705385062154975
0.002038467338957185 -0.005993506286045492 0.0016232963342957564
0.002038467338957185 -0.005993506286045492 0.0016232963342957564
0.0022119826724966347 -0.005120741151579283 0.0021413296478784674
0.002246367992124399 -0.004919582264046056 0.0022598848424731357
0.002256084122825516 -0.004809259097353237 0.0023222892556035405
0.002256084122825516 -0.004809259097353237 0.0023222892556035405
0.0020335052835961384 -0.006074185607400364 0.0015758366413825054
0.0021369260212642377 -0.005527890645770579 0.0018973121277799877
0.0020883183475961693 -0.005765819977842814 0.0017561497713453158
0.002200632511574949 -0.005162460783988966 0.0021125380661110283
0.002151417918665563 -0.005438010238134283 0.0019498704187779286
0.002248951458193551 -0.004855317832456766 0.002292047236529302
0.0022771423898989033 -0.004717604130563481 0.002374066657636514
0.00224315723198143 -0.0049235091211866444 0.0022511215329773866
0.002233692369983877 -0.004957909236077393 0.0022300621061058417
0.0021447619310763994 -0.005477303196647372 0.0019237189137680938
0.002066972952114019 -0.005879245479223808 0.001685631034153117
0.001998750772003482 -0.0061964903980928744 0.001496558606969265
0.001998750772003482 -0.0061964903980928744 0.001496558606969265
0.002022354560938728 -0.006115708763732959 0.0015452751449346737
0.002022354560938728 -0.006115708763732959 0.0015452751449346737
0.0020213085327111485 -0.006133486275277267 0.0015349736296228964
0.0020213085327111485 -0.006133486275277267 0.0015349736296228964
0.0022056731510976518 -0.0050302373681061895 0.002180889171892443
0.0021639700693211377 -0.00531987758621976 0.002010288755928069
0.002128015009905815 -0.005507679814999693 0.0018985744897098682
0.0020057441511458904 -0.0062209383163385765 0.0014807542568960068
0.002078127796756774 -0.005834420346190438 0.0017075656384452581
0.0021998193049910476 -0.005135785708475685 0.0021172103600080347
0.002239917758997585 -0.004954295242326309 0.0022239870206641884
0.002011203101652757 -0.006120594460490976 0.0015335547889794192
0.0020114997121951066 -0.006169546844979041 0.001506326489744931
0.00201371436245012 -0.006155764806742001 0.0015126869482251627
0.00201371436245012 -0.006155764806742001 0.0015126869482251627
0.002042608821448734 -0.005999794774348156 0.0016039636901514975
0.0022344307852595574 -0.004943526406721733 0.0022256074781117226
0.002037683064635433 -0.006019370662646564 0.001591556733686904
0.002097978588564445 -0.005808493152413476 0.001718685657797387
0.002019197919485467 -0.006145246252445258 0.0015171400716162665
0.002182069910715589 -0.005261705558679748 0.002036114263617911
0.002178978641128756 -0.005269475642109988 0.002030244807255022
0.0021769116927364157 -0.005284106589906648 0.002021496042255088
0.0021769116927364157 -0.005284106589906648 0.002021496042255088
0.002136556672569865 -0.00548534122479793 0.001902003981516194
0.002195506830635983 -0.005161946335141301 0.0020920739604992243
0.0021854983054155493 -0.00518604502875796 0.002076280142647073
0.0022773325341049686 -0.004703990813954244 0.0023611611760395003
0.002128809440297921 -0.005553550208286186 0.0018608861903126519
0.002128809440297921 -0.005553550208286186 0.0018608861903126519
0.0022746955919369792 -0.004727717415131058 0.0023471121961508193
0.0022746955919369792 -0.004727717415131058 0.0023471121961508193
0.0021326075598430082 -0.00554200513858222 0.0018678324409001942
0.002202769862850049 -0.005044681274940504 0.002155481943840869
0.0022705274967795962 -0.00481799332569383 0.002294777087933489
0.0020126408438716145 -0.006191847694721836 0.0014850554153825598
0.0021782380316403447 -0.0052749211138815085 0.0020220236563791385
0.0021782380316403447 -0.0052749211138815085 0.0020220236563791385
0.0021782380316403447 -0.0052749211138815085 0.0020220236563791385
0.0019957109723781324 -0.0062140365769235715 0.0014677374346758574
0.0020736432020859326 -0.005820304536851159 0.0016988274056664316
0.0020736432020859326 -0.005820304536851159 0.0016988274056664316
0.002048360511279775 -0.005959930317456403 0.0016166856101806379
0.0021999091109835265 -0.00499728972800549 0.002177407520514918
0.002085194133472479 -0.005727024353318091 0.0017501579406038453
0.002085194133472479 -0.005727024353318091 0.0017501579406038453
0.0021323368253379333 -0.005499156928527439 0.0018838985918981238
0.002138116883204993 -0.005531424958253641 0.0018656432435128567
0.002045397164295143 -0.0059677914920608635 0.0016055751199809396
0.0021286673493506585 -0.00550411095933907 0.0018766203255785273
0.002122816857254943 -0.00552419766036119 0.0018639651096164008
0.002200134738744037 -0.005126580892032618 0.002097693151227226
0.0020737196860725463 -0.005835305679681388 0.0016819562920552887
0.0020737196860725463 -0.005835305679681388 0.0016819562920552887
0.0022492415644624485 -0.004876707598054922 0.0022452280029662524
0.002151446944965401 -0.0054115608217274085 0.0019286560177958025
0.002151446944965401 -0.0054115608217274085 0.0019286560177958025
0.0020801363163986844 -0.005779618566713023 0.001711514719826219
0.0020801363163986844 -0.005779618566713023 0.001711514719826219
0.0019971157700601327 -0.006208666899528949 0.0014592424460511794
0.0020525927401406877 -0.006034404279825208 0.0015657547981109694
0.0021681530224332973 -0.005303966346640619 0.001989302553069938
0.002234139080349956 -0.004920175720224976 0.002214219639422861
0.002165850823090328 -0.005315643758718144 0.001981685751071887
0.002007704570510154 -0.006171042169609132 0.001480543110939519
0.0021254630464622973 -0.005527526281073694 0.0018543236134940246
0.0022318096100773332 -0.0049748644977467595 0.002178493342357664
0.002012817164537476 -0.006108944444726689 0.001511654790556631
0.0022235856380707956 -0.005005104604721333 0.0021597665516942532
0.0022700904722954287 -0.0047474227913673565 0.002311300638248086
0.0022700904722954287 -0.0047474227913673565 0.002311300638248086
0.0020994083689256796 -0.005601253019970001 0.0018059601557028854
0.0021999823663428363 -0.0051354704314521766 0.0020826611640351817
0.002186059553686172 -0.005206644862100107 0.0020395026296084837
0.0020740412009293894 -0.005806882098734787 0.001686734911232047
0.0020673881598544637 -0.005842040032010935 0.0016662657902768586
0.002171323973288152 -0.005237813747977699 0.002016213381068187
0.002171323973288152 -0.005237813747977699 0.002016213381068187
0.002054789115738244 -0.005880043294972699 0.0016396543782786644
0.0020713556726223627 -0.005818620259159057 0.0016766139482821119
0.0020713556726223627 -0.005818620259159057 0.0016766139482821119
0.0022182796868830527 -0.004970301381606054 0.0021705575645203585
0.0022182796868830527 -0.004970301381606054 0.0021705575645203585
0.002123598686596795 -0.0055315658894027455 0.0018421914978469021
0.0022544368959826673 -0.004809673262842634 0.002264583216155742
0.0022544368959826673 -0.004809673262842634 0.002264583216155742
0.0022267736724390537 -0.004937644474692175 0.0021868499075049295
0.0021848323931976717 -0.005208014803145585 0.0020292768459818124
0.002094414184021076 -0.005722618248771217 0.0017282664682648108
0.002238122485487204 -0.004894579351036014 0.002211686891013685
0.002238122485487204 -0.004894579351036014 0.002211686891013685
0.002200923934371485 -0.005099359645624765 0.0020908948532695265
0.002200923934371485 -0.005099359645624765 0.0020908948532695265
0.0020885918405401057 -0.0057125400416236346 0.0017307600969955876
0.002160892811349885 -0.005328760825114191 0.0019555192000318988
0.002193887376257126 -0.005167563864536806 0.0020500794872720706
0.002066780331582158 -0.005826856456065094 0.0016624501170299257
0.002066780331582158 -0.005826856456065094 0.0016624501170299257
0.002008887251172013 -0.006126163999319471 0.0014873840393159865
0.0020557428459746 -0.005856879680784184 0.0016425467268085096
0.002011987109534392 -0.006087679639543549 0.0015080673154336934
0.0022507320618245317 -0.004848306985813727 0.0022351591995875162
0.002024382844168163 -0.006037951882968239 0.0015370981290805735
0.002079145503967179 -0.00577929745935283 0.0016889878034803674
0.0020237962684134486 -0.006074116395661657 0.001516691198383353
0.0022083545730922824 -0.005028203270213018 0.0021258708549644015
0.002232585358315332 -0.0052279931727506 0.002020981468023838
0.0020584180928276885 -0.005870077431516929 0.0016329724362874859
0.00216526427868151 -0.005289758693825611 0.0019714629766512466
0.002050142776243252 -0.00588173271339177 0.0016240155345370948
0.00201663388787193 -0.006171917848564067 0.0014595012377698199
0.002235252800040278 -0.004964496513462189 0.0021630887151521507
0.0021220070673737216 -0.005526752915123803 0.0018300333024141803
0.0021592603484241243 -0.0052969707576125315 0.0019609924442674114
0.002006240952254022 -0.006095361390238429 0.0014894839635910795
0.002087720330589359 -0.005709421438415355 0.0017155114469693325
0.002087720330589359 -0.005709421438415355 0.0017155114469693325
0.002254451597207963 -0.0050921013152951215 0.0020860314747895704
0.002254451597207963 -0.0050921013152951215 0.0020860314747895704
0.00219554792510584 -0.005119622009048926 0.002057870823219902
0.002158764832497735 -0.005334568341986281 0.0019302137834510305
0.0021413547575481343 -0.005424017868934055 0.0018776163727746904
0.0021413547575481343 -0.005424017868934055 0.0018776163727746904
0.0019950374431074894 -0.006118199007106951 0.001470167368545651
0.0020323209729476797 -0.005951803078885393 0.001566287427578404
0.0022706556074571743 -0.0046834945268822425 0.002307826509885638
0.0021919733644921173 -0.0050247867556076995 0.002103340929412519
0.0021315491343135004 -0.00547792152579489 0.001843154945311066
0.0021680232190773273 -0.005245459544929692 0.001977457315064409
0.0021282087902358337 -0.005461480352495384 0.0018509598226860357
0.0020236655560264896 -0.00596961507091547 0.0015532023966882253
0.002214776406837182 -0.005036540588980045 0.0021007675567219285
0.0020386706170937383 -0.005937458193737027 0.0015732241490135157
0.0020386706170937383 -0.005937458193737027 0.0015732241490135157
0.0020386706170937383 -0.005937458193737027 0.0015732241490135157
0.002171284446113103 -0.00524534017975714 0.0019774317368131482
0.00204633174218895 -0.0058848372109467795 0.001602828216409245
0.00204633174218895 -0.0058848372109467795 0.001602828216409245
0.002212295880690997 -0.004963855677961234 0.0021389002155430123
0.0021515231468389492 -0.005311946510266877 0.0019360927689663495
0.0022094398620547935 -0.0049945549552956065 0.002121337987613484
0.002241776884098429 -0.004821564109127066 0.0022227351909554155
0.0021273148052775455 -0.005513487143796406 0.001820622010553153
0.002224350948125375 -0.004947845150256028 0.002149276961005557
0.0020761621896466975 -0.005770084900473414 0.001669899406558934
0.0022652273132367454 -0.00472966303629366 0.002276560357692283
0.002069940091952086 -0.005757697002313681 0.0016739161950755856
0.0020144702217170097 -0.006035325222254188 0.0015121974507108348
0.002163020696164347 -0.0051403630556532435 0.0020292136526551675
0.00216544273086831 -0.005265587685226525 0.0019598825487764197
0.00216544273086831 -0.005265587685226525 0.0019598825487764197
0.002048573349914655 -0.005827346329730176 0.001630179391556654
0.0022008847206553975 -0.0050309521485761705 0.002094494365216587
0.0021252201471130064 -0.005511124791678718 0.001815718007791782
0.002063666806409056 -0.005802700806955124 0.0016441235507685986
0.002262020001142353 -0.004731302581432833 0.002268303597878369
0.002211542952265398 -0.004972023164662903 0.0021256752565724057
0.0022169648205771155 -0.004952425506639617 0.0021367085104839825
0.002026598372108269 -0.005955470297968145 0.00155132013831602
0.0021571986661423383 -0.0052780340121366875 0.0019458285535443544
0.002137482881109399 -0.005382521544688567 0.0018843870863437747
0.002182153760987799 -0.005189070628692352 0.0019987624937617948
0.002044612952665183 -0.005887447822562 0.0015904513520049587
0.002044612952665183 -0.005887447822562 0.0015904513520049587
0.002147667507574421 -0.005370606154567448 0.0018899546190349159
0.002147667507574421 -0.005370606154567448 0.0018899546190349159
0.00217865323938079 -0.0051542023628425564 0.0020140718294430027
0.002167866395558873 -0.0051952324168827654 0.001988006086805043
0.002196508990281896 -0.00505756359192026 0.002068130711181588
0.001983520945187867 -0.006168543776302139 0.0014213445053004909
0.0022034438309632386 -0.005000785579073972 0.002099797589311365
0.0021996338940153018 -0.005012618748909482 0.002090828650736851
0.0022196973363824758 -0.004934264822860733 0.0021365149182293406
0.002381908399392208 -0.005887502615188476 0.0016509584607330048
0.002006792075800187 -0.006049775053462876 0.001486233018009242
0.0020402459364508123 -0.005875670542459331 0.0015826494838360196
0.0020075391268702574 -0.006078180077638954 0.0014656620855833483
0.002051099076843093 -0.005892365617517679 0.0015738380270437795
0.002012156173625294 -0.006041927796436307 0.0014844039222769124
0.002213977243214757 -0.004944436190011683 0.0021204858807724563
0.00206511166414634 -0.005785968492972147 0.0016317717630812349
0.002039255406132372 -0.005882581434876012 0.0015742974324978003
0.0022114525507008925 -0.005105374954442454 0.0020293229871409498
0.0022114525507008925 -0.005105374954442454 0.0020293229871409498
0.0021371271992257487 -0.005368409559548619 0.0018705913812960115
0.0020220121853879946 -0.005958948438605301 0.0015274265408978902
0.0020486743777379567 -0.00583462697833788 0.0015996525009781752
0.0022045053283905693 -0.005024543542799447 0.0020696699200662932
0.0020381804926614877 -0.005833232587493403 0.0015973263847164408
0.0020481888611524404 -0.005816052403346189 0.0016084413887251852
0.0022048608848906346 -0.0049982852109755225 0.0020812623847652426
0.0021957661865807544 -0.00508287869438304 0.0020303787169233885
0.0021957661865807544 -0.00508287869438304 0.0020303787169233885
0.0020616004535887428 -0.005753586489567531 0.0016395109394578677
0.0020616004535887428 -0.005753586489567531 0.0016395109394578677
0.0022132618358268533 -0.004928105683398545 0.002117555415632889
0.0022477676490794303 -0.004695050220885886 0.002251260959523476
0.0021511642990197878 -0.005275670280799569 0.0019148156761919172
0.0019685036748940668 -0.006150456441920253 0.0014054288146040964
0.0022018974438683145 -0.0049627438076787845 0.0020948539653372566
0.0021059882800248796 -0.005493151117516284 0.0017855196222049887
0.0019777814175645334 -0.006118357617341486 0.0014218726209588794
0.0019777814175645334 -0.006118357617341486 0.0014218726209588794
0.002039778913944026 -0.0058295253710471595 0.0015890079361788976
0.0019952779915145685 -0.006067094413389009 0.0014519080078856763
0.0019965825920395153 -0.00608092184048368 0.0014435404089829648
0.002133743503773703 -0.005380928546246063 0.0018461340592814631
0.002064551795095148 -0.005686237198627172 0.0016636919160519295
0.0019844411823341838 -0.006066999748782627 0.0014423913938135743
0.0020169304357224873 -0.005926289400170483 0.00152284602778482
0.0021875742500800854 -0.005049085185274647 0.0020306871605415356
0.0021987638886675704 -0.004975966462726024 0.002072117909172271
0.0021987638886675704 -0.004975966462726024 0.002072117909172271
0.0020091700538471067 -0.005967703723551635 0.0014978430364100373
0.0021798330048743066 -0.005059495345462492 0.002022357176714208
0.0021798330048743066 -0.005059495345462492 0.002022357176714208
0.002169478671727511 -0.005176788272164968 0.0019546866530300707
0.0022106047069017413 -0.00492163825704769 0.0021007148956163914
0.0021062854704663077 -0.005478050733578833 0.0017779359214732757
0.001982298549275582 -0.006037267037829085 0.001450893905453329
0.0021251960107729682 -0.005356077143625077 0.0018456505801791967
0.0021326612867090147 -0.005311496069739156 0.0018701746062607589
0.002184552286269647 -0.00507497880759683 0.0020086071112912435
0.002000337799052769 -0.005992400528212793 0.001476707376319048
0.0020583891919114354 -0.005690654211545907 0.0016501956270042212
0.001986304930954711 -0.006015436501912172 0.0014598904284164576
0.0020423138879118287 -0.00576721054448796 0.001604111141247002
0.0020423138879118287 -0.00576721054448796 0.001604111141247002
0.0020522978379496786 -0.005792562917221266 0.0015918641742363744
0.002194846184528659 -0.004968711063237671 0.002065651626946626
0.0021922957570340526 -0.004985761679123135 0.002053248181222402
0.0020967643425851596 -0.005485623902089439 0.001762867823808863
0.002225125693294697 -0.00483947215281943 0.0021371654082663113
0.002052640135135671 -0.00572499627383698 0.0016235997625705192
0.0020119528798157927 -0.005907671943992855 0.001517488136447151
0.002010228996583901 -0.00591952332579403 0.0015102364514474925
0.0021765678282556155 -0.004996302708427419 0.0020342345129173976
0.0020532110379423087 -0.005673210157644877 0.0016436215148958094
0.0021888704028860187 -0.004933876039710745 0.002069156850438058
0.0021742103660977283 -0.005046381633077333 0.0020051560535083645
0.002241688269250004 -0.004659113250011762 0.0022279100222595497
0.0021947988522254677 -0.004953817107699337 0.0020583688468179834
0.002038277163405224 -0.005751582922577213 0.0015965811046895033
0.0020113367762269025 -0.005916318019836992 0.0015015528859115572
0.0021805508572421105 -0.005028150609107481 0.0020123259884108555
0.0021157677921280183 -0.00536350887945224 0.0018173148931254091
0.0020975126318181284 -0.0054661878791796665 0.0017578976185148164
0.0019569286228404304 -0.0061407807160792785 0.001368285683032776
0.0019819883032684057 -0.006041403191518288 0.0014248030860984468
0.0019819883032684057 -0.006041403191518288 0.0014248030860984468
0.0021401377217840916 -0.005210775060069041 0.0019022958745011722
0.0021963443616352996 -0.004900285087783294 0.002080689632550732
0.002140646152219696 -0.005221625473368356 0.0018955637790761485
0.002087589367435231 -0.005479318361619267 0.0017455709075443753
0.002214422574361405 -0.004859722855570223 0.0021040902217141647
0.002220005403849869 -0.004798458751286552 0.002138161455462474
0.002216210983120528 -0.004773263762379594 0.0021509214921013368
0.002197555755138035 -0.004914026705487245 0.0020698529800998277
0.0020466502478397623 -0.005690530771406856 0.001620788662603503
0.0020466502478397623 -0.005690530771406856 0.001620788662603503
0.002058567957557197 -0.005663426789996511 0.0016373172282614843
0.002058567957557197 -0.005663426789996511 0.0016373172282614843
0.002058567957557197 -0.005663426789996511 0.0016373172282614843
0.001962529225452013 -0.006080830185083328 0.0013941909346824315
0.00198820638868831 -0.005934488859686229 0.001476695339494925
0.0019983797776495613 -0.0060021086030185985 0.001442452079468527
0.002179893627837467 -0.0049615842759612346 0.0020372883555042237
0.0022259220984782602 -0.004710780522646617 0.002181842588669838
0.0020006317451939453 -0.0058712546579928575 0.0015105388766535784
0.002010742646111215 -0.005858057158027281 0.0015182344195427658
0.002010742646111215 -0.005858057158027281 0.0015182344195427658
0.0020227646749710476 -0.00576796021294036 0.001568811148369488
0.002114339892520553 -0.005352295261254198 0.0018088299351875002
0.002141074681966006 -0.005009954535811839 0.0019973837758653938
0.002133229713189856 -0.005218894054669362 0.0018824993110938464
0.002133229713189856 -0.005218894054669362 0.0018824993110938464
0.0019811556622288894 -0.006020992750080698 0.0014213189270492299
0.0021099244782425215 -0.005299904921567846 0.0018308372619587167
0.002196431848031463 -0.004833881580894616 0.002097200142972529
0.0020074275824987966 -0.005861807631810215 0.0015072989648271867
0.001959417549686784 -0.006051815169768109 0.0013951438499254878
0.0019995614238968473 -0.005871987148894165 0.0014982146733548292
0.002007283422722388 -0.005892793300924792 0.0014880761567030484
0.0021078956151140077 -0.005335853837187522 0.001805881916346087
0.0019443481041488367 -0.006137846865582926 0.00134482791895476
0.0021669034496290475 -0.004985114072908611 0.0020053356028015296
0.0019875675436517603 -0.005970898748054735 0.001441306073505167
0.0019267299708135195 -0.006154789949371637 0.001331628036701076
0.00197316882192675 -0.0060019631580604475 0.0014202160530389766
0.0021411107924383744 -0.005123143375676878 0.0019236371636709264
0.0019544228945937384 -0.006148791097149428 0.0013378671238714027
0.0019544228945937384 -0.006148791097149428 0.0013378671238714027
0.002014750062204917 -0.005735477150366547 0.0015688618033376715
0.001984103587032614 -0.005953330627096729 0.0014467156228796963
0.002123556871171327 -0.005362163200130384 0.001788988735224052
0.0019605653110203285 -0.006064619090661586 0.0013812368042545884
0.0019605653110203285 -0.006064619090661586 0.0013812368042545884
0.0021167061942211555 -0.005292540955568166 0.001822595046640618
0.0020082495972795172 -0.005826082212430111 0.0015159213431738313
0.0020082495972795172 -0.005826082212430111 0.0015159213431738313
0.0022162600394480076 -0.004655734707041396 0.002184716881963499
0.0021006434285800106 -0.005335044862299601 0.0017952037487461332
0.001982513864236258 -0.005944094746870575 0.001444154788547567
0.0021649901901655464 -0.004966844728580711 0.002000996829239593
0.002202110846729325 -0.0047271026006421475 0.0021370289909262525
0.002035884656535437 -0.005707421319473614 0.0015766355855836574
0.002306610854947874 -0.004466369082099638 0.00229416822524661
0.002174116610522334 -0.004906073671734108 0.0020314580188197343
0.0022175143141366805 -0.004685749511469131 0.002158150106521427
0.0023107004913271857 -0.004465982430470589 0.0022943868942181746
0.0020037502386915877 -0.005836318653661474 0.0014995001058642785
0.0020037502386915877 -0.005836318653661474 0.0014995001058642785
0.0019427762014944438 -0.006069820127134904 0.0013608935684183512
0.0019427762014944438 -0.006069820127134904 0.0013608935684183512
0.002068468182706421 -0.005358216501037531 0.001763986245383608
0.0020394770216181747 -0.0056401967225081515 0.0016062557020782172
0.0019767457805015287 -0.005946129220914501 0.0014312503100192306
0.0019767457805015287 -0.005946129220914501 0.0014312503100192306
0.0020239391743540106 -0.005709766995574548 0.0015649724045429863
0.002102457384244498 -0.0053125392611631335 0.0017909131224806874
0.002102457384244498 -0.0053125392611631335 0.0017909131224806874
0.0021286616443975588 -0.004987472161984421 0.0019705762639408656
0.0021576399850142787 -0.004962766596145288 0.001989058807381451
0.001994151874522318 -0.0058680422051714965 0.001472217139386899
0.001984427578215253 -0.005855181610897774 0.0014773222574179885
0.0019672528639269188 -0.005918357007689962 0.0014394438765064996
0.001963317308300148 -0.005934277588346157 0.0014294818999418533
0.0019243953598139278 -0.00610259301386455 0.0013324174517497975
0.002030237473922171 -0.005653376229929336 0.0015909082497872872
0.002131837046369667 -0.005098641887294649 0.0019073212485724482
0.0021688505940062903 -0.004765833601683714 0.0020917494677822465
0.0019291307059810464 -0.006117560804661273 0.0013229198959825567
0.0019220152502460695 -0.006142182253788079 0.0013080318491456475
0.0019737361199553306 -0.005892367372887863 0.001449387296300623
0.00221274133722123 -0.004698180026333802 0.0021328903295653573
0.0019972303706564686 -0.005793902013904929 0.0015048384373627477
0.0019959928346763418 -0.005606198336622502 0.001604705459438066
0.0021078033014498366 -0.005118446224484222 0.0018866745844614485
0.0020296985752755055 -0.0056752613077055555 0.001573024036812474
0.0021656047264596297 -0.0049134633100227365 0.002006509694687843
0.0019983368964636237 -0.005771509257994614 0.00151466249198432
0.002002821271713192 -0.005762668461443574 0.001519881458310238
0.0019395946557266895 -0.006056216133588014 0.001350479709414761
0.00207547305011977 -0.005332338269550359 0.00176128899371142
0.00218195305321473 -0.004782210445367839 0.002075987246593418
0.002139648161577971 -0.004979645499211626 0.0019614764249040162
0.0020697568438431744 -0.0053691318316877795 0.0017393513802132481
0.0020226787401967437 -0.005697722899203824 0.001554096632413683
0.0020226787401967437 -0.005697722899203824 0.001554096632413683
0.002103856696394672 -0.005079667464051629 0.0018986848272643272
0.0019520036496745328 -0.005972367365981303 0.0013934662175633702
0.00216918778181121 -0.004933952570716204 0.0019868395179338063
0.00199889485341515 -0.005782109311621353 0.0015003772894222288
0.0019630569179408036 -0.005834286687289241 0.001465599393791042
0.0019630569179408036 -0.005834286687289241 0.001465599393791042
0.0021455306264877632 -0.004994737670524284 0.0019450581968004942
0.0021258562493836424 -0.005057430152440336 0.0019074842472324447
0.00196165923577723 -0.005894844200218302 0.001428915166139404
0.0019315102513227738 -0.006010608230835907 0.0013619653472996204
0.0019483113538748588 -0.005966208900455882 0.0013884047330197258
0.0019275718275465052 -0.006052216648006039 0.0013388807247694116
0.0021473252103884283 -0.004904161211590959 0.0019912339618073116
0.0021450848564985693 -0.004916159041418961 0.0019837861768813186
0.0019195035349332122 -0.006121860333161226 0.0012983326765743496
0.0021694081434611664 -0.004802266964210201 0.002046321490474059
0.001967842574271248 -0.005845339626423602 0.0014513854091050106
0.0021363363736117006 -0.004886536197831436 0.001992836865553
0.002085811114746462 -0.005346732681214649 0.0017362970360920832
0.002126429252365322 -0.005091691028860373 0.0018798913325339028
0.0020718232593552794 -0.005276530412190012 0.0017705392930498047
0.0020718232593552794 -0.005276530412190012 0.0017705392930498047
0.001985853361974728 -0.005768540425478154 0.001490836601701881
0.0019845523348819426 -0.005782183162552691 0.0014826034140018743
0.0019845523348819426 -0.005782183162552691 0.0014826034140018743
0.0020592201716184556 -0.005360649757572317 0.0017203056137105829
0.002143963488409586 -0.004947874756454944 0.001956445032420679
0.001957520887875296 -0.0058369874497017984 0.0014476103601394922
0.002105136204529748 -0.005071352902405208 0.0018823503553953265
0.0021215496053652626 -0.005008638760474914 0.001916341343649484
0.002170570606020007 -0.004706944217432881 0.002086094668116215
0.0021084388708402383 -0.005053947403956446 0.0018884359730580872
0.002171026218620593 -0.0046734841404992246 0.002103632320863159
0.0020537921281651964 -0.005366267004854757 0.0017104374240672268
0.0021385443785367298 -0.004762785765754237 0.0020425369123561105
0.0019110111793638111 -0.006009222240691598 0.0013368630521258245
0.0019103423676505391 -0.005938722185653507 0.0013723777017001953
0.0020523600908994386 -0.0053148162270597 0.0017262608324453465
0.0019793769236787296 -0.005688902853636038 0.0015133344290561026
0.0021157421198390687 -0.0050068070316873076 0.001900187925676664
0.002081711447680381 -0.005089331341143858 0.0018500344918315943
0.00209656633055916 -0.005087326583009486 0.0018519333008369685
0.0019416763523631695 -0.0058667125122566785 0.0014100940870203646
0.00212231403773475 -0.00491498957305233 0.0019482058263086107
0.00212231403773475 -0.00491498957305233 0.0019482058263086107
0.0019721242669562904 -0.00574024448502069 0.0014813771625443624
0.002000912870863595 -0.005584745205295273 0.0015684470344397728
0.001995880945500023 -0.005607052449600884 0.0015538202869931966
0.002054565431423295 -0.005273651855854474 0.0017394777668665376
0.0019548036375213627 -0.005819271250730366 0.0014316129193459304
0.0019548036375213627 -0.005819271250730366 0.0014316129193459304
0.002051626283470493 -0.0053586253142151605 0.0016928135074140694
0.0019381661762201453 -0.005842102849186826 0.0014137683275838545
0.0019381661762201453 -0.005842102849186826 0.0014137683275838545
0.001991754195579666 -0.005595558661783024 0.0015535083326346803
0.001991754195579666 -0.005595558661783024 0.0015535083326346803
0.0019204740822428548 -0.006029185062732121 0.0013111925185465638
0.002118357621414089 -0.004904489716582644 0.0019410940693893799
0.001931805576683381 -0.0060785010596155625 0.0012847621604445505
0.0018811074295279095 -0.006090973591694909 0.001269772302136936
0.001937712177933211 -0.005891199174030026 0.0013824409882012086
0.002086883269778485 -0.005025420569627917 0.0018680942418248653
0.0019182068805929404 -0.005970700641991047 0.0013368725812782551
0.001967021311792035 -0.005725894333761769 0.0014745512801980485
0.002081361690171104 -0.005039179286518219 0.001857390997507989
0.001983699851890161 -0.00558092407786241 0.0015505984304029893
0.002099694556957558 -0.004914121417112473 0.00192336081825044
0.0021252893901976084 -0.00477301478192645 0.0019985663938354606
0.0020533499629540597 -0.005102610371785329 0.001809861089787355
0.002018370716958933 -0.0053376984177925515 0.0016785498708285316
0.0018932432439907779 -0.005991115095703344 0.0013102616708143995
0.0019610672528554292 -0.005710479989328448 0.0014685579448535627
0.0019507091268551992 -0.00568080282330289 0.0014816324435226339
0.002040277501768238 -0.005267555580587021 0.0017157190821854513
0.0020868450904769705 -0.004940587932705698 0.0018980774691804635
0.0019138844695887952 -0.005917875660108635 0.0013474935739636255
0.0021171476384766806 -0.004722330166892303 0.0020168974739058335
0.0019790175116334375 -0.0055653515620371005 0.0015440925269646069
0.001924343231588625 -0.005794541595570039 0.0014136946020361022
0.002074560759158128 -0.004970987182795041 0.001874470247869589
0.001885901274973724 -0.0053961375123677885 0.0016160867781805277
0.0019348079022898795 -0.005873799443226156 0.0013710391065508705
0.002102241473711795 -0.004794924767935399 0.001972418399565995
0.00209773490556775 -0.004902007419393326 0.0019142499454581447
0.002023253529894504 -0.005311626719434323 0.001682695553670165
0.002023253529894504 -0.005311626719434323 0.001682695553670165
0.002023253529894504 -0.005311626719434323 0.001682695553670165
0.0020645474693614793 -0.0050528059118021326 0.0018274915263869122
0.00196908887142935 -0.005597566052972673 0.0015195424210974451
0.002051189572445287 -0.00502519694800476 0.0018370131558023987
0.0021179326964458367 -0.0047594813048911925 0.001989203750805263
0.0021401475330495873 -0.00464605815445241 0.002052494876646049
0.0020033851687120395 -0.005347859566181355 0.0016552937235545725
0.0020929004906958394 -0.004827799803104134 0.0019472784893168154
0.0018976908348312105 -0.005921818472310365 0.0013337595576394916
0.0018976908348312105 -0.005921818472310365 0.0013337595576394916
0.0018990982028766956 -0.0058287191545981 0.0013824118992095784
0.0020692690390072387 -0.004995727166428151 0.00185018796133916
0.002074827011200053 -0.004958606603902061 0.0018706896820263478
0.0018981972277835651 -0.005944576094451904 0.0013188188496970452
0.001874644101652977 -0.0059913705020651995 0.0012903908803249828
0.001874644101652977 -0.0059913705020651995 0.0012903908803249828
0.0018791867645964423 -0.005896192826054396 0.0013403331682135648
0.001959325925632328 -0.005578523609135 0.0015210695931580276
0.001959325925632328 -0.005578523609135 0.0015210695931580276
0.0019429092021318217 -0.005660258848347688 0.0014709121470382503
0.002058952164206346 -0.004968626115859096 0.0018558693423251296
0.0020644292326411893 -0.004947830981910967 0.001866740600645387
0.0018964398201157377 -0.0058483117189132615 0.0013617998409679317
0.001929615658340432 -0.005708735402132147 0.0014391344298196754
0.0019498918609777457 -0.005591301199475708 0.001503437651955455
0.002071924255832685 -0.004805927020755681 0.0019407996687327094
0.0018698875108047405 -0.006088079487794879 0.0012293080101763955
0.0019081318393808695 -0.005756178795179399 0.0014059052722256245
0.002063350056128428 -0.004899856902841842 0.0018845691433086323
0.0019486795270981258 -0.005557868669707416 0.0015125169280844279
0.002046711372337261 -0.004924755496709486 0.001863692776470622
0.002041501621704812 -0.004968915830304291 0.0018344503153329157
0.001857589606712864 -0.00600511693136421 0.0012576085898264914
0.001878302003168097 -0.005887656711613965 0.0013199322559284059
0.0020619225013258206 -0.004819963070462199 0.0019086789020266344
0.001900462909157516 -0.005707850758250912 0.0014101402281795023
0.0018721608327408787 -0.005841461386767948 0.0013344602011103072
0.0020129955540324836 -0.0050790962477860295 0.0017558297924373841
0.0020796453769731335 -0.004690722931676652 0.001972275963813875
0.0020212883616269736 -0.004969474649267962 0.0018136506832486883
0.002042031492733385 -0.00480449024242313 0.001904288470427837
0.001919089079494275 -0.005576193229831389 0.0014751511152668354
0.0018919749968688948 -0.005655344376057001 0.0014269381177772313
0.0018731593327534159 -0.005789653641907498 0.001351333320858804
0.0018775140065211764 -0.005734965397265949 0.0013774948565554077
0.0018961602774138437 -0.005708940843135535 0.0013937024402367805
0.002017351708893838 -0.004950866502821492 0.001810592326852816
0.0019939751306868583 -0.004970539782819247 0.0017944128290943964
0.0018819104408590872 -0.005692077503306638 0.0013957376665822134
0.0018549396481614972 -0.00580960041484919 0.001329028584224886
0.001991714903498838 -0.005026603939899491 0.0017624169444385956
0.001993380169904923 -0.004996741456935875 0.0017780949078585646
0.0017975844633293407 -0.006064347133666561 0.001186189096962435
0.0017975844633293407 -0.006064347133666561 0.001186189096962435
0.0018538931105631054 -0.005793089152125885 0.0013354657774589007
0.001988840045979046 -0.005017194904942987 0.0017644356201508597
0.0018759494466429574 -0.005687289981895372 0.0013935083464478
0.0018340099462811823 -0.005923095880270399 0.0012636109527890693
0.0018340099462811823 -0.005923095880270399 0.0012636109527890693
0.0018644926156366629 -0.0057240679964683005 0.0013711624839981293
0.002020418638392308 -0.004733465177909047 0.0019171648630332203
0.002020418638392308 -0.004733465177909047 0.0019171648630332203
0.0019900031511287577 -0.004951618725964427 0.001795078866695859
0.0017941849969732924 -0.006066423360444162 0.001178972519366468
0.0019842441890498093 -0.004985297728514172 0.0017739462158109004
0.0018499882660780907 -0.005762020416386503 0.001344207019443758
0.0018690024359174335 -0.00564928483817984 0.0014030746124194088
0.001968782465294453 -0.004974137617760863 0.001773807792333488
0.0017812165336344335 -0.006069726089446444 0.0011688204612875488
0.0018662996281851526 -0.005671001713877301 0.0013876664744735263
0.0019794215132160073 -0.0048894321197934425 0.0018151292064784409
0.0019491059253234973 -0.005130469287758627 0.001680224995518957
0.0018161122271433637 -0.005871323368197226 0.001270202618599327
0.0017748175010903074 -0.006058528959189779 0.0011661638338967756
0.0019416060748639941 -0.0051502031907195425 0.001665482895174537
0.0019803323465934783 -0.004796316259284483 0.0018585640863256253
0.0018468576730645333 -0.0056986266640817115 0.0013627698083784952
0.0019333371371694247 -0.005066081400357338 0.001707175946264282
0.001972295681989404 -0.004952956788233517 0.001771025781358102
0.0019578271999725052 -0.005005718952940039 0.0017400851249504015
0.001818012865965426 -0.005734256541170342 0.001335179902885984
0.0018612222042533142 -0.005565898297157804 0.0014268959888928015
0.0019163321609087596 -0.00518046828037335 0.00163794013390984
0.0018681077456764819 -0.005541540780476607 0.0014392808778465032
0.0019591204532830443 -0.004987362420001989 0.0017443717389411396
0.0018837175396087915 -0.005381342437458869 0.0015256430847903596
0.001846597486453514 -0.005629830446574922 0.00138913496701651
0.0018133577417830372 -0.0057867384735652535 0.0013017732021361214
0.0019361113273437206 -0.004822698846240759 0.0018243138048184887
0.0018261010553863022 -0.005713607933613781 0.0013374327951343045
0.0018483195359504806 -0.005549939787967264 0.0014257183862661194
0.0019077552184385892 -0.0051413019906266155 0.001648977901630463
0.0017906653484922746 -0.005813868221302237 0.0012782397063729992
0.0017787573991032545 -0.0059078123736076215 0.001226632324480761
0.001866327957038801 -0.0053862637431549175 0.0015093136282647432
0.001818222221287596 -0.005734857316616013 0.0013197943339853318
0.00182894318779051 -0.005688026923913933 0.0013443991070953847
0.0018903359513049417 -0.005222448021029312 0.0015975330168638826
0.0018903359513049417 -0.005222448021029312 0.0015975330168638826
0.0017465846638400355 -0.0060574487796083406 0.0011407591135168939
0.001902599241690991 -0.00514351476012786 0.00164046184856357
0.0017981529133196043 -0.0057793968885354275 0.0012915444093034194
0.001765322894286203 -0.0058393126882784405 0.0012555668435346586
0.0018635607021440291 -0.005429910019725759 0.0014831520925681395
0.0018811630449841591 -0.005274166680852894 0.0015672945085300131
0.0019048834955084127 -0.004996967241425866 0.0017154858687180715
0.0018514589214879088 -0.005436538548309892 0.0014746576054778
0.001900371018662943 -0.004982206521619131 0.0017204781415230098
0.0017899407332473759 -0.005785984416687393 0.0012816681951106483
0.0018646190806546926 -0.005345217483286396 0.0015227487301231605
0.0018823793206102204 -0.0051995463018031565 0.0016017579421309914
0.0018706563159267412 -0.005254250062663301 0.0015686947924029675
0.0018742183695278987 -0.005122390447251279 0.0016359034029613917
0.0017619517915581568 -0.005894908145846454 0.0012155484156010006
0.001910458598233475 -0.004943675409439097 0.00173371162657737
0.0017075619373181235 -0.006039822731434245 0.0011310800023191338
0.0017424689329817355 -0.005944905100977927 0.0011847105737326823
0.001767445363117545 -0.005769469643223719 0.0012789799710565524
0.001767445363117545 -0.005769469643223719 0.0012789799710565524
0.00180397553891364 -0.005686667076247017 0.0013268965617521322
0.0017948605049536302 -0.005698843452299507 0.0013185956669164347
0.0018819652648314593 -0.004902518655286636 0.001746208357688546
0.001789638080783543 -0.005690761101051789 0.0013174998143869199
0.001789638080783543 -0.005690761101051789 0.0013174998143869199
0.0017485195598083562 -0.005890115483708219 0.0012080931076599308
0.0017952979173432627 -0.005520752495606788 0.001405233717746439
0.0018694061475504644 -0.004988903446948671 0.001694811620218457
0.0018654189260503592 -0.0050373057736510405 0.0016680728184982963
0.0018654189260503592 -0.0050373057736510405 0.0016680728184982963
0.0018579669799566518 -0.00513252056320289 0.0016169754970282624
0.0018579669799566518 -0.00513252056320289 0.0016169754970282624
0.0017871445108263214 -0.00568058810391424 0.0013197301375900102
0.0018444174185584313 -0.004952411980885427 0.0017083114200065344
0.0016809872196096138 -0.005960890504947366 0.001156694364052488
0.0017210232717733839 -0.005944838396910913 0.0011640207776685758
0.0017606374471430242 -0.005741843125724501 0.001271926392120582
0.0018502604346579145 -0.0050241106559735715 0.0016596766321382932
0.001829852038540049 -0.005095709384671832 0.0016153480180999898
0.0017926379418189565 -0.0051203164773782 0.0015877525957297555
0.0018179848544889762 -0.004964783720235693 0.0016711111135206307
0.0016896371353260287 -0.005867010047502965 0.0011821311826300303
0.0016842004325689568 -0.005940821984545016 0.001140040414809894
0.0016915993414063728 -0.005894091773327041 0.0011621475469144624
0.0017382754946673128 -0.005430199216963668 0.0014069509713212941
0.0016644844672971146 -0.005431036465849919 0.001371801940279654
0.001582005640735882 -0.004182284798695633 0.0012615456343833293
0.0006563871563512424 -0.005333613357914079 0.001610121528758995
0.0006265787137125944 -0.005782238958247843 0.0013664124522786627
0.0006265384655819337 -0.00579841105837477 0.0013605033747030365
0.0006368869997379408 -0.005705989627012714 0.0014100389182431351
0.0006661944095724766 -0.005404045705816479 0.0015753707159820848
0.0006781246576483725 -0.005397689635761709 0.0015811669483315595
0.0006698897145781813 -0.005350323290927202 0.001610052317020289
0.0006818100573508928 -0.005269553505316032 0.0016566854813437734
0.000585364251765316 -0.006113988751719241 0.001202680549079371
0.000585364251765316 -0.006113988751719241 0.001202680549079371
0.0005779923239080137 -0.0061514160024932945 0.001185630387709401
0.0005723933199371348 -0.006212730832273416 0.0011550538452314157
0.0004963743810387317 -0.0058014383196416585 0.001298211806798783
0.0006444417368616082 -0.005786934322724419 0.001379939836455355
0.000686098928246154 -0.005335342711004849 0.0016275087212044039
0.0006926361775806897 -0.005428248373770679 0.0015749845345414777
0.0006943783824888827 -0.005346895554491061 0.0016228534794749045
0.0006930308851050503 -0.0053472322094157455 0.0016231739599171745
0.000683176738423171 -0.005445798815643253 0.0015697776050396825
0.0005897980660843894 -0.006081639034587664 0.0012332626084350792
0.0006976113982181206 -0.005455901221822666 0.001565400213333685
0.0006013682125052777 -0.006069047137335767 0.0012399952053944413
0.0005972440956401976 -0.006145024825034833 0.001199376942391996
0.0005972440956401976 -0.006145024825034833 0.001199376942391996
0.0005902158441883188 -0.006174345400145753 0.0011849131936054165
0.0005902158441883188 -0.006174345400145753 0.0011849131936054165
0.0006190393987698343 -0.006029617886866204 0.0012596518407213394
0.0006062213095312959 -0.0061515298507881224 0.0011961560888704658
0.0006604914626099536 -0.005799451365976302 0.0013863740204833389
0.0006416682519699759 -0.00594918068121322 0.0013082926470016421
0.0006987215444762812 -0.0053475740050673995 0.0016364871889313483
0.0007962150552948816 -0.006446633533217606 0.0018689177612086015
0.0007028845302525913 -0.005386410253873537 0.001615336984344544
0.0007028845302525913 -0.005386410253873537 0.001615336984344544
0.0008039936021170828 -0.00643467883534271 0.001864846806983397
0.0007140192821759121 -0.0054516191843327665 0.0015803905731756377
0.0006634186677763211 -0.005826594529756838 0.0013785149773998164
0.0007297445152072799 -0.005260504321247366 0.0016889998403044903
0.0008180425193139714 -0.00640618403652005 0.001869192100491734
0.000648839189941144 -0.0059560642400084554 0.0013119553522753474
0.0007107294049910524 -0.005324205702177004 0.0016568936180942303
0.0006883524474123976 -0.005706259577870385 0.0014466484172783439
0.0006350942652451488 -0.0060524494853226645 0.0012631184460687108
0.0006422589340370862 -0.0059931248691811 0.0012953966945570593
0.0006703511261695559 -0.005788945726188775 0.0014070347275558154
0.0008323559958743928 -0.006312094690023683 0.0018939453277659682
0.0006001479794598271 -0.006231943108176446 0.0011734982720622786
0.0007163599429334615 -0.005457731069856503 0.0015889648042257908
0.0006635285037964419 -0.005886880336458043 0.0013560141408395644
0.0006135636468626296 -0.006149842689273575 0.0012186097812029034
0.0006540747069002308 -0.005354299455162439 0.0015897090811840518
0.0007214237470734213 -0.0053453887572629775 0.0016552676437689732
0.0006123484291605635 -0.006219991043356828 0.001184197002570109
0.0006858465310903287 -0.005831146455412617 0.001387879626567368
0.0006436600955951328 -0.00604884144729185 0.0012737248942582661
0.0007733693511851523 -0.005724131252486738 0.0022370013352126456
0.000664522921006005 -0.005924902783108252 0.0013396992288097632
0.0008409235815945615 -0.006297811368215361 0.0018769513382419047
0.0008409235815945615 -0.006297811368215361 0.0018769513382419047
0.0006457293008919958 -0.00603803889917596 0.0012803777472578145
0.0007277226422136082 -0.005357224466116075 0.0016511670990178003
0.0008539604024964566 -0.006466304838423904 0.0017677146516556503
0.0008539604024964566 -0.006466304838423904 0.0017677146516556503
0.0006722338860760998 -0.005965576089504342 0.0013185575503067125
0.0006704264817039081 -0.005933572180299126 0.001337606827549747
0.0008510653582195423 -0.006314527256948753 0.0018518896673495233
0.000704708736025121 -0.005713775759541784 0.0014561103641075547
0.0007020206373546099 -0.0054495998190107866 0.001604965755759722
0.0008564576673511873 -0.006279685541072999 0.00186646124601887
0.0006356808096539668 -0.006128314578562747 0.0012373992636586205
0.0006392699147635047 -0.0054512962589105965 0.0015372877090605078
0.0007012688373812723 -0.005707074006944237 0.0014617917450935243
0.0007465602719658165 -0.005142235063917407 0.001778058797386196
0.000663875816325819 -0.006000249791376716 0.0013065192215808803
0.000663875816325819 -0.006000249791376716 0.0013065192215808803
0.000663875816325819 -0.006000249791376716 0.0013065192215808803
0.000690227308153111 -0.005775699828159538 0.001427625219820909
0.0007111783409157581 -0.00564420253996115 0.0014990201375023812
0.0006739468766090782 -0.005930193719611738 0.0013451734761139526
0.0006526434532818772 -0.006035275695738266 0.001290693807065407
0.000853721045233431 -0.006265064561271315 0.0018409301389856988
0.0008713569987107113 -0.006290191682394864 0.001821375315129506
0.0008424637935479435 -0.005980127105265812 0.002012918801998904
0.0006945462711086791 -0.0057922015617304125 0.0014208098696957023
0.0006922627852657132 -0.005792652817251434 0.0014214528367175962
0.0007190824593979488 -0.005585823127972189 0.0015340432834250702
0.0007190824593979488 -0.005585823127972189 0.0015340432834250702
0.0008487416869377079 -0.005886329024836501 0.002052382532954236
0.0007097121679690898 -0.005719359592098926 0.0014610173760749563
0.0006213312853129694 -0.006230835594973562 0.0011910971119985137
0.0008549531270276274 -0.005932242612767894 0.0020165699719828256
0.0006204890837751259 -0.006150310119277011 0.0012350435568709176
0.0008774051266816729 -0.006285032022504468 0.0017891417031972797
0.0007348439282852696 -0.005477253670131451 0.0015980601294535942
0.0007050954190000665 -0.005805818720553687 0.0014175428750150345
0.000822067896606169 -0.005618049279581131 0.0021971865302203987
0.000822067896606169 -0.005618049279581131 0.0021971865302203987
0.000640189477973054 -0.006109915665973099 0.0012584386291566274
0.000860306065713704 -0.005920080405060464 0.0020058316202622574
0.0008839225027180474 -0.0064009942845693465 0.0017043302404279128
0.0007124891636010913 -0.0057155595291082766 0.0014692831635069624
0.0007457663431080489 -0.005327074227825773 0.0016853607071446919
0.0007457663431080489 -0.005327074227825773 0.0016853607071446919
0.0008637075969806613 -0.006247598753318354 0.0017958948630645182
0.0008660774721134254 -0.005913654496349064 0.001996059223677546
0.0007385080754701981 -0.005346104070613193 0.0016764910723691914
0.0007294602079291707 -0.005607455432441829 0.0015301920012401073
0.0007294602079291707 -0.005607455432441829 0.0015301920012401073
0.0007040032025945055 -0.005775922634789395 0.0014393616248749937
0.0008756802873999487 -0.005933806647602352 0.0019799168394601715
0.000880139679970283 -0.006226482903833734 0.0017980584822005945
0.000880139679970283 -0.006226482903833734 0.0017980584822005945
0.0008744881402774513 -0.005903245527305274 0.001995037096695783
0.0006561283646326019 -0.006060086223310669 0.0012883115189577662
0.0008241778515680311 -0.005435807123169054 0.0022779932412972364
0.0007404200497519569 -0.005358500118705925 0.001671882473333168
0.0008879424258243144 -0.0062100251799010586 0.001782072576696817
0.0007103975146425827 -0.005791241875773787 0.0014332002755271269
0.0008351617043472706 -0.005382272282122357 0.0022792771692036703
0.0008351617043472706 -0.005382272282122357 0.0022792771692036703
0.0007211361798221121 -0.005713327199767832 0.0014778904958234532
0.0007200034645187212 -0.005774321611797476 0.0014460049487221116
0.000890443577570168 -0.006191683191458824 0.001762972644485599
0.0008760119896730415 -0.005839952144559965 0.001973419963639881
0.0008760119896730415 -0.005839952144559965 0.001973419963639881
0.0007296961171436194 -0.00568124536466478 0.0014972296599141122
0.0007296961171436194 -0.00568124536466478 0.0014972296599141122
0.0007240989312347173 -0.005671917829038274 0.0015051398595001565
0.0008546673151465029 -0.0053801572491253185 0.00223790309395318
0.0008628507255634182 -0.005383372209618372 0.0022297937852347707
0.0008628507255634182 -0.005383372209618372 0.0022297937852347707
0.0007152994485748075 -0.005810938508464177 0.0014324023343946519
0.0006432300298999114 -0.0062271954587450875 0.0012111830607191255
0.0008697326543720542 -0.005550724187672601 0.0021132086175215366
0.0006951577668508352 -0.005945936506344951 0.0013616553990784578
0.0007637894810946132 -0.005346283619906358 0.001694303064399268
0.0006801395718530983 -0.005972935479003183 0.0013508388080010916
0.0007237363219080175 -0.0057982906901335425 0.0014433362845072155
0.0007065521254860966 -0.005904102398722516 0.0013882216729861913
0.0007065521254860966 -0.005904102398722516 0.0013882216729861913
0.0008798853393688962 -0.0054900207282510514 0.0021095910503382918
0.0007700996607574154 -0.005331082678334049 0.0017101981921877859
0.0007070644428128239 -0.00594364988591237 0.001371771848219347
0.0008693909214121923 -0.005327216350118932 0.002199932430723416
0.0008813318897845727 -0.005518326762087078 0.0020703279331183403
0.0006664376537266251 -0.006193812330109132 0.001242511904704787
0.0008868312138056846 -0.005510694600599913 0.0020741034836181975
0.0006596463772496642 -0.006181614262696504 0.0012498593827630895
0.0006990085475014596 -0.006048144314561404 0.0013205145372953472
0.0007120494433698547 -0.005952716122148543 0.0013721941401323224
0.0007693307459247781 -0.005384581220833 0.0016859775943809862
0.0006893457361696993 -0.006089159040458394 0.0012993578127621429
0.0007704417071762388 -0.005348161615236687 0.0017089629131121819
0.0006822310954280222 -0.006145978241812227 0.0012711956565894592
0.0006822310954280222 -0.006145978241812227 0.0012711956565894592
0.0007108015632439971 -0.0059324474895451505 0.0013867912970529298
0.0008845068529141348 -0.005503842575776206 0.002055517122569553
0.0008818751141649071 -0.005422350392642291 0.002104231152863269
0.0008818751141649071 -0.005422350392642291 0.002104231152863269
0.0007234156533903705 -0.0059021292372514675 0.0014029151244997814
0.0007763736672560566 -0.0053349233656061115 0.0017209871988765374
0.0007442525870910202 -0.005815212834863623 0.001452856910854025
0.0007096351197563453 -0.006013684767851548 0.0013488457105400886
0.0008725613707327084 -0.005434698230746739 0.002078222585139893
0.0008809205689352508 -0.005439267772796156 0.0020720306421973807
0.0008812518950575898 -0.0052726677200988495 0.0021447631519595006
0.0008975246155111689 -0.005768406327734411 0.0018375979448410323
0.0006859831991975565 -0.006166615376770796 0.0012683524584247822
0.0006699171735832115 -0.0062573028158494515 0.0012199383456654594
0.0007403587371790812 -0.005838973901832817 0.0014459658290437124
0.0006428819650690266 -0.0053372035287840855 0.0015957104410779528
0.0007614231167022182 -0.005657222872921668 0.0015470801670187577
0.0008697308363100773 -0.006301739510537692 0.001510327229162752
0.0007161935589166805 -0.006023305951833217 0.001349638636329179
0.0007161935589166805 -0.006023305951833217 0.001349638636329179
0.0007792675203889172 -0.005352017599306073 0.0017225850872788413
0.0005704398436888693 -0.005793873050296884 0.001322590889456533
0.0008655128071401222 -0.006265695742236255 0.001527063430036852
0.0008757908130297848 -0.006199451331443502 0.0015638910965092867
0.0008757908130297848 -0.006199451331443502 0.0015638910965092867
0.000789692538531538 -0.0053328528437816105 0.0017354654921589322
0.0008591238238943911 -0.006314970487920359 0.0014955771042689172
0.0008591238238943911 -0.006314970487920359 0.0014955771042689172
0.0007081322094193855 -0.0060379334515813015 0.0013451002521005387
0.0007898466976488193 -0.005343688743931006 0.0017293462716954952
0.0004976225746235509 -0.006171821930121838 0.00113058599099576
0.0004976225746235509 -0.006171821930121838 0.00113058599099576
0.0007898466976488193 -0.005343688743931006 0.0017293462716954952
0.0005161135187643051 -0.006048852104896542 0.0011942091325686
0.0006967552791023853 -0.0061336689591600475 0.0012941438617796095
0.0008771598136983783 -0.006107010402934039 0.0016121723026689201
0.0006967552791023853 -0.0061336689591600475 0.0012941438617796095
0.0007921365780546005 -0.005265478476124328 0.001776075730611962
0.0007857324233951313 -0.005438225521749064 0.0016778763102119922
0.0008709305691394436 -0.006188250188912129 0.0015617826461504399
0.0006798474281009507 -0.006253235873898955 0.001233467234445167
0.0008591352964923832 -0.00632361342917488 0.0014815757701423888
0.0008545366654513364 -0.006313091991055692 0.001488325920803597
0.0008753295268219948 -0.006070989454445002 0.0016290378994023402
0.0008753295268219948 -0.006070989454445002 0.0016290378994023402
0.0008856039592794957 -0.005570579305213941 0.0019261669028740717
0.0008856039592794957 -0.005570579305213941 0.0019261669028740717
0.0008923610060378573 -0.005755977554526095 0.0018137665376808704
0.0008671261804151258 -0.006204899248194923 0.0015492232232469576
0.0008905457024998351 -0.005494434355813003 0.0019699117309424185
0.0008902815192870562 -0.005786622744516656 0.0017939940479217902
0.0008845533702240261 -0.005422295223865062 0.0020125361312986665
0.0008867534759832247 -0.005407545851272734 0.0020209293084526387
0.0008867757942612858 -0.00551501193356888 0.001955458514376946
0.0008882978882866913 -0.006049803014002245 0.001637609622780801
0.0008882978882866913 -0.006049803014002245 0.001637609622780801
0.0008877918401391946 -0.005455041215815808 0.0019914576461222606
0.0008883138120019371 -0.00547821210225223 0.0019770926996003557
0.0007358015454127489 -0.005953960303458654 0.0013953369406457914
0.0008921205830143625 -0.005544197094408419 0.001935171951920954
0.0007358015454127489 -0.005953960303458654 0.0013953369406457914
0.0007616812815029357 -0.005906705361939076 0.0014201032078128254
0.0007517132865262281 -0.00584211463524378 0.001458881341327495
0.0007206958953647447 -0.006021396610606735 0.0013622562372159219
0.0006816498171297578 -0.0062650391084036385 0.0012327721078520743
0.0007315236455811415 -0.006054023049309553 0.0013466615284961358
0.0008896717789150847 -0.005557001642219819 0.0019210953876436583
0.0007898420584561886 -0.0053547981056784434 0.0017374174638041821
0.0008456762463693049 -0.0063763141559249415 0.001437292294194546
0.0008908479396305439 -0.005496565814059625 0.0019548411256063137
0.0008839590520329621 -0.00582768323542203 0.0017576518666889756
0.0008893077276771618 -0.005845225151210851 0.001746859349259855
0.0008829552937463453 -0.005836765019222695 0.0017518270468822091
0.0008748786474517276 -0.006035304533962727 0.0016351887165290994
0.0008661846750782693 -0.006178352157975635 0.0015507208047815713
0.0008661846750782693 -0.006178352157975635 0.0015507208047815713
0.0008787101190303216 -0.006016938471872247 0.0016452740705410046
0.0006298363046244162 -0.005410868955107516 0.0015556263121459576
0.0008871112580419169 -0.005620772799114294 0.0018780792889690804
0.0008863857259295558 -0.005671488641028144 0.0018473733506317747
0.0008863857259295558 -0.005671488641028144 0.0018473733506317747
0.0008902097371848654 -0.005736972913839183 0.0018082606937133586
0.000713659493979866 -0.006098999645713135 0.001326624730140692
0.0008828308505386172 -0.005982735961510848 0.0016626226448423526
0.0008854830895039291 -0.005601454887541228 0.001888073865265726
0.0008703495416083485 -0.006070849777131743 0.001609802051385402
0.0008703495416083485 -0.006070849777131743 0.001609802051385402
0.0006298363046244162 -0.005410868955107516 0.0015556263121459576
0.0008488972252744199 -0.006283954475978307 0.0014854501229069207
0.0008576301292509003 -0.006044195358564027 0.0016245762499274828
0.0008879432408176144 -0.005380646997406815 0.002017784688150553
0.0008832232384666626 -0.005829003649951587 0.0017500265386071712
0.0008832232384666626 -0.005829003649951587 0.0017500265386071712
0.0008890653612081055 -0.005561341732309395 0.0019087024741405415
0.0007290266941853723 -0.005972606472477159 0.0013994294608475491
0.0008817369414546639 -0.005803073948502931 0.0017641336964791124
0.0008028825154820376 -0.005347121182251571 0.0017477881908546657
0.0007270223122017542 -0.006066608426615051 0.0013482177895483482
0.0007984216183086878 -0.0054440164879879845 0.0016932513468915368
0.0008868725903886067 -0.0058217300228246205 0.0017495445641079201
0.0007063372180220705 -0.00621824871306505 0.0012690189975605832
0.0007063372180220705 -0.00621824871306505 0.0012690189975605832
0.0008878523377187702 -0.005726412356041596 0.0018051993281114555
0.0008564634976878717 -0.006247302095757161 0.0014985597289796835
0.0008564634976878717 -0.006247302095757161 0.0014985597289796835
0.0008824350145619949 -0.00573427904752378 0.001797922064860536
0.0008059431914742252 -0.00535635856708074 0.0017531079655826122
0.000829810395647794 -0.0063441819793126665 0.0014383991804795067
0.0005129423171422813 -0.006136800915720087 0.001151175981726515
0.0008520322537322829 -0.006308663818997927 0.0014595288221584347
0.0007688854461240261 -0.005830291966283482 0.001486991839463318
0.000726397713875006 -0.00610468717049475 0.0013372522427724622
0.000887971201356983 -0.0054024792886939125 0.001990330698463762
0.0008092298086858849 -0.0053506363737379796 0.0017639812300402234
0.000816678659372347 -0.005378175937721269 0.001748432662479575
0.0008865385058274063 -0.005390953277294808 0.0019927706630203245
0.0008877745998963104 -0.005401267581732216 0.001983629698167722
0.0008858806181589435 -0.005424197355535428 0.001969705098794977
0.0008838389972506954 -0.0056091400862846846 0.0018583042915383077
0.0008215079335172888 -0.005222181455528425 0.001841573607541931
0.0008451945853290152 -0.006201911858907941 0.001509494682160924
0.0008639910265736783 -0.006156339815861034 0.0015340422803563933
0.0008427227106501688 -0.006282129894055023 0.0014615931374954978
0.000846585528124916 -0.0062441804206510585 0.001483705786477789
0.0008522454685179167 -0.006200751559215936 0.0015077182475341316
0.0008222115235023428 -0.0053074340804402514 0.0017966095494968105
0.0007474000285237598 -0.006072457320070062 0.001368819817103226
0.0005242956753453744 -0.00608346612418264 0.0011791355180264644
0.000886117467750277 -0.005545159789571075 0.0018891536686964103
0.0008869118354505905 -0.00541805011184083 0.0019638627252863646
0.0007800841436754996 -0.005848068098608359 0.0014928577850858375
0.0007800841436754996 -0.005848068098608359 0.0014928577850858375
0.0008878421189566243 -0.005614507193315822 0.0018455668239446754
0.0007677508500668661 -0.005951937490088099 0.0014357229932495338
0.000743269830554826 -0.0060928213695813456 0.0013603509082641477
0.000870044295271609 -0.006027691744239384 0.0016029751659704112
0.0008656756804165342 -0.005968195854121239 0.0016364139649179346
0.0008656756804165342 -0.005968195854121239 0.0016364139649179346
0.0008839888933260999 -0.00564938025508773 0.0018226482092804938
0.0008193623069256044 -0.0053381619609048645 0.001784022040670375
0.000859537589723613 -0.006164638077641455 0.0015215044234294644
0.0008188646594782767 -0.005352825571125317 0.0017768310413256688
0.0007407226003416272 -0.0061122177085865875 0.0013516362475992283
0.0008013345924382018 -0.005631990554970629 0.001618590939132412
0.0008827557457714342 -0.005438503685231527 0.0019455883185962367
0.0008448273368096848 -0.006233484824732844 0.0014794853750197264
0.0008887221863370207 -0.005641879495597238 0.0018235996199205348
0.0007732622736038932 -0.006035850328706546 0.0013930845499318092
0.0007826859157480049 -0.0058458653597938835 0.0015005799092949628
0.0007170797074009305 -0.006273858088210955 0.0012666928812988488
0.0007834901260597105 -0.005863421694694935 0.001491935964971765
0.000563477418618912 -0.005964361874870953 0.0012572785802317907
0.0008832308241735317 -0.005706957400210547 0.0017817455763081472
0.0008832308241735317 -0.005706957400210547 0.0017817455763081472
0.0008785959572765318 -0.005741666899096328 0.001760100357329292
0.0008785959572765318 -0.005741666899096328 0.001760100357329292
0.0007326712188393089 -0.006192368538132317 0.0013130958413609844
0.0007326712188393089 -0.006192368538132317 0.0013130958413609844
0.0008790394390153068 -0.005632526569794848 0.001823663314781518
0.0008787336911442288 -0.005671818650622845 0.001799631293885976
0.0008785412273418484 -0.005782534487356775 0.001734224696205605
0.0008081455541379468 -0.005597333466423216 0.001643876795874081
0.0008722859029973144 -0.006062232037977729 0.0015710565176027319
0.0008880162767556513 -0.005382481484633284 0.001969744218473376
0.0007928643670714849 -0.005838320151822647 0.0015104801971359797
0.0008780294742412517 -0.005769574213133286 0.00174032836910455
0.0008261906969436107 -0.005356428844579916 0.001785007054111092
0.0008572001262474712 -0.006111127999852719 0.0015403174779990885
0.0008779548710084072 -0.0054109679454475675 0.001951091654892056
0.0007307759832660961 -0.006232635977865016 0.0012957613100211128
0.0008274468523860527 -0.005314342089034487 0.0018155851011920927
0.0007617471078848574 -0.006094232185675407 0.0013760880527360535
0.000760979196120897 -0.0060741071172763965 0.0013885160736428618
0.0008818929186339221 -0.005376913826558557 0.0019627799126496494
0.0007512726259181069 -0.0060847582020220736 0.0013853900101112987
0.0008735125932973725 -0.005699163556591023 0.0017697403488486528
0.0008735125932973725 -0.005699163556591023 0.0017697403488486528
0.0008733547353643451 -0.0055591650105887265 0.0018509783794565585
0.0008820496481146879 -0.0055700757020463445 0.001844298945137072
0.0007921496806391926 -0.005869678460950691 0.0015037390740928638
0.0008777486777035116 -0.005484570429211523 0.0018935315619367464
0.0008777486777035116 -0.005484570429211523 0.0018935315619367464
0.0008440053847207563 -0.006107300791316002 0.0015284607047037755
0.00073906427705154 -0.006179846604920634 0.0013375010038043339
0.0008647959264950993 -0.005947939132958385 0.0016191641928812613
0.0008813312001748573 -0.005530008061055726 0.0018636180478541929
0.0008145610560118235 -0.006347795408837619 0.0013900186705208602
0.0008145610560118235 -0.006347795408837619 0.0013900186705208602
0.0008799528584292101 -0.005373021669325011 0.0019556591281123265
0.0007697266445931926 -0.006081077441512184 0.0013937099632518573
0.0008302398344250924 -0.006254455981560821 0.0014404930863425385
0.0008747053046460005 -0.005445915923911282 0.0019105992770085622
0.0007981207603974097 -0.005844368405177193 0.0015259745989880755
0.0008318255606196888 -0.0053138098984095985 0.0018289429667623885
0.0008318255606196888 -0.0053138098984095985 0.0018289429667623885
0.0008458702147747007 -0.006052718809262413 0.001554828872547821
0.0008365505156222329 -0.006277619595749336 0.0014255734428423072
0.0008712474761495522 -0.005709346333648172 0.0017541015051070832
0.0007058679072648652 -0.005719256025258035 0.0017486563467945238
0.0007362882844882154 -0.006292076699205931 0.0012802899787485856
0.0008267862062787285 -0.005601197851192771 0.0016644848418410202
0.0008729372707193772 -0.005423632314411371 0.0019201961365748162
0.0008231186737370156 -0.006269368979731068 0.0014274672365042968
0.0008749485488001491 -0.00538077595442359 0.0019441895393262976
0.00087903599096673 -0.005363878447567885 0.0019539774834755014
0.0008663548832943811 -0.005804860037665739 0.001693619974630298
0.0008750366934601318 -0.005694533579653823 0.0017558904780923367
0.0008000296000895531 -0.005864909621693533 0.001517038260145561
0.0008398835247601993 -0.006132917409953879 0.001497270785729865
0.0008790455828109529 -0.005430851274295446 0.0019047804756138571
0.000869866877499382 -0.005791217425974787 0.0016916900704959398
0.000869866877499382 -0.005791217425974787 0.0016916900704959398
0.000838081323806769 -0.006142378729865167 0.0014889929614737363
0.0008054101231642444 -0.005856584151675252 0.0015283924960337464
0.000874065472213722 -0.005621366866538189 0.0017895544659578245
0.0008706276423990194 -0.005476503500144713 0.0018749371763386866
0.0008706276423990194 -0.005476503500144713 0.0018749371763386866
0.0008795067436351583 -0.005402924964645419 0.0019182416572578738
0.0008788703592514566 -0.005409894097737153 0.0019138020752939083
0.0008270221154931773 -0.0056387358156720375 0.0016562892692163972
0.0008567014757314666 -0.0059462793050652826 0.0015980596279192559
0.0008404559008239562 -0.005399074372070171 0.0017954229192520361
0.0008157688133906051 -0.006271946615463536 0.0014082379084337587
0.0008300597209057963 -0.005617556208634641 0.0016734322144389805
0.0008787641593552897 -0.005583053404588095 0.0018030191583422103
0.0008536135288096257 -0.006011602397278301 0.0015523312315423366
0.0008651643661584836 -0.005779519764448348 0.0016859745851749556
0.0007898188624930353 -0.006022870369260273 0.0014494911139086824
0.0008485670902961347 -0.005328817811953397 0.0018460036603534658
0.0008443675552049101 -0.005978803932297394 0.0015612199246226983
0.000843140864904852 -0.0059361036748724555 0.0015830005578729351
0.0008511298680738254 -0.005998125793453377 0.0015468499627574088
0.0008511298680738254 -0.005998125793453377 0.0015468499627574088
0.0008166914484979775 -0.006204610615183145 0.0014277726709164135
0.0008166914484979775 -0.006204610615183145 0.0014277726709164135
0.0008119397867919109 -0.006268870830749402 0.0013896981900785902
0.0008356093864361301 -0.006049567042096003 0.001513268226523427
0.0008434439170288609 -0.005473567267360253 0.0017680617134178582
0.0008493966280919322 -0.005391495122455712 0.001816070586431713
0.0007947052488607681 -0.006065204005083804 0.0014333231514400474
0.0008519199100404699 -0.00535616146408573 0.0018386998157826084
0.0008755742128873663 -0.0053429186379543156 0.00191949248389797
0.0008228827018307744 -0.0061479585501476 0.0014540390272897534
0.0008519199100404699 -0.00535616146408573 0.0018386998157826084
0.0008368128180812427 -0.005927122072555896 0.0015785574651686004
0.0008435461673421124 -0.0059479064078428005 0.0015658731602148437
0.0007980697919702646 -0.006019883983041968 0.001461075052523878
0.0008063068665613943 -0.006220239679005115 0.0014117396211848214
0.0007980697919702646 -0.006019883983041968 0.001461075052523878
0.0008282966396307652 -0.006085207576789325 0.0014866242147932337
0.0008282966396307652 -0.006085207576789325 0.0014866242147932337
0.00086707709274175 -0.005402268518888179 0.0018804650878170904
0.0008708550255297145 -0.005345912296420528 0.0019121846270524047
0.000874289971521971 -0.00535423369147231 0.001906839274073197
0.0008385972145656578 -0.006028317408326601 0.001515867678999617
0.0008385972145656578 -0.006028317408326601 0.001515867678999617
0.0008287776110613394 -0.006010632429867737 0.0015258963596312771
0.0008427131188059458 -0.00538085181149228 0.0018282684030771724
0.0008106847598017304 -0.005903272359392381 0.0015287967327105374
0.000788529919243217 -0.0063248252615201615 0.0013474399097894113
0.0008594928904756985 -0.005673576841938076 0.00171672616313706
0.0007893770107408602 -0.0063104309752394575 0.0013527481492275734
0.0008650431829239555 -0.005489166552580878 0.0018221326319805666
0.0008351576293807707 -0.005928296289825794 0.0015682820296424225
0.0008257361814493897 -0.006095524263514841 0.0014710475613096319
0.0008544342270627079 -0.005484886583920124 0.0017726256758977597
0.0008655029645287302 -0.005340152362618799 0.0019065935222473563
0.0008079721486404276 -0.005916278649391423 0.0015268101551959342
0.0008079721486404276 -0.005916278649391423 0.0015268101551959342
0.0008116908376846625 -0.006163297727121945 0.001431459951372703
0.0008653246063796186 -0.005502212839943411 0.0018096960849900046
0.0008427723625496754 -0.0056555350844891975 0.0016761971732468593
0.0008405533238692002 -0.005685129058506365 0.00165925684789701
0.0007939941985524296 -0.0061133431516420715 0.0014188263013871299
0.0008191502832840243 -0.00607813456339774 0.001477215932138237
0.000802833302425077 -0.006063437977294535 0.001447049143214766
0.000802833302425077 -0.006063437977294535 0.001447049143214766
0.0008614129519986648 -0.005382940012402212 0.0018364885508843794
0.0008229470236096808 -0.006038308223115708 0.001494872448523394
0.000772401891446281 -0.0063033362704877334 0.0013172289858441565
0.0008522190752733558 -0.005370185241873903 0.0018483673916905841
0.0008632572818365249 -0.005405867278533732 0.001855128576107238
0.0008196824739089128 -0.005952281291877106 0.0015158536360381403
0.0008196824739089128 -0.005952281291877106 0.0015158536360381403
0.0008227808276682766 -0.005961631020398089 0.0015327312695956833
0.0008591786165208668 -0.00565115255205623 0.0017092332401206067
0.0008591786165208668 -0.00565115255205623 0.0017092332401206067
0.0008515334151409014 -0.005629030248537924 0.0017214601457576962
0.0008593830544555779 -0.005495995569516807 0.0017985023400901234
0.0008265168196471882 -0.00592911792845576 0.001548993520519947
0.000862727661575121 -0.005389366986874081 0.0018599934591902096
0.0007943746123481444 -0.0062280933305944985 0.0013795832455407164
0.0008068485236469211 -0.005934944879783466 0.001530541069139669
0.0007863000348826729 -0.0062657549232881925 0.0013583959274128669
0.0008614170269651646 -0.005323519791277381 0.0018966877175286166
0.0008665245899761542 -0.005337254309135854 0.0018873892708937408
0.0008477680834031904 -0.005676359354447801 0.0016779179375620836
0.0008477680834031904 -0.005676359354447801 0.0016779179375620836
0.0008090565912637426 -0.006092593798375273 0.0014520043024786589
0.0008085151222535927 -0.00603077793579104 0.0014775660031064756
0.0007986832311579821 -0.006120684109753974 0.00142884846207239
0.0008198350030395942 -0.005916072894929073 0.0015441692617183898
0.0007996083739370467 -0.00611220416715945 0.0014343342446663638
0.0008244532566116328 -0.005949911667511511 0.0015306127885500675
0.0006071835031596135 -0.005894059549745796 0.0013052829394365993
0.000769856667370436 -0.0062045477980072535 0.0013846898681748215
0.0005579660577736774 -0.006135000908979388 0.0011823257779533492
0.0008580443966144606 -0.005405010469808281 0.0018392770818061652
0.0005685140772128032 -0.006093093451959955 0.0012036961561147335
0.000862441787002204 -0.005138793597978751 0.0019935565673286767
0.0008473856634701218 -0.005642670728707937 0.0016979778064970961
0.0008473856634701218 -0.005642670728707937 0.0016979778064970961
0.0005288972529006595 -0.006158906919372394 0.0011501939774918285
0.0005288972529006595 -0.006158906919372394 0.0011501939774918285
0.0008434840397759369 -0.005695483799149811 0.0016664363119519318
0.0006031185673464706 -0.0059361271216027784 0.0012912098858996728
0.0006031185673464706 -0.0059361271216027784 0.0012912098858996728
0.000608971222309021 -0.005967758390794525 0.0012740689468144432
0.0008084531200710017 -0.0060124434703638825 0.0014852219247829255
0.0008633156478951621 -0.005465857179975251 0.0018170340338958767
0.0008239282755428596 -0.00601764801757757 0.0015010724160153214
0.0006049366293233544 -0.005920007557197804 0.0013046184064381522
0.0007893608989502375 -0.006219735386227802 0.0013651109706703832
0.0005080916024043708 -0.005788039202872026 0.0013016964673823385
0.0008718800363339231 -0.00526471877698516 0.0019402274180525371
0.000379271504504632 -0.006115439314409626 0.0011458702499600449
0.0008523741747675217 -0.005473505327869455 0.0017870703663794782
0.0008259301498547855 -0.005983215302954822 0.0015264961947000642
0.0008067919756502607 -0.0059946970539485585 0.001488152389922493
0.0008259301498547855 -0.005983215302954822 0.0015264961947000642
0.00082429633905549 -0.0060582114879535395 0.001485216909439541
0.00082429633905549 -0.0060582114879535395 0.001485216909439541
0.000648360099264339 -0.005168423964581352 0.001700511557974949
0.0008030280231319805 -0.006280543039408165 0.0013632904010218072
0.0006926147369877209 -0.0051540858188006584 0.001728451534435699
0.0008295823855991758 -0.0059470270927639126 0.0015527645572107579
0.0008528335175297502 -0.005257431859198225 0.0019554695481323924
0.0006678818218541939 -0.00537810202409814 0.0016095141706751314
0.0008464933084984334 -0.00534945964879639 0.001846236372286507
0.0008679561570534694 -0.005372007441509079 0.0018976541741988111
0.0007059114153687258 -0.005183927895585879 0.001718987079934796
0.0006877009543067501 -0.005316371547735028 0.0016472501158345003
0.0008076146800406968 -0.005986946216898557 0.001479596214108524
0.0008076146800406968 -0.005986946216898557 0.001479596214108524
0.0007772041454287387 -0.006175243898913087 0.00137294594010566
0.0005912441149657274 -0.006162566615440069 0.0011976235783447726
0.0008368320644614807 -0.00566796160079299 0.0016569984387709666
0.0008104255292405437 -0.006256815575239647 0.00139550244697748
0.0006923041618486353 -0.0054179807747185395 0.001599125889922802
0.0007773886473734962 -0.006167895167018938 0.0013745047088295648
0.0008109138356108178 -0.0062371343647301646 0.0014139844888837268
0.0008109138356108178 -0.0062371343647301646 0.0014139844888837268
0.0008251009255179495 -0.0061331056107143825 0.0014733170041911212
0.000861817815593379 -0.0054557431758142615 0.0018698601442305503
0.000861817815593379 -0.0054557431758142615 0.0018698601442305503
0.0007245925037155451 -0.005147625993829621 0.0017564657379785396
0.000869298576402125 -0.005682619067217796 0.0017377439626585136
0.0006359328306590384 -0.005976662255288625 0.001303282820494858
0.000869298576402125 -0.005682619067217796 0.0017377439626585136
0.0006359328306590384 -0.005976662255288625 0.001303282820494858
0.0008726263194295378 -0.0055451113288156224 0.0018195532408779146
0.0006193814451886577 -0.005263293353703491 0.001623205556580497
0.0006754097268907543 -0.005771045213347962 0.0014143561258285187
0.0006133543816599109 -0.006162873554455201 0.0012101950380723778
0.0008273074885317557 -0.00616581956715926 0.001468265550334246
0.0008362647037411083 -0.005448091956022235 0.0017696239928821323
0.0005267015355669224 -0.005787645874567095 0.0013135803235319278
0.0007028702365239454 -0.005619346310072156 0.0015032671302803817
0.0006575895849276779 -0.005971823953525591 0.001314756923089933
0.0007162124291461647 -0.005440837449891922 0.0016039927791431277
0.00066492916382015 -0.0059450071632158015 0.00132927333298205
0.0008272276818801498 -0.006196381815908599 0.0014534246477251513
0.0008361847717059177 -0.005434559807269327 0.0017742019983235102
0.0008241653759013621 -0.006233618358250456 0.0014330799072858986
0.0006218642909311578 -0.006184989212643523 0.0012040261657094342
0.0007347530251864255 -0.0052905364482009635 0.001688253055674537
0.0007762837672258894 -0.006119940083562882 0.0013839180068279458
0.0006431748611226818 -0.006064084705823967 0.0012689407582037848
0.0006431748611226818 -0.006064084705823967 0.0012689407582037848
0.0007935095283061093 -0.0059559111466516435 0.001474145538918242
0.0007935095283061093 -0.0059559111466516435 0.001474145538918242
0.0006662150978639376 -0.005962364514368073 0.0013224519644447822
0.000827335762530086 -0.005343866224395026 0.0018220423557996455
0.0007251494575983946 -0.005415378313036318 0.0016215424687141945
0.000611413694537276 -0.006207687653733124 0.0011979766585190417
0.0007258157459670263 -0.005389074780430141 0.0016398895978833978
-7.348059498232055e-05 -0.006567817520047263 0.0015870529553276167
0.0006564201322339955 -0.00602352675232572 0.001295384156198598
0.0006564201322339955 -0.00602352675232572 0.001295384156198598
0.0008768466681958081 -0.005174025476223924 0.002061618287796806
0.0008216327528757707 -0.005673385443896165 0.0016250331477098113
0.0008313484760802376 -0.005396604503528678 0.001783513484851186
0.0008613484421443815 -0.005498608751495512 0.0018721135380132092
0.0008613484421443815 -0.005498608751495512 0.0018721135380132092
0.0008300507559794965 -0.005656004520629987 0.001633280879905633
0.0007956602956247629 -0.005851673378200311 0.0015239614401535344
0.0008337153420069711 -0.006301544413680034 0.0014097033917707116
0.0008337153420069711 -0.006301544413680034 0.0014097033917707116
0.0007812889545400427 -0.0059730865662226415 0.0014554994952833218
0.0005704353298798232 -0.006038935141038771 0.0012229104381551183
0.000732366097886154 -0.0052828601516920135 0.0017046948558919663
0.0007547786017110464 -0.006138358305224561 0.001363744289598105
0.0007220848947150839 -0.005594339619881627 0.0015324870223728578
0.000719996066887229 -0.005678666913939013 0.0014879001181502523
0.0008839129735656168 -0.005392469979826076 0.0019464364131625566
0.0008286035159541047 -0.005619277537175996 0.0016461101282832019
0.0008286035159541047 -0.005619277537175996 0.0016461101282832019
0.0007424783466769585 -0.006202454017527807 0.001321507073751141
0.0008798707948730811 -0.005582696625598079 0.001835438839514002
0.0007597363313384239 -0.006085806659556605 0.0013844385994712578
0.0006792527337591328 -0.0059340743415555 0.0013590654757546985
0.000738881530476967 -0.005494071871869887 0.0015992236891187999
0.0007546291444781881 -0.005330483031340638 0.0016924208060270624
0.0006711152137341855 -0.005987112600915338 0.0013334079820682377
0.0008803839271931085 -0.005855904572646651 0.001965318679470887
0.0008859500179730268 -0.005855152772673313 0.001964554341139088
0.0007321039208107289 -0.005436089549693394 0.0016362655107537531
0.0006431220746335598 -0.006212788257955168 0.0012143010997012736
0.0007670747190868422 -0.005985273599879824 0.0014313586414363359
0.0007670747190868422 -0.005985273599879824 0.0014313586414363359
0.0008070534004241781 -0.005653135994981218 0.0016148820926995692
0.0008070534004241781 -0.005653135994981218 0.0016148820926995692
0.0006944106060701282 -0.005954689409003178 0.0013524708007384102
0.0007076173844209659 -0.0058838231085144325 0.0013930038029033188
0.0008770111714588199 -0.005587465464855237 0.002081846170735199
0.0006872584756366521 -0.006016491354009518 0.0013241205691888077
0.0008770111714588199 -0.005587465464855237 0.002081846170735199
0.000880539152070859 -0.005578040819642449 0.0020718144808975084
0.0008504485336750402 -0.0062170064125087075 0.00148757713003629
0.0008624219763958352 -0.006092442711155816 0.0015621723383314162
0.0008685126094019805 -0.005499120253828939 0.0020971309312338227
0.0008883830864324356 -0.005370858300956104 0.0019905784564269564
0.0008711617137776771 -0.005301388522832775 0.0022014731442111368
0.0008906309006455794 -0.005547234260978492 0.002045489946540908
0.0008338984020405056 -0.006300585354641332 0.0014466760016669587
0.0008589492899446103 -0.006067665410233335 0.0015833967700003113
0.0008589492899446103 -0.006067665410233335 0.0015833967700003113
0.0007851342183129443 -0.005418625309035241 0.0016698422316443506
0.0005492060082511283 -0.006107739884629315 0.0011868992695856812
0.0007190778202053181 -0.005997228172371135 0.001356328602869773
0.0008078552911395685 -0.005211426082986246 0.001850653886739581
0.0007876815112179353 -0.005221280731202464 0.0017924031810002245
0.000874897580373004 -0.005804418812831487 0.0017422617839792775
0.000874897580373004 -0.005804418812831487 0.0017422617839792775
0.0008648391211399984 -0.00610714418721882 0.0015659007446034586
0.0008181381242972386 -0.005399289906452121 0.0017386076047893257
0.0008181381242972386 -0.005399289906452121 0.0017386076047893257
0.0005444534688599694 -0.0061443456221569855 0.0011675535855486224
0.0006778600982848398 -0.006226564779314486 0.001238842177950343
0.0008253063665213375 -0.005196324100408092 0.0018539329182443716
0.0008652125134549749 -0.0060868254011815824 0.0015799808196211235
0.0008782230038041014 -0.005523412821813307 0.001912426366603538
0.0008577294957417059 -0.006147455385822549 0.0015459983574507197
0.000747909838178795 -0.005994948573419292 0.0014036343247411198
0.000721978694818917 -0.006204470310951963 0.001288077803956048
0.000721978694818917 -0.006204470310951963 0.001288077803956048
0.0006837166401385132 -0.006199590381838838 0.0012550051250755938
0.0008883007094173451 -0.006037719421802367 0.0016650992214056223
0.0007350022250608431 -0.005938410732829329 0.0013967076339927772
0.0008774031205443191 -0.005253650541053476 0.0020778960862855612
0.0008829187444314307 -0.005567670594126304 0.0018909331125292334
0.0008533381237660239 -0.006343804198572229 0.0014733636468845972
0.0008632930788499318 -0.0063032181591510285 0.0014943553666204512
0.0008448959216304679 -0.006361172583479945 0.0014571049067007024
0.0007339841103537882 -0.00608931576993916 0.0013421903498688477
0.0008848162369091666 -0.005651637410377927 0.0018485574732048568
0.0008695016978091976 -0.006120013432959881 0.0015910371441122692
0.0008695016978091976 -0.006120013432959881 0.0015910371441122692
0.0008794390364994674 -0.005218413271314165 0.0021265785199159554
0.0007040378084638586 -0.006155752769917877 0.0012902790381675083
0.000791820486037792 -0.005407613244949464 0.0017049200448099307
0.0007446397716003041 -0.005928683850485832 0.0014143245291651963
0.0007446397716003041 -0.005928683850485832 0.0014143245291651963
0.0007682414133416632 -0.005385146951566772 0.0017205769437876846
0.0008446017090491742 -0.006345250748987905 0.0014539653017420012
0.0007998564453592029 -0.005318514917422189 0.0017601189140998147
0.0008798550592332123 -0.005746446834800725 0.0017992962689478908
0.0008898609200524729 -0.005816545913135225 0.0017595466634196424
0.0008898609200524729 -0.005816545913135225 0.0017595466634196424
0.0008795775226686721 -0.005011116089339691 0.0020691984777881493
0.000644552199799652 -0.0051272595306843345 0.001729037828077348
0.0008832286299608009 -0.005369327430079776 0.0020354186354904795
0.0006752033455104819 -0.005258849884848402 0.0016553433754540792
0.000803430253671418 -0.005285537655449625 0.0017867283199606548
0.0008291251743578857 -0.005159161534381156 0.0018599934591902096
0.0006465212236124095 -0.00532316395266425 0.0016025639078128815
0.0008774991016783401 -0.0052235868174365565 0.0021042025654059776
0.0008665780660749915 -0.006076257194985334 0.0015979377550750123
0.00088284370235604 -0.005205064088557103 0.0021150537623526966
0.00088284370235604 -0.005205064088557103 0.0021150537623526966
0.0007222113440601658 -0.006115014890975712 0.0013302854292770437
0.0007881547088662635 -0.005237836191639344 0.0017947343126053434
0.0007975129634709997 -0.005430477255062546 0.0017109755704123844
0.0008896236316185934 -0.005412447973280336 0.0020257851639175184
0.0008588726178826196 -0.005455153872966582 0.0017962369094833416
0.000692874657158623 -0.005389123491952763 0.001595025345171629
0.0008870338336784187 -0.00547806070157381 0.002003611829280275
0.0007070911495163464 -0.005210274089956721 0.0016966206545772486
0.000658706376515823 -0.005326278668981406 0.0016010512802481142
0.0008616540019400826 -0.0054973087117984555 0.0018128687912150436
0.0008622329606420316 -0.005477705615262187 0.001825424703378157
0.000658706376515823 -0.005326278668981406 0.0016010512802481142
0.0008653809036091097 -0.005329724209886562 0.0019147780611165333
0.0008606635970052271 -0.00565361552450057 0.001725247733081676
0.0006613434440673968 -0.005545606217824088 0.0017991969651488776
0.0007854146386999304 -0.005248065454660489 0.0017695778517229947
0.0008974030561258869 -0.005666811457171338 0.0018194639677656704
0.0008543448285668791 -0.005230143093730057 0.001914154653933839
0.000713791899045217 -0.005920329040708751 0.0013915789438477804
0.000707880188414314 -0.00517826500867864 0.0017269283746498244
0.0007747892575890986 -0.005276571099163219 0.0017462690433434987
0.0008681568334806421 -0.005463011599522466 0.0021199898633117286
0.0008851907576764047 -0.005335420574210893 0.0019245429346861683
0.0007818991337545603 -0.005171189957803805 0.0018001383451021495
0.00081041537317019 -0.005907389204009554 0.0015215911888700163
0.0008880190978863051 -0.005305420231995995 0.0020251311631401788
0.0008786948222329989 -0.005286499911769735 0.0019560091990805653
0.0006524012121964055 -0.005922148983439404 0.0013238442237683212
0.0006601929242949909 -0.005244739090852507 0.0016551954228242363
0.0007700394139450089 -0.00594228859633423 0.001447684587221583
0.0007700394139450089 -0.00594228859633423 0.001447684587221583
0.0008719188425533607 -0.00548347163016777 0.002140508134632085
0.0008717026812534885 -0.0055067286551268215 0.0021312232294243474
0.000882911033340977 -0.0054814784700149746 0.0019147905994749946
0.0005873639945563034 -0.005932275463267062 0.0012808431711238968
0.0005245382925815999 -0.005960065606344199 0.0012318327340361563
0.0005245382925815999 -0.005960065606344199 0.0012318327340361563
0.000507003523657102 -0.006064754379549383 0.001178122418662794
0.00072778113365583 -0.005087026696820989 0.0017905535223600184
0.0006179343932386427 -0.00533233801878319 0.0015796949450482066
0.0008805583984510971 -0.0053181733725377045 0.0020044584192435797
0.0007519599160371612 -0.00516121892227517 0.0017896793480080986
0.0008532232097107264 -0.005396066169108144 0.002263733115452068
0.0007446934984663106 -0.005687349476406271 0.0022827793834890716
0.0007620225756202514 -0.005202363764987092 0.001761249874033021
0.0007620225756202514 -0.005202363764987092 0.001761249874033021
0.0008834393370747425 -0.0052819662294255176 0.002016952141148725
0.0008551768740343688 -0.005628887060484296 0.0021578115708429726
0.0008764930864872003 -0.005480461044917635 0.0018652736127054187
0.000841362047989952 -0.005548893023111125 0.0022128905734259668
0.0008837466522406282 -0.005325892299465422 0.0019868360071934373
0.0008837466522406282 -0.005325892299465422 0.0019868360071934373
0.0008139318184924449 -0.0058627957798405485 0.0015312497371599
0.000665414774443355 -0.006015753722381242 0.0013094752649717087
0.0008715700881127606 -0.005330228189204913 0.0019554529974992233
0.0007889536530674155 -0.0058990190974351495 0.0014927765365230084
0.000876415662123702 -0.005296076835346036 0.002001770195189484
0.0007208862276461867 -0.005714301116761311 0.001467314139694205
0.0007416054888526774 -0.00518722338368615 0.0017453231495811806
0.0007997178338064136 -0.005435560305582744 0.0023403299472919505
0.0008332830194072266 -0.0062586924421177146 0.0014261873208725707
0.0008493287955726567 -0.005299999836941397 0.0018429528269726704
0.0008367558939338284 -0.006252287723232114 0.0014503662913292789
0.000733838978854599 -0.005111092195133622 0.0018012096224490804
0.000733838978854599 -0.005111092195133622 0.0018012096224490804
0.005618716229763047 -0.004472445609452515 0.0007117887692905965
0.00485675165998807 -0.0052285471174274185 -0.0002924101152424985
0.005122488876914665 -0.005537652823593145 -0.0005940240895358254
0.005356292650210596 -0.0055924577376601755 -0.0007227323452780897
0.005194594468753722 -0.00549608590838952 -0.0005715011854646816
0.003971496157627604 -0.004226773464879694 0.0007478731618734474
0.005061939639302189 -0.005268775688248887 -0.0003669210657687649
0.004037290942885936 -0.004036886357854821 0.0008559708639770802
0.006293036921592257 -0.006355672381773741 0.0007627010245897422
0.006293036921592257 -0.006355672381773741 0.0007627010245897422
0.0052625671668767755 -0.005453867500080248 -0.0005376120086812294
0.006271785407069085 -0.006142416971858473 0.0008278759134057489
0.004645548027051405 -0.0043700296644856055 0.002306113770119829
0.006211956874300963 -0.005943085659781613 0.0009166374606247535
0.004006336243516759 -0.003988025377999939 0.0009152100938975229
0.004815764518479694 -0.004908889912428093 -4.192373896358854e-06
0.005676382647998108 -0.005289914232162323 0.0014234629863461065
0.005179543924791155 -0.00471904932442734 0.0018968988634851043
0.005703729309336471 -0.0052649201430220475 0.0014252589808120984
0.005384956591488899 -0.005566764258884931 -0.0006488786555023629
0.006281768448075946 -0.005859586837759556 0.000904384976736403
0.004673681595766796 -0.0047372622659782385 0.0001678364118639229
0.006313023064979517 -0.005925451336290933 0.0008261486291441247
0.004682890769289428 -0.004725219031129879 0.00017369433293702702
0.0047566140601371576 -0.004842640384417793 7.04790676182118e-05
0.006545054415923363 -0.006193350040832665 0.0005812459009382797
0.006455275757065981 -0.006147381033356874 0.0006185244467809816
0.0051899337101465 -0.004551771117225479 0.0019389103888797655
0.006333551366986642 -0.005833515829011042 0.0008342529225191496
0.006333551366986642 -0.005833515829011042 0.0008342529225191496
0.005148147875204141 -0.00526412483494485 -0.0003554053358235984
0.006379877592294995 -0.0057490716147610066 0.0008588471634080949
0.005787212207643282 -0.005129902867415139 0.0013802051481203953
0.005787212207643282 -0.005129902867415139 0.0013802051481203953
0.005757950938967884 -0.005113820385205314 0.0013848292947209108
0.00523519216884829 -0.00542244305111132 -0.0004821062003762137
0.005668659520720306 -0.0050149794710405695 0.0014468570555631393
0.006352691421944936 -0.005746556984279807 0.0008083707414490628
0.005063771242706211 -0.004279400560119691 0.002060615219119904
0.00523519216884829 -0.00542244305111132 -0.0004821062003762137
0.005268591848117414 -0.004457657101508841 0.0018823588814790803
0.005074699675941052 -0.004169960532705091 0.002092953651728867
0.0058233141539279784 -0.004995980409923172 0.0013150407915254961
0.0058124536785959975 -0.004960475900746207 0.0013323367047213069
0.0058124536785959975 -0.004960475900746207 0.0013323367047213069
0.004145364571341323 -0.004268574502581687 0.0007156074517435601
0.004145364571341323 -0.004268574502581687 0.0007156074517435601
0.004128073422721728 -0.0041889933846985415 0.0007712612126784188
0.00406567628183923 -0.004044320475970091 0.0008874296053564002
0.0054472102935506 -0.0044276538597985485 0.0017026887185381636
0.005129223229244212 -0.004116437665790725 0.0019745855294424405
0.005486120330596282 -0.00560716679943005 -0.0006788250200840849
0.005450868735782428 -0.0043959883922340985 0.0016842864205917306
0.005160778265216514 -0.005174606629138603 -0.0002739077611955445
0.005518188436196819 -0.004440961258476038 0.001592427898832793
0.004345879002922589 -0.0042193321685542046 0.0006693755148908363
0.004206659088980737 -0.004092670956560223 0.0008088075778578534
0.0053929344982106345 -0.004253444528118267 0.0017102608839800922
0.005130325601720126 -0.003993004924371039 0.0019423403822204299
0.0051356664408902875 -0.003971186676045418 0.0019379333999884635
0.005256720530326287 -0.005244487069847435 -0.00034741639534641725
0.005459056785391975 -0.004309755267690601 0.0016082994545074038
0.005459056785391975 -0.004309755267690601 0.0016082994545074038
0.0053619396760943815 -0.00415855557915693 0.0017224321193056139
0.003973261558498951 -0.003867749669857216 0.0010568052744662777
0.003973261558498951 -0.003867749669857216 0.0010568052744662777
0.0038381216264003946 -0.0038378177870795165 0.0011385473470843263
0.005374336852639375 -0.004170352042948044 0.0016154372912122342
0.004818010138480108 -0.004709453006312464 0.0001784732028809545
0.0059662742601988275 -0.004798909152631902 0.0010287524527793765
0.005457203365244231 -0.004225991102657607 0.0015269024375142092
0.005082861896532167 -0.0050197841386570305 -0.00011897251952550874
0.004392299265919401 -0.004298239286978265 0.0006215948400009768
0.004110270207542574 -0.003975940531964216 0.0009425296723816093
0.006728744376586962 -0.0058575346846302 0.00010474966126605568
0.007069792742076821 -0.006144958497118573 -0.00017788901209915838
0.006691406148157985 -0.005694695011019013 0.0002110523719723734
0.006691406148157985 -0.005694695011019013 0.0002110523719723734
0.006869480930368289 -0.005948398789179575 -4.0812840403920245e-06
0.006584941441860347 -0.0055780895938568635 0.00030998127406761975
0.007017387419052108 -0.006036733906827312 -0.00011049508460267658
0.006940156146274085 -0.005988676635749797 -6.617424434661916e-05
0.005198865284412798 -0.0038669952995203935 0.0017893122248723529
0.006507910281283366 -0.005483126574542916 0.00037343815700726355
0.007066337170484896 -0.006077520685367477 -0.00017098463962887683
0.005291898650359557 -0.005256516057496214 -0.0003456850988100854
0.006706873968690142 -0.005706063540635843 0.00016679572811163768
0.007003619799927298 -0.0061523232781115515 -0.00020475394970543925
0.006450668161098634 -0.005400788553747204 0.0004261604497338779
0.005470265576322009 -0.00422625280954459 0.00146135290254738
0.006708316882981865 -0.005739473062516359 0.00013356055210552527
0.006354814416799599 -0.005365918313105949 0.00047393234777281455
0.006354814416799599 -0.005365918313105949 0.00047393234777281455
0.007040385777676103 -0.006122017940327084 -0.00021334147141556132
0.00642032733975972 -0.0053128213742285125 0.00047663988089894065
0.006572262653784314 -0.005506020112490175 0.0003032755091953647
0.006899351814032075 -0.00594341040326576 -7.916824675436908e-05
0.004261792257272284 -0.004133959269438839 0.0007891715054388316
0.005954502747741051 -0.004804457736728819 0.000921780193731227
0.006422635902319609 -0.005317771141998267 0.0004474152242302492
0.006373525158364178 -0.005281873257497527 0.0004838514431515232
0.005615182418814323 -0.004390714539244016 0.0012724053574138022
0.005615182418814323 -0.004390714539244016 0.0012724053574138022
0.0065256966950621815 -0.0054485144987023795 0.00032524221168516685
0.006324146595072015 -0.005204606344435579 0.0005392042834833114
0.006511251001511786 -0.00539004462245712 0.0003650457321547988
0.006450055286137048 -0.00537693018911635 0.0003888849130972066
0.006450055286137048 -0.00537693018911635 0.0003888849130972066
0.00675946887169479 -0.0058081988771403895 2.210858834633421e-05
0.00675946887169479 -0.0058081988771403895 2.210858834633421e-05
0.006025039038635095 -0.00492866984683751 0.0007996716283486354
0.006881214827750682 -0.005957741496219819 -0.00010978240430773814
0.005575977479577632 -0.004342076554094367 0.0013014075836033907
0.005481828199727821 -0.004220249600242816 0.0014055336352808325
0.005346108493934016 -0.004069245165296284 0.0015415853568066919
0.005384246418865654 -0.004127259084136099 0.001493707384255173
0.005974954314994394 -0.004830463522503912 0.0008675563071952912
0.0065139332071538205 -0.005318293427319971 0.00039301078533247126
0.005632408117202751 -0.005650003913037593 -0.0007214293590667947
0.006701538646397704 -0.0056665791213890504 0.00011279853509668171
0.006701538646397704 -0.0056665791213890504 0.00011279853509668171
0.0065378889948299185 -0.005472284593289666 0.00028462470098422935
0.0065378889948299185 -0.005472284593289666 0.00028462470098422935
0.006951730054202512 -0.006001250603149094 -0.00017650201888617297
0.004840867565954998 -0.004718991223584371 0.00018532817421889865
0.005541660744770651 -0.0043068383126322754 0.0013153682934485046
0.0057507850163401 -0.0045044147247130005 0.0011210041774596593
0.004264106085942726 -0.0041022268156943095 0.0008125099043442964
0.0056854920161873886 -0.004440450289022845 0.0011780481915807032
0.005015931135997245 -0.0048808538451226855 1.4859912552706268e-05
0.005871091568844638 -0.004682255215940746 0.000962776613624864
0.005871091568844638 -0.004682255215940746 0.000962776613624864
0.0054200339031201415 -0.005426874921984832 -0.00048471794044369575
0.005607170658524742 -0.004372270363180323 0.0012377202456352288
0.006929618909823236 -0.005882840853512576 -0.00012341912297021262
0.006488645344274798 -0.00543256959363077 0.0002944412325907249
0.006529310751505058 -0.005455709008787455 0.0002665827554599732
0.006544355778589902 -0.005476959206782987 0.00024770174298748894
0.006526094411792573 -0.00540902989138021 0.0002956619671705139
0.005812291933771848 -0.004558380070297465 0.0010516735751152503
0.005812291933771848 -0.004558380070297465 0.0010516735751152503
0.0041115305633351 -0.003926484230849592 0.0009953853732422514
0.005366568085736774 -0.004080366125025297 0.0014910066218426158
0.005366568085736774 -0.004080366125025297 0.0014910066218426158
0.0044272348941000305 -0.004263741404237414 0.0006513192756379343
0.0066436425254356325 -0.0056998017590367015 7.274926280120889e-05
0.005758579612261131 -0.004534911962073718 0.0010785442803664233
0.006564080121052491 -0.005619334586706995 0.0001317813590398714
0.006759411696780207 -0.005770521862265789 -3.0373720199331425e-05
0.007031105386277411 -0.005954837487016605 -0.00023208706961666385
0.006765705952727763 -0.00572971702848944 -9.360685254093298e-06
0.006505378535942867 -0.005445737440378586 0.00024655523548979067
0.0060076538523270405 -0.004828459610708736 0.0007886880263365652
0.0060076538523270405 -0.004828459610708736 0.0007886880263365652
0.004296540311610333 -0.004073559551751014 0.0008355012414875534
0.005385714409874298 -0.004168495425518892 0.0013979519406864733
0.005247737799557465 -0.005192972597191395 -0.0002554129301636674
0.005343182542603494 -0.005240030059565208 -0.0003239751819015701
0.006969746170708338 -0.006008107580624392 -0.0002579634830418584
0.005699191928176507 -0.004450151906574043 0.0011121440718365892
0.0053357901772219 -0.0051408136529104455 -0.00025815306302179276
0.006906689762937947 -0.005907364001909047 -0.00018534758001342792
0.004416108354801502 -0.004208213183616649 0.0007075608348174571
0.006331974041492215 -0.005258663063307329 0.000401438819122966
0.005537185553868655 -0.004297651488733601 0.001255044244753993
0.0064449301067324195 -0.005380606310433609 0.00028846720631826937
0.006658557655126818 -0.005613339433300532 7.44005646105578e-05
0.006381830065474584 -0.0051975200717299195 0.000422069935669474
0.004884928360656569 -0.00469725991457107 0.00020698292235018443
0.005849035844009761 -0.00464784743306015 0.0009297184792402246
0.005849035844009761 -0.00464784743306015 0.0009297184792402246
0.006783493369575256 -0.0057992698105457825 -8.94735235736848e-05
0.006783493369575256 -0.0057992698105457825 -8.94735235736848e-05
0.00642360687279885 -0.005336496302675077 0.0003112955448015298
0.005054758419877082 -0.004897357913962823 1.2308607373007567e-05
0.00549490645990443 -0.005437550832680263 -0.0005013776573311818
0.005568725543810805 -0.004341676831226622 0.0012018018609184053
0.0056932003482022065 -0.0044487908677630725 0.0010921032612064379
0.00576204396070398 -0.004524518885399278 0.0010217500303459277
0.00550668674921313 -0.00424875439840635 0.0012752064266940495
0.00550668674921313 -0.00424875439840635 0.0012752064266940495
0.0057249615147876125 -0.004520416115089478 0.0010325124557147413
0.00549490645990443 -0.005437550832680263 -0.0005013776573311818
0.005453201873524901 -0.00538193826025295 -0.00044853424406183167
0.0059107865071299955 -0.004703018523029128 0.0008505136688403981
0.005351228156460921 -0.004021090721940694 0.001455218134519451
0.0043333388890911375 -0.004101135163514879 0.000812555042434757
0.007034298655410327 -0.006050485351469707 -0.0003545589966274629
0.00567298951743132 -0.005610286844549552 -0.0006801450584628871
0.006739817251711276 -0.005752823154304409 -7.600155894139137e-05
0.006739817251711276 -0.005752823154304409 -7.600155894139137e-05
0.006390293958970277 -0.0052408726059079095 0.0003556733092050014
0.006676281878647665 -0.0056581111529268565 3.0733540647764106e-06
0.005962532814033985 -0.004756982480578128 0.0007947726409306491
0.006587517823756968 -0.005487815168305922 0.00013196266370322132
0.006828541183854897 -0.005880855153683065 -0.00019080151517691005
0.00541495210643579 -0.004145867951538182 0.0013476771355314984
0.006869872628686619 -0.005846735145720342 -0.0001852382455276457
0.006822035280416515 -0.005945049417483817 -0.00023169838050436455
0.0055134371506415075 -0.004198567487144188 0.0012801525583398502
0.0067639726500540774 -0.005823438123397799 -0.00014000762198163868
0.005987468599807415 -0.004760136532076719 0.0007732864083370827
0.0043488869551174475 -0.004119620966928664 0.000796960333714971
0.006341249417547522 -0.005149626144117259 0.0004151337157687008
0.005858112361699873 -0.004667117236519097 0.000868525271537178
0.00571651642882961 -0.00441400535507912 0.0010705563429579189
0.004461512258461444 -0.004247687258717711 0.0006731259886737707
0.005377372389222848 -0.004057600541026135 0.001401750561765899
0.005317734941037676 -0.005097231510043133 -0.00021153143398809277
0.004243848110944025 -0.003997767055606421 0.0009211888847461936
0.006774887040327442 -0.005836476887745255 -0.00017575097121434304
0.006483556275342538 -0.0053420126161719044 0.00022629450205222858
0.005823589245512619 -0.004620609565490861 0.0008883263487535501
0.00430775135944489 -0.004004055669292669 0.0008914734767273281
0.005477177221040199 -0.004166851458649243 0.001273429992067257
0.00503781909759591 -0.004859696666073987 5.971588994789059e-05
0.006521192415168556 -0.005460394091810092 0.00012498958102857206
0.006521192415168556 -0.005460394091810092 0.00012498958102857206
0.00492321047671051 -0.004713997736125957 0.00019831339977572566
0.006798740514998495 -0.0058382794021576475 -0.00020233504959109153
0.006303427710016278 -0.005220989245714135 0.0003424566255509794
0.006811925351222026 -0.005836371941684935 -0.00020708257363886585
0.006610363715942075 -0.005643878235319549 -2.2345409276581874e-05
0.005260367186501162 -0.005071150658683229 -0.0001625578596742282
0.005487163522020259 -0.0042213585553569225 0.001223970681746603
0.005487163522020259 -0.0042213585553569225 0.001223970681746603
0.005543368970727414 -0.00430920003783204 0.001150390578952501
0.006355097282166484 -0.005195515470325028 0.0003313764781787573
0.005815601057336945 -0.004602237963013236 0.000877833748858823
0.005997195356767328 -0.0048273000398088165 0.0006768804747314125
0.006852551638773886 -0.005761311058756557 -0.0001852670837521066
0.00531538023731865 -0.004074281385047628 0.0013663472528146641
0.00669633121536157 -0.005680016542843783 -8.997179793893557e-05
0.006848794143510213 -0.0058621432836662235 -0.00025355273930235375
0.006848794143510213 -0.0058621432836662235 -0.00025355273930235375
0.006321678544592499 -0.005252896421483823 0.0002940420112573181
0.006321678544592499 -0.005252896421483823 0.0002940420112573181
0.0051383626894937985 -0.004876772860210712 1.5603687976628655e-05
0.006225715465807681 -0.0051220007864161985 0.00039782375961141343
0.005389955133473069 -0.004092878090242003 0.0013150051825874661
0.00597745446367157 -0.004801367336990605 0.0006772731761184195
0.005282777746880493 -0.0051212251322158885 -0.0001931128361756601
0.005416673623052521 -0.004102657508307453 0.00129369047473765
0.006419374424516664 -0.005301389713976828 0.00021116546796569403
0.004481100183583974 -0.004917352269974876 4.5705026668931885e-05
0.006623108706550784 -0.005623393754875246 -5.935538348104347e-05
0.005307342648010639 -0.004022924958399993 0.0013722543242529364
0.006885958339523749 -0.0058951477538766485 -0.00031921085645345763
0.006973841700116126 -0.00600617404036608 -0.0004181114218585815
0.005350749943469208 -0.004078008474792032 0.0013205335956002083
0.006485664725701386 -0.005395292865850045 0.00012082233221038521
0.005699357434508196 -0.004468863917647417 0.000957745722675865
0.005603640609083557 -0.004452340006855015 0.0009996885378661584
0.005802001452215516 -0.004617202525182655 0.0008290841096270766
0.005802001452215516 -0.004617202525182655 0.0008290841096270766
0.006504288200291075 -0.0054847338040222736 5.369672558497453e-05
0.005578437254740564 -0.005499473710153963 -0.0005402169780351423
0.004504465414576546 -0.004214928477641335 0.0006983070247387033
0.006504880010810447 -0.005438134555958427 7.991418236031555e-05
0.006722669291145309 -0.005783822929072255 -0.00020735891905935218
0.005431468133735309 -0.005200055860691023 -0.0002943149426599342
0.005051277270033896 -0.003683863107732944 0.001649084728444553
0.006583065201900203 -0.005528927505323533 -1.0986910346519687e-05
0.005364182286888764 -0.004076324447867099 0.0012994551104238022
0.006365905347160097 -0.005190619335383592 0.00027047290655616603
0.004453431286433157 -0.004143657815092214 0.0007678738497565227
0.005017714090570437 -0.0036991803425799824 0.0016481247917207583
0.0054972952679584715 -0.004268179042755818 0.0011315308816894011
0.00667548092830916 -0.00570370701885484 -0.00015529137941158527
0.00667548092830916 -0.00570370701885484 -0.00015529137941158527
0.006645656185804512 -0.005644842999311351 -0.00010922319352036562
0.005605512335234655 -0.0044085749920295455 0.0010066488314151771
0.006779097922633074 -0.005830220372256668 -0.0002700512129000279
0.005969170119469042 -0.004806396166946931 0.0006313898056309189
0.00649662726327124 -0.00544072322544634 5.467371447627649e-05
0.00627330856685496 -0.005200049779587169 0.0002790351007821963
0.00575890059423774 -0.004593497920008907 0.0008280183491578689
0.00575890059423774 -0.004593497920008907 0.0008280183491578689
0.00569230561094241 -0.004516517563293116 0.000897023957250962
0.005914140267251215 -0.00479282648148338 0.0006489033847296172
0.006206857774681935 -0.005096590549158593 0.0003598250104586963
0.006608434313342055 -0.0055650085752413925 -6.648118336175098e-05
0.005418734678416384 -0.005142700675858866 -0.00024911842344894187
0.006737031228461183 -0.005735761269569278 -0.00021796511648173832
0.006491271378070926 -0.005423454395104806 5.817943950204687e-05
0.005577121980937977 -0.004326445484135044 0.001047230983945254
0.005458972276855946 -0.004121673120058019 0.001211744277643852
0.005458972276855946 -0.004121673120058019 0.001211744277643852
0.005936000393694097 -0.004777772140749142 0.0006405317735521983
0.005936000393694097 -0.004777772140749142 0.0006405317735521983
0.006908409022650156 -0.005997352051352732 -0.0004464019708219085
0.005850484525946376 -0.004604696155208412 0.00077408685714125
0.006772015756239811 -0.005798477511674615 -0.0002778563410421669
0.005341611486288298 -0.004095311597543959 0.0012619578956095357
0.006467069337034649 -0.005423895619939057 5.506992660365254e-05
0.006467069337034649 -0.005423895619939057 5.506992660365254e-05
0.006885288791181917 -0.0059615124075270455 -0.00042490871674760386
0.005575461400743367 -0.005417222893641348 -0.0004763721582847069
0.006380673025755778 -0.005295741496948989 0.0001545786023941479
0.006380673025755778 -0.005295741496948989 0.0001545786023941479
0.006283154187453086 -0.005175468672628712 0.00025978897131132
0.006283154187453086 -0.005175468672628712 0.00025978897131132
0.0055104901348687705 -0.004135687744844517 0.0011673163598065353
0.0055104901348687705 -0.004135687744844517 0.0011673163598065353
0.006898019237294811 -0.005976528721771013 -0.0004478381144000621
0.005798658976616911 -0.004588285967327253 0.0007841737157561705
0.0065237753170115775 -0.005539001386737447 -5.370158688368875e-05
0.006361811322355324 -0.005250021438580447 0.00017761557916220382
0.0065419128048273085 -0.005507722570802046 -4.4525765394564004e-05
0.0065419128048273085 -0.005507722570802046 -4.4525765394564004e-05
0.006555898591389345 -0.005479380050342897 -3.950866663987244e-05
0.006296959923187618 -0.0052396399598875825 0.0001967298051020676
0.005741822597711986 -0.004587096688354254 0.0007855810211098631
0.006395778738495574 -0.00533693589752273 9.595450433981501e-05
0.00617450730524885 -0.0050825545778168165 0.000327610456831331
0.005331982277757214 -0.005120104077585866 -0.00018914168728380746
0.0040786915994563645 -0.0043677596887238814 0.0014874773247029382
0.0040786915994563645 -0.0043677596887238814 0.0014874773247029382
0.006580710999715515 -0.005542474888181972 -0.00010187145242018606
0.005435498714446268 -0.005219290360834426 -0.00029118035304461734
0.006387814373200977 -0.0053649987498964 7.005677570523631e-05
0.004621629102149183 -0.004210808999968885 0.0006680073292155428
0.005437041434071343 -0.004146803501154769 0.001150422677150162
0.004066575783675241 -0.004358973966912383 0.001489560196810524
0.004066575783675241 -0.004358973966912383 0.001489560196810524
0.003506967404955906 -0.004609514897132246 0.0015240351657012866
0.005754324845700885 -0.004566574968985321 0.000779009918207482
0.006197924445045451 -0.005118620319591456 0.000284116897466548
0.006814371835724988 -0.005833201743131588 -0.00037345655973311596
0.0045093488544300404 -0.004198230487414646 0.0007247639641606545
0.006372833542511455 -0.005316873646299609 9.67725068458281e-05
0.005269785499842927 -0.0040635864160473364 0.0012509647644450349
0.005455729606590693 -0.004243848358161729 0.001073271649866291
0.005305392682502743 -0.00408137032215446 0.0012257215381221345
0.006811356611282223 -0.005847764921100765 -0.00039035500696570454
0.005413456781805699 -0.004162302291432326 0.0011300934842754014
0.005455564100259004 -0.004227186070910758 0.001073970287199753
0.004601806208189088 -0.004251105403309629 0.0006560261754042942
0.004389171948551992 -0.004049663509352984 0.0008702701095006479
0.005315034178625119 -0.0050463280942867035 -0.00013028763573529493
0.006341487144823948 -0.005325485993959485 7.879425618255514e-05
0.005664531642347688 -0.004497328028837745 0.0008249188669462436
0.00660095794095877 -0.005681492433018259 -0.0002319777351308816
0.006242453672819135 -0.005144613872630575 0.00022214129619551833
0.006440068734389817 -0.005441459289779809 -3.409059118158955e-05
0.006305205147711748 -0.005297397249875592 0.00010032462379790517
0.0042630523622976405 -0.00389805300150433 0.0010187819501309766
0.006634402758318355 -0.00564050873955846 -0.0002289783090197772
0.005214979833474389 -0.003971340208244777 0.001296934398838749
0.005272025853732786 -0.004031251933021289 0.0012369197968310616
0.005448859839989765 -0.0042254873741064255 0.0010485911450711322
0.006198752979772571 -0.005123938683754076 0.0002295306523710817
0.0062719795008580655 -0.005203586098207585 0.00015206666766001757
0.006503537904920753 -0.005504755493655772 -0.0001155533091731211
0.006503537904920753 -0.005504755493655772 -0.0001155533091731211
0.006671333740864511 -0.005741772660149949 -0.0003293691837116073
0.0067896747802966605 -0.005950726159277156 -0.0004995636076290057
0.005297970225060841 -0.0040868689565658565 0.0011734426017507105
0.005320124752160393 -0.004214101792322087 0.0010852171947395098
0.00632060024576483 -0.005301177815718833 6.004138573354509e-05
0.005142720270593428 -0.004856496500843918 6.940202262638892e-05
0.006100205494541717 -0.005073747290028764 0.00027475876824539644
0.006112599912647849 -0.005052214728200684 0.0002803772066718904
0.006289710244325313 -0.005259294056196892 8.718016108862004e-05
0.006289710244325313 -0.005259294056196892 8.718016108862004e-05
0.005262469869215116 -0.004059396472800335 0.0011904300713283741
0.005644414598498092 -0.004480309808935955 0.000794467708052871
0.006516269855636662 -0.005553006294296136 -0.00017864958892341886
0.006203833021086739 -0.005126356706183331 0.00019057322033041605
0.006203833021086739 -0.005126356706183331 0.00019057322033041605
0.006155895867483282 -0.005086056196530191 0.00022998378864587193
0.005057538675482284 -0.0038247549490838142 0.0013966008071786872
0.005646383873078018 -0.004592170413470346 0.0007099055078497141
0.005646383873078018 -0.004592170413470346 0.0007099055078497141
0.006347475464825049 -0.0053796138993614 -2.4498746958719946e-05
0.006347475464825049 -0.0053796138993614 -2.4498746958719946e-05
0.005685498536133788 -0.004502526604658215 0.0007483586471130676
0.005685498536133788 -0.004502526604658215 0.0007483586471130676
0.006700493448836373 -0.005775635380997048 -0.00039773458322166813
0.005328396056470122 -0.004165011642620429 0.0010816482763870946
0.005094789386169202 -0.0048303704251923376 0.00011273007565948318
0.0056703496914408845 -0.005543870470170503 -0.0005607013957876534
0.0056703496914408845 -0.005543870470170503 -0.0005607013957876534
0.005320637571021459 -0.004072672713657048 0.001134732175371732
0.005685809236656458 -0.0045229008729316435 0.0007247449058557934
0.006314363666266196 -0.005295037969655727 2.138938810499591e-05
0.006363680039300391 -0.005562748724204126 -0.0001612052215634267
0.00623447225535703 -0.005186761251139164 0.00011576210150258689
0.005649686727463885 -0.004541981276649558 0.000717806178283328
0.0051754877658289344 -0.003983242997315642 0.0012273786075763756
0.0065613818663116255 -0.005634001080749893 -0.00028528155692292945
0.006807120652259668 -0.0059121265719869745 -0.0005444745030342503
0.006807120652259668 -0.0059121265719869745 -0.0005444745030342503
0.0049330826786285744 -0.003383600831173534 0.0016831715097573546
0.005170673286946977 -0.003949508731950979 0.0012488006437746202
0.006131277552946092 -0.005045504355481694 0.00022800072187163786
0.006184728575066475 -0.005212396708660629 0.00010125421769422353
0.00562683406456521 -0.0045287286549255965 0.0007207491817813567
0.004917146425024303 -0.003639824819384811 0.0015235501819960047
0.005682578603215328 -0.004530082280432127 0.0006990593262463793
0.00629002871863023 -0.005275834909446166 2.1755508172064918e-05
0.0063825176690526 -0.005375751207270236 -7.267337707143254e-05
0.005287444273132607 -0.004193928482588896 0.0010476668172853675
0.005426896146705993 -0.004187419946095237 0.0010013290566872307
0.005610498338860363 -0.004466605696596751 0.0007628830815545999
0.006071016697578225 -0.005023494113542135 0.00024995137526260955
0.006242479251070396 -0.005170903362275276 9.678479443712013e-05
0.005222810038333451 -0.004022260801552299 0.0011697046663262374
0.006254272831039064 -0.005182214528902147 8.309215469590841e-05
0.004473033003749995 -0.004094315362272419 0.0008322969385991918
0.006408946021017259 -0.005453617422520738 -0.0001430930612317874
0.006244149360417436 -0.005209165072150822 6.463167876621511e-05
0.005392185958210497 -0.00422506345220685 0.0009763511420293706
0.00560649183179765 -0.00447097076936556 0.0007446518068175785
0.006793360054615597 -0.005905434348541857 -0.0005654133108973977
0.005288251241883174 -0.004051896465611351 0.0011164472364604964
0.005048380156927836 -0.004660981218573558 0.0002431751448158022
0.005837413287250504 -0.005617260052607786 -0.000667521439164083
0.0064032841998704895 -0.005516303697949353 -0.00019401835642373282
0.005625009482641927 -0.004514759027173027 0.0006953414521954443
0.006184885555314409 -0.005221292862064276 5.3587140332023055e-05
0.0067398317962070915 -0.005911618517702124 -0.0005725285785569978
0.0067398317962070915 -0.005911618517702124 -0.0005725285785569978
0.005645167903074445 -0.004530320211456877 0.000671916789383766
0.005214709004931625 -0.00403991769408821 0.0011259999610049667
0.005256826855606038 -0.004053470154981824 0.0010948190696491483
0.0056193601998536175 -0.004514371466512989 0.0006744685960978032
0.006277256645167244 -0.0052560458690539165 -2.11239223952852e-05
0.004598390759344239 -0.0042004566102676515 0.0007211238279321794
0.005531901638845908 -0.004437960484491399 0.0007509736471537496
0.004567306664115742 -0.004148256069982506 0.0007684024669492498
0.006749422135826946 -0.00592038446025315 -0.0006089201609221496
0.0062954894245072805 -0.005343891739954494 -9.058116216015316e-05
0.0062954894245072805 -0.005343891739954494 -9.058116216015316e-05
0.006071324639662034 -0.005148617558562635 0.00011017952278129216
0.004567306664115742 -0.004148256069982506 0.0007684024669492498
0.006348548748309334 -0.00533346333645509 -0.00011035189654904891
0.005837573025937301 -0.005588243281922383 -0.0006394899326865658
0.00625386608669058 -0.005298983853755281 -5.8496255159277425e-05
0.00625386608669058 -0.005298983853755281 -5.8496255159277425e-05
0.00594127252265989 -0.004932982242827834 0.0002800953443736811
0.005156197752103444 -0.0040171478470471715 0.001130146646915277
0.00659818044379243 -0.005789496285508809 -0.0004910651082639585
0.006042400652829243 -0.005121955272174984 0.0001183274496437622
0.005314688119931588 -0.0042184191252910555 0.0009400892062907081
0.0052825861607632045 -0.004161949775484187 0.0009862413991836183
0.004912327933867638 -0.0037605025699915954 0.0013629383239162148
0.004912327933867638 -0.0037605025699915954 0.0013629383239162148
0.006150241569351589 -0.005173444448692829 3.690836513967586e-05
0.005208935090860211 -0.004117192161511132 0.001030788682193486
0.005586917698869426 -0.0045041662457941944 0.0006527727221507645
0.005079015880457758 -0.0039642900146655904 0.0011698561296964497
0.005497650103502926 -0.004469667171909291 0.0007031312835402606
0.005946409237354303 -0.004898891480586221 0.0002698179027101494
0.00556815730540534 -0.004550233851786336 0.0006233070782324475
0.004214928387153112 -0.003669866538182631 0.0012135723703075047
0.005510137806996009 -0.0046020905746095245 0.0006123375191818538
0.0063712807921996115 -0.005421954556665669 -0.0002119542274354067
0.006424621476765535 -0.005462382111235918 -0.00025705395051907803
0.004963079948945649 -0.0037948181763463153 0.0013055713216812085
0.006319711025382757 -0.005398211607624452 -0.00018598879166513717
0.005529385942604239 -0.0045108608828733155 0.000646637452588497
0.0051230924734909904 -0.003976626819014593 0.0011256804836313737
0.006290341174523084 -0.005305836818955871 -0.00012358914311094742
0.005938514334565581 -0.004958543661342585 0.00021537459490114153
0.006046939538592222 -0.005086908052604049 9.61463412242724e-05
0.005668389695246219 -0.0054888870098789835 -0.000504226623140751
0.004449576493507825 -0.00390922198314625 0.0009692579418806623
0.005081975183821787 -0.003955676914704207 0.0011470784461813726
0.006047496743242241 -0.0057558063432413065 -0.0008235673286266179
0.006499856141342186 -0.0056777439026808865 -0.0004486373093683833
0.006499856141342186 -0.0056777439026808865 -0.0004486373093683833
0.006659286384520587 -0.005876314637933487 -0.0006296257553179176
0.006081848334685744 -0.00521236100568491 -9.324324014555623e-06
0.006081848334685744 -0.00521236100568491 -9.324324014555623e-06
0.006092585683337636 -0.005210313836553043 -1.3487560558034869e-05
0.006092585683337636 -0.005210313836553043 -1.3487560558034869e-05
0.0050514031551528475 -0.003936802046027369 0.0011553352059952865
0.0050514031551528475 -0.003936802046027369 0.0011553352059952865
0.005721842221969618 -0.005453834963040041 -0.0005008430217263933
0.006192725540093071 -0.005323541169178558 -0.00012921936759439494
0.00432488903855692 -0.0039261989205028065 0.0010159161829210693
0.00432488903855692 -0.0039261989205028065 0.0010159161829210693
0.0058859435052091786 -0.004893676213076049 0.0002465349233490834
0.005171974267020919 -0.004167103667729691 0.0009580998059188112
0.005613230697936242 -0.00457055111754761 0.0005425036271288093
0.006278675485810721 -0.005388177911649406 -0.00020836976151849957
0.005311651831046607 -0.004190662240209736 0.0008878343435675299
0.0052048932256266375 -0.004124287242413609 0.0009648058215582354
0.00634724877130407 -0.005488045247183686 -0.0002993435767044102
0.00634724877130407 -0.005488045247183686 -0.0002993435767044102
0.0060388367498202125 -0.005088431400465301 5.86278112006218e-05
0.0045118088803601415 -0.004056456729275506 0.0008574764700611091
0.006046592476830014 -0.005110226609557249 4.0909856859004754e-05
0.006046592476830014 -0.005110226609557249 4.0909856859004754e-05
0.005879100821462526 -0.004953091152417378 0.00019804683427483913
0.006272637012375774 -0.005448559009874917 -0.00025395722674631424
0.0065192971169035505 -0.0057632723714788605 -0.000540909847723712
0.005017560621062871 -0.003943175983242947 0.0011333850541386532
0.0051726194909473356 -0.004136986593397519 0.0009554983473052674
0.005426095196367487 -0.004438661848917826 0.0006698263942611035
0.004387336834407601 -0.003963767917419264 0.0009715584798911357
0.006110303386912083 -0.005176587031511665 -4.201533526344903e-05
0.005089550358469746 -0.004022998872023122 0.0010461501774458926
0.005972487769117893 -0.00508352673944011 6.031873422270833e-05
0.005972487769117893 -0.00508352673944011 6.031873422270833e-05
0.004649364703367014 -0.004226140371815089 0.0007011236415834424
0.0050414088296233716 -0.003974599617218575 0.0010888999613867534
0.005482254754682674 -0.004500645114260465 0.0005972257880299958
0.004682481768036421 -0.0042593969884141695 0.0006714689192195295
0.00631966488422362 -0.005494999459628852 -0.00033086701601339036
0.006200180346499802 -0.005358503378679125 -0.00020943727735789187
0.00516004778045256 -0.004166203288208588 0.0009143369226142802
0.004853946076898777 -0.003802751007669382 0.0012537798766867588
0.006107874957645305 -0.005223876484862908 -9.553105531349233e-05
0.005541457372596409 -0.0045495306536249835 0.0005316790115020279
0.005159362935313406 -0.004121665346275774 0.0009380279001596758
0.005159362935313406 -0.004121665346275774 0.0009380279001596758
0.005845445610447962 -0.004940521165946892 0.0001728294369703688
0.0052883816408111715 -0.0048614942905265785 5.088913635832752e-05
0.006223336688440409 -0.005416187099848863 -0.00026380761192065517
0.006246016572759488 -0.005479351086734851 -0.00031464338323318713
0.005576075780307968 -0.005242171172347847 -0.0002984816899437826
0.0060355326415985 -0.0051194179159190735 -1.953556314541184e-05
0.0056778388529497995 -0.005337898529993593 -0.0003986742078047555
0.00645533744578961 -0.005747339753998544 -0.0005652758904886623
0.00645533744578961 -0.005747339753998544 -0.0005652758904886623
0.00431604498203268 -0.0036116873637782963 0.0015551142455863995
0.00431604498203268 -0.0036116873637782963 0.0015551142455863995
0.004546954400661413 -0.003985548111826954 0.0008970690953414226
0.005168300026457428 -0.004185704322506982 0.000874349589809606
0.005168300026457428 -0.004185704322506982 0.000874349589809606
0.004964421302533835 -0.003940457729820337 0.0011019528940792711
0.006018517086097882 -0.00515566759541234 -4.606372044342307e-05
0.005991155378729366 -0.005139497187963805 -2.584862663066e-05
0.005991155378729366 -0.005139497187963805 -2.584862663066e-05
0.006142768707708674 -0.005355141280549528 -0.00021611445477285525
0.005153783365798142 -0.0042090466396494655 0.0008597760050029056
0.005015227483320398 -0.004120510438077906 0.0009669659299539426
0.0049479298504168994 -0.0038461633811631285 0.001158052017506674
0.0058160687381075505 -0.004921394668088684 0.00016425319978286186
0.0058160687381075505 -0.004921394668088684 0.00016425319978286186
0.00509560563330503 -0.004685662706846209 0.00024139645328448677
0.005150596867378796 -0.004174874942303985 0.0008756560867612701
0.005150596867378796 -0.004174874942303985 0.0008756560867612701
0.006326890990972017 -0.0055796034125656846 -0.00043444438912456696
0.0050196648083798414 -0.004071173063293288 0.000987973698788627
0.0061759567394869715 -0.00539141406196826 -0.00026513116103982654
0.004923266899323586 -0.003948647722875444 0.0010876722053262259
0.006205534727097102 -0.0054681327039605935 -0.00033668682047677224
0.006486921069219205 -0.005814448872682578 -0.0006558304229676281
0.006046928504836776 -0.005170633254688124 -9.937180527734778e-05
0.004939676099809017 -0.003917847621466094 0.00109246837820483
0.004991367990237284 -0.003978711822643117 0.0010342121555877506
0.005126466044218579 -0.004187742996900992 0.0008521742490350084
0.006453532423705526 -0.005744425212574222 -0.0006105461352474068
0.006348329577803431 -0.005593170606030491 -0.0004783316529450338
0.006310928657582147 -0.005560359289232162 -0.00044562659873466376
0.00494052645127986 -0.00404160410330125 0.0010104008098011268
0.004887080193735692 -0.0039218287383529235 0.0011039816004783042
0.004286568053591748 -0.003747245512823328 0.001155849780226537
0.006482723226806372 -0.005834591494783435 -0.000685715600360059
0.004812186572509187 -0.003713719008058368 0.0012525315577183549
0.0056686349455377216 -0.005088544496458621 7.64809290464513e-05
0.006065041919004262 -0.00528899078206165 -0.0002014026972559117
0.0050974231937475755 -0.0041759549965018385 0.0008497578565923529
0.005948058031491959 -0.005143660675274453 -7.653042690128762e-05
0.0057148458179482305 -0.004916068561489715 0.00014992737293935613
0.0062457191628967875 -0.005546519198395446 -0.0004417434691192092
0.0062457191628967875 -0.005546519198395446 -0.0004417434691192092
0.004925721157608795 -0.004021784908156902 0.0010029450003257187
0.0056997849925317255 -0.004874141732706459 0.00017486817405617088
0.006365756391461577 -0.00577507629559326 -0.0006352030679286584
0.006076516021599337 -0.005325257043533982 -0.0002550681253059825
0.0064434786663569435 -0.005847734452889704 -0.0007158287251093159
0.0048660465958825765 -0.003979079698080371 0.0010386923618331306
0.004349194897201256 -0.003863276297017197 0.0010641206543269197
0.00627058924767188 -0.005628721240693646 -0.0005227385063401355
0.00627058924767188 -0.005628721240693646 -0.0005227385063401355
0.004946546618711452 -0.004023498337532426 0.0009712234549530506
0.005003827607807414 -0.004094028296555448 0.0009050695711083881
0.004161399627210269 -0.0042964330110583345 0.0008832673718815979
0.004602508356262919 -0.00369427113639985 0.0013009988331175535
0.004643145426803056 -0.0036963775179295506 0.0012797076973816446
0.00593526138284639 -0.005249179362426188 -0.00017744966801867557
0.005976643984180634 -0.005280470779411842 -0.000214741002987008
0.004910263618530575 -0.004085860182935855 0.0009338676728222272
0.006125471289909847 -0.005485903005948787 -0.0004001279050847549
0.005666170405798575 -0.0049142602794324305 0.00012590287505889077
0.00498161565502611 -0.004191528515395825 0.0008347679982847384
0.006207543873656935 -0.005580641964797031 -0.0004978082374444281
0.006207543873656935 -0.005580641964797031 -0.0004978082374444281
0.006347132415337549 -0.005843157450517004 -0.0007169767372100295
0.005868768211021765 -0.005676212028735881 -0.0006704621857575887
0.005868768211021765 -0.005676212028735881 -0.0006704621857575887
0.005715550473693754 -0.004849613647331346 0.0001317923927953173
0.006164782052891952 -0.005546873971248107 -0.000470267482317085
0.004728489017505519 -0.0038456704356002237 0.0011348354914454527
0.006074892554945772 -0.005452732966714881 -0.0003799990751782053
0.005970932009600019 -0.005364855937993526 -0.0002890347891447253
0.005041607186454229 -0.004176441547501928 0.000801268012147924
0.004892701892135386 -0.004026546287090775 0.0009482431515652396
0.005891260019963925 -0.005140605547505885 -0.00012938437239174523
0.0057857176353146985 -0.005079443027435172 -5.1354406179739484e-05
0.004847003587818773 -0.00397190079825158 0.000994469070005902
0.00614513946052653 -0.005526138535559202 -0.0004686334834424126
0.00614513946052653 -0.005526138535559202 -0.0004686334834424126
0.005621523818989694 -0.004898798555677075 0.00011502208758620288
0.004657263618430443 -0.003834450234763989 0.0011438846755141186
0.005777384391514171 -0.0050911623803217496 -7.07063593960289e-05
0.0057932466688035205 -0.005134932097031642 -0.00010575182359677911
0.004933784826702405 -0.004071427215819298 0.0008848717802303017
0.005862626170745929 -0.0051780990948503015 -0.000160322019593415
0.00606507150953023 -0.005487838928495206 -0.0004310482493517481
0.00606507150953023 -0.005487838928495206 -0.0004310482493517481
0.004919064041567369 -0.004104644461972811 0.000866502082015868
0.005839757207981254 -0.005208420042891054 -0.00017584500890280256
0.006166056451645955 -0.005613786927314015 -0.000551629391906588
0.004833225185705686 -0.004005371507321387 0.0009568715483239454
0.005601385961465052 -0.00492002069909555 8.669467584899976e-05
0.004764157638121795 -0.003945035421802753 0.0010137585821970543
0.004820188552879168 -0.0040341011495980275 0.0009321639606745102
0.005714733725023587 -0.005042063955303507 -4.18152230624072e-05
0.0048924237913447145 -0.004088935403423858 0.0008670622958719173
0.005789338462471144 -0.005109721345057156 -0.00011610148620504772
0.005543592655042363 -0.0051923701290673314 -0.00023797633658592118
0.006254410752982138 -0.005743343528389768 -0.0006874155510002377
0.005539842181259429 -0.005167830806188446 -0.00022162054950753624
0.005830874031778615 -0.00519053868239279 -0.00018542757474041083
0.005034503704851582 -0.004565815160135516 0.0003549237661361868
0.006228375102404485 -0.005675818825814536 -0.0006399546042511404
0.004890026958741259 -0.004104339215636071 0.0008527966531490257
0.005656257830366267 -0.0050124220220652245 -1.4161873476081833e-05
0.005692028262453247 -0.005061748864628735 -5.8790405048778756e-05
0.005918203698461343 -0.005306008970617544 -0.00029871866491870057
0.005918203698461343 -0.005306008970617544 -0.00029871866491870057
0.005778096570274771 -0.005159551289253926 -0.00015470884727747478
0.004778278838955212 -0.0040111850426055385 0.0009438828120267492
0.004778278838955212 -0.0040111850426055385 0.0009438828120267492
0.005558365850515766 -0.004858723328979587 0.00011063642056362074
0.008284980352082557 -0.005864587636648248 -0.0015940183609425191
0.006178848586482479 -0.005727158325678249 -0.0006687697581324868
0.004513675841935024 -0.0037677175176009624 0.0011919487173052028
0.005830385035798626 -0.005222910059538609 -0.0002331112027357802
0.005878949358092314 -0.005344304941557586 -0.00032790896648520813
0.00472245480711245 -0.004057660411687787 0.0009196612111512728
0.005307358195575131 -0.0049215361791368675 2.941544212322243e-05
0.005502981664287826 -0.0048835389659330625 9.513474646361735e-05
0.005502981664287826 -0.0048835389659330625 9.513474646361735e-05
0.005686131723236082 -0.0051193565720003015 -0.00012198398246073595
0.005123649678141009 -0.0044484442448434105 0.0005120529697697752
0.005531743655529296 -0.004915581258188117 6.199235431011831e-05
0.0058480335276343675 -0.005362038130004733 -0.00033945704539520467
0.004795871158945047 -0.004058058253801764 0.000880550058835872
0.005862163254551539 -0.00531723381064641 -0.00032014697029617587
0.00613340807081583 -0.005800548472341663 -0.0007227536604874739
0.0058521313139466785 -0.0052910930886248516 -0.000301245144148646
0.004358285708620013 -0.0036917194550693975 0.0012704624133866443
0.004612869052626633 -0.003947499397315769 0.0010087367188661475
0.004601653240215861 -0.003916174001378684 0.001032662414481938
0.004623635490270155 -0.003931407730758371 0.0010108281170574868
0.005945792099350839 -0.005609588520675052 -0.0005498577218560109
0.005040274108182626 -0.00440697149271183 0.000548338728389514
0.005040274108182626 -0.00440697149271183 0.000548338728389514
0.0054102958616376136 -0.004872772873094399 0.00011234991263093756
0.00548615017188942 -0.004899075465323692 6.485410924531799e-05
0.008207574545354751 -0.005870730053074838 -0.0016314576485406945
0.004705505955678846 -0.004022349071595866 0.0009169739901658539
0.0056232601308694105 -0.005088986567632069 -0.00020221267521250956
0.005037815336088372 -0.004375087418867608 0.0005611990718960668
0.005188756107519817 -0.004583437572185658 0.00037237966878596334
0.005188756107519817 -0.004583437572185658 0.00037237966878596334
0.005205726023395635 -0.004629602201562867 0.00033678351988159427
0.0050640598757179895 -0.0044444802114699845 0.0005065774686297397
0.006142583140003447 -0.0057333732138167455 -0.000715511755407415
0.004477318113137717 -0.0038481752861618235 0.0010327185863278445
0.006017140374338835 -0.005548280649683877 -0.0005544259473777891
0.006017140374338835 -0.005548280649683877 -0.0005544259473777891
0.00584476954215973 -0.005309167508497522 -0.0003398655451138728
0.005743900454476187 -0.005269152403228857 -0.0002756189963583383
0.005743900454476187 -0.005269152403228857 -0.0002756189963583383
0.005643969236005547 -0.005114792640866297 -0.00014553929496758066
0.0059027546854668765 -0.005706182028123302 -0.0006101499231200308
0.005363687774031052 -0.004795881021516396 0.0001610927811491148
0.004780200969307325 -0.004295478622558159 0.0006337094019462534
0.005259164757924726 -0.004704296575539151 0.00025694953465418136
0.004783265093348089 -0.004045388681419199 0.0008523542998625121
0.005398047640791139 -0.004836749377751299 0.00011770329015956031
0.005025268953077689 -0.004482292577924175 0.00048498541229076024
0.005905787463611489 -0.005399162203271192 -0.00043379640675928865
0.005644702479208362 -0.0051913444286534076 -0.000204367517497663
0.004971436764860083 -0.004332464272347206 0.0005901554076936871
0.005307591158275341 -0.00480914812504438 0.00016042273127294467
0.004549551596233079 -0.003925230018852712 0.0010117288727293442
0.005827245932374263 -0.0053449514193198485 -0.000378911497965275
0.005827245932374263 -0.0053449514193198485 -0.000378911497965275
0.005041476285991893 -0.004457119002182527 0.0004828960202367746
0.005041476285991893 -0.004457119002182527 0.0004828960202367746
0.005041476285991893 -0.004457119002182527 0.0004828960202367746
0.00583339098185613 -0.0053710457494151 -0.0003987567102034306
0.00583339098185613 -0.0053710457494151 -0.0003987567102034306
0.005187321468544679 -0.00460868400362644 0.0003278587163288641
0.005874086731913866 -0.0054923958694943695 -0.0004912644681634927
0.004716888277489986 -0.004111998271902137 0.0008233094432541553
0.005131847758437324 -0.0045621252936427934 0.00037746246853899196
0.0061297674330530166 -0.005801063297340083 -0.0007835875188370205
0.005075318820081869 -0.004517946387604518 0.0004270301102767514
0.005148643140363361 -0.004574918650969267 0.00036117438859629785
0.0045903789990546584 -0.004066542459438165 0.0008537616052162048
0.0049439047865836635 -0.004468697016423349 0.00046052207186415053
0.0049439047865836635 -0.004468697016423349 0.00046052207186415053
0.004779665832168198 -0.004198853925943236 0.0007349084992244969
0.005428576035972634 -0.004916673521612523 2.8851717526803847e-05
0.0046477838671322175 -0.0040909314473990994 0.0008152793769612212
0.0047886442998951425 -0.004253859829896401 0.0006942019661784843
0.004358547008010346 -0.003786742031586036 0.0011577676475367723
0.00536110487218803 -0.004865064932903283 8.261193556684186e-05
0.005292045349153554 -0.004823518212293255 0.0001341039645612366
0.005718111308025883 -0.0053010986986769424 -0.00033213840556136286
0.005538018853171991 -0.005093841639449545 -0.00013298187820145208
0.004771017123268785 -0.004248222928737073 0.0006688784943614317
0.004535782974039592 -0.0049544951037601825 -1.7145501255525035e-05
0.005759744676529352 -0.005388371441212256 -0.0004053997832833794
0.005550595328242981 -0.005020732884895899 -9.711790996035034e-05
0.004690013559964104 -0.004104602521163758 0.0008173020649481929
0.004753826281516879 -0.004191235117807832 0.0007373013195532451
0.0046174881838837644 -0.004034857902222958 0.0008866396887733404
0.00566975562401699 -0.00525717595130203 -0.00029436810529981
0.004477026470919908 -0.003786113734443542 0.0010743183520306376
0.005548306576289461 -0.005125063970080078 -0.00016530651861610727
0.005821899325559209 -0.005416020715832082 -0.00045479539874305016
0.004737887269473747 -0.004171526072142565 0.0007497529125739605
0.0051627573197160406 -0.004686511565468748 0.0002386713664565149
0.0043530216042036345 -0.003752473632150923 0.0011654070185800535
0.004501838628478911 -0.003981497720509626 0.0009606104868170954
0.004339256743517686 -0.003752950967457543 0.0011659391465131497
0.004287352453297085 -0.0037019716319406297 0.0012180390351257467
0.004830768921283124 -0.004311566214149057 0.0006060542969897434
0.005278198236836099 -0.004844350451945955 0.00010646791790958777
0.005648888284797072 -0.0052152750142289974 -0.00027256640760735815
0.005648888284797072 -0.0052152750142289974 -0.00027256640760735815
0.004738073840247651 -0.0042322379009183874 0.0007033634939389632
0.004680066378662443 -0.004065794797123119 0.0008277284623102445
0.004500267321396544 -0.003990737550318696 0.000946874965889946
0.004500267321396544 -0.003990737550318696 0.000946874965889946
0.005355962891383064 -0.004903165070357107 3.3336437581229986e-05
0.004830768921283124 -0.004311566214149057 0.0006060542969897434
0.004595233349916523 -0.0038127201310983513 0.0011210347710543047
0.005264905821496971 -0.00443584096903121 0.0019032437744008442
0.006958331750699538 -0.005998981285651189 -0.00014856730853597677
0.006149589574711603 -0.0053366426253183205 -0.0001954008358276722
0.004193355890653332 -0.003926819631938431 0.0009837151707208422
0.005263912783506839 -0.003943497278678517 0.0013920278170806936
0.0052426592628463135 -0.004079878633648323 0.0010844358042402036
0.006425122509569648 -0.005513838844751245 -0.0002462428763194348
0.0041001319416579625 -0.004051261961981419 0.0008884793167267775
0.0010094341039706114 -0.006255804356629746 0.0015331956903930886
0.0009787182603301216 -0.006316261311923947 0.0015360619591373342
0.0013714960059400473 -0.0056739431500805225 0.0016121712996002432
0.0014724087584569315 -0.0054676438960559815 0.0016318600331248021
0.0008124969914419298 -0.006596773103543376 0.0015133354321247793
0.0011066006770923344 -0.006177424194065917 0.0015348983994721288
0.0007414097023853047 -0.006686697332742494 0.001515669572935929
0.0007414097023853047 -0.006686697332742494 0.001515669572935929
0.0009194660532086715 -0.006416370951235491 0.0015375665621526864
0.001558305776628927 -0.005380811688745204 0.0016590326620477226
0.0009098194163593262 -0.006441640006576822 0.0015365735241625541
0.0008788026521157658 -0.006516737501511906 0.0015176586581222243
0.0015383896286277766 -0.0054150559518402796 0.001666515554377407
0.0011216800592793624 -0.0061581509817407645 0.0015550570706718162
0.002123510259823747 -0.006936965475301085 0.0019674045607845033
0.0010135125812108926 -0.006310028368549266 0.0015490752706171147
0.0010135125812108926 -0.006310028368549266 0.0015490752706171147
0.0014166082046903877 -0.005660540585262312 0.0016238881448151284
0.0021518526862452075 -0.006689290139888699 0.0020860550469034775
0.001511544595665553 -0.005514537482084706 0.001639439220047469
0.001511544595665553 -0.005514537482084706 0.001639439220047469
0.0021521127944914864 -0.0067192080423967146 0.0020585554175918874
0.0015624084842469344 -0.005405232336061254 0.001668565325218655
0.001483553039532683 -0.005556153547653499 0.0016400390551162562
0.002152717049331631 -0.006671510371439869 0.002076266099685597
0.0020641582160230492 -0.0069145418750289536 0.0019521518984835409
0.001082330803536782 -0.006221331143109168 0.0015580823258013507
0.0021196663752702763 -0.006701541620708373 0.0020422751114314392
0.00205568711297124 -0.0068336313463440565 0.0019802965009543786
0.0014374375840300645 -0.005662418956743394 0.0016196341305563895
0.001574549408090876 -0.0053781807649892766 0.0016861270516138446
0.002117876681329411 -0.006660575167491458 0.0020450586270098405
0.0020559370964930612 -0.006785571442211265 0.0019932155239785303
0.0020503367446486477 -0.006873339324522214 0.001935458829562548
0.0020178003156866337 -0.006849587912089034 0.001950746599267202
0.002198652642082123 -0.006239404434529577 0.0022358172126395637
0.002272161589691957 -0.005766960090777697 0.0024968543005133674
0.002229164361246863 -0.006116538301528756 0.002274584312398787
0.002293386334819814 -0.00559721911659405 0.0025715367757833843
0.002256669820895138 -0.005774581406584794 0.0024686560338683153
0.002089312921535213 -0.006611281865036831 0.002013874224913653
0.002262324244410416 -0.005730982399625351 0.0024883472750645667
0.002273135287264163 -0.005789948167947753 0.002440066570439272
0.0022469379859000483 -0.005763066491632927 0.002446885932839186
0.0014163628603611968 -0.005706197011461664 0.0016275759268057563
0.00228783014934308 -0.005676051537747577 0.0024648268191942444
0.00221343966109573 -0.006076190240151151 0.002241922390141524
0.0011726677954964448 -0.006128787274676737 0.0015630685801942274
0.0022668134782738883 -0.005757052279921603 0.0024088355256496083
0.002273947992313726 -0.005741509793464808 0.002413804727874978
0.0011364684888582966 -0.0061735888355962 0.0015654012164023616
0.0008407348792997194 -0.0065177991243228215 0.0015105092861276096
0.0013539576008915956 -0.005804337438885073 0.0016190508461207715
0.002256481745518219 -0.00564516862048059 0.002446299137663199
0.002256481745518219 -0.00564516862048059 0.002446299137663199
0.002176487708145048 -0.0060768767152769056 0.002201625610650026
0.0008683655344572298 -0.006469287212367501 0.0015155848136327308
0.002294282576682625 -0.005468351435623951 0.0025294535309783243
0.0009397005187852573 -0.006461180787471537 0.0015491199071732368
0.0009397005187852573 -0.006461180787471537 0.0015491199071732368
0.0009097644983492658 -0.006513085704610062 0.00154292294888734
0.0016116562097685547 -0.0053629662819898285 0.0016919503668175956
0.0014284141349421402 -0.005732307892190084 0.0016164844949109192
0.0007931923078370392 -0.0066820522470833485 0.0015378534397942803
0.0009734111493442209 -0.006433851052917098 0.0015503411432873642
0.0022661441806992254 -0.005403393209642155 0.0025192217289395917
0.0009341492859601157 -0.006486260012065765 0.0015476609437826837
0.0013867490443917638 -0.005792899321378782 0.0016143519709038267
0.002224990435752796 -0.005652928485148684 0.002352859278135126
0.0022553536380615627 -0.005408396578894331 0.0024914783539395145
0.0022693016528187344 -0.00534913346340102 0.002519041678112088
0.0022747003565131946 -0.0053817368315242685 0.0024876060073123368
0.0022747003565131946 -0.0053817368315242685 0.0024876060073123368
0.002262257759764675 -0.005355713531229701 0.0025091428948740865
0.002221956058967481 -0.005620092405092394 0.002360715813546956
0.0012958999858725428 -0.005961967675322774 0.0015874702318972077
0.0015062911018350223 -0.0055894860213212706 0.0016499002232788738
0.0008646479738652564 -0.00660212760952426 0.0015385681262265725
0.0017239491369026908 -0.006930179214167508 0.001781206928428651
0.0008555009906005925 -0.006618159154652837 0.0015367575872647654
0.0017579595216545424 -0.006920705230514175 0.0017522774247181378
0.0015272781980511937 -0.005555762350869508 0.001658184065947064
0.0009908344522619981 -0.00640884793615873 0.0015591756706591733
0.0022273254855949337 -0.005549617426771225 0.0023621406726024945
0.0015389953567250404 -0.005516079073257519 0.0016719035377753828
0.0012654063219439866 -0.006019618796760513 0.0015849204313205245
0.001768568663876938 -0.006813904370826191 0.0017980163533161647
0.0013195577367680162 -0.005911656258161092 0.0016087428108625941
0.0017668301053780711 -0.0068373745478790835 0.0017803036650851014
0.001834658649602072 -0.006663348777766675 0.0018475799827792165
0.0016898407817768617 -0.00521789368173953 0.0017410686337881033
0.001716122744488249 -0.006900187209960987 0.0017556096188628043
0.002275271384703417 -0.005311586784762624 0.0024543196748037024
0.002275271384703417 -0.005311586784762624 0.0024543196748037024
0.001160762937596433 -0.006172942483217521 0.0015780002605185817
0.0022037096441626172 -0.005596777766376213 0.002311060403299968
0.0008978320560606391 -0.006591083698007991 0.001532399253863629
0.002218694393089159 -0.0055959309883375314 0.002296955753099719
0.0018075297364495743 -0.006674799308247843 0.0018380764085999142
0.0014935375851425595 -0.005642360717794982 0.0016467515907020802
0.0010695731491860271 -0.0063029083363134505 0.0015744694587758888
0.00186856867924294 -0.006499127000902302 0.0019062143622874876
0.00186856867924294 -0.006499127000902302 0.0019062143622874876
0.00186856867924294 -0.006499127000902302 0.0019062143622874876
0.0018751667082701168 -0.00652988083576893 0.001884414169198051
0.0018976628429459457 -0.006440769719116025 0.0019249256053864062
0.0018189589595578321 -0.006608583861063136 0.0018557414510688246
0.0017656898631413663 -0.006716411612309098 0.0018157641489509196
0.0017132269165639309 -0.006830132141264686 0.001774183943087326
0.001873931703471104 -0.006481177212312736 0.0019016458859985401
0.0018463557312294327 -0.0065542856220615255 0.0018695100732623118
0.0019513744591739984 -0.006360427804987346 0.001930300047357244
0.0016870695302803303 -0.005307538901116988 0.0017123663251329083
0.0017736819313512481 -0.006738838221787259 0.0017928545619048301
0.0017736819313512481 -0.006738838221787259 0.0017928545619048301
0.001899387243385124 -0.006425301773200282 0.001912979558978849
0.0015446781012574927 -0.005570455426232344 0.0016624200249696186
0.0017754045137284493 -0.006661156821940477 0.0018226547292268937
0.0008596715620837716 -0.00645261270021703 0.0015255352549075926
0.0017138211642267285 -0.006794338889365306 0.001771798144239316
0.0011885869342414162 -0.00614446235427426 0.001588993893217421
0.0009364458116958815 -0.006520453620192657 0.0015568881725414995
0.0018892948208736363 -0.006430237999542899 0.0019017306453017384
0.0018685108460645375 -0.006469584246079448 0.0018849106881931174
0.0018685108460645375 -0.006469584246079448 0.0018849106881931174
0.0012214715377449517 -0.006122951421114525 0.0015807897945090445
0.0016762960006278045 -0.006841332155343798 0.0017531390607115963
0.0018621368383206936 -0.006446917527036754 0.0018980910106076016
0.0018621368383206936 -0.006446917527036754 0.0018980910106076016
0.0019167972869888284 -0.006354265703337972 0.001925955756917584
0.001892593929424913 -0.006414649685385928 0.0018981150842558472
0.0021994957526509547 -0.005555096125192668 0.002266747838360495
0.00202677224779423 -0.0061051388021665254 0.002014628532558683
0.0016687651177311096 -0.006865312518202479 0.0017357027179010192
0.0017666363343538652 -0.006641444892452764 0.0018195853390755754
0.001793801378059696 -0.006548338678643346 0.0018573995235917427
0.0017165208021052611 -0.006708653879161942 0.001798065503681333
0.002023660540683105 -0.006051224362317414 0.0020370947632495817
0.0008530017823003004 -0.006662509083900524 0.0015436501736780933
0.0010819639311682055 -0.006310467336478995 0.0015782304647799306
0.0015313463781645885 -0.005567237143074298 0.0016840095736369058
0.0018991520707992348 -0.006338478154665051 0.0019216601153087538
0.001984292289327456 -0.006145540151567591 0.001994257712333831
0.0008625247282434253 -0.006653427300099859 0.0015456277235746045
0.0018568020802543857 -0.006422855288697319 0.0018892253881068086
0.001542796422784366 -0.005581650236892694 0.0016723147959329125
0.002014154944693501 -0.006073632415025052 0.0020136971832921797
0.0018107820220684722 -0.006523668956836464 0.001842993451254085
0.0008940598282257745 -0.006611429566899505 0.001551079903367902
0.0018149823016247305 -0.006473160938214109 0.0018649962642162555
0.001674321624503279 -0.006780621925208679 0.0017490329990827004
0.001555246291780793 -0.005537959762608277 0.001694857259843256
0.0016301279075290707 -0.0054075329994553115 0.001718772423237939
0.0012319678364554247 -0.006139991175646972 0.0015832854293771751
0.001634641309078477 -0.006831702445278375 0.0017360136691908588
0.001634641309078477 -0.006831702445278375 0.0017360136691908588
0.0008461152142990339 -0.0066890121644816135 0.0015456974368476492
0.0019313095748956014 -0.006205731669813167 0.0019612948694734973
0.0019313095748956014 -0.006205731669813167 0.0019612948694734973
0.001679418059721134 -0.006725414028300704 0.001777463476126455
0.0011710680890321642 -0.006201940446365233 0.0015957154564213373
0.002125561723343387 -0.005715085077624102 0.002156928368872961
0.001853731177663578 -0.006371143336895514 0.001895686654989069
0.001814360653730458 -0.0064590127799099995 0.0018611339482758466
0.00200971630310642 -0.0059829484866867665 0.002043935190091711
0.002066065927262931 -0.005862407717646172 0.00208949206172488
0.0021058853401019124 -0.005685129748116081 0.002174372736232953
0.0016050329786408708 -0.005497980579736603 0.0017028587386788984
0.0016393426606212177 -0.006775408601144069 0.0017528501769326487
0.001680726586319574 -0.0066764260348746085 0.0017898619065072948
0.0017923431865618357 -0.006467365959700481 0.0018560829959533096
0.0020675824730647173 -0.005817661701654693 0.0021057352543442827
0.0020675824730647173 -0.005817661701654693 0.0021057352543442827
0.0021267968456895104 -0.005582870971472483 0.002217480114157129
0.0019717430381672755 -0.006089246432816869 0.0019895713754753473
0.0019717430381672755 -0.006089246432816869 0.0019895713754753473
0.0016530979843182617 -0.005401868858712226 0.001729322699581588
0.0011201679959407258 -0.00631473564446638 0.0015826680406065424
0.0020694462373581925 -0.005836131330586063 0.002088350068036228
0.0020694462373581925 -0.005836131330586063 0.002088350068036228
0.0011201679959407258 -0.00631473564446638 0.0015826680406065424
0.001632130071790536 -0.006745369703476903 0.0017629239956547694
0.0016132794570008465 -0.006797446521509931 0.0017397260263640707
0.002130125623131496 -0.00560884530947726 0.0021882687481484067
0.0017946231342367734 -0.006452600036474985 0.0018497812169906765
0.0009505371712361614 -0.006564577608220872 0.0015626046609311607
0.001817036488319099 -0.005047418900126937 0.0018232575735017114
0.001817036488319099 -0.005047418900126937 0.0018232575735017114
0.0017253630993410791 -0.005196207681749779 0.001798507355433508
0.001705371106025949 -0.006626513086744825 0.0017916007260587034
0.001774386686032256 -0.006477225999410837 0.0018434353030062599
0.0017667449728627968 -0.006498859557716323 0.0018355582046865532
0.0016332293645321537 -0.0066677745675363335 0.0017955854163776942
0.0015630414676009033 -0.0068807472374683 0.0017066829380095849
0.0017017206961800098 -0.006611668548011777 0.001794762900062635
0.0010584339461454525 -0.0064071066089356294 0.001581028524854147
0.0017678075551520024 -0.0064621655501450855 0.00184895468840091
0.0020985607132019057 -0.005697046705532008 0.002137040526216037
0.001596848847268344 -0.005547377637107496 0.001697745094564055
0.0015960518465127534 -0.006818759975523901 0.0017222881789504783
0.0020154334654328486 -0.00594682071138364 0.002027873051368489
0.0020154334654328486 -0.00594682071138364 0.002027873051368489
0.0016707673290114193 -0.006666911803090614 0.001772820772755417
0.0016803845320642768 -0.006637596243323079 0.001785236255303764
0.0016803845320642768 -0.006637596243323079 0.001785236255303764
0.002053162984683506 -0.005820608592043844 0.002078912696389601
0.0009178105510492381 -0.006638289865313156 0.0015552852687958111
0.001986368813891071 -0.005997624259114927 0.0020026223020305116
0.0018052359182155887 -0.006385790898017136 0.0018593690489388387
0.0017113149540368832 -0.006556434947468956 0.001807519927495467
0.0008976602805497197 -0.0066660932990502625 0.0015565897596101215
0.0008976602805497197 -0.0066660932990502625 0.0015565897596101215
0.0020363789499718765 -0.005842479877625756 0.0020606779109122106
0.0015943497330057402 -0.006780739158860292 0.0017271179546297587
0.002123345129642812 -0.005611114940434127 0.0021518979794583003
0.001348444171217215 -0.006005020009853305 0.001625296453237498
0.002135661966655965 -0.00552457387380682 0.002196133308109652
0.001348444171217215 -0.006005020009853305 0.001625296453237498
0.0021391171934430327 -0.005486529296953927 0.00221750569240839
0.0021391171934430327 -0.005486529296953927 0.00221750569240839
0.0016319329296131547 -0.006706629686571955 0.001748894575605288
0.0016319329296131547 -0.006706629686571955 0.001748894575605288
0.0020814775759491824 -0.0056908011611070735 0.0021215029924108344
0.0017194125668177904 -0.006517331067401462 0.001813201810015775
0.0016198135717457667 -0.005497662920424987 0.001729429526395678
0.0016835145373422812 -0.006571797947324378 0.00179712763446843
0.0013611574084331209 -0.005996506589841689 0.0016251179070130095
0.002147015074091889 -0.005505602209002661 0.0021945429427224247
0.0016603703105905372 -0.0066063747276858455 0.0017887510079476266
0.0010510728639682191 -0.006458566790499533 0.001580815874294644
0.0008781951686483174 -0.006717215321086465 0.0015549166410570498
0.0008781951686483174 -0.006717215321086465 0.0015549166410570498
0.0012385980890638468 -0.0061700263118066 0.0016166364598154696
0.0012795074927497625 -0.0061062298901198245 0.0016228078398501055
0.0017493412993329262 -0.006427273931602655 0.001844756344453739
0.0018130414146720075 -0.0063232508198481805 0.0018721872635609614
0.002147267439901818 -0.005463617515695107 0.002213021975422641
0.0008916095822152736 -0.0066936669046767745 0.0015633068090049917
0.0016311676822503675 -0.006631745469114297 0.0017776876619757425
0.0020382065411011906 -0.00578376487647258 0.0020716364362073584
0.00109011361340086 -0.006420646155320029 0.0015839609961310682
0.0017216439401084018 -0.006466351104966626 0.0018263635756597366
0.0017216439401084018 -0.006466351104966626 0.0018263635756597366
0.0016165496646358699 -0.005564348242593029 0.001711593962251694
0.001681678396619791 -0.00540409303811967 0.0017637269521306289
0.0013789229458450983 -0.0060084369633011695 0.0016274033989933292
0.0021179680232708015 -0.0055234107529841606 0.002175178200380505
0.001966429846077521 -0.005930032350938341 0.002009813802909556
0.0019362269310087335 -0.006078129924205109 0.0019339793032641182
0.0021180455730178843 -0.005501339355201207 0.0021874698039472547
0.0016677432023341461 -0.006541261903744222 0.0017977560569945087
0.0016164514736161702 -0.006672599453255814 0.0017477515788479588
0.002064664295516442 -0.0056585253575986245 0.002114008063257027
0.002092774762306369 -0.00562684794724774 0.002120335420470921
0.002110082430213237 -0.0054622535303698976 0.0022043328930089826
0.0021065857014596627 -0.005474070745144266 0.002194592093087593
0.001690802505216737 -0.006538994341616502 0.0017764263031145391
0.0017897738868786267 -0.006313456857286915 0.0018576242109753687
0.0017062229620998077 -0.0064579901513938985 0.0018156041594969538
0.0017062229620998077 -0.0064579901513938985 0.0018156041594969538
0.0017693019320585142 -0.006350424577223362 0.0018477715688965046
0.0015271296028304797 -0.006804193412197939 0.0017068073185255207
0.0021036489357949685 -0.005538333280306838 0.0021583652647526224
0.0017301012744753257 -0.005338362637332037 0.0017801888137215962
0.0016334917767017998 -0.0055442770891354015 0.0017305639970692534
0.0020739801077777867 -0.005667480629362416 0.002089824578991273
0.001198230624576523 -0.006292532593919583 0.0016021651880138133
0.0017196229487180595 -0.006430139071894639 0.0018190527096081407
0.0013501952783599154 -0.005669301073627407 0.0015871026072271234
0.0017502971287647656 -0.006373523618865801 0.0018348610719561068
0.0017502971287647656 -0.006373523618865801 0.0018348610719561068
0.0020759692556558745 -0.005602210825172857 0.0021243486982472034
0.0018953964876352275 -0.006092117967671669 0.0019224264597779064
0.000989164907141088 -0.006593635880872782 0.001576852248417868
0.0019627255761455165 -0.005915985878721352 0.0019924923114624845
0.0009616324273303294 -0.006620081661155703 0.0015815591481842279
0.0017760194389075563 -0.006303042120598233 0.0018570198620975356
0.0017132607662135393 -0.006440550172459368 0.0018075093952743596
0.00200209305952671 -0.00581917457998663 0.002024714889639265
0.00200209305952671 -0.00581917457998663 0.002024714889639265
0.0017413043467384309 -0.006409835457271139 0.001808977887817343
0.0016554429394635842 -0.0065056838100760375 0.0017949479662335234
0.0017090732797011485 -0.005393451733293593 0.0017752662541897027
0.0018780288863749143 -0.006077012254931872 0.0019288676652866286
0.002094929918050484 -0.005543961122502178 0.002129754235347025
0.0021064413536078775 -0.005488595869195513 0.002154547083833997
0.0014814064725641141 -0.006859198313082427 0.0016741002581777968
0.001017025453100986 -0.006567817143896509 0.0015832959615982827
0.0018857386211185853 -0.0060859667743941555 0.0019124850461211367
0.0020780633809401794 -0.0055109150249416615 0.002154825435391837
0.0016440237940609395 -0.006537457891170658 0.0017752818017541946
0.001305589754674995 -0.006159273540973801 0.001623799874771561
0.0009558977583208995 -0.006669844274367535 0.0015703573787349315
0.002013249534156065 -0.005761455876796785 0.0020342109408034905
0.002013249534156065 -0.005761455876796785 0.0020342109408034905
0.0009558977583208995 -0.006669844274367535 0.0015703573787349315
0.0017455692194115091 -0.006335573017009576 0.001834648922930942
0.0017455692194115091 -0.006335573017009576 0.001834648922930942
0.0020851082770629156 -0.005581111589013198 0.0021084550750617007
0.0016153124107688083 -0.006559592858431011 0.0017710398243195786
0.0015215284830116104 -0.006719184094132053 0.0017245019515203998
0.0016455884793227433 -0.005564094466217774 0.0017355271808825615
0.001656816916293192 -0.00648160163574665 0.0017914878808325519
0.0021141315990406153 -0.005465330443536293 0.0021516742951433513
0.0021141315990406153 -0.005465330443536293 0.0021516742951433513
0.0015254246525198646 -0.006718155196436722 0.0017218954775634716
0.0019454288636293537 -0.0059244794881266 0.001960863048408091
0.0019909260996950917 -0.00565376422943192 0.0020916035212897575
0.001064167925545167 -0.006513130341166184 0.001591523130886228
0.0011447186660340182 -0.006396034360729238 0.0016022669994845188
0.0020249703289538655 -0.005701706837221307 0.0020496401431915876
0.0011447186660340182 -0.006396034360729238 0.0016022669994845188
0.0012744743135503444 -0.006194938400082538 0.001630890567248577
0.0020856066141199587 -0.005480335912100192 0.002148665089112647
0.0011022251661401059 -0.006461965688711213 0.0015990571797184342
0.0014705801956048366 -0.006772109132114987 0.0017075937243682113
0.0011883467619850905 -0.006349788380915038 0.0016058118441886883
0.0018125281843960547 -0.0052618550159126065 0.0018087271206481178
0.0010512801857253762 -0.006540946438645337 0.0015907066329832302
0.0009839740267381233 -0.006645434848882309 0.0015769806412085114
0.0016817964374282299 -0.005494444637266941 0.001764447155440644
0.0017638509088798067 -0.005349901563240357 0.0017932211835062376
0.0016973718919313038 -0.006401422845661552 0.0017984165777182484
0.00160063532181301 -0.006572147892909031 0.0017502607551432277
0.0014431590564172138 -0.006848487294983305 0.0016722771808575286
0.0017289998737221918 -0.005431290304916967 0.0017728493602127086
0.0021021412295358973 -0.005416210922729939 0.0021670668855247417
0.0017063688145546084 -0.005501824464290073 0.0017499197117930812
0.0016471992822342622 -0.006469451966397682 0.0017825269668074533
0.002039163656694332 -0.005566397073057393 0.0021044919507192637
0.0020835045896698233 -0.005466384668715716 0.002141688746464798
0.0011151296446684424 -0.0064536404694601 0.0016031321462183462
0.0015786101748998303 -0.006595044314678737 0.001741813913815041
0.0014495555940239179 -0.006794429416313396 0.0016918967026433814
0.0014495555940239179 -0.006794429416313396 0.0016918967026433814
0.0011151296446684424 -0.0064536404694601 0.0016031321462183462
0.00205083573996951 -0.005624665269806803 0.0020624929636830634
0.0011445494608865834 -0.006407015204302447 0.0016099474963435527
0.0009200466418972205 -0.006748998805949932 0.0015684099208987275
0.0009436235203806186 -0.006712984753558049 0.0015742543005446935
0.0020843723067671353 -0.005486857237719482 0.0021231976769404593
0.0016669856660618124 -0.006433109158246944 0.0017856886392770466
0.0016548589262358805 -0.0064424855934714495 0.0017873201304800268
0.0016548589262358805 -0.0064424855934714495 0.0017873201304800268
0.0010837224986341904 -0.006504394616059049 0.0015980972429946397
0.0016033716304718049 -0.006522116582675375 0.0017638453142345032
0.0016033716304718049 -0.006522116582675375 0.0017638453142345032
0.0015107479710607164 -0.006686873872829628 0.0017171986084838808
0.0014191600114044248 -0.006849053778018584 0.0016715695159059748
0.0019130855253876432 -0.005903039271308586 0.00195968193504104
0.000957337161872253 -0.0066982580753945364 0.001578556963634262
0.001676157945464672 -0.006357771302980157 0.00181439796941298
0.001676157945464672 -0.006357771302980157 0.00181439796941298
0.001727344297116255 -0.006295135682519727 0.0018253740484099733
0.0020417634226294833 -0.005584041051084089 0.002074454557655113
0.001469169442202567 -0.006737266037019801 0.0017037840695333399
0.0018629732878865928 -0.005202582496650449 0.001833713059855393
0.0015623898177657752 -0.00662792778973001 0.0017226016379120101
0.0013660747958921492 -0.006099432971381556 0.0016480926935230975
0.001703932180499512 -0.006324308555767973 0.001815866963490302
0.0011282532310108895 -0.00646023790291525 0.0016054723054415572
0.0011282532310108895 -0.00646023790291525 0.0016054723054415572
0.0020813128846107936 -0.005468259027922091 0.0021138234986204773
0.0020813128846107936 -0.005468259027922091 0.0021138234986204773
0.001896882377150576 -0.005901211178644933 0.0019568241923805475
0.0016502756938663189 -0.005573437988251318 0.001765552035588251
0.0013304904330447337 -0.006173556988165708 0.00163697869258303
0.001697597261088171 -0.005491809701236305 0.0017826643872161888
0.0017345111033064864 -0.00623703368171172 0.001834046580190463
0.0014930251424322475 -0.006654669726039786 0.0017213307498983761
0.0014930251424322475 -0.006654669726039786 0.0017213307498983761
0.0014287508212127214 -0.006012268434879764 0.0016651293134659292
0.001380965475784335 -0.006858973374931632 0.001661698317056588
0.0020663938993743815 -0.0054755631232601175 0.0021006752744036536
0.001696774595880105 -0.005529969192144496 0.0017659502538529808
0.0020846033887135765 -0.005447747715390681 0.002105045644628913
0.00176542024778274 -0.005388094594257432 0.0018042348775786149
0.00190108094051902 -0.0058902254451119246 0.0019342651778370351
0.0011073260211293188 -0.006492618715175812 0.0016115017512584114
0.0013582889141302483 -0.006140115806930077 0.0016469095740186924
0.0017086296608240779 -0.0062794604775386195 0.0018094006812646572
0.0013530348404006388 -0.005643432684751628 0.0015910005321055623
0.0011806932852885406 -0.00640700793205454 0.001614720598642588
0.001902326250281393 -0.005869060946796474 0.001937131446581281
0.001902326250281393 -0.005869060946796474 0.001937131446581281
0.0018232596987930241 -0.005249581028739495 0.0018543180966163015
0.0019058916578934392 -0.00591346980632893 0.0019079230897785892
0.0019058916578934392 -0.00591346980632893 0.0019079230897785892
0.0010621784015163254 -0.006579162979084526 0.001600442417561235
0.0020963617672408647 -0.005394126359670601 0.0021090524024587956
0.001611884251163069 -0.00642341500101903 0.0017708151369359526
0.0014864307181831286 -0.00660368161367195 0.0017304065152869798
0.0016408217480771011 -0.0063891245967648185 0.001769243328319248
0.0017338833174939234 -0.005462243123532375 0.0017953742704212064
0.0015954032529025002 -0.006454129966974429 0.0017562550935563905
0.001524565210739137 -0.006542197014518264 0.00174168150874969
0.001524565210739137 -0.006542197014518264 0.00174168150874969
0.0017167668282076932 -0.0055133495353122935 0.0017798643210046186
0.001787237045870884 -0.005364363807423922 0.0018199805481342746
0.0010938762493915017 -0.00653787491697308 0.0016061293154249275
0.0010938762493915017 -0.00653787491697308 0.0016061293154249275
0.0018658920845163172 -0.005895873850215141 0.0019215598084410636
0.0011949210621688792 -0.00638587716192335 0.001624034592841956
0.001558847261312025 -0.006481999728627796 0.0017484446993036977
0.001558847261312025 -0.006481999728627796 0.0017484446993036977
0.0020305480490612564 -0.005465482220365466 0.0020838673541191555
0.002067474361068885 -0.00535205584129938 0.0021307873960842334
0.0009546056804814659 -0.0067665553916181525 0.0015717135275861022
0.001478717182749549 -0.006598797170749779 0.0017190332210939333
0.0016091263451818245 -0.006371836331967668 0.0017771745923475075
0.0013362945018682466 -0.00684154831664367 0.0016575742001915079
0.0020135517242679296 -0.005553225590185624 0.0020343588934333334
0.0009799784907390636 -0.006727209521232356 0.001580545547286219
0.0012620969476117197 -0.0063219126008496095 0.0016270127037436761
0.0010205504871987866 -0.006675025751001654 0.0015842473722383237
0.0010205504871987866 -0.006675025751001654 0.0015842473722383237
0.001779276071810427 -0.005392182663341936 0.0018194790137958238
0.001484531282259831 -0.006571110719897116 0.0017257146615507735
0.0020699951039998346 -0.00534586860024129 0.002117703368262732
0.0020699951039998346 -0.00534586860024129 0.002117703368262732
0.001591139129592252 -0.006399542718810285 0.0017626692162108365
0.0014925545151474038 -0.006554156476969374 0.0017270958871188668
0.0013913079601823846 -0.006726545740535417 0.0016825746838945983
0.0013913079601823846 -0.006726545740535417 0.0016825746838945983
0.0009750186295907477 -0.006752284482784707 0.001575897327037458
0.0009750186295907477 -0.006752284482784707 0.001575897327037458
0.0016942302416528784 -0.006240025835574918 0.0017924578482431156
0.0016979900447581554 -0.006239141755919814 0.0017906688752578619
0.0016817827862904552 -0.006220797510573056 0.0018116430412918702
0.0010733643726339604 -0.006587258119457874 0.0016060756512507133
0.0018553256336902532 -0.005879016904949059 0.001900828886561204
0.0016866216522796198 -0.0055847597497910885 0.0017784454803611415
0.0020400556982070584 -0.005427697751758853 0.0020618550120045545
0.001874590468824659 -0.005824001973377802 0.0019198681331174694
0.001874590468824659 -0.005824001973377802 0.0019198681331174694
0.0016690420352142008 -0.006205874607099625 0.0018111680882733573
0.0015742041487176968 -0.006384562765805855 0.0017629917027904602
0.002001114440648808 -0.00547754913654859 0.002051403036391242
0.0012793392593251085 -0.006296603924295541 0.0016404066797863406
0.0019398741670826874 -0.005036831196783282 0.001935661449435282
0.0016101294452046222 -0.0063356978990598495 0.0017649050562916495
0.0016101294452046222 -0.0063356978990598495 0.0017649050562916495
0.0018659223959978973 -0.005815456455168525 0.0019257380910146964
0.001395784969146357 -0.006143196606987595 0.001658535641518318
0.0017758842166297885 -0.005397568013684634 0.0018384450363386755
0.0014146235392754499 -0.006115239076824999 0.0016631698188056025
0.0018493910013727883 -0.005259558302101464 0.0018722549706966525
0.00101039523183846 -0.006705129346598481 0.001592730825573217
0.0014734513856547783 -0.00653242674945449 0.0017248545301603306
0.0014585459418455043 -0.0065820948234435244 0.0017004985180821494
0.0016585429623919182 -0.006217217307698026 0.0017997957971489877
0.0019877651638540578 -0.005541561531459861 0.002002071115792554
0.0012848801166586233 -0.006831080793465866 0.0016476799307625525
0.002014924470771113 -0.0054465666647154215 0.00204165320885176
0.001813763890559494 -0.005882346716805618 0.0018983944388823643
0.00200704441026422 -0.005469055276376174 0.0020321175364747973
0.0012205540433645483 -0.006391048231719946 0.0016361115397118488
0.0014048658125701376 -0.006620896905222854 0.0016974787798303378
0.0015832662002767336 -0.006355381993391778 0.001748390533595145
0.0015832662002767336 -0.006355381993391778 0.001748390533595145
0.0017331534067516932 -0.005525162549736577 0.001801673541712147
0.0017331534067516932 -0.005525162549736577 0.001801673541712147
0.0018112365375626933 -0.005905527132394471 0.001878926882001062
0.0009713601246671268 -0.00679196951576688 0.0015754675121094058
0.0018672231566505652 -0.0052157878330900635 0.0018956771258366385
0.0016578092019818166 -0.00619760041896745 0.0017925441121493292
0.0013156591849716542 -0.0067701932709421046 0.0016558158208008998
0.0013156591849716542 -0.0067701932709421046 0.0016558158208008998
0.0013765713453697916 -0.006165847151547874 0.0016680928798718344
0.0015501160343409886 -0.006390333294520484 0.0017404156360794404
0.0017233512413612284 -0.0055407557538533474 0.0018025512268044358
0.0017233512413612284 -0.0055407557538533474 0.0018025512268044358
0.0017233512413612284 -0.0055407557538533474 0.0018025512268044358
0.002028904050845711 -0.005350925194825135 0.002073774978626512
0.002027258109184604 -0.005402337605243301 0.002041570455685916
0.0019635742819568117 -0.0055574046877525565 0.001985112233672182
0.001149821151009831 -0.006942283745426016 0.0016231764675888668
0.001312806144195585 -0.006759093689114267 0.001654683356264678
0.0015462816475940522 -0.006394525745439178 0.0017294024435414016
0.002065206642211684 -0.0052583978770258735 0.0021007640459815595
0.002013907296440943 -0.0054172993776279614 0.002034740059530556
0.0010746778910663629 -0.0066287052933381935 0.0016033598428080028
0.001335600190268454 -0.0067076372690579025 0.0016689294391483702
0.0014973800591307034 -0.006442891460134841 0.0017285297737924974
0.0010746778910663629 -0.0066287052933381935 0.0016033598428080028
0.0011921676386507849 -0.006441526032898408 0.0016335191087163972
0.0011921676386507849 -0.006441526032898408 0.0016335191087163972
0.002036073327484383 -0.005349293954389324 0.00205814014715965
0.0013399487750958869 -0.006664485630728359 0.0016871451663208995
0.0013629105217131752 -0.006195092120357274 0.0016635670340016554
0.0016856183641814453 -0.005631993188025906 0.0017782137714967773
0.0016464722533553596 -0.006212719923901554 0.0017671504255248934
0.0016464722533553596 -0.006212719923901554 0.0017671504255248934
0.001782990446875704 -0.005418241384499157 0.0018379730925261934
0.0015212131589692575 -0.006402633048020234 0.0017280603376517076
0.0017143057051712271 -0.005587935214454989 0.001785542191250219
0.001533385413036404 -0.006371162019049622 0.0017358652150266773
0.002019677229583545 -0.005361100135408246 0.0020447060483699095
0.0013343716505605228 -0.006685619660832748 0.0016664709178212849
0.0013343716505605228 -0.006685619660832748 0.0016664709178212849
0.001802553453969911 -0.005914011087263703 0.001842799858999443
0.0013759230181996556 -0.006604096006419095 0.0016854956198817353
0.002006220075887184 -0.005385911854124702 0.0020287306750872394
0.0011174814645650223 -0.006577496004327101 0.0016122911663071328
0.0015281780603650108 -0.006368350166781098 0.0017263280380466989
0.0019233182834762087 -0.00559838606161604 0.0019461440186432399
0.0019974907923617094 -0.00536848328509637 0.002038160022184451
0.0016749633063434305 -0.00565994413555031 0.0017759548608363954
0.0011952414172275647 -0.0064654208841523845 0.0016260758375994503
0.0012276081865266496 -0.006832748645908384 0.0016279244931709795
0.0013342275221300106 -0.006630654255777413 0.0016803528867752617
0.0012426184196667638 -0.006790801943826967 0.001640975921260482
0.001307300394265762 -0.006699699610466828 0.00165691317793343
0.0018031552403207337 -0.005863483759569318 0.0018515180304047314
0.0019419089859314704 -0.0055459653164104195 0.0019582796450307314
0.001772772891546773 -0.0059118937346703485 0.0018367969945025265
0.0014989751734211978 -0.006370702362828432 0.0017315334629454786
0.001325848011786761 -0.006656641006757067 0.001667476995704217
0.0020108784365333505 -0.0053395254446957354 0.0020333899290914466
0.0020108784365333505 -0.0053395254446957354 0.0020333899290914466
0.0017581041631292143 -0.005513672021891917 0.0018119690386118631
0.0014367990367795283 -0.00647983259875135 0.0017041562080124704
0.0015000056070654409 -0.006003310279293526 0.0016965404090830965
0.001797990549414005 -0.005439879017771143 0.0018289540005178345
0.0017819325875314453 -0.005826761164540789 0.001875418147769261
0.001649025313905243 -0.005759588539071148 0.0017395840921462893
0.0012804832278052185 -0.00670826782310492 0.0016565325133705458
0.0012804832278052185 -0.00670826782310492 0.0016565325133705458
0.0013799351675236765 -0.006202493638740544 0.0016596335001851864
0.0016102110228993609 -0.00581874238277047 0.0017316583449957527
0.001751024149807194 -0.005931427995618664 0.0018255420624133543
0.0012526597013486774 -0.006387242463776198 0.0016377234710756292
0.0012526597013486774 -0.006387242463776198 0.0016377234710756292
0.0015846227566245542 -0.00622583968604467 0.0017490585773339614
0.0013841626318083736 -0.006518550297378236 0.0016947579560442428
0.0019866720540904566 -0.005345687859804071 0.0020225412398164194
0.0011248476247774323 -0.006584915828713725 0.0016129396502067496
0.0011248476247774323 -0.006584915828713725 0.0016129396502067496
0.0019505655626508177 -0.005429550043454336 0.0019921357205478457
0.001907225331737068 -0.005555207716582973 0.0019398447473522992
0.001984607582023913 -0.00537225645330812 0.002000170300649826
0.0012847868312716715 -0.00667907338388012 0.0016535478825224258
0.0012847868312716715 -0.00667907338388012 0.0016535478825224258
0.0011433616394977552 -0.006564052376384929 0.0016156960829308746
0.0017451097150220035 -0.00590573777681662 0.0018247747148755248
0.001826837550725843 -0.005697821262625953 0.001895684648851715
0.0019160731967876902 -0.0052131102979865555 0.0018984481030565785
0.0015077990431883147 -0.0063176252345573634 0.0017265903405057086
0.0015592395395294337 -0.0062142027101731835 0.0017508139475185388
0.0012910709311488742 -0.0066571079352261645 0.0016533081491086463
0.0017478967942369738 -0.005583237781149267 0.0017929443365514127
0.0014175151668496834 -0.006477184121293576 0.0016800153541654845
0.001573476908253995 -0.006185480465528035 0.0017543292016967398
0.001767484471041233 -0.005522559398444641 0.0018179262634839806
0.0016577238157606954 -0.00574630264367842 0.0017568729838613618
0.0013975184598954196 -0.006462925500051423 0.0016997422042997657
0.0019734859013392876 -0.005401209090289994 0.001973538827278094
0.001671069950129356 -0.005722340336055922 0.001763721435252906
0.0012607179789481495 -0.0064171739077113505 0.0016292304885883052
0.0018883100503636144 -0.005587080850709438 0.0019128000096856838
0.0012203517369507757 -0.006757079777978219 0.0016317446802269586
0.0013128187452458387 -0.006598294382575482 0.0016680873629941115
0.0017147865237905576 -0.005929168583423944 0.0018153679368235435
0.0014172730511477964 -0.006431735706461097 0.001700973471100662
0.001698877129701053 -0.005690691763929499 0.001764265600010125
0.0018986950162874253 -0.005560945144031265 0.0019184673477101767
0.0018986950162874253 -0.005560945144031265 0.0019184673477101767
0.0013263277607273851 -0.006568330213524745 0.0016734843740101794
0.001392373626613904 -0.00649839927457721 0.0016719120638591365
0.001088550268176117 -0.006656422588552671 0.001608464459304754
0.001088550268176117 -0.006656422588552671 0.001608464459304754
0.0013440361859165717 -0.006537540644336502 0.0016763952793105474
0.0019567207211841943 -0.005397493911986129 0.001971814050688162
0.0015550008847598099 -0.006195687943151353 0.0017466792984323512
0.0015115841228406021 -0.006012838052504659 0.0017032634768900281
0.0018933954753354457 -0.0054978379559091056 0.0019491833167342512
0.0015115841228406021 -0.006012838052504659 0.0017032634768900281
0.001971891962519899 -0.005336189363659946 0.001997983610934181
0.001991994038704082 -0.005262199319235952 0.0020243562925872727
0.001958026089683597 -0.005365285752921578 0.001981430971627954
0.0012752120392163092 -0.006622485515239898 0.0016594489355486366
0.0012752120392163092 -0.006622485515239898 0.0016594489355486366
0.0015509098691610676 -0.006208592797830443 0.0017313569228583439
0.0020193643191751963 -0.005185103366691623 0.0020474063092481283
0.0012399169676444914 -0.006675751847340146 0.0016483254054561387
0.0013064724551106683 -0.006330230297085645 0.0016549862830051024
0.0015546578822911539 -0.0061792574274565385 0.0017417502189540578
0.0012784107938810516 -0.0063890235375956205 0.0016415551934213927
0.0016439393011978586 -0.005782884558325014 0.001753680717797123
0.001537642938035512 -0.006205620078422861 0.0017332311566811342
0.001940414977829018 -0.005379760410080019 0.0019711299578505153
0.0018796242122502077 -0.005496641859203693 0.0019323728887780606
0.001539372197088594 -0.006192387471053593 0.001734515084587568
0.0012484094485974771 -0.0066451101053981625 0.0016491042882837525
0.0012484094485974771 -0.0066451101053981625 0.0016491042882837525
0.0016783576358907464 -0.005662553054487138 0.0018016384343084557
0.0019429573807742092 -0.00540606864457062 0.0019472704647674002
0.0014132236628991454 -0.006382579322880867 0.0016987336187451413
0.001954664775201404 -0.005357125663851401 0.0019681824405434404
0.0013943737769015413 -0.006431227526792662 0.001682440774226232
0.001956798835157408 -0.005321537852955409 0.001984252603816078
0.0011881371833234106 -0.0067259464070009685 0.0016314758578215489
0.002026931234179519 -0.005169037717228032 0.0020236762120243333
0.002061007640000694 -0.0050095654078569935 0.002095446277390967
0.0015334822405096212 -0.006177022088910064 0.0017332251382690728
0.0013187629615710526 -0.006508884852991199 0.0016731804442010783
0.0013187629615710526 -0.006508884852991199 0.0016731804442010783
0.001571854820819861 -0.005944705741078393 0.001714293220061236
0.0018136344398448554 -0.005419916321114205 0.0018632228387954937
0.0012281141719823541 -0.006630435586805848 0.0016571433821947789
0.0018879786772224311 -0.005252736557413442 0.001915977229719769
0.0019331168852301046 -0.005391944873373717 0.0019430891729877368
0.0011364372056539356 -0.006806871480181681 0.0016082432826614972
0.001465088112485736 -0.006297606616821688 0.0016995290522059242
0.0014428348144674055 -0.006314969861002436 0.0017020974095531302
0.0019577181632727363 -0.0053173272841087384 0.00196823760932067
0.0015025395152727745 -0.00621667050988553 0.0017188632009531987
0.0015025395152727745 -0.00621667050988553 0.0017188632009531987
0.0019019994379681 -0.0054725944788190355 0.0019079155667635125
0.0010733602349756682 -0.0067098665891923166 0.0016017163147809
0.0017890596392888805 -0.005493416429181324 0.0018433761219543228
0.0019193825711199572 -0.005404880384339245 0.001931132594359072
0.0012835029033652378 -0.006533045015910215 0.0016674323591480949
0.0019206633801097236 -0.005380263010178939 0.0019426939639290376
0.0019206633801097236 -0.005380263010178939 0.0019426939639290376
0.0019593221014329977 -0.0053393915350273685 0.001946563802884523
0.0017890596392888805 -0.005493416429181324 0.0018433761219543228
0.0018570129519342822 -0.00557098535995271 0.0018707603983680694
0.0014250910624532544 -0.006192805876075446 0.0016733068308543678
0.0011159869549282316 -0.006779307779858354 0.0016229683308384099
0.0011409421751572767 -0.006603798596556394 0.0016192735273670435
0.0012609759556734901 -0.006562244972012738 0.0016555409799834289
0.001307892674973576 -0.006510335415681583 0.0016553137849281106
0.001174246061367757 -0.0066936803207203275 0.0016285719740019194
0.001174246061367757 -0.0066936803207203275 0.0016285719740019194
0.0015044408789686855 -0.006176468144233245 0.0017209400546487228
0.001999891715604613 -0.0051566021419602506 0.002008934613214252
0.001335095113843738 -0.006420050207142365 0.0016797941775222277
0.0017889308585927722 -0.005502059370435845 0.0018419913856458604
0.001317294280952692 -0.006352982527733046 0.001653275549376647
0.0012099777499270923 -0.006636955909356462 0.0016318685592085558
0.0018779272551431119 -0.005409910084144191 0.0019207538427591733
0.0013633598651345308 -0.006396144196749358 0.0016688236154029572
0.001158577313641257 -0.006697818229779715 0.0016206763189116902
0.0012090235181563976 -0.006612007710608154 0.0016392727106471034
0.002012069596260119 -0.005038243768247528 0.002052728591647767
0.0014790453115904804 -0.006190768518209075 0.0017127384636120386
0.0014790453115904804 -0.006190768518209075 0.0017127384636120386
0.001890807730551469 -0.0053841762318547004 0.0019247656159324404
0.001813485985680674 -0.005572317435155634 0.0018613405804232884
0.0019097514975080518 -0.005349326930272077 0.0019306681735616667
0.001284627500081525 -0.006479239409012547 0.0016630268815191439
0.001284627500081525 -0.006479239409012547 0.0016630268815191439
0.0018563482778793023 -0.005539614010931864 0.0018504823619958307
0.0016472789086469655 -0.0058040989593071395 0.0017590737165384834
0.0016472789086469655 -0.0058040989593071395 0.0017590737165384834
0.0011915017891246994 -0.0065303353512631505 0.0016346841729846181
0.001084796785187152 -0.006803192098891222 0.0015983234349812808
0.001084796785187152 -0.006803192098891222 0.0015983234349812808
0.001979888676779326 -0.00508336280040323 0.001971331073120234
0.0012737953614396667 -0.006494480159872972 0.0016566298110322053
0.0012642543602603576 -0.006531788547008812 0.0016402055645166219
0.0012519678660746808 -0.0065487150801643535 0.001638086080402329
0.0012553629714329268 -0.006519945189757052 0.0016516490735170514
0.0018318233427667516 -0.005437744048784151 0.00185948189416499
0.001852659171524562 -0.005372148874192522 0.0018840886734123967
0.0014676201399393006 -0.006198565245651044 0.001698184438644538
0.0014676201399393006 -0.006198565245651044 0.001698184438644538
0.0011136602117485742 -0.006739734839800824 0.0016091681119816004
0.001604379980932208 -0.005957920794745815 0.0017498830997863743
0.001991150630349237 -0.005029861656194897 0.001996888259939005
0.0015055691901736667 -0.006118552588815559 0.0017195307431576764
0.0013166524737289558 -0.0064198339204589085 0.0016635946183902702
0.001991150630349237 -0.005029861656194897 0.001996888259939005
0.00185086855287976 -0.005461460729964392 0.00188012855827599
0.0014666538399985868 -0.00617419255755611 0.0017085586764353906
0.0018513823121177105 -0.005439994558744363 0.00189304156288808
0.001980676336457863 -0.005171991002179998 0.0019674567203557024
0.0013290909328191832 -0.006393026283150795 0.0016635183851708257
0.0018660741101352786 -0.005400647936057061 0.0019014583121559597
0.0013132728532434096 -0.0063646246443315015 0.001661047325485279
0.00125229063476737 -0.006514818129598655 0.0016414960123694554
0.0018788841513149796 -0.005385539214111233 0.0018715026691889763
0.0016897949148943156 -0.005800697678807352 0.0017761208687024227
0.001191748105176671 -0.0065836381699865216 0.0016380544837390069
0.0012141772223265247 -0.006558118849010304 0.0016380951080204212
0.001834112815675883 -0.005494316996777805 0.0018615687785472834
0.0013095271126907944 -0.0064098199097066474 0.0016618402512743695
0.0014728150012710767 -0.006148764891980244 0.0017050103209908518
0.0014451279235004905 -0.006168157469477948 0.0016911459057387208
0.0016846080310931105 -0.005787783169592246 0.001762225859855646
0.001723310668016895 -0.0056814499906748675 0.0018011930718159115
0.001049104717840554 -0.00679550106981108 0.0015869300794146965
0.0012777123759688629 -0.006466510969037007 0.0016414468620042874
0.0018473039994433844 -0.005419936884022081 0.0018848620393622877
0.0018233768697528446 -0.005489273755545722 0.0018499682892989188
0.0016098128673264233 -0.005902306028105771 0.0017530593167517825
0.0016098128673264233 -0.005902306028105771 0.0017530593167517825
0.0011177010739134715 -0.006684331093733684 0.00161434444788875
0.0013455919454344457 -0.006346818796097071 0.001662751037632996
0.0013182153487652567 -0.006371865671726468 0.0016606887284332868
0.0013677726463572856 -0.006303389934661948 0.0016731508536751098
0.001100939984397826 -0.006735910515086554 0.0015957881789004126
0.001100939984397826 -0.006735910515086554 0.0015957881789004126
0.0016993587633136835 -0.005246467817025354 0.001744870765607898
0.0015671238474052555 -0.005965342876036963 0.0017357333114956647
0.0020134114670555922 -0.005788622361924059 0.002032031774102922
0.0016133351273124145 -0.005250945766366211 0.0016956872991733918
0.0019541456087963675 -0.005918925120711843 0.0019763659763439405
0.0019541456087963675 -0.005918925120711843 0.0019763659763439405
0.0010723290803758135 -0.0065180910173077995 0.001587850896460092
0.001416333238489332 -0.006198333035252342 0.001678768539800096
0.0009654057209256632 -0.0064445658325237585 0.0015636874735678757
0.0020161278867432777 -0.005121865591566089 0.0020526132387499235
0.0017938518488707397 -0.005147166713759185 0.0018212459192701858
0.0018593937667848038 -0.0051859661311373425 0.0018575966265867538
0.0018593937667848038 -0.0051859661311373425 0.0018575966265867538
0.001619710036250773 -0.006400712296887552 0.0017854624472904053
0.0018505556503078853 -0.005231272643097936 0.0018781765866307397
0.0018028399868066473 -0.006379013789885236 0.0018627699532878727
0.0020734557222810406 -0.005750962085758004 0.002117143655941021
0.0018763282461250203 -0.00597047946534779 0.001931220362868301
0.0008320790235359834 -0.0065918593208624055 0.0015189982563402263
0.0015932636603958252 -0.005928980884197779 0.0017495881975953653
0.0015932636603958252 -0.005928980884197779 0.0017495881975953653
0.001515303799280566 -0.006612691678062217 0.0017199264537507142
0.00198596384058572 -0.006225828903056394 0.0020038395258699312
0.0011276256861699032 -0.006402147061246275 0.0016008511680470725
0.001626185596861679 -0.00587350704870684 0.0017603751981467629
0.001626185596861679 -0.00587350704870684 0.0017603751981467629
0.003873264137495635 -0.006024720027900479 -0.0004917732747498509
0.003947538614581322 -0.006087120177989007 -0.0005896687653407196
0.003948651519278344 -0.006129713984750609 -0.0006152848824442582
0.0027096410281962015 -0.004848678481701986 0.0012270335519515214
0.003659226710163138 -0.00578650977390692 -0.00015598876290920098
0.0028239749336477146 -0.0049797937653004295 0.001052661597761998
0.004034934985331064 -0.0061522770115688295 -0.0006929271626126416
0.0029297872691546123 -0.005079734983111942 0.0009062717489176545
0.002744492335916179 -0.004863587067937349 0.0011991562672830779
0.004145839022825498 -0.006220190277872777 -0.000810662348563943
0.002796993514691329 -0.004949520807826688 0.0010752843071664938
0.003753661864585866 -0.00582571985387058 -0.00022689418307634532
0.0028648754350991228 -0.0049617277304549795 0.0010554305688445843
0.003924112948700967 -0.005949760329524884 -0.00043723818615690657
0.0037284542472009958 -0.005778727465577181 -0.00015441193894911198
0.002970430232723226 -0.005046713084583257 0.0009427162431555129
0.003953551258997838 -0.006423118719608591 0.001242215999445101
0.003953551258997838 -0.006423118719608591 0.001242215999445101
0.002877858027600673 -0.004963985763430269 0.0010772453064298358
0.002788789729441914 -0.004792613070785896 0.001256768018275248
0.003985706882340435 -0.006387754404952171 0.0012067284327250064
0.004193913596837689 -0.006232839600806427 -0.0008074347243288435
0.0029228104249724245 -0.005683375694459141 0.00025770484536788814
0.004193913596837689 -0.006232839600806427 -0.0008074347243288435
0.004027863601926078 -0.006351597289890244 0.0011501939774918285
0.003549857242360779 -0.005842988433444945 0.0017346710617668262
0.0032977617594400436 -0.005550884114434775 0.002055844624492561
0.0026934081170307367 -0.004725415669324024 0.0013930469348564256
0.0028988441050752196 -0.00493158700564416 0.0010957017700848216
0.0032350168044938303 -0.005454490468420396 0.0021095594536749696
0.0032350168044938303 -0.005454490468420396 0.0021095594536749696
0.003619601861301579 -0.005807159948758289 0.0016375318849583412
0.002998692570380015 -0.005035750641051089 0.0009493896590629379
0.0035599975143827444 -0.005575717712586746 0.00014955347909004113
0.0027883015484552244 -0.004848742427330138 0.0012456505065948113
0.0035036024856956558 -0.006140210346152875 -0.0005035174535861817
0.00412764862313706 -0.0061118987327473335 -0.0006476205566143593
0.003465225830418916 -0.005488728086185488 0.00029715001955269707
0.0029040000034580775 -0.005540935992756228 0.0004012672943792159
0.0033895317603882444 -0.0053949189093089375 0.0004190737695315695
0.004666789009353469 -0.006673879118120371 0.0002656373632319936
0.002777776160753121 -0.004999697657056184 0.001059309435418162
0.0033531248812257697 -0.005306824778910826 0.0019336818934014171
0.002888158414460189 -0.0057893814341453045 0.0002779946677970803
0.002931883808072921 -0.004948546075839909 0.00108719173542999
0.004231930150459421 -0.006204349441176396 -0.0007668595932795051
0.0045249581076456415 -0.006505704999901837 0.00041519490295799177
0.00393226313246796 -0.006086160115881628 -0.0005973969079619064
0.0031766957585635065 -0.005094207195290483 0.0021439366233697342
0.00439918834159236 -0.006368563444258524 0.0005693098852174915
0.003397623264637639 -0.005307616137405109 0.0018558748592028525
0.0032086630557620153 -0.00508194577782173 0.0021160628494416595
0.00393226313246796 -0.006086160115881628 -0.0005973969079619064
0.004294137209827646 -0.006219938507634875 -0.0008112699574149761
0.00440579856417314 -0.0063200892727621714 0.0005636041798161071
0.003097105017490242 -0.0056765550782233816 0.0001739701768231749
0.0042199066169965735 -0.006114093572395978 0.0007991410050185546
0.004223788743543351 -0.006112954587913356 0.0007963890861034757
0.0029561803883319956 -0.004930129155032921 0.0010987811909229088
0.0026338927297651846 -0.00519553305537277 0.0008761661471834744
0.00308518630470413 -0.005262539986435345 0.0006313817810815037
0.004600621082547329 -0.006509084087507148 0.00029465839695927404
0.004316229045134892 -0.006241275784529921 0.0006420087921789355
0.004439626804534471 -0.006368591028647139 0.00048279696720493064
0.003063197534703436 -0.00506685288555346 0.0009284345513337908
0.004211290507829159 -0.006090452121366504 0.0007993461325629809
0.00308518630470413 -0.005262539986435345 0.0006313817810815037
0.004379374976784696 -0.006272067109088348 0.0005761625996509125
0.004297651210170001 -0.006171607022657812 0.0006911395975079044
0.004103204090248142 -0.005966238616365436 0.0009395375185184124
0.004079049945741187 -0.005977758860119648 -0.0004706995541496603
0.0030661883093472024 -0.005598328071708156 0.00025768603783019625
0.004689006479012495 -0.006581815343433423 0.00016634409643986281
0.004381796133803567 -0.00626420167144201 0.0005593248380732765
0.004648771388244627 -0.006519932275247837 0.00022557605411239795
0.0030661883093472024 -0.005598328071708156 0.00025768603783019625
0.0029949787086037878 -0.004970211512921783 0.001052680656066859
0.0036963712209538892 -0.005638043572901391 6.195850074227289e-05
0.0041895883647028904 -0.006024416599625717 0.0008174374792195746
0.0038812856777048154 -0.005831847976568525 -0.0002096283619408416
0.004607566580833364 -0.006445103477334577 0.000280729534544652
0.004207816379466712 -0.006072774791306302 0.0007714252144070922
0.004207816379466712 -0.006072774791306302 0.0007714252144070922
0.0041069758792404605 -0.005947823403909787 0.0009119997725970999
0.003602159876229695 -0.0055286389350035475 0.00021124997650172298
0.004708953251954188 -0.006534524542208644 0.00013187464442682324
0.004357007548358472 -0.006169161290456357 0.0005903161494491605
0.004167946656464404 -0.0060002776265324995 0.0008137943337850687
0.004017020178761605 -0.005970569365377957 -0.000393572600514035
0.003814369837816462 -0.005648835964946927 0.0012606313372843336
0.0045105552952811835 -0.006327383838947768 0.0003760817445052372
0.004153277027831891 -0.005981676971755209 0.0008241685715759214
0.004457623862735435 -0.0062566883109012655 0.000444874451271658
0.00419676833029215 -0.006002321880496025 0.0007742132437945396
0.004172347118749971 -0.005991708285442147 0.0007958193430949957
0.003997612555233747 -0.00596591989129335 -0.00037084682580298777
0.0029499886961566525 -0.0048947380082893935 0.0011544229150336448
0.004148376786578058 -0.006088226186588876 -0.0005681358900536773
0.002773529920276628 -0.004698379699692298 0.0014221569909287808
0.004192163241996496 -0.006009101370916032 0.0007478069593407719
0.003108213000018248 -0.005050600884737238 0.0009356721933719729
0.0035395548493639094 -0.005351771471329478 0.0015854846574512814
0.0026895984621958654 -0.005192512063285113 0.000848856599386157
0.0034790405937715407 -0.005412107055313774 0.0004139631346227569
0.003930956384749127 -0.005789969733924307 0.0010499387678385493
0.0029898263209612993 -0.004933508853883207 0.0011122714615585559
0.002549991363744729 -0.005040073678973157 0.0010656463217844866
0.003915436655412939 -0.005913161237327198 -0.0002486713055862131
0.004629138826565974 -0.00643244362217982 0.0001845292300177467
0.003696935196317477 -0.005475261387663748 0.001391831215620021
0.003647521901772376 -0.00552187981941604 0.00021465363928961864
0.004724104855085952 -0.00646665240172045 9.163679522009294e-05
0.004724104855085952 -0.00646665240172045 9.163679522009294e-05
0.0036823499508374076 -0.0054618660950934445 0.0014077112973783854
0.00415506399467979 -0.005934661011347903 0.0008002117808311469
0.004237804622165694 -0.006031923440220062 0.0006818933104442273
0.004237804622165694 -0.006031923440220062 0.0006818933104442273
0.003523832124004234 -0.005312065248521506 0.001603494755545046
0.0039319998269402735 -0.005833856872361189 -0.00020688672447970085
0.0030583895757678786 -0.0050321668020521055 0.0010057841862156883
0.0034770365879386762 -0.005242349875301817 0.0016747417205966754
0.004416842601072994 -0.00624701885423952 0.0004247513890100006
0.0034842703430857354 -0.005272965506112305 0.0016496424346289101
0.0031306911421496854 -0.005307368818284461 0.0005636753976921671
0.00461046168780207 -0.006395101381476135 0.0001984678723519685
0.004011934369802545 -0.005928214665112211 -0.00032889247532290995
0.0036486290388245057 -0.005562134219255939 0.00019602188938334442
0.003423000024478152 -0.005234887765301281 0.001707862546773621
0.003652934711120105 -0.005413369542627239 0.0014427474831938743
0.0030878953424332716 -0.005000466289775756 0.001006132251046573
0.0030878953424332716 -0.005000466289775756 0.001006132251046573
0.0030256723593498013 -0.004863818243921479 0.0022002634433867935
0.0040921613071841344 -0.006029119361733784 -0.0004506123515932021
0.0038670037351159242 -0.005700450431011695 -6.475264526428065e-05
0.003854534588393363 -0.005626203099472077 0.001169029601106683
0.0042761293686384046 -0.006194181333998647 -0.0007021268069828427
0.003659607750876776 -0.0053988846040148595 0.0014303174561497121
0.0029323551249674797 -0.004837559340034949 0.00123741882349782
0.0031253365107852165 -0.005055770230509545 0.0009467581083890871
0.003569588480920522 -0.005320465071005463 0.0015389497938581335
0.00425776945034357 -0.006072317141222466 0.0006008729457392093
0.004680144116484903 -0.0064130526746687165 0.00010227258316844768
0.003010098213537892 -0.004915310351280614 0.0011326382695087001
0.004287632309457941 -0.006032518259945464 0.0006017115111530988
0.004269703710694174 -0.006111396696874544 -0.0006339712995934236
0.0029302242309469876 -0.004808142203890929 0.0012707181958992542
0.002756647772910039 -0.0046587670855258315 0.0015066379425691088
0.00443003546184594 -0.006185680577729077 0.0003972382182712722
0.002756647772910039 -0.0046587670855258315 0.0015066379425691088
0.0047878210312785755 -0.006522009379710531 -5.8972462013636364e-05
0.00365088230722358 -0.005385839319721003 0.0014132071106591282
0.0034685439816021057 -0.005847033934802473 -0.00022054350451571335
0.0038221718313689854 -0.00555725880395186 0.0011855862526876173
0.004199143095384715 -0.005951111964567008 0.0006876429001002262
0.002445046494567974 -0.004927044875580929 0.0012446855545276323
0.0031792764035020044 -0.005612604497419325 0.00018187962410771166
0.0031053003393476954 -0.004994690024762131 0.0010206782514646587
0.003910916326420483 -0.005783397502569664 -0.00012300109409911397
0.0036615638601803185 -0.0054272932016231 0.0013625752130551763
0.003910916326420483 -0.005783397502569664 -0.00012300109409911397
0.003501427331269795 -0.0052326130876551346 0.001590462887294743
0.0042140326468246385 -0.005921337626263375 0.0006810763110068911
0.004648371916144051 -0.006416399413309198 7.527147898927745e-05
0.0035579684318329577 -0.005291696935968346 0.0015082764552528272
0.0034282355414372388 -0.005142237070054761 0.0016840612316737663
0.003954517464900864 -0.00580284775651629 -0.00016265114506118004
0.00468571290301189 -0.006377490379332193 5.9247958410116085e-05
0.0042642016282342 -0.00599569686265226 0.0005801540606834725
0.003022715939808219 -0.0049339752964909145 0.0011358646399079535
0.0031061752660011227 -0.00550375975991857 0.0003220710100631431
0.004372255947617558 -0.006102437036685292 0.0004343402240268395
0.003098663786214147 -0.005023029880820107 0.001021906007525186
0.00360325083879941 -0.005475302200020539 0.0003322566709427383
0.004399166775615806 -0.006123028657402646 0.000401701372349145
0.004433800480124689 -0.006163498842391664 0.00035260116061482165
0.004113945952709079 -0.005998679111212273 -0.000402280239698216
0.004134919366441579 -0.005852946648502054 0.0007454783354073453
0.00343397296888553 -0.005135610735683358 0.0016658495167759444
0.004628501627188973 -0.006364478447071843 8.086784990487956e-05
0.003688428923170184 -0.005543559205421702 0.00023006353260568557
0.003377858297893635 -0.0051180943041081095 0.001705589091617424
0.003377858297893635 -0.0051180943041081095 0.001705589091617424
0.0036432899550245287 -0.005343704542262668 0.0013837600235113339
0.00344764517110245 -0.005142013605161085 0.0016386242267474867
0.003412429059843042 -0.005130686765586138 0.0016685257040059173
0.003412429059843042 -0.005130686765586138 0.0016685257040059173
0.004481671681962639 -0.0061834258047269875 0.00028410410834091754
0.00429013797501284 -0.00599530842430713 0.0005316770053646741
0.00429013797501284 -0.00599530842430713 0.0005316770053646741
0.004023382392612021 -0.005862987616725005 -0.0002389994666363606
0.0035204319719567075 -0.005229866121391647 0.0015281898761610121
0.004208427749825283 -0.006042407388647451 -0.0004999527982756434
0.003919909087876073 -0.005612096819285229 0.0010140745488302783
0.0033258337648153905 -0.0057242250394080275 1.0890519031038218e-05
0.0035247604640647064 -0.005404547867072853 0.00045808060270457253
0.0035247604640647064 -0.005404547867072853 0.00045808060270457253
0.00444037810297347 -0.0061381313609364125 0.00032532095257630357
0.003176748921203382 -0.005047399653746699 0.0009606676617316787
0.0034140108991465154 -0.005118165177179312 0.0016574558380876335
0.004530295436075434 -0.006236953812368323 0.00019843853259316914
0.00342214428151317 -0.005131172783705992 0.0016438717805306964
0.0037883621477781777 -0.005476909742958858 0.0011720884590368937
0.004208429505195468 -0.005921321201013791 0.0006071646940150733
0.0037590202574578737 -0.005467165369605307 0.001195920367731394
0.0039031962083487114 -0.005783832458224686 -7.925200298889034e-05
0.0039031962083487114 -0.005783832458224686 -7.925200298889034e-05
0.003562390334711493 -0.0052546500989900085 0.0014607490552038852
0.0034781511226222982 -0.005206135679362995 0.0015436902964251695
0.004203066598514414 -0.006028857811576282 -0.0004734080903444633
0.004363612755595867 -0.006078307467360921 0.0003951651260832863
0.003121234837581782 -0.004992495592610136 0.0010458828596434985
0.00427485221144554 -0.005980643434867247 0.0005108467796858013
0.0046854829495177105 -0.006400861503353241 -3.465983265573109e-05
0.003117121378321394 -0.004984015524632027 0.0010543823620772223
0.002557636690508279 -0.004910209198505388 0.0011875964023161276
0.0032558245865110576 -0.00539820151424589 0.000397416012194253
0.003661840832518728 -0.005513250795739411 0.00028944519827824825
0.00312328949838283 -0.004959187960565065 0.001067723175480011
0.004270505664101356 -0.005944430273342999 0.0005283335266973926
0.004229503225795658 -0.005877266675491451 0.0005966018793129631
0.00392857610277884 -0.005744045801847184 -6.761490173381879e-05
0.004097025187198429 -0.005916603016724816 -0.00030935545593573224
0.004097025187198429 -0.005916603016724816 -0.00030935545593573224
0.0036897097164870023 -0.005368833167989233 0.001282057385757286
0.0029375718343888748 -0.004817144792284963 0.0013098669632900387
0.004420350081468949 -0.006207520266647666 -0.0007514858104358067
0.004465859307339965 -0.006164323239460492 0.00025217216931326924
0.004163987293629505 -0.005841515301709331 0.0006578487511902239
0.0034649084845662613 -0.005160500348951755 0.0015617806400130862
0.0027401907385870795 -0.00514813072544948 0.0008844986386824943
0.004444964383731432 -0.006250408474065939 -0.0007940924063230396
0.0035087707970533903 -0.005211091277469434 0.0014958890586274334
0.0035087707970533903 -0.005211091277469434 0.0014958890586274334
0.0034575542357943895 -0.005150140718348509 0.001566847139900115
0.003059198801422969 -0.004929337232312507 0.001150284755207088
0.0034133695621112216 -0.00510484834338708 0.0016213579040776445
0.003369416597292418 -0.005051503427125176 0.0016846334823539385
0.0032045420734865505 -0.005058516946005863 0.0009530939916867347
0.0039030459988143454 -0.005592128731134152 0.0009803047372193773
0.0035041045215684448 -0.005154567448495052 0.0015243777136544484
0.0034438261124987326 -0.005105646974129271 0.0015945609243742237
0.004363297039729813 -0.0060150520758417494 0.0003907802113622118
0.004574053053269411 -0.006256516410006761 9.111921178281183e-05
0.004132964636357468 -0.0058150762921399795 0.0006693042970147763
0.004255164230222488 -0.006097565257505166 -0.0005351770594680512
0.004255164230222488 -0.006097565257505166 -0.0005351770594680512
0.0034117657806804406 -0.005081422364047764 0.0016212375358364165
0.004023438313690758 -0.005818139162344898 -0.00017355600618211358
0.0038823993347033453 -0.00557362180058636 0.0009872976305003954
0.004145243701565757 -0.005842593099002662 0.0006348433710854904
0.004145243701565757 -0.005842593099002662 0.0006348433710854904
0.004489478565474962 -0.0061735800587452766 0.0001897436825346186
0.004221592023140937 -0.0058964132503961444 0.0005453164824660101
0.004479885968950585 -0.006151689965625673 0.0002073921743703602
0.004412180839397094 -0.0061889242510630065 -0.0007112447012558765
0.003220291380166164 -0.005062719929145664 0.0009498390338301897
0.0029937384141847994 -0.00482158131018758 0.0012822805685378965
0.004390255262723046 -0.006082712318071949 0.0003088901861143203
0.003587178920156588 -0.00526270022665648 0.0013722914377939817
0.0031633608381891943 -0.004954615785460372 0.001063430041542873
0.003985721928370589 -0.005795500278457987 -0.00011753813131753974
0.003792339942000015 -0.00544809101564535 0.0010997988040956253
0.0037711570122976267 -0.005440231533719282 0.001117284798805709
0.004248392012050389 -0.006060949614674311 -0.0004896485245250046
0.00412108027867354 -0.005814780512263878 0.0006388491258466962
0.0032389894579886985 -0.005539502921075898 0.0002212129561350461
0.003843130324454917 -0.00569974734256098 6.270052079601069e-05
0.003511968203844598 -0.005207267861786152 0.0014366448133636062
0.0031804657921856404 -0.005006209202755874 0.0010240480606847088
0.004248353143139158 -0.005937426471690119 0.00046774592170802516
0.0032009138486986137 -0.005045990937827679 0.0009835376275650306
0.003406859771781716 -0.005093861261980537 0.0015745507073387178
0.0034804086540632492 -0.005137175303398051 0.0014960335005169071
0.004685067177551135 -0.006328544013256189 -8.907630837763185e-05
0.0031213267437493033 -0.004951568290417516 0.0011085244985159907
0.0034952076785550834 -0.005153949056655742 0.0014706117279695181
0.004304263940422473 -0.005970252646443226 0.0003973380236046239
0.00480514477963017 -0.006432574522642156 -0.00024761056046038985
0.0030784891912992137 -0.004901964193402531 0.0011744898054493957
0.00423093335096175 -0.006028388626202661 -0.0004491784649195716
0.004452293806553551 -0.006111979605159409 0.0001947703104417407
0.004271926510882188 -0.005927341243061799 0.00043412280889112113
0.0028295221541981487 -0.005156387046420847 0.0008156851182410278
0.004393058087373477 -0.0060164828279257645 0.0002832542584044128
0.004393058087373477 -0.0060164828279257645 0.0002832542584044128
0.00411553205505443 -0.005783222717852714 0.0006216816054415287
0.004724144225531521 -0.006352333918449844 -0.00016320508973799883
0.004724144225531521 -0.006352333918449844 -0.00016320508973799883
0.004449502015658565 -0.006129374947537817 0.00016893326746211454
0.00341220474861017 -0.005063951133254768 0.0015580657751681818
0.004361963961458211 -0.00612341584191193 -0.0006019714026629152
0.004361963961458211 -0.00612341584191193 -0.0006019714026629152
0.004186103704119335 -0.005836854543102109 0.000528838070241874
0.004186103704119335 -0.005836854543102109 0.000528838070241874
0.0027620140022560848 -0.005076319283499924 0.0009272594563788008
0.004164001085823813 -0.005803276819142835 0.0005644229346236279
0.00429311307670853 -0.005894030335370581 0.00041440247870323967
0.004621746210417211 -0.0062808242747884515 -6.061824694526233e-05
0.0037406114395650406 -0.005391671349083885 0.0011025853288800574
0.0037406114395650406 -0.005391671349083885 0.0011025853288800574
0.003405096251664139 -0.005069140070212172 0.0015367585903334423
0.003766249122645133 -0.006146855926904516 -0.0005948335659580849
0.0033870864043375436 -0.005024748012080054 0.0015738595930203326
0.0043485820222396694 -0.005999809444227556 0.00028950086858981627
0.004088073300791423 -0.0057042994562921355 0.0006512626022576894
0.0043160304375368655 -0.005937330553247891 0.00034465785976243947
0.00397118671094078 -0.005754989531879347 -4.682454803485277e-05
0.0031004767074640613 -0.00486896384517745 0.0011990479358659726
0.003985884927030585 -0.005777498581064392 -7.002627883308975e-05
0.004525068194432932 -0.006167526163129423 4.364171440054571e-05
0.004525068194432932 -0.006167526163129423 4.364171440054571e-05
0.0037048609434680133 -0.005522595132766255 0.00031489605981726735
0.0037771364300642207 -0.005572235120832336 0.00022684618982452435
0.0031438196811437247 -0.004957098286398015 0.0011142715805002971
0.00413108965023317 -0.00574553937110709 0.0005748317782838337
0.004225208587255505 -0.005897990952041326 0.0004122170428234408
0.002767196858109634 -0.005111206074774347 0.0009069071929244715
0.0037030062694844226 -0.005489285855061637 0.00034020950094755103
0.0037559667910218014 -0.005424273149912327 0.0010355793381943673
0.0037559667910218014 -0.005424273149912327 0.0010355793381943673
0.003761158925260612 -0.005547900298579955 0.00025684220630575294
0.004221866613191239 -0.006040631831705751 -0.00041447028256142945
0.004221866613191239 -0.006040631831705751 -0.00041447028256142945
0.003557497365705568 -0.0051642468418058775 0.001328326436151055
0.0042212086001391915 -0.005907732378880638 0.0003957747410716731
0.003102636941243353 -0.004911182112430189 0.001183196943099238
0.00402994446789631 -0.005810590192866122 -0.00011358955147091739
0.0031960694031399335 -0.005500226575887769 0.0002994470468228013
0.002693776995536667 -0.004999956072624071 0.001041610288614237
0.003440716975751092 -0.005100172162598951 0.0014392111645734585
0.003702197921514425 -0.00534405009942186 0.0010996568698778439
0.0033109884737808344 -0.004975600013527045 0.0016068630601620809
0.004483554943403521 -0.006087632119164981 7.472806653356611e-05
0.004483554943403521 -0.006087632119164981 7.472806653356611e-05
0.0033943214133204487 -0.005040980891899622 0.001501717389174569
0.004367920434028821 -0.00598405436990305 0.00022165154791402124
0.00377456631734683 -0.005524757999600824 0.00027046262510222775
0.0031096757249163393 -0.00492393841890741 0.0011744521903740118
0.003772077829343022 -0.005372849643046923 0.0010203191528783278
0.003014131552687712 -0.004802956918730428 0.0013254691950249015
0.0037807766916762805 -0.005572698601252857 0.0002403557695322016
0.004618804209987859 -0.006211969126996893 -0.00010911837284362942
0.00409779855314832 -0.005875654994894839 -0.00019933512194564868
0.00409779855314832 -0.005875654994894839 -0.00019933512194564868
0.004254334692426691 -0.0059031676640992296 0.0003409229335439971
0.004254334692426691 -0.0059031676640992296 0.0003409229335439971
0.004320557788010059 -0.006087031782561855 -0.0005092868538485493
0.0028768964608902785 -0.004697392490079732 0.0015050651308837273
0.00377674009255326 -0.005564111455693488 0.0002514782965560227
0.0043088589980313586 -0.005956228116353544 0.00026496355184828506
0.0041670170625680856 -0.005787865421223753 0.00046849044943345525
0.003116149530157061 -0.005411135708683779 0.00043051577392898375
0.003337002432998349 -0.004993211031343936 0.0015522354384836924
0.003321175639263445 -0.004953995042678851 0.0015856005118834635
0.004225930545935705 -0.005820713538104165 0.00039519296123907027
0.004225930545935705 -0.005820713538104165 0.00039519296123907027
0.004711690375606282 -0.006310861417085433 -0.0002626733920142489
0.0037490970244208727 -0.005401244573844439 0.0009919293001159877
0.0037490970244208727 -0.005401244573844439 0.0009919293001159877
0.004222642486812822 -0.005858776483652205 0.0003618915827002824
0.004439690248628284 -0.006041396796955472 8.581272771483422e-05
0.004024892512505096 -0.005675311147680439 0.0006136580590949945
0.004631568008134261 -0.0062352306657649905 -0.00018205275017697608
0.004631568008134261 -0.0062352306657649905 -0.00018205275017697608
0.0033681661468030755 -0.005007848655816477 0.001490216705259556
0.004362039943910486 -0.006108632866518927 -0.0005516965975079403
0.0035495535633188473 -0.005870710618619223 -0.00022120628214397596
0.004362039943910486 -0.006108632866518927 -0.0005516965975079403
0.0035495535633188473 -0.005870710618619223 -0.00022120628214397596
0.00419856507705965 -0.0059722039911705525 -0.00033503978170930013
0.0036809143087935927 -0.005312037852208268 0.0010669026653023056
0.0034197153507120534 -0.005025522788595272 0.0014328461922841808
0.004200628890862375 -0.005835984004874143 0.0003609757809982714
0.004731172978517738 -0.006334672010570549 -0.0003389264220651238
0.003944070003096597 -0.005710738592971712 3.750268333073994e-05
0.0036355437571671577 -0.005921684938792752 -0.00032432324673245484
0.004040088250658645 -0.005642147189550387 0.0005912572786352633
0.0029057696673713005 -0.0047109017142074 0.0014831139759584173
0.004163349843485335 -0.005781357260880846 0.00040927880390162735
0.004163349843485335 -0.005781357260880846 0.00040927880390162735
0.0037208344359969145 -0.0053696796325689525 0.000982932777152859
0.003311563859050622 -0.00495883248242974 0.0015322999500646157
0.0033199275710622104 -0.004969900467594255 0.0015191176215127774
0.0033199275710622104 -0.004969900467594255 0.0015191176215127774
0.00378855900000602 -0.0053850855763021045 0.0009190734129066085
0.0034707448396628124 -0.005077729284600686 0.0013388370912819664
0.0033524538282809226 -0.005024719079817904 0.0014579575150760686
0.00404350821331254 -0.005655214353279758 0.000564754699588513
0.0036874294906172364 -0.005297225975899011 0.0010439619831272323
0.004351352497925271 -0.00599645932023029 0.00012802060380299885
0.003344369470895851 -0.005611376427899837 0.00012042837698753218
0.003344369470895851 -0.005611376427899837 0.00012042837698753218
0.004213333257189669 -0.005842858912202041 0.0003198095917310689
0.0036830928485762377 -0.005305342055330989 0.0010365152012699163
0.003321636298553312 -0.005598295848126911 0.00014909758437638943
0.0033634039528759015 -0.004962389160209708 0.0014800912285005748
0.0033634039528759015 -0.004962389160209708 0.0014800912285005748
0.0044392519076164785 -0.006051907828237137 2.228588073497653e-05
0.004001883370892825 -0.005752764474786811 -2.929140909695482e-05
0.004683897850241037 -0.006277194169246745 -0.00030767080209287634
0.0033219530174880435 -0.004957149991453719 0.0014995582838475388
0.0032853856473372646 -0.00505740128286998 0.000974377604407567
0.003210532023474252 -0.00551728545141687 0.00029899365978084183
0.003806944621935699 -0.005574060204289958 0.00024112186323418502
0.003517510158284478 -0.005120925026606118 0.001247942518521531
0.004780201721608832 -0.006361255211262205 -0.0004464899900983066
0.00402941033382586 -0.005628023543737069 0.0005584917895371099
0.0034622345542408115 -0.005087851344656986 0.0013071195581840058
0.0040098379562678215 -0.005788335358898881 -4.992528408232422e-05
0.003782433886514106 -0.005551131496247215 0.0002780756655927401
0.003741748167143139 -0.005523372448299061 0.00032842645319999033
0.003766524590380527 -0.005385969844032585 0.0008947785880177182
0.003766524590380527 -0.005385969844032585 0.0008947785880177182
0.0030967011569642045 -0.005363158871175794 0.0004952109451502624
0.004237886372262862 -0.00584501337833644 0.0002649123953457631
0.004188389697633993 -0.005813950974468081 0.00031844516756331375
0.0036872149593039642 -0.005319578420986874 0.0009909924339717617
0.0036872149593039642 -0.005319578420986874 0.0009909924339717617
0.004199073632878839 -0.00595835938652479 -0.000302763037823967
0.0041278951272644086 -0.005751678464868688 0.00038556425424232454
0.0041278951272644086 -0.005751678464868688 0.00038556425424232454
0.003655180958038441 -0.005294260654122921 0.0010150786205758565
0.004260397991811391 -0.005880534171706457 0.00020325250994078815
0.004434796025786513 -0.006043527064058042 -2.6247597196897533e-05
0.0033155243503377825 -0.004933687212032319 0.0014801092837367592
0.004028759342254551 -0.005644881492071828 0.0005108334890258323
0.004028759342254551 -0.005644881492071828 0.0005108334890258323
0.00437447573859954 -0.006160048411526708 -0.0005616099252417568
0.003648544781055646 -0.005287050533781561 0.001008410220011816
0.0036408078615835365 -0.005300620736452399 0.0010014077975783674
0.003762862888175498 -0.005343144077639449 0.0008814563313854524
0.0034783414549037404 -0.00511348404373959 0.0012268770732379248
0.004037261352359967 -0.005656110469758985 0.0004766140518805104
0.004328517388728441 -0.005940398814946948 8.14905047860661e-05
0.004538648239715161 -0.006164829789142327 -0.0002141760245547433
0.0034123137069451983 -0.00508430712687074 0.001286664480190294
0.004450437627966945 -0.006056137518080462 -8.772041029363038e-05
0.004185939451623493 -0.005791151348825697 0.00026825938475341383
0.0032861370711598486 -0.004914634784526721 0.0014734017634943195
0.003694959903325489 -0.005322557723032648 0.0009192203624677745
0.003694959903325489 -0.005322557723032648 0.0009192203624677745
0.003988243141489981 -0.005611279819847892 0.000513405858647746
0.003747965562953328 -0.005356182779295114 0.0008484317998014892
0.0032336254228553835 -0.005007781387523332 0.0010675366047061072
0.0034270798809378634 -0.005029979077921887 0.0012780857353310948
0.0047622984503291575 -0.006351182395608761 -0.0005351464658734057
0.004744377123813299 -0.00632948564397663 -0.0005105136068403997
0.004134217970669257 -0.005900018529988098 -0.0001992262889942049
0.004501321546575968 -0.006119302758802296 -0.00019957610919527424
0.003629164867299988 -0.005266481795568398 0.0009767804554230842
0.004726467332587225 -0.006284225555288239 -0.0004736428084148582
0.004726467332587225 -0.006284225555288239 -0.0004736428084148582
0.0032726515651004167 -0.0049142412524734655 0.0014551444089716987
0.0034270343666966494 -0.005112342238126314 0.0012169802961372771
0.0033286225465043455 -0.004973664623860861 0.0013696338073345316
0.004349586595519586 -0.005984666116412376 -1.7854670810094323e-05
0.004349586595519586 -0.005984666116412376 -1.7854670810094323e-05
0.004400160565907447 -0.0060148776672755535 -7.506293742698088e-05
0.004573284451895736 -0.006179415160005981 -0.00030777712737262787
0.0040101614459161225 -0.0056428506541518555 0.0004443764276735764
0.004308840441260836 -0.0059127054679971305 4.840202757395051e-05
0.003731254062645397 -0.005364713314166029 0.0008144739128136694
0.004685084480485812 -0.0042813974504341285 0.0007439326065762402
0.003364222206149084 -0.005008597289854303 0.0013076020342175955
0.003358715359112895 -0.0049899514656406565 0.0013194703428026928
0.004320301002428773 -0.00594498998566471 9.547410072667248e-06
0.0032673768030793463 -0.0049188982025543055 0.001430121356223378
0.0029056541890898724 -0.0046945164708026635 0.0015273402769916766
0.004411174761514163 -0.006179897259888817 -0.0005835808907734358
0.0034085588447368025 -0.005603679693866595 0.0001274355639971961
0.0035290683932648285 -0.005170150465195573 0.0010731638199835242
0.0039356005927231805 -0.005703993959188226 9.0972512988815e-05
0.004089400611418133 -0.005731036878792865 0.00030537618577196546
0.004470242215923685 -0.0061525740452807775 -0.0002463717706444166
0.003452318969602472 -0.005088008983168741 0.0011737786297574724
0.003986331292591807 -0.005621204808255078 0.00044125638255407463
0.003421012569278456 -0.00507383646910332 0.0012021539380239977
0.003421012569278456 -0.00507383646910332 0.0012021539380239977
0.00416261334030932 -0.005774963826517862 0.00021227360808650085
0.00465815484494987 -0.006188625085830121 -0.0004256146263289732
0.003979623772349367 -0.005586175643920327 0.00045945881906663504
0.004278987362066066 -0.005899895027157254 3.8324698111460636e-05
0.0032518691105672816 -0.00490212244315926 0.001425464108356525
0.004255487719870789 -0.005874799753464196 6.918661362802434e-05
0.004180030624815035 -0.00591206500864693 -0.0002229872305798144
0.004180030624815035 -0.00591206500864693 -0.0002229872305798144
0.003202853658136156 -0.004846475272699068 0.001491199211028581
0.003365320942501045 -0.005011659000261064 0.0012651010113086064
0.004198375497079716 -0.005845710009532548 0.00012074559745660224
0.0033723984697016764 -0.00498528381093628 0.0012716670988676029
0.0032619765320900784 -0.004925442724136748 0.00139212611781103
0.004434197695320742 -0.006026442171435134 -0.0001738323516025999
0.003152908611808713 -0.004791780531620542 0.0015544351680921373
0.0039751184893870644 -0.005720318525754043 6.079193187103656e-05
0.003287239819786517 -0.00507186111341954 0.0010075741622696188
0.004661498072849983 -0.006228714857023423 -0.0004759498663717314
0.003511745522598326 -0.0052468444066217385 0.0007229544282675245
0.004394026550181025 -0.00598944736864441 -0.00012678391684687836
0.0043306526711743955 -0.005959445208367536 -6.672116754269964e-05
0.004404254841479389 -0.006146482033055201 -0.0005364514582220544
0.004404254841479389 -0.006146482033055201 -0.0005364514582220544
0.0033566418907741554 -0.005108583269605523 0.0009345452457134741
0.0033566418907741554 -0.005108583269605523 0.0009345452457134741
0.004271908204878834 -0.006008397969006355 -0.0003450842606726215
0.004700777740703103 -0.006308807633969477 -0.0005707024920306988
0.0039837243171005395 -0.005609413297115556 0.0004025868312236797
0.0031224904287980933 -0.004779256670636245 0.0015659483903656115
0.0038837196238493167 -0.0061294086757220775 -0.0006431217935984566
0.0033411604034312746 -0.0050041579900034034 0.0012592922406006704
0.004226691373527135 -0.00579700789067937 9.826958684610343e-05
0.0030067720378052867 -0.005248864022710887 0.0013657358824560927
0.003146742999418969 -0.0047490488303435245 0.0015587007176406603
0.0032789635001334036 -0.004935210967390221 0.0013440615744856074
0.0032789635001334036 -0.004935210967390221 0.0013440615744856074
0.003949992371332192 -0.005575367641618507 0.00044050132260753714
0.004177346663802817 -0.005789837955776879 0.0001340377620285611
0.0032222859822301823 -0.004887565659752898 0.001413005493855071
0.004470218643809779 -0.006129755737484286 -0.0003039729894154793
0.003373145379715214 -0.005011915378345701 0.001218540067929859
0.0030308142147711823 -0.004819134473043286 0.0013745593760724558
0.004108586556768395 -0.005735174286317914 0.00021102905062563544
0.004423078929804459 -0.006113119341943538 -0.000526405725422887
0.004421036431211119 -0.00611378563031217 -0.0005246954933287701
0.003942391116898633 -0.005591603875448964 0.0004227863774719508
0.004099270807198843 -0.0058191938890586594 0.000156210093597128
0.004240156818213028 -0.005964294543886015 -0.00028630067469866127
0.004330731662832701 -0.005946106651869271 -0.00010569314407918038
0.004417513403250671 -0.00609025765142677 -0.00026198127462718693
0.004417513403250671 -0.00609025765142677 -0.00026198127462718693
0.004563032086949127 -0.00627231072939325 -0.0007315152146130384
0.003331978312762919 -0.004998234242548377 0.001232129642364519
0.0038378022744103863 -0.006081838645254367 -0.0005680721951926941
0.0032408562941799966 -0.004903774356213584 0.0013591492319892198
0.0043744180621506186 -0.006013119914802868 -0.0001910404962891818
0.002856627075985378 -0.0050498260455302275 0.0009350357462964789
0.004247667545698497 -0.005988327066315896 -0.0003011285374149562
0.003580404821230719 -0.005794251708722414 -0.00016667244738687774
0.0032507511905268747 -0.004957840353470596 0.0013100745985061574
0.004260201139583549 -0.005919299641479081 -5.4652997523729726e-05
0.004260201139583549 -0.005919299641479081 -5.4652997523729726e-05
0.003275850852645394 -0.005039135715722566 0.0010538437141977264
0.004058212949348745 -0.005705262841064507 0.0002243124383466714
0.00414114089991006 -0.0057768786846220666 0.00011438212977033978
0.0030025619078011623 -0.0046606304540773675 0.0016743048841878847
0.004098037534260592 -0.005750655899044379 0.00016380683422164075
0.004287812611052613 -0.005938675542960031 -0.00011560245953828927
0.004177143542395744 -0.00578046766434802 6.450153060538715e-05
0.004025314553650902 -0.00574459560886571 3.006191988548538e-05
0.004025314553650902 -0.00574459560886571 3.006191988548538e-05
0.0029895107304788292 -0.005216096778242549 0.0006991771868159153
0.003929754457707029 -0.005592454603070561 0.0003558656476237972
0.003929754457707029 -0.005592454603070561 0.0003558656476237972
0.003909608826400142 -0.005530487151732531 0.0004098154456437696
0.004313365033295169 -0.005973091330798857 -0.00017659254583426333
0.003909754271358292 -0.005560686665771586 0.00038830062559291157
0.00306670388664713 -0.0047536954362786335 0.0015339690563429796
0.004599354708342741 -0.006248008381489284 -0.0005700808402181891
0.0032408796155267345 -0.004942706695864379 0.001277402645562125
0.003252183196446736 -0.00495757867792951 0.0012564099227575943
0.0027494030466993264 -0.0049753541833364645 0.0010555353895213206
0.003662013987249078 -0.005390169943349941 0.0005416740893330119
0.003662013987249078 -0.005390169943349941 0.0005416740893330119
0.0033681796882302135 -0.00505994613079507 0.0010991748953785927
0.0033540627504386727 -0.005046197037094887 0.001118021552748893
0.0032749973665849356 -0.004968295526365317 0.0012269633371441383
0.004104855392057491 -0.005701945191415656 0.00012491033860309684
0.0038803473069575745 -0.005580205191080033 0.0003737227777443343
0.003195775629401186 -0.004879992240475123 0.0013304469233340248
0.003182213263204387 -0.00486166686535785 0.0013510579785069945
0.004258287033780852 -0.005975425346226421 -0.0002856032912010456
0.003067177084295458 -0.005287552506962559 0.0005989470538795585
0.003067177084295458 -0.005287552506962559 0.0005989470538795585
0.0032486538993070587 -0.004993794002320593 0.0011193751939283716
0.0032486538993070587 -0.004993794002320593 0.0011193751939283716
0.0030747419774894793 -0.004828895757507811 0.0013583242080024683
0.00399336455938707 -0.006219606617286405 -0.0007672417624454045
0.0036941874150606905 -0.005417624371879278 0.0005079970615747244
0.004188155982632275 -0.005871581909148696 -6.518271095950213e-05
0.004188155982632275 -0.005871581909148696 -6.518271095950213e-05
0.0031677241869337157 -0.004864662780728586 0.0013410027165553966
0.00314431808089256 -0.005343154108326218 0.000507533643845996
0.0036813620535742445 -0.005360079701104876 0.0006350545170419782
0.004290007074550505 -0.005951188699320791 -0.00020250732663634936
0.00389667701425036 -0.005582966388380373 0.0003270108725297132
0.0032054532359959307 -0.004977343111793279 0.0011671332997730008
0.0035755946053906383 -0.005267155857719277 0.0007679701443495053
0.0032947258467058167 -0.005000360434684447 0.0011486683100342613
0.003885289927863006 -0.005547419765991927 0.0003514523962126003
0.004094559142856267 -0.005811570692497794 2.5082937740516075e-05
0.004087313225501501 -0.005849110412347244 -9.90077145351146e-07
0.00407290489625932 -0.0057517197787598185 6.300394907077337e-05
0.0032033253511814692 -0.0049206444667560505 0.0012529428158758846
0.004046945478901112 -0.005738102682628336 8.941800730678706e-05
0.0032678231686405672 -0.004922420587923882 0.0011989456228609285
0.0031958117398735546 -0.004896080380619204 0.0012690189975605832
0.00385371495590075 -0.005568318889950544 0.0003415242732157995
0.003881533184900841 -0.005591543879403726 0.00030491326957757546
0.0029891644210181287 -0.00517358744867108 0.0007433989740401287
0.00383771538358625 -0.005566196898164559 0.00031269858711334566
0.004257752147408894 -0.005960363392357655 -0.00022100642071010336
0.004229432007919598 -0.005920393613254827 -0.00017563210757613024
0.00427614040239385 -0.005993195710906406 -0.0002575587448307287
0.003289193672185536 -0.005015616670417571 0.0011153137688555976
0.0038478528971693537 -0.005538758957576598 0.00032564293762158894
0.004175347297162583 -0.0058515205356106685 -0.00010449497854462165
0.003416603330141967 -0.0051603887575614495 0.000917171093160865
0.003248045538154518 -0.005433045675101544 0.00036142440346401556
0.004066256306301648 -0.005756998678439181 3.732162943455924e-05
0.004066256306301648 -0.005756998678439181 3.732162943455924e-05
0.00397333302714218 -0.005677309260484827 0.00015805047385207286
0.002981799514641565 -0.004726674828095141 0.0015200469646419266
0.004449043613273221 -0.006094693597266782 -0.0004806913720074443
0.0033107427219549934 -0.005027414764195285 0.0010676113333225364
0.0033850583248564332 -0.0055592980425720005 0.00016734641281525655
0.004195105743960186 -0.006104295848327174 -0.0006007386312590034
0.0036644484349279177 -0.005434572282935996 0.0014148541494266003
0.0035601176318568037 -0.0052928468288228284 0.0007355128481023299
0.003500163590120484 -0.00518750972844751 0.001616962958669801
0.0033711737228471796 -0.005530039783102633 0.000249916267858918
0.0032196949304541616 -0.0054740024110906515 0.00035446987755988896
0.0030703240868856516 -0.004790652847333483 0.0014741299913537498
0.004623932398598518 -0.006321812419365504 4.589560971754315e-05
0.004623932398598518 -0.006321812419365504 4.589560971754315e-05
0.0038238651366791798 -0.005581230076500657 0.0002964393453951124
0.0028802879614704666 -0.004824084232976566 0.0013643421185295383
0.0028802879614704666 -0.004824084232976566 0.0013643421185295383
0.004540646352519549 -0.006539493744434014 0.0003759139812690254
0.003955011726991407 -0.00553970767246957 0.00042345592581378245
0.0030693957468251793 -0.005287429442974261 0.0006120491369372447
0.004152055290183425 -0.005804547957923638 0.00036894892314379135
0.003390029533219157 -0.00504703883113608 0.0012114032342937055
0.003260717430133398 -0.005520198739005345 0.00025186548106530666
0.0036530029197901345 -0.005316300455242552 0.0009748274807091573
0.0036530029197901345 -0.005316300455242552 0.0009748274807091573
0.003389235478977805 -0.0051084230607302845 0.0009636598155948756
0.0032137158888383213 -0.0048972528895377615 0.001322280439701032
0.003853037383009503 -0.00566824076734413 0.0011485073175116188
0.004246729425718424 -0.005904839278049285 -2.5198387360858672e-05
0.0033479581998546353 -0.007553755413933784 0.0018337055368403165
0.01044228366623476 -0.0005603921952405709 -0.005929552763354625
0.011067727078343087 -0.0006724251865308571 -0.006841775265559247
0.003330377540538169 -0.007492109822257455 0.0017042219090108073
0.010496110337574641 0.00028962801217204115 -0.005379593278389158
0.017060526784155466 0.001589728896417848 -0.01339229168794991
0.01074383820870898 0.0007407345774945369 -0.005395447656512677
0.010832066123391873 -0.0008248652948671007 -0.006581800678181451
0.010504395684845848 -5.732079687974876e-06 -0.005566415320996382
0.010834780427231568 -0.0006953292566992236 -0.006485539687999592
0.013102089781645208 -0.0001752451692065879 -0.009183194844562733
0.01047439590685708 0.00020812366683041817 -0.005355625328505353
0.010033767898467836 -0.0009229210256791044 -0.0055388968841471
0.0052600218801091385 -0.006325201286890415 0.0004468442273859231
0.010902255854058048 0.0008288396162645095 -0.00547989964454496
0.01036894229378576 -0.0003735247637757176 -0.005592399689687928
0.012219087422300231 -0.0005267966668122817 -0.008206716515217314
0.010642243400837699 -0.0006781489471684257 -0.006166574631733225
0.010642243400837699 -0.0006781489471684257 -0.006166574631733225
0.01054253235594164 0.00019813310280848028 -0.005420247401096803
0.005792250872374527 -0.005754589056710095 0.00020166590606109937
0.005792250872374527 -0.005754589056710095 0.00020166590606109937
0.005864744651791544 -0.005691532272788949 0.00016781609972321563
0.005864744651791544 -0.005691532272788949 0.00016781609972321563
0.012625205855929363 -0.00042001649541575887 -0.008636166827805509
0.000827015909005739 -0.007366035875627903 0.002006709806888885
0.000827015909005739 -0.007366035875627903 0.002006709806888885
0.000827015909005739 -0.007366035875627903 0.002006709806888885
0.01039633509628326 0.00012747042526114607 -0.0052279444658554055
0.01039633509628326 0.00012747042526114607 -0.0052279444658554055
0.007118011757978487 -0.004219344048648847 -0.0002363114933494341
0.0051201070903413625 -0.006363439267922573 8.819978039869032e-05
0.03308022165938312 0.008982917797395651 -0.02973470685780308
0.005100602419919015 -0.006349775591789407 9.054345036227043e-05
0.010360143375351981 3.291415029568212e-05 -0.005224752325174751
0.0052506539709683865 -0.006211079405080482 8.557130521396345e-06
0.010489913379288745 -0.0010506866476322505 -0.006132126745696739
0.010017257889580376 -0.0006578944829100943 -0.005228970354344706
0.010017257889580376 -0.0006578944829100943 -0.005228970354344706
0.011716130732465687 -0.0008352911906948138 -0.007627759317871304
0.01032677529274618 -4.551679261991496e-05 -0.005214300224177854
0.005410551894917392 -0.006076664064717402 -6.909467879941758e-05
0.005410551894917392 -0.006076664064717402 -6.909467879941758e-05
0.005552345181549835 -0.005938419008145914 -0.00012520934979131238
0.00556095151079765 -0.005934028701930701 -0.00013521295370605
0.010587913189022012 0.0006533713080111329 -0.005044650591935598
0.008374135102222907 -0.002698865026504888 -0.0005889731372132885
0.005960871481537867 -0.005522175912751103 -0.0003005866295622602
0.009897108317323773 -0.0013164456813025678 -0.0054124479152159715
0.010474516275098308 0.00045868871771737166 -0.004947595923663142
0.009881508593260603 -0.0010883528795185748 -0.005212484168338324
0.009971054540184945 -0.0013539223332089578 -0.005514833642738989
0.0053937321885759405 -0.006034670594558925 -0.00014467189132923018
0.0060803131380757465 -0.0053746932205832754 -0.0003553594454316302
0.006243529463975111 -0.00523075941674022 -0.00041389903494993413
0.010707843089238374 -0.0013813810874719642 -0.006480906012246646
0.0108674523801756 0.0009353028179591315 -0.005527566471139991
0.006309968219324014 -0.005134177789386612 -0.00044084045654282873
0.06978420374554388 0.027511968517185313 -0.06791801262252067
0.06978420374554388 0.027511968517185313 -0.06791801262252067
0.006246427830917018 -0.005219336564685356 -0.00044789102627276864
0.005304187244720276 -0.006081499231890821 -0.00013762633694267478
0.006404323379019759 -0.005049164803850877 -0.0004913261568871222
0.01111360342734985 0.0013694625379853784 -0.005050803039048957
0.010229733413599354 5.24851311806471e-06 -0.004814674654094307
0.01849401223031525 0.0016392774798507463 -0.014662691207138328
0.01018686125527991 -0.0002000535652580517 -0.00487020077454003
0.010088828845814645 -0.0017249744889622917 -0.005786051250765419
0.01011019872244169 -0.00016656210520499097 -0.004737187097269335
0.00621078930236105 -0.005231147165475635 -0.0004651794164535027
0.005961825901383938 -0.005466817806308761 -0.0003936405584168951
0.0055208493266294695 -0.005906426007312559 -0.00026482146358583323
0.010500867892309185 0.0004795550538686129 -0.004786520773238208
0.009993341723117017 -0.0003725969252495838 -0.004683658713477246
0.0053606422067608095 -0.006033245484736218 -0.00020993279328428117
0.010552093606569862 -0.0015354541916142034 -0.0061702506276669
0.004235029883438216 -0.006675771783330099 0.0004210957052170335
0.010723262260939701 0.0007834246788491219 -0.0048023662491272195
0.010723262260939701 0.0007834246788491219 -0.0048023662491272195
0.005838617721964294 -0.005598468313247546 -0.00038787191045603514
0.006517923915884872 -0.004885813204736663 -0.0005744780425305556
0.010432123583606425 0.0003263804484937083 -0.00468998469147171
0.01943634108655556 0.0016983582249202388 -0.015514391805351918
0.00864703999714747 -0.0023752588968540826 -0.0009584070924236112
0.005307227796647133 -0.006039277939759103 -0.00022022578251230484
0.008756576601268117 -0.0022506559504392063 -0.0009898838890391153
0.005159393528908052 -0.006219797952636524 -0.0001952120081492455
0.010372280506342488 2.4312334856914197e-05 -0.005537267273697888
0.009546231884937634 -0.002180852150446469 -0.005141502138800981
0.010165737130478705 -1.5132839327894763e-05 -0.004446245585622862
0.005855861224821736 -0.00561082392513424 -0.000469209244862954
0.006328811867488284 -0.005105312356687836 -0.0005928673005841889
0.009857657626261241 -0.0005338151383445607 -0.004388910869660894
0.009692033935537313 -0.002174775309634631 -0.005275502835649747
0.00632105664201282 -0.005073978466012894 -0.0005872187700973879
0.009692033935537313 -0.002174775309634631 -0.005275502835649747
0.005301074471848682 -0.006072513115765215 -0.000264065651337788
0.005594891091782116 -0.005802824811320306 -0.00037425374856408334
0.009452583888659105 -0.0010536612477936016 -0.004187243159868361
0.009861600689230142 -0.0004684637094414194 -0.004312040889681933
0.00722819082758669 -0.004089401955742202 -0.0008139468969464566
0.012300007981671898 0.003217550874177864 -0.007281349550303407
0.0058037026566915405 -0.005589750079150465 -0.00044882864471850224
0.005647663537942575 -0.005747301073162691 -0.00040203900168142126
0.008555915721660024 -0.0024624654368567206 -0.0010070649508714209
0.006440631957451897 -0.004972495061456542 -0.0006623832198666556
0.017206040954044873 0.00045569305311380563 -0.013170644605483684
0.007084303635091216 -0.004249395954862917 -0.0008102633779977055
0.011862469424807509 0.001851270026301795 -0.007551115843337945
0.006323344641664832 -0.005127360182356882 -0.0006612156479267424
0.006323344641664832 -0.005127360182356882 -0.0006612156479267424
0.011483589321099637 0.0019272755491566446 -0.004739793320459095
0.00598204149673104 -0.005472485457792215 -0.0005655916063547169
0.005879472959941657 -0.005532240453087962 -0.00050993082393912
0.007311425967930306 -0.003966578641235526 -0.0008562555814366498
0.010339049844145421 0.0002438539761703228 -0.004404804931688943
0.0102991036371565 0.00015951646335079185 -0.0044047372245532524
0.00926707285681259 -0.001960568739846492 -0.004520665883817454
0.009337975267773704 -0.002355600756924169 -0.004876654518407213
0.0069223792616477 -0.004407624772533559 -0.0008130007524169694
0.012012782275247214 0.0028584151743061186 -0.0070216846603796046
0.01059611026624965 0.0006813057675941599 -0.004407070424987517
0.005520670028103474 -0.005846212546939676 -0.0004077070920074218
0.00566742800315224 -0.005754871169775473 -0.0004917552195136667
0.01089627957088107 0.001114515581583381 -0.004482309916832176
0.011345155813000475 -0.0019973139039202513 -0.007209027295630139
0.005353188152655586 -0.0059861560495483275 -0.00033996459814571677
0.005353188152655586 -0.0059861560495483275 -0.00033996459814571677
0.00912030986642044 -0.0022975594417711156 -0.004535153142026149
0.009733388952482942 -0.0006537866659110138 -0.004183937170892878
0.006274563405769764 -0.005133566607103418 -0.0006957091735880276
0.010310266788461735 0.0001759978847809587 -0.0043182244946160684
0.010310266788461735 0.0001759978847809587 -0.0043182244946160684
0.005984845575217318 -0.005408151140527452 -0.000608158330262043
0.0057858515449830655 -0.005574262448011938 -0.0005335553481846709
0.10864878974333819 0.039861589576206995 -0.10347451824664125
0.005248788764763689 -0.006039420124744054 -0.00031878931684198986
0.007337714391814539 -0.003937664497014127 -0.0009771544459948982
0.007337714391814539 -0.003937664497014127 -0.0009771544459948982
0.009293379837467346 -0.0024722423472504783 -0.004799546497692864
0.013726785907589245 0.00038239330801489763 -0.009916590012282202
0.010202785973594397 0.0001328388488199223 -0.0041616056648636456
0.009696852677461149 -0.0007185610795577676 -0.004097530139317523
-0.0010773567421686226 -0.007991008848526764 0.004730365757393154
0.01026152366917639 0.00021017845301505068 -0.0041677033193505296
0.010159657531228007 -1.6912175230776009e-06 -0.004174220068468981
0.00646003782560957 -0.004948332202790456 -0.0007981891895666741
0.00646003782560957 -0.004948332202790456 -0.0007981891895666741
0.007826191283763672 -0.0033648967349389383 -0.0010876043441458648
0.012118811649739077 -0.00013261274430092476 -0.008077025252171686
0.0072344203856045865 -0.003983435022275477 -0.0009309771763850656
0.0072344203856045865 -0.003983435022275477 -0.0009309771763850656
0.010799137384866554 0.0008459299003815556 -0.004356063943924535
0.010156959276487142 1.877338962306469e-05 -0.00410983334086585
0.009750393975762453 -0.0005846363651612777 -0.004007043752816794
0.011668115841039772 0.0016613464953455924 -0.007193734510582101
0.011087689148082102 -0.002351937550116125 -0.006917970117626861
0.011087689148082102 -0.002351937550116125 -0.006917970117626861
0.006220914779120031 -0.0051228522349934065 -0.0007119335586697385
0.006220914779120031 -0.0051228522349934065 -0.0007119335586697385
0.00876751707132708 -0.002329789542962973 -0.003924687614093105
0.008252365574053106 -0.0028124284498289563 -0.0011760469155256148
0.007188232583773646 -0.004085868019409893 -0.000983453717285839
0.00505046679054296 -0.006184893670352048 -0.0002565626976345656
0.021395813679371545 0.004024433360838824 -0.0180211607357962
0.00887817310009115 -0.002643328624605227 -0.004260626096975659
0.007958281887084449 -0.003160785549849473 -0.0011277343634698283
0.006696145146122006 -0.004687484038591885 -0.0009028719443597962
0.007315828436353227 -0.003945079619516329 -0.0010224823672025647
0.005992736716498501 -0.005407651236175601 -0.0006943926459495945
0.005992736716498501 -0.005407651236175601 -0.0006943926459495945
-0.0006925595363357088 -0.007844769209216786 0.0043461382945687195
0.009878096655156123 -0.0003701063057248377 -0.003946958685234554
0.008138305130199634 -0.002976135150927741 -0.001200767793835019
0.009789819088573723 -0.0005057613135889826 -0.0039226913506965905
0.00976335011232765 -0.0005475619437943251 -0.00391536105018938
0.010136613532979212 -7.419452609252588e-05 -0.004053701398285174
0.008419478320227896 -0.0026358107502554356 -0.0012611419959633755
0.009676713566100661 -0.003037918413779975 -0.0055168120703205925
0.009550730146419198 -0.0008744685455428901 -0.0038589810675324445
0.008174607188685373 -0.00290177466070301 -0.0012117664418772427
0.005423963926196241 -0.005870113165838544 -0.0004648050210698492
0.009677211088164403 -0.0007332755955135726 -0.00388447302354132
-0.0011563426328297154 -0.008014212836229525 0.0048207903924784605
0.009844353926399499 -0.0005078436841622298 -0.003909777781858369
0.006410577512220239 -0.004977396415489687 -0.0008712634949804485
0.005810184988016017 -0.005550455490650776 -0.0006554128956308678
0.005037749635090035 -0.006159391903077676 -0.000281019016580437
0.009947665486311296 -0.00287451288405143 -0.005667798230609668
0.018450523184759513 0.0003844796908628525 -0.014164637516996478
0.008499963547793787 -0.0028731844449724586 -0.003842786241630806
0.00590509409238858 -0.005491045488288091 -0.0007151315923788694
0.008517322152781904 -0.0029387111601268884 -0.003894257488296051
0.006273112466928626 -0.005156186056534714 -0.0008658208443395815
0.006273112466928626 -0.005156186056534714 -0.0008658208443395815
0.008716291858600742 -0.00216479226862777 -0.0013072874181427165
0.006436214442998823 -0.004887714004206443 -0.0008589049365795156
0.008796281570240243 -0.002190423682528631 -0.0014018762928401797
0.009775860384865963 -0.0004586501870409546 -0.003774441718487583
0.006687246923889213 -0.0046672801959967225 -0.0009769124556765958
0.009730192674143996 -0.0005532345479293718 -0.0037737906015326895
0.006010876711985924 -0.00533940162840593 -0.000750984276097356
0.00664160378834983 -0.004700565641024673 -0.0009604325388494443
0.005908283098479619 -0.005454079147571075 -0.0007243071631008249
0.008649961936203284 -0.0023147317267524985 -0.0013770450769763165
0.005952193432879655 -0.0054117154196872365 -0.000745592781959011
0.009658466242264808 -0.0007347117390917263 -0.003784468487019578
0.009214541147134589 -0.003294502879797014 -0.00498731807018636
0.005267690340144049 -0.005990019117790245 -0.0004406869870352628
0.005267690340144049 -0.005990019117790245 -0.0004406869870352628
0.0085758772898647 -0.0029488337530634233 -0.003934208961395526
0.008606664978299173 -0.00252808618969961 -0.003677520528877421
0.007647867238987157 -0.003524237705005094 -0.0012209964290749201
0.05812095048392816 0.016897736514697195 -0.05254246237181349
0.008409753569405336 -0.002626722321124786 -0.0013946948226479041
-0.00023221169929292046 -0.007661159494047339 0.003905593039345319
-0.00023221169929292046 -0.007661159494047339 0.003905593039345319
0.009387323237471223 -0.0008576909680858681 -0.003511767990847356
0.013291762043897848 -0.0018377452372644388 -0.009064441543904376
0.008135239752323024 -0.0029576274053866487 -0.0013499040447167185
0.014396062417809486 -0.001400783444889268 -0.010147555602756842
0.009407374078788144 -0.0010695358126742432 -0.003653385673851312
0.008384563004187972 -0.002962211178472919 -0.0036759869191534166
0.005429929426384943 -0.005833581530009379 -0.0005405748227856269
0.010030860002373498 -0.003071017799363952 -0.005802017596429997
0.010030860002373498 -0.003071017799363952 -0.005802017596429997
0.00794366517032464 -0.0031585695203750286 -0.0013028932250363807
0.008480831517384909 -0.0027739834604986026 -0.0036563788151102376
0.008565565743866153 -0.0025382033911420065 -0.0035946288425792775
0.008565565743866153 -0.0025382033911420065 -0.0035946288425792775
0.010004924658663535 -0.00024007650700075584 -0.003805682088681352
0.008873952688633089 -0.002009886617483703 -0.0014869259844203107
0.008805927078637327 -0.0035468931395251737 -0.004585537595125868
0.008805927078637327 -0.0035468931395251737 -0.004585537595125868
0.0058928997864834895 -0.005453219392331386 -0.0007807999909839116
0.006091915633461465 -0.005228600656218048 -0.0008427159096686655
0.006091915633461465 -0.005228600656218048 -0.0008427159096686655
0.0008006164579573326 -0.007301154635167059 0.0028640155528690007
0.005352683859878274 -0.005992683644346848 -0.0005862412796717475
0.007356273670008906 -0.0038932815291918945 -0.0012396951338153775
0.008403648391903376 -0.0034020314658100895 -0.003962471173668731
0.008403648391903376 -0.0034020314658100895 -0.003962471173668731
0.008508922455681533 -0.00361962690312314 -0.004245482204934348
0.005982301793052696 -0.005347313395286782 -0.0008196724129542098
0.008534204801682831 -0.002552709018045847 -0.003526538208460625
0.010550109536726951 0.0001494897888564855 -0.0057816590637964375
0.008118675577727013 -0.003661976086511163 -0.003765632126776164
0.02710521438576162 0.008303677806007747 -0.024516827858330877
0.009396882983496432 -0.0011416687381347456 -0.0036158576465109065
0.008234994932240867 -0.003098129366481166 -0.0035170039074666187
0.00937742495576756 -0.0012057768634128677 -0.0036290557415587297
0.011361127675542777 0.0015033511419094998 -0.00667057350992307
0.010048491943576071 -0.00014579958666180895 -0.003736922890677919
0.00916945672084824 -0.0035445453319033014 -0.004986363399573119
0.008238617013233158 -0.0031556903371215677 -0.0035513179190988717
0.008205643638151718 -0.003039496115425156 -0.003412759587722991
0.005724707738412356 -0.005579543855362993 -0.0007349670246974252
0.008358681826186563 -0.0038090268322300003 -0.004126399333523837
0.007357324885982299 -0.0038767013054970528 -0.0012736196687696904
0.006403544496192145 -0.004916909948034258 -0.0009990298692351023
0.008444378998597634 -0.002617960641615637 -0.003404644871837495
0.008002354718610142 -0.003074362782634249 -0.0013971132212279135
0.01125519660178125 0.0013294912542795344 -0.0065933931428804
0.0008053960175109755 -0.007305625312260008 0.0028750237300636554
0.008366584502757532 -0.0025781147414944056 -0.0014520279713150649
0.007281433712956616 -0.003925319981574671 -0.0012475489107883462
0.010357063954513893 0.00024219690671608172 -0.003777930548075327
0.010357063954513893 0.00024219690671608172 -0.003777930548075327
0.009042117653849945 -0.0018297954164656568 -0.0016414557355777092
0.008011528283194744 -0.0038162577035546134 -0.003660692077030943
0.008011528283194744 -0.0038162577035546134 -0.003660692077030943
0.006623092155917615 -0.0047035024742789555 -0.0011063624807054286
0.006623092155917615 -0.0047035024742789555 -0.0011063624807054286
0.007763090740971498 -0.003978924912045167 -0.0034594165749275516
0.007763090740971498 -0.003978924912045167 -0.0034594165749275516
0.006755113045965346 -0.0045420185939389285 -0.0011418768795126303
0.0066875689089344985 -0.0046216865086085215 -0.001125607607107628
0.0066875689089344985 -0.0046216865086085215 -0.001125607607107628
0.000763742775709345 -0.007287095875358778 0.0029502202780305837
0.006400781041987282 -0.0049534417719388 -0.0010569194702507742
0.008974588061314914 -0.0018735658227852646 -0.0016367676433490413
0.008192647880373783 -0.00391591238852939 -0.003931326173364008
0.008694358257377278 -0.002229002706910936 -0.0015938006950396314
0.008694358257377278 -0.002229002706910936 -0.0015938006950396314
0.005462150750725877 -0.005743556304332856 -0.0006229736546198767
0.010405031701711996 0.0003098263045844661 -0.003740318583771718
0.007742768569577476 -0.003878367214494009 -0.00334154783978569
0.007742768569577476 -0.003878367214494009 -0.00334154783978569
0.010311275875550698 0.00019202341149747386 -0.0036957206457936664
0.010311275875550698 0.00019202341149747386 -0.0036957206457936664
0.0010369764890845548 -0.007203952515799098 0.00267378708903502
0.0052301153875073236 -0.005949754812647161 -0.0005268360418852777
0.006586741950135385 -0.004747293148659104 -0.0011416404060720507
0.005928286544801556 -0.005399724423264595 -0.0008929934732625019
0.006321427275888935 -0.005052332776845596 -0.0010693417235126902
0.006321427275888935 -0.005052332776845596 -0.0010693417235126902
0.009563265495674435 -0.000943076687672761 -0.0035355612970707434
0.009943154184936933 -0.0003449062113550439 -0.003589035691474946
0.0075913372975630255 -0.004141465545807054 -0.0033112509653931833
0.009918148685890457 -0.00038942641151063547 -0.0035824639067993233
0.011011510094346148 0.0008881952021514728 -0.006496819947572856
0.023439493887613405 0.0050745820691592645 -0.020204966628995152
0.0017588295000643941 -0.006890455939192028 0.0020045271294479475
0.0034250569421837226 -0.006206575877488364 0.00041707691056302803
0.0077295115124092085 -0.0038417063081891095 -0.0032659242353295704
0.008941965760270388 -0.0019427946136589683 -0.0017140327696949097
0.006919211570766045 -0.0043463625411671826 -0.0012451207322887372
0.006817082127289976 -0.004506785007342415 -0.0012458574862319212
0.0061007351148031205 -0.005169517873665306 -0.0009519322841142127
0.007271538440458984 -0.004525231738096645 -0.003168451538186016
0.006435643696921667 -0.004880976689689709 -0.001116283331454322
0.00974273253720828 -0.0006221967733021889 -0.0035024333710483193
0.009043418132389548 -0.0018006301916160719 -0.0017510683221506323
0.005385687828554361 -0.005795504290732695 -0.0006321060933887255
0.005385687828554361 -0.005795504290732695 -0.0006321060933887255
0.007566967744057706 -0.0037977604902346284 -0.0030147338651602576
0.00948421917012556 -0.0011477804355831058 -0.0035112611355430333
0.00993404882902236 -0.0003728130865494561 -0.0035393251712242833
0.008911537671956583 -0.0018992865097983702 -0.0033399899174009814
0.007247847964447927 -0.004363671556947585 -0.0029968086517532756
0.005915434978145926 -0.005133944481881544 -0.0018891740775596165
0.0080256173858305 -0.0031941567670448904 -0.0031455701937923605
0.006263431349593512 -0.0050461137197029115 -0.0010757568492358132
0.008306895396535497 -0.002747647767002972 -0.003174730591373938
0.008306895396535497 -0.002747647767002972 -0.003174730591373938
0.0064699030060468956 -0.0048379787559619525 -0.001155216689846742
0.007729999003786183 -0.004035649448792617 -0.0033474216375551954
0.006738981695503418 -0.004673129348055379 -0.0025729631734726444
0.008959096668668847 -0.001831882050080781 -0.0017349817336284106
0.006911022518087823 -0.004557393912731539 -0.002697975434599489
0.006043848080930012 -0.0052851217580994645 -0.0010116437086143066
0.007519269320799353 -0.003935348787589916 -0.0030093708330956198
0.020251201981472594 0.004357579551292054 -0.017185817178496838
0.01860641008783676 0.0036112342654194473 -0.015353318034146416
0.011138020125082982 0.0012320240740137027 -0.006373426952749493
0.00912786247202317 -0.0016904473605003302 -0.0018281807312904425
0.00912786247202317 -0.0016904473605003302 -0.0018281807312904425
0.006053763916335521 -0.005247043076911557 -0.0010101105181416629
0.12097168905280722 0.05767534299488018 -0.12354049787603351
0.009670110365000619 -0.0006404950028733934 -0.0033649586790571646
0.010768802581939702 0.0006062090249605831 -0.0058016053352037905
0.0018572446764715945 -0.006947055593889205 0.0018705522616176123
0.009176711916588268 -0.0014887051728585368 -0.0033320810970343677
0.009176711916588268 -0.0014887051728585368 -0.0033320810970343677
0.009176711916588268 -0.0014887051728585368 -0.0033320810970343677
0.005314626180440788 -0.005403049345161354 -0.0013068555970773105
0.004912283046544346 -0.006112677364807778 -0.00040025278713502906
0.008111384271514616 -0.0029027772278455728 -0.002995471686590551
0.007968655623340962 -0.003283659205865371 -0.0030778258818686785
0.009901727950115242 -0.0004295917890054596 -0.0034594210103718573
0.006530194455009407 -0.004775255245526945 -0.0012325618109195933
0.011324516671904553 0.0009523319148868866 -0.0067928445724313195
0.008208342895961259 -0.0028204501154217216 -0.0030471239558060807
0.00911075062192957 -0.0016882443709186855 -0.0018778801511756297
0.008314750427344312 -0.002666339646971268 -0.0017078795702800426
0.005888907322382253 -0.005402055868328676 -0.000986807477407059
0.006897891847572845 -0.004605526939003582 -0.0026689867498370383
0.007900152051120659 -0.0033518308877372054 -0.0030244169259409327
0.007679239716460264 -0.0037293484480310918 -0.003011234033162964
0.0060160731092666125 -0.005241073250989186 -0.0010264146471831873
0.005875169043016242 -0.005353593733656447 -0.0009585033870165937
0.007556575952565008 -0.00390872101303393 -0.0029827116499516883
0.007464286612809341 -0.004016351159750542 -0.0029339744236948186
0.006149180824225766 -0.005151034891382174 -0.0011243555266316858
0.006565521530741198 -0.004717402615074932 -0.001283758937722979
0.0038726560271102636 -0.0060613542275018565 3.797312254020669e-05
0.0038726560271102636 -0.0060613542275018565 3.797312254020669e-05
0.007644925238557806 -0.0038186551003842 -0.0030097463569315345
0.007884889859667265 -0.003302806407687988 -0.0029478531326755956
0.0070610921243733785 -0.0041938652579163556 -0.0014673505976562414
0.010989885939809508 0.001077029902058899 -0.005800532302486675
0.009386234907956785 -0.001155678347577858 -0.003266611932945275
0.006739951662913982 -0.004554623154932871 -0.0013870592131121615
0.006739951662913982 -0.004554623154932871 -0.0013870592131121615
0.007891189130958206 -0.0031761167022744032 -0.0016822280950056431
0.007004882663391517 -0.0042446284634792926 -0.0014642162588080938
0.015003064412292981 0.0011429204803758749 -0.011346220163982318
0.002623272363997737 -0.006654078166287583 0.0011709424530735339
0.006575564755868673 -0.004726722070278881 -0.0013353803625766939
0.006575564755868673 -0.004726722070278881 -0.0013353803625766939
0.0050966676322667 -0.005546050201097202 -0.0010754767423077885
0.007945613129695184 -0.0032091517660794737 -0.0029258202276531177
0.00817276254538855 -0.0028787478400053076 -0.00296843033428072
0.004875647969257877 -0.006097771262734685 -0.00043308222186133486
0.004875647969257877 -0.006097771262734685 -0.00043308222186133486
0.009188085712315653 -0.001584149665137397 -0.0020058898949680166
0.00817276254538855 -0.0028787478400053076 -0.00296843033428072
0.0071261812508175105 -0.004126867887352107 -0.001535613809544843
0.002423112956036302 -0.006743882528779812 0.0013590444113124834
0.00979847657432406 -0.0005418527276525717 -0.00331398611425382
0.007921438673047522 -0.003268828208559461 -0.002927156503206127
0.007330772153501704 -0.004195153981744901 -0.0028449886906265266
0.00510247840911199 -0.005916972020614331 -0.0005731136183628005
0.00750458640150687 -0.004043132654581263 -0.002946548579169493
0.008539716664062405 -0.0023430939951262237 -0.003024898273522261
0.009372583143264158 -0.0011195696305795924 -0.003185678772523355
0.006962664505849414 -0.004271266300067944 -0.001479179034261432
0.005393996246405135 -0.005729773889945062 -0.0007746045373010301
0.005393996246405135 -0.005729773889945062 -0.0007746045373010301
0.009275268930971553 -0.0014710270904968268 -0.0020744369752921815
0.006743271318700186 -0.004540026060704056 -0.0014409059458255823
0.007797131381125162 -0.003408772338086036 -0.00285293393492447
0.003012550089534993 -0.006497763579803224 0.0008201407493038238
0.010736643197089566 0.0006330275706405572 -0.0035983541201390604
0.004762020349538487 -0.006140905472745968 -0.0003750687418640657
0.005515091210889718 -0.005639242929580003 -0.0008556407003377093
0.007572759964132474 -0.0037997073211529096 -0.002840698942046173
0.007949180041910245 -0.003120400751081577 -0.0017848859049072706
0.010103096996209229 -0.00017153933197977569 -0.0033789640568042964
0.0066548207227710215 -0.004641333755839522 -0.0014260254220037501
0.00493065299552595 -0.006013044308501346 -0.0004857957377370263
0.00493065299552595 -0.006013044308501346 -0.0004857957377370263
0.006919831968742709 -0.004505146776771762 -0.002529057164806278
0.006275334765582301 -0.005004750019944048 -0.0012692009004807705
0.006919831968742709 -0.004505146776771762 -0.002529057164806278
0.009408937862855432 -0.0012596717434227797 -0.002113681284974441
0.005563974007488323 -0.00533019439832886 -0.0014485533414182786
0.005563974007488323 -0.00533019439832886 -0.0014485533414182786
0.01061997427314181 0.0004937068482966763 -0.0035153464226792535
0.0290734417619896 0.008879148336632848 -0.02637138147368033
0.0071937870765719876 -0.004215301869956311 -0.002646407924687157
0.003848075202264872 -0.006124242872036036 8.537864974490513e-05
0.003848075202264872 -0.006124242872036036 8.537864974490513e-05
0.00675459395792505 -0.004518476039211818 -0.0014819241824629418
0.007126720400231345 -0.004094498798456707 -0.0015998224924578244
0.007025528825968178 -0.004209549490515555 -0.001583402383600533
0.007025528825968178 -0.004209549490515555 -0.001583402383600533
0.009240087801732251 -0.0014741541570970668 -0.002124093513991431
0.00813018779693181 -0.002868505129594714 -0.0018719676882432191
0.008055198884180999 -0.00294553453480151 -0.0028013770199250385
0.005936550827630546 -0.0051347457770249075 -0.0017503541372526784
0.005606101888849504 -0.005542061561195296 -0.0009486204021102535
0.010082445818289184 -0.000475014249435924 -0.0023744948139168805
0.010082445818289184 -0.000475014249435924 -0.0023744948139168805
0.005290078331478151 -0.005739984251390826 -0.0007428621782533161
0.0068625878424206236 -0.00448036989901888 -0.0024113100674144385
0.008369432214731253 -0.0027040125241875766 -0.002991872801561413
0.006244281765482787 -0.004966181120286201 -0.001995256614691354
0.007479457525013136 -0.00392271695566632 -0.0027563490162517655
0.009626090194580461 -0.0008102984807739694 -0.003184165612078353
0.009800499262311031 -0.000556619904713914 -0.0032176535927369407
0.004828285323239116 -0.0060553107387235254 -0.00045595569843505585
0.009931170523453992 -0.0003667520440692794 -0.003239920306798825
0.007093261038375945 -0.004129761364334214 -0.001649064763793514
0.013505127791367574 0.0009275124850799769 -0.009773995273776917
0.009745408222903915 -0.000634205009967714 -0.0031807079716572816
0.009745408222903915 -0.000634205009967714 -0.0031807079716572816
0.005965863002041298 -0.005250864768570552 -0.0011894722374644322
0.009305827418213354 -0.001258596203033972 -0.003071361480396803
0.009305827418213354 -0.001258596203033972 -0.003071361480396803
0.006102815479239014 -0.005141433831465836 -0.0012783067579296814
0.006102815479239014 -0.005141433831465836 -0.0012783067579296814
0.010067625980122303 -0.0002440647080601158 -0.0032706855515716522
0.009215322537633894 -0.0015379413003985805 -0.0022528835198308626
0.009265500546661549 -0.0014470750643282675 -0.0022481776231331797
0.00935818960928496 -0.0012946833540556843 -0.002256709349148149
0.006295277777016454 -0.004958722959868581 -0.0013877392936751008
0.0055693662539281754 -0.005577770179175063 -0.0010004141040092262
0.004946721654195571 -0.005931371196854835 -0.0005550172563628225
0.009754920323166971 -0.0007284242538577391 -0.0031985760728414723
0.006182683819568611 -0.005048278341907665 -0.0013376520623627063
0.049587295567893035 0.019208905047008347 -0.04798711023343466
0.010943649489147738 0.0005863964124544267 -0.006387168241321534
0.020564219592786443 0.004325926716123753 -0.017314017379954253
0.007221021895752876 -0.0039916472082250605 -0.001787473822093676
0.00807434646215437 -0.002925308156466132 -0.0020047456443748413
0.01106810824444031 0.0007378652995442605 -0.006421721700336264
0.00821007419249759 -0.0027596743096718504 -0.002050660109991326
0.007702930192471321 -0.003512321249123506 -0.002653720796876107
0.006229936378800082 -0.004954422663394172 -0.001889804130072295
0.007964577647635019 -0.003097452545891427 -0.0020127404778804993
0.008900288256745135 -0.0019431005496054231 -0.0022534753303502346
0.005924707344995202 -0.005290548422333294 -0.0012466526689255348
0.00646602012719861 -0.004794371622578932 -0.002057254158089691
0.00646602012719861 -0.004794371622578932 -0.002057254158089691
0.004794418464733725 -0.006008117360543992 -0.00048474577559947974
0.009196433249844826 -0.0014282432022209514 -0.0029735043571828255
0.009647548842785413 -0.0009088524859512238 -0.0024084662423318384
0.006268959762606254 -0.004938241128152503 -0.001414451012540985
0.007112160858386121 -0.004095553964013015 -0.0017863701957819154
0.006433715297390324 -0.004828135259048291 -0.0015286320754028554
0.006600449385139581 -0.0046627468114385185 -0.0016045568512292143
0.0069306264923091835 -0.004348778714188564 -0.0017601642742963587
0.007025718907482451 -0.004317769347576496 -0.002384731882066167
0.010817289918712438 0.000424600933335893 -0.006059140710326532
0.0070963329361989555 -0.004133082211264473 -0.0023456642378546265
0.007448613163198418 -0.003901983087272222 -0.00258207404626494
0.006852718148174252 -0.004377739281682166 -0.0017061364876867573
0.011337608724275468 0.0018550460783359904 -0.005969778324970063
0.0061028631250011674 -0.005096960556116786 -0.0013621357149300234
0.0054868137018191905 -0.005577811806525154 -0.0009983761192249318
0.007819231491748992 -0.003378223630763835 -0.002646942246832984
0.0079590612714464 -0.003067801710418637 -0.0020602471896379805
0.00809839202447705 -0.0028937858456094135 -0.0020964767764118128
0.00809839202447705 -0.0028937858456094135 -0.0020964767764118128
0.006605438147204151 -0.004691374512942633 -0.0016570244898954803
0.0057873897507990935 -0.005232056541268935 -0.0015119845207230767
0.004302058443169136 -0.006024334097227042 -0.0002870231349131995
0.008846427982604576 -0.00190883948511001 -0.002285195872654226
0.008152727251636122 -0.002873598963103188 -0.0026788883542056934
0.00718204515464018 -0.0040163903421207335 -0.0018715477786183513
0.007332148363726412 -0.0039866388236294995 -0.002465760020553431
0.004763273683850275 -0.005989727977106774 -0.0005004997214717239
0.005596462398864482 -0.005473024669897842 -0.0010927711509005839
0.005596462398864482 -0.005473024669897842 -0.0010927711509005839
0.007346427547876442 -0.003882238746127887 -0.0019780824489562024
0.010528191483067979 0.0003150196926591231 -0.003260240440709597
0.007972234070845808 -0.0030941921965407433 -0.0025998373267723945
0.006137107889630581 -0.005064929877516255 -0.0014424521761910258
0.006137107889630581 -0.005064929877516255 -0.0014424521761910258
0.006649733158441778 -0.004584615237504133 -0.0016976505266801715
0.006961130813842432 -0.004350907727455288 -0.002270021700477231
0.009667811331593161 -0.0008731592901523646 -0.002548952906629033
0.009010814889649884 -0.0015359023125456092 -0.002746606586343776
0.004630226654546074 -0.005870696450274162 -0.0005489845505727682
0.007967884263528425 -0.0030562078665002566 -0.002146974764347398
0.007967884263528425 -0.0030562078665002566 -0.002146974764347398
0.007967884263528425 -0.0030562078665002566 -0.002146974764347398
0.006377499316462061 -0.004840182153040247 -0.001580901984156187
0.005678590151388799 -0.005399690381621373 -0.001169705515350244
0.005678590151388799 -0.005399690381621373 -0.001169705515350244
0.009011264264417135 -0.0016808051120764463 -0.002390244998281586
0.009011264264417135 -0.0016808051120764463 -0.002390244998281586
0.006941824249483772 -0.004304724220012121 -0.0018676177555422516
0.007894717926563545 -0.003162051924054061 -0.002526897056410571
0.0076606608784266965 -0.0034687246244521712 -0.0024584461452958044
0.004722179213993471 -0.006002866797554751 -0.0005046657164540645
0.007529200202235015 -0.003646051618963846 -0.002418461445546407
0.007232662507748316 -0.003966911221193711 -0.0019775333942391835
0.006300925555201748 -0.004931854025660541 -0.0015849674215036686
0.006300925555201748 -0.004931854025660541 -0.0015849674215036686
0.003997353512747937 -0.006215728377630751 -7.147163451341142e-06
0.009892170711761726 -0.0004693574436325386 -0.002980352871266162
0.009114548741474658 -0.0015280397587217175 -0.0024580548231282282
0.0042894082425503945 -0.006207697559036308 -0.00017170057989701523
0.0042894082425503945 -0.006207697559036308 -0.00017170057989701523
0.007365277214452773 -0.003832450554664794 -0.002058298603349515
0.006548556630208764 -0.004688511627596053 -0.0019645634654796794
0.005410226399131738 -0.005563181109495663 -0.0010204767313831003
0.005904282609828967 -0.005235672384427892 -0.001365540380786596
0.011006369367377028 0.000633483465354209 -0.006198813509776005
0.007604118398644103 -0.003585905364192315 -0.0024315740608252005
0.009228781713140557 -0.0014228682587157752 -0.0028361414368208793
0.004114895607978936 -0.00615516760472849 -9.479104139710832e-05
0.009807224336255317 -0.0006959102842303187 -0.002696465628165375
0.004114895607978936 -0.00615516760472849 -9.479104139710832e-05
0.004501262365524031 -0.00609175811678383 -0.00034881091157447944
0.0072861376035169454 -0.0038874704388876433 -0.002034576279907966
0.009590200898855268 -0.0009449356246982285 -0.002635745304651695
0.009590200898855268 -0.0009449356246982285 -0.002635745304651695
0.009537000643904111 -0.0010143931152302658 -0.002624354205989634
0.009537000643904111 -0.0010143931152302658 -0.002624354205989634
0.006751151426225924 -0.004501324160408831 -0.0018518601735460537
0.008061660151063259 -0.0029456462515754 -0.0022843313528383216
0.006027644007989008 -0.005125881345668168 -0.0014599291432830172
0.009701854980952855 -0.0007705699396879358 -0.0029254565525659486
0.009701854980952855 -0.0007705699396879358 -0.0029254565525659486
0.01048503345017562 0.0002336733306341121 -0.0031475567399610674
0.006716207021194372 -0.00453665777175997 -0.0018543820135833685
0.007362666226686799 -0.0038649428956238686 -0.002138421472355875
0.00427067944574963 -0.00619089778868481 -0.00017939411664884893
0.009519837637307989 -0.0010453262486228895 -0.0026739795868681074
0.006346129848194986 -0.0048891688612846 -0.0018272301983354936
0.009789144524888507 -0.0006820747072026485 -0.0027418796878956706
0.007443089263994722 -0.003739658928269169 -0.002315810280974764
0.004961264394640457 -0.005801884559819295 -0.0007238643082799729
0.006795559282689703 -0.004490660255191627 -0.0020749069129673095
0.009349407743018689 -0.0012176193429795346 -0.0026244749503816158
0.006310531943920433 -0.004944220013038862 -0.0018148076943064085
0.009294790152027069 -0.0012973264400193195 -0.0027829810538496282
0.009294790152027069 -0.0012973264400193195 -0.0027829810538496282
0.009032398921439448 -0.0016438039147229078 -0.0025681582237431174
0.009032398921439448 -0.0016438039147229078 -0.0025681582237431174
0.005935513153084292 -0.005163296089429656 -0.001526052558916619
0.0060954253707619435 -0.005052399731679779 -0.0016369203605550995
0.00622325243067155 -0.004977523805211654 -0.00164056037139999
0.007371710395412081 -0.0038274728263556707 -0.0022819659915146034
0.007371710395412081 -0.0038274728263556707 -0.0022819659915146034
0.006814370331121973 -0.004450050001065649 -0.001964238220461194
0.007062067608661665 -0.004182718312439431 -0.00206854244221237
0.007062067608661665 -0.004182718312439431 -0.00206854244221237
0.009754445370148458 -0.0007011804070587587 -0.002783642013415914
0.00987585780586928 -0.000566978845707444 -0.0028367458483905044
0.00987585780586928 -0.000566978845707444 -0.0028367458483905044
0.003990686616786913 -0.006270554983057919 4.124011722087454e-05
0.007092969145390967 -0.004136173480851307 -0.0021551903983455588
0.007092969145390967 -0.004136173480851307 -0.0021551903983455588
0.007246319789318668 -0.0040442690687004 -0.0022191648647224838
0.006214596449524229 -0.0049803542142507 -0.0016673607364601955
0.009835121682297297 -0.000649712953246948 -0.0029297562064494864
0.009063906813183937 -0.0015786932223022226 -0.0026722294827940837
0.0070942846699607225 -0.004153969173015383 -0.0021267542790404967
0.0061778400009278546 -0.0049685629852242435 -0.0016455774701546815
0.007330959727344284 -0.0037418636732209983 -0.002130034062846795
0.006491777927752761 -0.004749543315773578 -0.0018409292326395208
0.006491777927752761 -0.004749543315773578 -0.0018409292326395208
0.009819162358113458 -0.0005953340926004311 -0.0028587121747295527
0.009819162358113458 -0.0005953340926004311 -0.0028587121747295527
0.007515834813649642 -0.0036986462085095324 -0.002313411693001124
0.006190207837714049 -0.005130119969091896 -0.001747307190763006
0.009009318311183947 -0.0015658143220251472 -0.002576939400399674
0.008830830766213098 -0.0017753057167303422 -0.0025402255822220676
0.02144185453164132 0.013635578631189364 -0.010992021066603944
0.009435387279262308 -0.001209717669477244 -0.002788549526917654
0.010698584765350573 0.0008738412893850138 -0.005311927017746898
0.006337595739891909 -0.004878775596534783 -0.0017943124935656206
0.01268497771531724 0.00025910262619657787 -0.008825425825763265
0.004544744640366198 -0.0060380293700235295 -0.000403758010626461
0.0067400539759190255 -0.00455971214550039 -0.002077006711858818
0.009034722530029491 -0.0015676925681226452 -0.002457998902049491
0.008616439882555577 -0.002182960600805316 -0.002390869784683711
0.009943579486055938 -0.0004953534729974536 -0.002714032683362911
0.009943579486055938 -0.0004953534729974536 -0.002714032683362911
0.011217529366826249 0.0013788948942886205 -0.005576329651798875
0.00702965545050495 -0.004257002757520095 -0.0022316545743529216
0.00702965545050495 -0.004257002757520095 -0.0022316545743529216
0.010447897841619376 0.00010641400759563194 -0.0028556961352934874
0.009406259167953767 -0.0011459074555961615 -0.00289098277481924
0.006350338222828926 -0.004889192135612494 -0.0016001868571547087
0.006350338222828926 -0.004889192135612494 -0.0016001868571547087
0.006600451892811274 -0.004641669470387323 -0.0017050201976329506
0.009784888002958077 -0.0005928901157691609 -0.003003686380211827
0.008975069032745487 -0.0018052520813120643 -0.00233735657230536
0.005942141430901256 -0.0055981499643262145 6.012689733825093e-05
0.006749362453240671 -0.004593418277923256 1.7914005906701796e-05
0.006886205094418267 -0.004413237317931576 -2.1238522991621184e-05
0.008102708228993758 -0.0028476549679258873 -0.002052625372296545
0.008102708228993758 -0.0028476549679258873 -0.002052625372296545
0.006822646149240748 -0.004490459782512779 -0.0017373850861782665
0.011058993359373307 0.0011740151078254797 -0.005400926166858743
0.010383656308207227 -0.0001238890560179133 -0.005389871597737782
0.008946402834562661 -0.0017940485564925833 -0.0022411451086394242
0.009476935888462578 -0.0011174847523346529 -0.0023592060411435495
0.007106289395885879 -0.004244739992177806 -0.002438298382467978
0.010008673126309117 -0.0005199083434408306 -0.005149325823713643
0.011092964286253925 0.0013689389361360358 -0.005292485415267611
0.008027074343083699 -0.002927759656312479 -0.0019291493735401678
0.008027074343083699 -0.002927759656312479 -0.0019291493735401678
0.004732410012963527 -0.0057793868578486585 -0.0006959973050654675
0.004732410012963527 -0.0057793868578486585 -0.0006959973050654675
0.006309107084864894 -0.004927172014535726 -0.002008793528020477
0.007703657417262075 -0.0035579246380665662 -0.0027397210841029786
0.0057756851931755 -0.005380037382418428 -0.0010781469111257
0.008069290494488448 -0.002886039647752042 -0.0018808004602448435
0.008869520128149861 -0.0019179809514969508 -0.0020768363155673295
0.010567472655524116 0.0004031212206887265 -0.0034622595693439037
0.010022395607343465 -0.0010163546160279464 -0.005410147001054744
0.010022395607343465 -0.0010163546160279464 -0.005410147001054744
0.008706635316448212 -0.002086137390630055 -0.001974657972493261
0.008770284537806651 -0.002042361718199893 -0.003025916388229316
0.008770284537806651 -0.002042361718199893 -0.003025916388229316
0.009066771577325166 -0.0017461610547886337 -0.0020803706280503914
0.006623613250095265 -0.004662954767950073 -0.0014255369275580992
0.0057553153760193255 -0.005731743728751119 -0.00023813256453234858
0.008901463853234462 -0.0018350454779205588 -0.003067661661582052
0.009917175709273862 -0.0003890452454134129 -0.003303057963132045
0.009029243267381916 -0.0016296498633903212 -0.003109467557897948
0.006676100824751485 -0.004603181466650973 -0.001408084786415861
0.008825026509314207 -0.002017087647515178 -0.0019598090453347514
0.007840989555954 -0.0032224495729127403 -0.0017236486875660249
0.010605459869387048 0.00048418923115589737 -0.003559267606677595
0.005552993163915113 -0.005856070455129094 -0.0001629385242371123
0.010945828154313967 0.0009177932511351408 -0.0036966628955955568
0.011306397239325005 0.0015131380829900268 -0.00637155372199538
0.006004327175060097 -0.00543677715327141 -0.00034740134931626374
0.009020450868894537 -0.0017882781531615387 -0.0019368233504528018
0.006113099440848946 -0.005179908035171404 -0.0011268621952552624
0.007904025902350852 -0.0032457280384647603 -0.0016841997518736776
0.011261127746867768 0.001576316363604661 -0.005151524675636995
0.005826577136333938 -0.005669570397567155 -0.00035073931110582234
0.007904025902350852 -0.0032457280384647603 -0.0016841997518736776
0.011731987242110145 0.0022183199380342924 -0.006491938263089547
0.011731987242110145 0.0022183199380342924 -0.006491938263089547
0.011324925923924728 0.001412695299494167 -0.0038918410018157074
0.005826577136333938 -0.005669570397567155 -0.00035073931110582234
0.006278924748376931 -0.005156055908373885 -0.0004522771948296892
0.009538102013311348 -0.0009736552362881001 -0.0033887092921699915
0.009538102013311348 -0.0009736552362881001 -0.0033887092921699915
0.01211860602066031 0.0026650124996440835 -0.006738835091825071
0.00658487574086201 -0.004707705261506906 -0.0012257584976185095
0.00658487574086201 -0.004707705261506906 -0.0012257584976185095
0.009316690651984197 -0.0014351425593478486 -0.0018748917588199713
0.009316690651984197 -0.0014351425593478486 -0.0018748917588199713
0.005683999951530497 -0.005789935253438538 -0.00032358323281607085
0.010902580848309364 0.0010429546560358817 -0.005692473469294273
0.006169343507700161 -0.005286078372158267 -0.0004519692527458805
0.006345814383096101 -0.004923600243706762 -0.0010914358157244589
0.006169343507700161 -0.005286078372158267 -0.0004519692527458805
0.00804415058423927 -0.003128391321545358 -0.003114395414886292
0.02428454313743046 0.006563697704140001 -0.021386517333989673
0.009158539822903183 -0.001649910346060714 -0.0018080124055547399
0.009120615802366895 -0.0017214820545964902 -0.001780886920859634
0.008391634638360127 -0.002592252994495331 -0.0016003297944411673
0.0052457329160395085 -0.006125928779714737 -0.00015107598329690714
0.0052457329160395085 -0.006125928779714737 -0.00015107598329690714
0.010090519518069562 -0.00019422021936753162 -0.003639906977687819
0.005724527938352021 -0.005679075288274096 -0.00031676311811464905
0.006449627978880688 -0.004866279962529972 -0.0010996268745400357
0.00858402571826151 -0.002325602483538417 -0.0015825623135836283
0.006246298936592036 -0.005192160519059755 -0.0004885722318346893
0.00858402571826151 -0.002325602483538417 -0.0015825623135836283
0.011888245280597844 0.0028091770406287212 -0.006444384030953498
0.005606204201854548 -0.005833654001721286 -0.0003115328672661159
0.009523320291754192 -0.0009111838683235119 -0.003490805195537177
0.01038331225565105 0.00020000081668487067 -0.0037722939447020123
0.0064978695638275834 -0.004831682807336004 -0.0010769083720768959
0.010553987400231852 0.0004785118624446355 -0.003840562109242206
0.006591892707791274 -0.0047401003900259765 -0.0010872266887890115
0.011177594193592775 0.0015180807038954582 -0.004872100461230496
0.009277975711796171 -0.0016230514268664948 -0.0010077844018799285
0.005947680376135106 -0.00536787981390363 -0.0008259711827108121
0.011182800120025892 0.0012993861540796928 -0.005009834955845442
0.0011152936463971158 -0.007292950285691513 0.0017926293729868658
0.0010173165310926643 -0.007190370965913854 0.0026792492995150866
0.0009235024015645227 -0.007270143513184806 0.002740905924946862
0.008331187212218358 -0.003648835636076586 -0.004032854371205963
0.007339534961463114 -0.0039106578132654425 -0.001225121549008677
0.008520466271549652 -0.0024575634402327034 -0.0014442025310322187
0.011492738310501655 0.001996628720546284 -0.004875255112219351
0.012078243540170477 0.0017015850968538305 -0.008093321607430965
0.0066521174526867725 -0.004687040915371797 -0.0010190629060830077
0.0066521174526867725 -0.004687040915371797 -0.0010190629060830077
0.008638226032683537 -0.002305024529631785 -0.0014231328227067358
0.009947768802385017 -0.0008141740873743472 -0.0011491493781873344
0.006458490090641111 -0.004868835060563105 -0.0009297910476746297
0.01019436521205181 2.723628005008177e-05 -0.0038969509471148043
0.010540122984979722 0.0005504745169972339 -0.003984930445570684
0.007998016948116882 -0.003163666613856703 -0.0012833669886374798
0.009765977650726792 -0.002203441758584627 -0.005413443962412134
0.010854295128340685 0.0009313983731342928 -0.004661449017600465
0.006498650954326889 -0.004837301496529668 -0.0008807186710960903
0.008845180666704849 -0.0032960546270401803 -0.004559806501275239
0.016067156778291028 0.002748435715364619 -0.01266529559685473
0.01043559921657189 0.0004127546922616875 -0.004472951724919232
0.008482833140929666 -0.0025354201263307744 -0.001298235475635189
0.008482833140929666 -0.0025354201263307744 -0.001298235475635189
0.011321295818383021 0.0016157896237124234 -0.004311261881470734
0.01275561180540728 0.0037561104836303467 -0.0075806356529648155
0.010293131366254229 0.00015177177009643617 -0.004042856564555374
0.0117781895884369 0.0023446840222786382 -0.0048684628326737135
0.0117781895884369 0.0023446840222786382 -0.0048684628326737135
0.017771077564292845 0.0007903237852088498 -0.01373246236834748
0.012000005186440845 0.0020790879872683173 -0.007274513135735986
0.00749908005600502 -0.0037335081111424095 -0.0010915138043140879
0.005834733589280163 -0.005528077341928068 -0.0006224332513701961
0.01275561180540728 0.0037561104836303467 -0.0075806356529648155
0.006452881432134217 -0.0048962057015120245 -0.0008100778102924787
0.009729475981574351 -0.0011561342422915098 -0.0013210783586142646
0.010783400240394647 0.001496013694537966 -0.005174377714686425
0.010981966712605372 0.0010554754607953033 -0.004454614626436797
0.010981966712605372 0.0010554754607953033 -0.004454614626436797
0.01214350318828968 0.0031495864513713945 -0.0069948543286426764
0.009752608249866712 -0.0007266746513180538 -0.00415756536692488
0.005646363310170142 -0.00569571864260379 -0.0004892535662334746
0.007277152615843601 -0.004028735797937074 -0.0009731060608149242
0.010550339239453962 0.0007236126967141686 -0.004290226465555643
0.012322445624905505 0.003454510301531327 -0.007024575253539265
0.006510707839823244 -0.0048922626698890215 -0.0007885268797692522
0.005891896968573757 -0.00549922137568993 -0.0005693939889416809
0.010884432326738188 0.0010077976004448262 -0.004971202518056093
-0.0003192168732586707 -0.007563945588622425 0.004780128997522909
-0.0003322808397066345 -0.0075730720089792125 0.004786083213188995
-0.0002094511933289355 -0.007465805098507223 0.004728009047536773
6.902850653467615e-05 -0.007361746252431134 0.004677897241041795
-0.00010096994283997255 -0.007504820206996811 0.00473508670012099
-8.117927246112338e-05 -0.007488729731583466 0.004727305394859927
-8.117927246112338e-05 -0.007488729731583466 0.004727305394859927
-9.900066826004587e-05 -0.0075019067940247505 0.004733201934077092
-0.00013173568914713832 -0.0075259182520124165 0.00474500855393856
-0.0003390609570445648 -0.007601713631979455 0.004797872780882955
-0.00033458187925144626 -0.007603905337038485 0.0047979144082330475
-0.0002356596224861844 -0.007596778283321931 0.004784059020599008
-0.0002498958000666921 -0.007607640263256927 0.0047904841770089
-0.0002293095708434755 -0.007590774917290676 0.00478057536308413
-0.00031068314110634744 -0.007583688237088368 0.004785591709537314
-0.00016751615192088805 -0.0075404236281490875 0.004752615325249842
-0.00027918716080239746 -0.007627543402711174 0.004803106793239027
-0.00015877691607338462 -0.0075320828613334835 0.0047484601132557775
-0.00025066252068659857 -0.007529570425065015 0.004755426926751197
-0.0001898047140723909 -0.007555029311153449 0.004760651911489176
-0.0003159423555629261 -0.0075931908081989935 0.004790289080151243
-0.0002533899898026781 -0.007534548654908476 0.004757676809793486
-0.0002598773364705379 -0.007608873536195177 0.004791722465290535
-0.00030520864303498887 -0.007584914739313049 0.004785149857785139
-0.0003205323978284269 -0.00759947528422695 0.004793646351012832
-0.00026062462263482943 -0.007607289439987181 0.004790868853846492
-0.0001689708522695643 -0.007532969072509526 0.004749371401148742
-0.0002964916000819619 -0.007578070300196213 0.004780999661134459
-0.0001560332724748901 -0.007521518792795527 0.0047434608189701015
-0.00018748900464817943 -0.007547640205745054 0.004756729411428153
-0.0002455044907828024 -0.007531165555028457 0.004755250386664062
-0.000292575243816585 -0.007575686758252725 0.004779441895479231
-0.0002862502688907986 -0.007569925884074112 0.004776152833287671
-0.00015728522756724763 -0.007520872565800433 0.004743155886092323
-0.0001826335253340536 -0.007542189029020434 0.004754014104519781
-0.0002125672261737297 -0.007566652118679874 0.004767365951678015
-0.0002679050204753644 -0.007610222914332779 0.004792792739568789
-0.00017552929142989945 -0.007467396216195958 0.0047236241328156995
-0.00013337482874877982 -0.007496510033775852 0.004731310648086794
-0.00017589428304470696 -0.007532697491665254 0.0047493759149577885
-0.0002736016982586566 -0.007563431766692682 0.004771687673072445
-0.0002844537728904682 -0.0075735050838804645 0.004777341971204138
-0.0001404484690582885 -0.007500770567980991 0.00473350034700847
-0.00032060386647165607 -0.007606633182305318 0.004796710224286427
-0.0003077850249316101 -0.0075955224413384505 0.004789987156479496
-0.0001728062107392814 -0.007527729543275731 0.004746943974950641
-0.00016650455716023298 -0.0074624786720074495 0.004720780934651022
-0.00016650455716023298 -0.0074624786720074495 0.004720780934651022
-0.00026719672860588736 -0.00755953183567689 0.004769229653279698
-0.00023689088928708087 -0.0075786169726251235 0.004774681331538657
-0.0001846524518134869 -0.007534811960436163 0.0047508459121037875
-0.00029194682129050627 -0.007584316659614446 0.0047829145192386634
-0.00019189235075619193 -0.007538874639344782 0.004753124382603369
-0.00016547578484848598 -0.0074659723602090965 0.004721961044949397
-0.00017077048285951002 -0.007476854150750461 0.004726399122310347
-0.00018742480825285774 -0.0075306768098156365 0.004749171288947701
-0.00026015982568667023 -0.007561756892769426 0.004769221628730283
-0.0002100742243608759 -0.007548935919708442 0.004758824320359861
-0.0002150859316214291 -0.007521784104460567 0.004747874321148467
-0.00030942479145117466 -0.0076068912217224505 0.004795259285445289
-0.00030942479145117466 -0.0076068912217224505 0.004795259285445289
-0.00024873274193582494 -0.007553501386791358 0.004764400379134756
-0.00024873274193582494 -0.007553501386791358 0.004764400379134756
-0.0001556424518416524 -0.007500107790352728 0.0047339376849515995
-0.0002595395530935913 -0.007563459852615636 0.004769828986814146
-0.0002875319398927094 -0.007589517069169841 0.0047845881393260735
-0.00025642251718012026 -0.007585622153497434 0.00477958132202532
-0.00025642251718012026 -0.007585622153497434 0.00477958132202532
-0.00020916393953658786 -0.0075208605289763105 0.004746778970153291
-0.00020916393953658786 -0.0075208605289763105 0.004746778970153291
-0.00031137939615170164 -0.007612793528584508 0.004798249433171133
-0.00030339522025073576 -0.007621706295313115 0.004801835905225393
-0.00022955607497082402 -0.007541529260598202 0.004757238970316019
-0.0002105088038651434 -0.0075247531877441955 0.004748523306582423
-0.00019766162563497494 -0.007515837913343896 0.00474362632530179
-0.00022991592585866238 -0.007556738540178889 0.004763863235858276
-0.00022825221107443681 -0.00754494195100419 0.004758555497954452
-0.0002301175426627196 -0.007546716630260798 0.004759590163294676
-0.0001884315130537129 -0.007510360406066507 0.004740597559431886
-0.0002304204694031438 -0.007550333194375366 0.004761107806202827
-0.0002907837631596391 -0.007603843397547686 0.0047915860479504765
-0.00018864077825643145 -0.007514743816184565 0.004742394556966555
-0.0003135890310633308 -0.007557773205519112 0.004776791286500519
-0.0002052173658273193 -0.007528565350250759 0.004749509323091816
-0.00029859653970043943 -0.007607748343906863 0.004794271262798542
-0.00022547045086622003 -0.007476599622073698 0.004733879005434
-0.00019063989412949594 -0.007521765547690045 0.004745449402622058
-0.0002686510528038098 -0.007527599395114903 0.004757773104386469
-0.00022992507886033912 -0.0074881336580222176 0.004738215772858584
-6.968398004024876e-05 -0.0073906609608786625 0.004688951057861248
-0.0003371578849973137 -0.007596822418343714 0.0047956494791606035
7.27338422271499e-05 -0.007350049217822618 0.004673474711245337
4.5328501371188405e-05 -0.007372166631381124 0.004680882373424254
-0.00022189676793758957 -0.007552561260673933 0.00476135957644073
-0.00027245343539077376 -0.0075796960237543 0.004778394190246208
-0.00030786263737048533 -0.007533576932127728 0.004768057567530739
-0.0002879800608241151 -0.007609846262044602 0.00479427828427928
-0.0001310389325674457 -0.007518567513980914 0.004741398509770392
-0.00022739496350643995 -0.007537053818929038 0.004755243866717662
-0.00028262593099398465 -0.007552586838925194 0.004769001455155703
-0.00031173924703954 -0.007582030916866957 0.004785117258053139
-0.00017298964692356975 -0.007443591139588565 0.004715844833691991
-0.0002456373973824918 -0.007602912299048352 0.004787796454489143
-0.0002456373973824918 -0.007602912299048352 0.004787796454489143
-0.00021917481569923303 -0.0075814343417713705 0.004775362415170273
-0.0003495657191469993 -0.007569422594365476 0.004789285509940003
-0.00034111662091428963 -0.007576975701502543 0.004789490637484429
-0.00024726500169434896 -0.007601461109440045 0.00478716602582571
-0.00021623080913252743 -0.007557776465492313 0.00476325637930875
-0.00032225855363778955 -0.00761014818571635 0.004798510231027127
-0.00022541741360992886 -0.0075760360769194564 0.004772715818466269
-0.00022541741360992886 -0.0075760360769194564 0.004772715818466269
-0.00016661088243998453 -0.007525021508615267 0.00474540326146292
-0.00023246886102496107 -0.007578489332135988 0.004774383921675956
-0.00023246886102496107 -0.007578489332135988 0.004774383921675956
-0.0002871137856380261 -0.00760305523633481 0.004790783091474617
-0.00028978809211422984 -0.007593488218061694 0.004786648442388429
-0.0003051171130182216 -0.007605787093876351 0.004794153903763344
-0.0002559963383760218 -0.00752890488899789 0.004755967580768046
-0.0001936389440898465 -0.007550751724780803 0.00475860113757925
-0.0002395402444299467 -0.007541704546849491 0.004758470237116915
-0.0002514790185895963 -0.007598478484729279 0.004785531023882361
-0.00014413650181608568 -0.007513858106542861 0.00473947612865111
-0.00031673365136541666 -0.007567189261956355 0.004780648085563205
-0.0002356952314242144 -0.00751640314254333 0.004748463623996147
-0.00018186015938416263 -0.0074765537316817295 0.004727508014732661
-0.0002197473171465745 -0.007579401623097629 0.004774070462714424
-6.923773986261226e-05 -0.007370991536426134 0.004682878981625626
-9.598343767992647e-05 -0.007399676291379483 0.00469372215402293
-9.598343767992647e-05 -0.007399676291379483 0.00469372215402293
-0.0003027146381534581 -0.0076333554333923095 0.004807875883263355
-6.529467689371286e-05 -0.007403934819447269 0.0046929583172254695
-6.529467689371286e-05 -0.007403934819447269 0.0046929583172254695
-0.00026278059337224435 -0.007575563631572636 0.004775487798754886
-0.0002664163411752581 -0.007595909375080565 0.004785441750770117
-0.00015352296772735974 -0.007420118329480395 0.004706157196410476
0.0024074795037888706 -0.005674007221092259 0.002854140843279245
0.0023646428290238736 -0.005902990497094172 0.0027458319952191244
0.002490065219855986 -0.005240988209572923 0.003069181715439397
0.002482792595797697 -0.0053311816686741 0.0030160677243944527
0.002482792595797697 -0.0053311816686741 0.0030160677243944527
0.0025165431610283595 -0.00520146451391825 0.0030732491589242324
0.002357612634126433 -0.006012051019744045 0.002690541345145304
0.002402256337112868 -0.005821816412114419 0.0027743096164906935
0.0024903778638242172 -0.005333491422378042 0.003017227271784951
0.00238857874340181 -0.005891418344535929 0.0027432154905754273
0.002437139617646922 -0.005673832310991725 0.002843250025119788
0.0025340321649444737 -0.005206487098204768 0.0030831514529026027
0.0024302966831331006 -0.005756656318561396 0.0028136880866084886
0.002400955106271758 -0.00566144898933283 0.002863794376225744
0.0024950938539004615 -0.005210101248685333 0.0030699395338247963
0.0023934580455970125 -0.005975687523301847 0.002709978308431961
0.002459849719409893 -0.005659662210560308 0.002856331545269598
0.0025288143270708174 -0.005276406783975584 0.0030525478275703413
0.0025253231465408622 -0.005298934828773697 0.0030449801759374587
0.0025726987697606302 -0.005094516453901931 0.003143409299064439
0.0024816430164021756 -0.005613225835772873 0.0028844139574824676
0.0024816430164021756 -0.005613225835772873 0.0028844139574824676
0.0025168845805292597 -0.005408604151418657 0.002990795409079922
0.0024989074583182487 -0.005546711097971695 0.0029120309458292555
0.002557028078588569 -0.0051971067447432445 0.003095456096362152
0.0024299697454362233 -0.0058611234135889844 0.0027776433152383755
0.0024299697454362233 -0.0058611234135889844 0.0027776433152383755
0.002484124733692414 -0.005668606762027614 0.0028549638611286426
0.002548776584885209 -0.005294576369988976 0.003048934272661804
0.002438590243029098 -0.005890776631349882 0.002755793470249432
0.002546290729936678 -0.005325872050016507 0.0030396488659197277
0.0024790848778171153 -0.005666968437419273 0.0028739945816011543
0.0025555941292231465 -0.005290339470589537 0.003057290336274731
0.002540068318783105 -0.005408955664298119 0.0029934339812345114
0.002484723941843278 -0.005695826974020895 0.002854891640183906
0.002484723941843278 -0.005695826974020895 0.002854891640183906
0.002517323360383612 -0.005545971899048612 0.0029264475503880207
0.0025577879658031143 -0.005325283562162128 0.003044791097491863
0.0024063327455240034 -0.0056445446490717656 0.002861831370825048
0.0027094587204641745 -0.00624267456379986 0.0030965715087308667
0.0024341766781589397 -0.006023495531813152 0.002690958621714895
0.0024614250387669664 -0.005888354345878749 0.0027575864555093935
0.002710898061323736 -0.006125114162565509 0.003173376978855545
0.002505877155636113 -0.005659145065965573 0.0028716022628067447
0.002510015754305216 -0.005670035946816822 0.002862771747709643
0.0024845174977712135 -0.005756102499268162 0.002831375196588291
0.0027087215903702365 -0.006182351267406856 0.0031169809470997793
0.0025742557204225585 -0.005296333370160154 0.0030620579216960432
0.0025742557204225585 -0.005296333370160154 0.0030620579216960432
0.00244480908075051 -0.006011486417462534 0.002697166613756238
0.002450372475783359 -0.005974464657201119 0.002718195447033137
0.002450372475783359 -0.005974464657201119 0.002718195447033137
0.0024659313247979457 -0.005893958490576598 0.002757751961841082
0.002435211218115579 -0.006067107704048978 0.0026777010630122896
0.002724911118815425 -0.006021411531253304 0.0032137760713520872
0.0026164908674403764 -0.005105836522763309 0.0031694158606504616
0.0027237021702925896 -0.0058817848729629685 0.003311407754880931
0.0027055386026912593 -0.006252547141868678 0.0030269786039274476
0.0025944615985418525 -0.005225182793739195 0.003111405389859223
0.0024590103390027033 -0.005992316019676764 0.0027139991092233204
0.0024590103390027033 -0.005992316019676764 0.0027139991092233204
0.002493165579752703 -0.005831146706179786 0.0027912083144904514
0.0027152363960431265 -0.006123089217674014 0.003117917813244005
0.0024875401825372634 -0.005856725584358694 0.0027806460013226797
0.0024875401825372634 -0.005856725584358694 0.0027806460013226797
0.002462525405105527 -0.005960254684789795 0.0027365576222324944
0.0024528756963583588 -0.0060566532207639735 0.0026829857303365444
0.002583425147348868 -0.005329057796134346 0.0030599735449854423
0.0025152330279527416 -0.005752838263026356 0.0028318847554761567
0.0025152330279527416 -0.005752838263026356 0.0028318847554761567
0.0027077183336179584 -0.0059448227239628365 0.0032590726466636003
0.0027263531554220554 -0.005681879930986505 0.0034559484466194067
0.0025284228168278642 -0.00569539816216152 0.0028705194501700295
0.0026181350223854023 -0.005212346053692446 0.0031238594905516307
0.0027026387311463373 -0.0062400884019836395 0.003021221491256372
0.0024825231464743643 -0.005960532785580466 0.0027375195650936428
0.0024616909146581373 -0.006070375952565492 0.002685986410283495
0.002496209893187099 -0.005878144485967324 0.0027847786442715136
0.002610298799114279 -0.005282526192514398 0.0030934479528709957
0.0027146091019693095 -0.006061721601404771 0.003141787838548228
0.002550333911697891 -0.005671533152200682 0.0028782731710424773
0.0025386121765232058 -0.005692061391516015 0.0028790294848248608
0.0026236372302289603 -0.005224480802394845 0.0031253049125150455
0.0026060085489995875 -0.0053047983921081085 0.0030884200711280277
0.0026400385315485594 -0.005121030004012334 0.0031883377481715294
0.002627815575494385 -0.005218030067733692 0.003133227148925213
0.0024757306788533496 -0.006078361131535135 0.0026833819424639206
0.0025430632310851635 -0.005708438431111992 0.0028799237205503186
0.002492857324209933 -0.005999423262786949 0.002727170905554051
0.002494314406846717 -0.0059824776713265455 0.002738483514092145
0.002637119225548023 -0.005225653201602766 0.003129230923316438
0.002706306577147012 -0.006228801998614729 0.0030011034443380995
0.0026997908937890294 -0.006258453210238274 0.0029783448191278835
0.002497491376113633 -0.006031715679620358 0.0027074861843041993
0.002470536538477185 -0.005242270570184549 0.0030590737923822616
0.002722104971500001 -0.006016930447322832 0.0031478062506096363
0.002628766296524711 -0.005288425114019671 0.0031106255039629323
0.002515205443564127 -0.005966377415993602 0.0027472217468709715
0.0025319958101467795 -0.0058649186493116255 0.0028031623854474236
0.0025686103245253725 -0.005683377575212911 0.002895349913732385
0.0025609520205608152 -0.005706593160897247 0.0028890606731282135
0.0025273515394809336 -0.00586947019881665 0.0028089726607583754
0.002566552466442917 -0.00569271796265684 0.002894560498683664
0.0025708481080517474 -0.0056944850562065785 0.0028949762706502393
0.0025708481080517474 -0.0056944850562065785 0.0028949762706502393
0.0025231271157481632 -0.005961649451785027 0.0027548189890298225
0.0026324048654583782 -0.0053350332016262325 0.003091593278887405
0.0026423513571503248 -0.005291438708475836 0.003119923950597808
0.0026423513571503248 -0.005291438708475836 0.003119923950597808
0.002538798308454563 -0.005900896089696801 0.002792717932849188
0.0027030938735584814 -0.006170159093022705 0.0030168887361064966
0.002589207399428658 -0.005684090506275019 0.0029052843059084164
0.0026951866831784674 -0.006259581411732618 0.0029498626840472686
0.0027396303993474456 -0.00557598340040254 0.003456371741601059
0.0024370570525564547 -0.0050932790119594925 0.003135634012215438
0.00252564600927124 -0.006011674618223038 0.002748080373658399
0.00252564600927124 -0.006011674618223038 0.002748080373658399
0.002587526569785133 -0.005699780318443733 0.002908307053366259
0.0026556329895011765 -0.005298262710068381 0.003130803735001819
0.0025487766475770016 -0.005907558973383119 0.002802896572248045
0.0025487766475770016 -0.005907558973383119 0.002802896572248045
0.002559303477190328 -0.005887279683175034 0.002806569809742858
0.0025220016100008878 -0.006088744522327665 0.002701181897669874
0.002713216215727847 -0.006073464024870918 0.0030686260153923936
0.002713216215727847 -0.006073464024870918 0.0030686260153923936
0.0025637339061526164 -0.005852144569711286 0.002830420275207881
0.0025985728635895097 -0.005688603688403152 0.0029128369115111455
0.002591144325043755 -0.005710169727648324 0.002907636000421412
0.002556148324667134 -0.005923032436176584 0.0027912940768623266
0.0026762936965736527 -0.00523120261636593 0.003170082901320601
0.002529529765804617 -0.006064289331834055 0.0027227654279251
0.0027294012930557817 -0.005710896764363701 0.0033366023323730017
0.0027294012930557817 -0.005710896764363701 0.0033366023323730017
0.002544584196658307 -0.006003885037645391 0.0027507430194612338
0.0025936496144479005 -0.00571957989105709 0.0029076099206358126
0.002528232233779253 -0.00608664647880634 0.0027116092981006026
0.002719677357226523 -0.006010044130088735 0.0031009724725507715
0.002689590249571073 -0.006217893877520596 0.002963519464083281
0.0027055626136477124 -0.006125697321617543 0.003020849352777242
0.0027208245543339366 -0.0059457992113198 0.0031490069238158873
0.0025450131339012673 -0.006029002880383679 0.002742714457771315
0.002741242142635849 -0.0055452695628994035 0.0034510559791478203
0.002572721025346899 -0.005928966715852718 0.002793483274249664
0.002555086764548011 -0.00596685362284796 0.0027865691218597827
0.0025776612012724308 -0.00587690105695872 0.002828811353050131
0.0025750282713791492 -0.005867925473054222 0.002842605553494879
0.0025750282713791492 -0.005867925473054222 0.002842605553494879
0.002664666124471012 -0.005355560563256473 0.003124793347489826
0.0026250633431203446 -0.005612954066853225 0.0029785915740224013
0.0026250633431203446 -0.005612954066853225 0.0029785915740224013
0.0026271894098728295 -0.005603408175714116 0.0029856436483553564
0.0025851161330627467 -0.005847800780805964 0.002851560449107916
0.0025851161330627467 -0.005847800780805964 0.002851560449107916
0.0025550215650840123 -0.005997282588846856 0.0027759867473184725
0.002745086089881112 -0.005527320401227761 0.0034467101841051447
0.002674803073827985 -0.0052959280677228925 0.0031640619815875
0.0031597475340478264 -0.005565480519053875 0.0024493289066017795
0.002563839165671899 -0.005988604038654306 0.002778100213020704
0.0027076555791338596 -0.006103915058380705 0.0030162843872286633
0.0026168589309530066 -0.005689980149395029 0.002941023141332075
0.0026873911468805515 -0.006242536767240371 0.0029245041048265243
0.0025502262071987083 -0.006084113981164333 0.002731187192536364
0.00258860317593441 -0.00588365722603199 0.0028373464644218848
0.0027052847009324185 -0.005178090976263198 0.003239534874974915
0.0027052847009324185 -0.005178090976263198 0.003239534874974915
0.0026204151228715836 -0.005710174742991708 0.0029353427634147824
0.002584319069615364 -0.005939190367958451 0.0028073481910361334
0.0026784591964634985 -0.005337839913167787 0.0031558744335122924
0.0025569992403641083 -0.00609479628642258 0.0027292046272964685
0.0025692986804048963 -0.006008468183813738 0.0027804087755805926
0.0026118055963423622 -0.005843314430764938 0.0028709944031885424
0.0026303485746707305 -0.005710684615338536 0.002949754352630163
0.0027055740862457047 -0.006086552190350712 0.0029971017018516014
0.0027055740862457047 -0.006086552190350712 0.0029971017018516014
0.0026788476975004205 -0.00539305997228347 0.0031352734090260917
0.002583241585780995 -0.005994435127640303 0.002793002804353428
0.0026997471349179997 -0.005266461796886653 0.0032122193087655362
0.0026997471349179997 -0.005266461796886653 0.0032122193087655362
0.0026215056465987525 -0.005794630492531529 0.0029011626967150287
0.002596753234317818 -0.005923708755231985 0.0028341256109003544
0.0026932911968380853 -0.005279294994847137 0.003211912871284743
0.002608448889706904 -0.005875447359678721 0.002859000209484494
0.002710272961462649 -0.006090771724123682 0.002978854879550088
0.0026991708092713278 -0.006076901541226659 0.0030007709270717066
0.002631643097490064 -0.0057333123400864165 0.002943200301895289
0.0026026717783540826 -0.00591185135501875 0.0028416927609988987
0.0026074488929278255 -0.0058665253145648525 0.0028707310976608556
0.002691868970837824 -0.00614878896562849 0.0029474126888039366
0.0027111902677676757 -0.005203220605058439 0.0032571362225828422
0.0025999613614055106 -0.005947010040596405 0.0028215065054105967
0.0027448735020134014 -0.005459141133649058 0.0034388235566330076
0.0025999613614055106 -0.005947010040596405 0.0028215065054105967
0.0025915263061342775 -0.005966495527330307 0.0028181356931218696
0.0025676529581650626 -0.006110792849531049 0.0027386384882027263
0.0025676529581650626 -0.006110792849531049 0.0027386384882027263
0.002684755960082747 -0.005395514355952263 0.003150774832358926
0.002611456026908462 -0.005898233318510382 0.0028579068646266714
0.0026117514933256016 -0.0058771493164562535 0.002873783937179005
0.00267150517209371 -0.005536979137593021 0.0030655300439211375
0.0025840918745600456 -0.006083385753304903 0.0027524642853107967
0.0025728654045445807 -0.006116362764510298 0.002743019390649093
0.0025728654045445807 -0.006116362764510298 0.002743019390649093
0.0025728654045445807 -0.006116362764510298 0.002743019390649093
0.002645750819588136 -0.005706287726485131 0.0029725917187315154
0.002645750819588136 -0.005706287726485131 0.0029725917187315154
0.00262269045878155 -0.005870874996498651 0.0028754089084355853
0.002687059193840289 -0.005418835639998429 0.003149834957008669
0.0026430962610265087 -0.005726500876852333 0.00296594438260969
0.002716581009604513 -0.005209658864052923 0.003278301974734139
0.002680618176406944 -0.006168356077075975 0.002899179128406456
0.0027289532348161684 -0.005716358536001221 0.0032039816072564837
0.0026745241580440142 -0.006204479087802886 0.0028742282966028724
0.0026245097119024876 -0.005872391887105295 0.0028862776590841506
0.0027065494451504065 -0.005296849448994419 0.0032335831669805205
0.00259522236344149 -0.006057013447802566 0.002782314606066705
0.0026262889676599336 -0.005898628652952666 0.0028701949574530517
0.0027095723179918338 -0.005321447764849864 0.003218575253436722
0.002716481517730123 -0.005839448604084161 0.0031010747855558154
0.0026493032499991746 -0.005720863066662016 0.0029848035783384516
0.0027457053594055142 -0.005447009080693727 0.003374587038564242
0.0026200282518212613 -0.005943247655372933 0.0028501671867157
0.002632909220927483 -0.005851811300143385 0.0029067312324748467
0.0027132666826206538 -0.005312500454943696 0.0032306732647488295
0.002618040608546189 -0.005973397392128896 0.002835998841654468
0.002718850577869587 -0.005288627671200612 0.00324874304542887
0.0027091537875863964 -0.005357068677012194 0.0032082546798200833
0.0025943820426574155 -0.006117847306152112 0.0027578653086015722
0.002748691808315611 -0.005516325263925906 0.0032981888143223856
0.0026989559644990937 -0.005932043754402697 0.00301581294495052
0.0026724441697588744 -0.006117113436031375 0.0028962887860139648
0.002708540599165848 -0.0058464977945946696 0.0030693281634662246
0.0027198499477307423 -0.005291173710269757 0.00325457639131939
0.002635771414705229 -0.005879316070181945 0.0028992528539542083
0.0026649971371343895 -0.006149956161417649 0.002875937024093974
0.002659630155486836 -0.005737655940916361 0.002981898691450145
0.002597897798369955 -0.006111494119919788 0.002767190336556386
0.0026988238728927042 -0.00589227596825468 0.0030379852765190867
0.002611050787162994 -0.0060405846874779364 0.0028076099919608047
0.0026069131288707754 -0.006080828555096728 0.0027827248611555578
0.0026690328585723174 -0.006118069611247631 0.0028884021585418277
0.0026069131288707754 -0.006080828555096728 0.0027827248611555578
0.002705870743806898 -0.005830990102082605 0.0030717184761232807
0.0026519534201353404 -0.005815133968588901 0.0029381483465040757
0.0026638055542380227 -0.006185760447072475 0.002836745626284421
0.002641027745339361 -0.005864177632326564 0.002915168544650603
0.00274511267120105 -0.005416595724951115 0.0033517170727308905
0.0027363404594707933 -0.005503098173434361 0.003286427834085717
0.0026263957944740236 -0.005970914170235642 0.002857746373638367
0.002660145858170348 -0.005767660546173135 0.002977376857854674
0.0026587823116876854 -0.005736933668777199 0.00300302281625135
0.002724409521785182 -0.005328306184236385 0.0032480504265074693
0.0027480744195449783 -0.0053645762699080475 0.0033777963567959883
0.0026779888826376163 -0.0060393946718763775 0.002919789180510749
0.002700028307606494 -0.005507224986046511 0.0031422472440022484
0.002662565573277996 -0.005815448179851941 0.0029512820262250837
0.0026702472612810837 -0.005748440998022197 0.0029952069051209346
0.002650500913999395 -0.00617730332429035 0.0028272265045406267
0.002722756339222064 -0.005325150906329608 0.0032648322670063685
0.0026049533834432794 -0.006132338137792968 0.0027767445657038716
0.0026655051287274474 -0.006068281294400953 0.0028936788013166673
0.002663246468834235 -0.0057686274416858755 0.002990101787089845
0.0027259972541171323 -0.005492212621385458 0.0032779188024995624
0.0026859198958987065 -0.0056403482485701565 0.0030637571200347142
0.0026859198958987065 -0.0056403482485701565 0.0030637571200347142
0.0026430276135139333 -0.005948965648365609 0.0028754966769448144
0.002652287316621164 -0.00587810198093214 0.002919650757033337
0.002638538254266877 -0.005960626697885342 0.002872740244220689
0.0026818216080520567 -0.005673927539824238 0.003045713920674612
0.0026490873394664715 -0.005924191482032744 0.0028913476697115486
0.0026490873394664715 -0.005924191482032744 0.0028913476697115486
0.002652252459984642 -0.005855574061517612 0.0029395516395830604
0.002648202444818068 -0.006102032549241331 0.00287786442055664
0.002648202444818068 -0.006102032549241331 0.00287786442055664
0.0026486974592101185 -0.0058662873365212575 0.0029350458550864195
0.002699575045948119 -0.005806961842694601 0.0030511094270876645
0.0027223521025452726 -0.0053629684135107665 0.003243542134339136
0.0027164350004202312 -0.005658165506710787 0.0031452504316208914
0.002723670072094929 -0.0053478104785079795 0.0032537568842103616
0.002723670072094929 -0.0053478104785079795 0.0032537568842103616
0.002747385562131116 -0.0051918653661015765 0.003354084816342716
0.0026579839944044564 -0.005829356103207933 0.002961583040002523
0.0027129218150711764 -0.005651106285513508 0.0031456481483512827
0.002676618753516761 -0.005728919526199511 0.003017945970491951
0.0025383042971311894 -0.005896149819484873 0.003127869257587544
0.0025383042971311894 -0.005896149819484873 0.003127869257587544
0.0027310915891599454 -0.005475600738335502 0.0032597677732566933
0.0027207707647761378 -0.0057354266834737395 0.0029717260704633496
0.0026552263078444853 -0.006075386280606615 0.0028725351166762627
0.002697322717925929 -0.005791903775716957 0.003046553990691517
0.0027391289277007872 -0.005383994425657013 0.0033198300210265336
0.0026646096391661437 -0.0059233836355970845 0.0029744820016531365
0.002729453327243396 -0.005337654157387183 0.003275589677031797
0.002618223731271516 -0.006131255575923422 0.002787860572781293
0.0026762517557646 -0.0059256364024618206 0.00295562431052739
0.0027248358259728653 -0.005353524145766986 0.0032727800816677965
0.0026430568278891483 -0.006121710499777613 0.002837137324602751
0.0027113758981646948 -0.005641148509298946 0.0031351660806776633
0.0027113758981646948 -0.005641148509298946 0.0031351660806776633
0.0027323190944533037 -0.00546261701738169 0.003250233103948407
0.0026465782885547874 -0.005957700370404066 0.002897215621471422
0.0027324367042556703 -0.005322695268824968 0.003294073223541059
0.0026642798176468203 -0.0059835018044456624 0.0029118248152161523
0.0026801022856480553 -0.005774848348236434 0.002999727735647729
0.0027394776821413874 -0.005354529910190957 0.003314993725400853
0.002695190444686006 -0.005777217345684106 0.0030327688178648613
0.0026189965956870684 -0.006148468234419051 0.002785726042636847
0.002678729648855508 -0.005857044434814365 0.0029866507293069655
0.002652997301169033 -0.0059666044856653356 0.002891152572853891
0.0026207081443088234 -0.006142517780260502 0.0027943163227858304
0.0027326263469273967 -0.005414742869029501 0.0032700662793624397
0.002721694591027564 -0.005459607121741271 0.003245187668503593
0.002653227505430382 -0.006030524410182953 0.0028768849239936456
0.002653227505430382 -0.006030524410182953 0.0028768849239936456
0.0026338300379728785 -0.006131747079575104 0.0028198394052695863
0.0026897753157419614 -0.005782934586375274 0.0030245245964094086
0.0026460451575530146 -0.006001750758268114 0.0028794096478534066
0.002648679968200065 -0.006040281509970343 0.0028601562461346226
0.002648679968200065 -0.006040281509970343 0.0028601562461346226
0.002666227024715855 -0.005881306910738425 0.0029539100661585657
0.0026757734173893026 -0.0058450825900751464 0.002971787759186979
0.0026584542455385463 -0.005957463896963487 0.0029069433815000116
0.0026757734173893026 -0.0058450825900751464 0.002971787759186979
0.0027194937329668577 -0.0054480777876771734 0.003232705481888232
0.0027384467783087016 -0.005335371674612894 0.003301238143100166
0.002424078221562443 -0.005610651961547944 0.0028759967066802495
0.002424078221562443 -0.005610651961547944 0.0028759967066802495
0.00264181954267619 -0.006086306438524871 0.0028227282430590625
0.0027386198703472594 -0.005326130716351563 0.0033152941444695855
0.0027323090010747423 -0.00540754083592935 0.0032589231894307423
0.0025325021717532378 -0.005076069550745272 0.0031312305407238407
0.002680796095713509 -0.00587609346129023 0.00296508976809697
0.002666813130282127 -0.005854219291885872 0.0029664047911323876
0.002516091780123754 -0.005197182633157831 0.0030832111354888786
0.0027546709753150356 -0.005226046780674865 0.0034038636040369633
0.0026507025934952443 -0.005878331056741228 0.002951204288402624
0.002678287044801825 -0.005865032748373623 0.00299753903979473
0.0025038143449020653 -0.005317738730341645 0.0030304537353585724
0.0027580288730945477 -0.005109503365695307 0.003424779592087711
0.0027580288730945477 -0.005109503365695307 0.003424779592087711
0.0027431767486546304 -0.005349907330885249 0.003335225119079616
0.002688463552679744 -0.005893105756817647 0.0029709381600176435
0.002718997339355376 -0.0054053091335068285 0.003232851428380721
0.0027140533392305136 -0.005420893247313715 0.003226229168975818
0.0023712713576080073 -0.006042161260670856 0.002681980153987951
0.002737296760070634 -0.005420346324117634 0.0032930811886196037
0.0026838567717056973 -0.005894827524201548 0.0029832924553766997
0.0026908716071140223 -0.005880449161636089 0.0029910772713781313
0.0026908716071140223 -0.005880449161636089 0.0029910772713781313
0.002730303616022447 -0.005216040449667162 0.0033509040855682617
0.0027529486437050037 -0.0053628695485543 0.003345334546739767
0.0027246587216595997 -0.005352094522135233 0.0032469174604369093
0.0026697861631486703 -0.006018784870539254 0.0029209201404439555
0.002743796833172332 -0.00517952451813197 0.0033591483070237143
0.002676203295009147 -0.005956054836239609 0.0029649232586966045
0.0026547225166015116 -0.0061486662150991534 0.0028410056589552213
0.0026547225166015116 -0.0061486662150991534 0.0028410056589552213
0.002223430350501253 -0.0061735742911003845 0.0026738783682846183
0.0026696796497935418 -0.006049997107791225 0.0029028598889163457
0.0027488754952670687 -0.005417715839204253 0.003313967586144383
0.002667630067027671 -0.0060516524218752815 0.0029051644392015267
0.0027368543440923284 -0.005287759013726415 0.00327666346205042
0.0026703386032224737 -0.006090339903058276 0.0028914835855172686
0.0026703386032224737 -0.006090339903058276 0.0028914835855172686
0.0027427975260029694 -0.0054467008878427495 0.003319589284544077
0.00264902803303095 -0.0058773614654814175 0.002902269081465651
0.0026346410816899452 -0.005934574245907351 0.002874965552080395
0.002576850032171779 -0.00511800108141295 0.0031409026304408624
0.0026874169132071893 -0.005547507534501155 0.0031094875225489873
0.0024100255428580156 -0.00604692809379066 0.002672364737651174
0.002492928103243447 -0.005199464238247028 0.0030785498753473175
0.0026743196574175107 -0.006066909723368875 0.002914647952007291
0.002723912626639362 -0.00566283391371667 0.0031806647743275723
0.002702033567275204 -0.005948767040767583 0.0029826168886228064
0.0027352202198340715 -0.005448512304489649 0.003340418507154273
0.0026915486157791384 -0.005528224040722065 0.003110963538107048
0.0027514796496276818 -0.005393576803419244 0.003368414153926591
0.002636984814345318 -0.005871670304575849 0.002905505482551673
0.0026999881221676254 -0.005395554478699339 0.0031982224884480543
0.0026999881221676254 -0.005395554478699339 0.0031982224884480543
0.0025679422807865565 -0.005186749182969145 0.003107141344913715
0.002497495513771925 -0.005596106149205236 0.002895079085189622
0.002488457927684836 -0.0056355751462711205 0.0028781171938632192
0.0026810856691021723 -0.005543346366786822 0.003099800386801812
0.002670260614632845 -0.006183854365819193 0.0028509475741463294
0.0026185903528729232 -0.005965092986552829 0.0028449406973747055
0.002469899339100183 -0.005181400162520088 0.0030881637870810792
0.0026091122315612973 -0.006038401383119075 0.0027985603063578
0.0026974658432877643 -0.005918927879150704 0.003035393848592312
0.0026974658432877643 -0.005918927879150704 0.003035393848592312
0.002718401015026958 -0.005283105652750686 0.00325230393923187
0.002689212844981389 -0.006027930976118825 0.002961458659486587
0.0025918445296720244 -0.006108135971373107 0.0027640050919728854
0.0025962210436929296 -0.005071099251413537 0.0031688872434577344
0.0026893730225107317 -0.006043261376242248 0.0029521286161883886
0.0026943903720325923 -0.005981693773155547 0.0029957540790841843
0.00247494377147632 -0.0051366432381567476 0.00311513229152825
0.0026710070858038362 -0.00556901464346156 0.003073744173316283
0.0027304551420844515 -0.005648577110536493 0.003244901793930676
0.0027304551420844515 -0.005648577110536493 0.003244901793930676
0.0027054567272105073 -0.006302910593217974 0.003054756584796878
0.0025877116359560213 -0.005140196452215189 0.0031430055639219863
0.0026970633619811577 -0.006043027159706191 0.0029741550012644664
0.0027273131548376426 -0.005671286961532295 0.0032374976424921283
0.0027264456885075 -0.0059693403554815835 0.0030073701158970408
0.0025492842003275134 -0.005389609290651345 0.0030139768277374517
0.0025492842003275134 -0.005389609290651345 0.0030139768277374517
0.0025505853684768317 -0.005369119230637526 0.0030261044295755283
0.002543148742689869 -0.005422036996372552 0.002997559602702607
0.002543148742689869 -0.005422036996372552 0.002997559602702607
0.002746301495658555 -0.0055361837668240306 0.003333881007052568
0.0026866527629507675 -0.005458786298104604 0.003123968825037413
0.0025867999092205104 -0.006097304459649172 0.002750856867756062
0.002479104876498861 -0.005201102782276643 0.0030657221315727643
0.0027063905841487024 -0.005327429752979943 0.0031976863482402504
0.0026287049839518353 -0.005819308489654996 0.0029103462919863993
0.002479104876498861 -0.005201102782276643 0.0030657221315727643
0.0027015729706771296 -0.006032315263921976 0.0029964341596471233
0.002699838664934767 -0.006217981646029825 0.0030987827736290957
0.0027488414536238465 -0.0055190101653150095 0.0033591643561225446
0.0027488414536238465 -0.0055190101653150095 0.0033591643561225446
0.0027467825297809215 -0.005451641753377996 0.0034173242841466413
0.0026998653716382897 -0.005993815732732316 0.003035835700344487
0.002713706089392929 -0.006130679062201373 0.003154526309210537
0.0025818100187036796 -0.006092326731340049 0.002748079370589722
0.0026831406433621818 -0.0060787275023693734 0.0029901955740111352
0.0026831406433621818 -0.0060787275023693734 0.0029901955740111352
0.002713706089392929 -0.006130679062201373 0.003154526309210537
0.0026176719181156354 -0.005851904961681091 0.002886311763419165
0.0026903642424388873 -0.006147455009671795 0.0029292320690350987
0.002747767167070885 -0.005370095279151944 0.003492688846116951
0.0027469599475531486 -0.005542318660235544 0.003358558001107358
0.0025209729003809332 -0.005598759453931017 0.0029058074062234206
0.0026881949810415033 -0.006139504561955091 0.0029448628882272534
0.0027017191679367877 -0.006101394221412068 0.0029655541888943754
0.0025822360721241937 -0.006037410225882713 0.002776044925301733
0.0027139781090797462 -0.006101721347184322 0.0031685567323286954
0.0027027890033724956 -0.0060628370137734856 0.0029991645125856487
0.0026914442966367406 -0.005351583584027936 0.0031677658126769586
0.002710207072388935 -0.00600020778787587 0.003044118038409662
0.0027132159022688856 -0.005990783957656382 0.003049559685981852
0.002701454922032217 -0.0062868528429202136 0.0030140209627592357
0.002720769887091045 -0.005873877055665032 0.003329680155433705
0.0023519959510701237 -0.005274533114378924 0.0031049325876871784
0.0027236754635890674 -0.005077689412620779 0.0033317770705027674
0.002611187079119468 -0.005096895607419956 0.0031846053296247794
0.0027017443073455026 -0.005188268330480312 0.0032693872018681775
0.002743181011696507 -0.0054811397462611435 0.0034393556845661037
0.002715847578326321 -0.005935247179605967 0.0031054591987425516
0.002712008959883404 -0.005985518097869819 0.003070434548216847
0.0027154086730883844 -0.006036835342147264 0.0030293232769597047
0.002598701695222699 -0.00592605907052555 0.002822907792352228
0.0027376425053052037 -0.005645674543244502 0.0033241933697710545
0.0027376425053052037 -0.005645674543244502 0.0033241933697710545
0.0027286340082097447 -0.0050321841676785745 0.0033478577659965124
0.0027286340082097447 -0.0050321841676785745 0.0033478577659965124
0.0024736448602315254 -0.005882916585197682 0.002783376855795544
0.0027167821248742317 -0.006031279595513076 0.0030493951827188404
0.002693218035516464 -0.006158944534447778 0.0029772630095598455
0.0027484185347929476 -0.005556412590139309 0.003407517783226915
0.0025916548870002975 -0.005896147186429597 0.0028337339125820244
0.002608516408767218 -0.005801079221055328 0.0028869321613958286
0.0026912874417723905 -0.005286837945913851 0.0031777042171276977
0.0026912874417723905 -0.005286837945913851 0.0031777042171276977
0.002561574738133794 -0.006022390024747621 0.0027646169638657955
0.002707659152566021 -0.00607067110552367 0.0030388910475343286
0.0027119902777292967 -0.006011932532256586 0.0030823745762123427
0.002557582838258688 -0.006032658062642308 0.002758355809184577
0.0027161683095357604 -0.006020074440706995 0.00318945115440289
0.002585516294773038 -0.005891484923219358 0.002826702902691284
0.0027402454058299704 -0.005634827546647868 0.0033613184461061905
0.0026994202599129147 -0.005158352778914509 0.0032412857313504463
0.002424655174127038 -0.006181583418334688 0.0027706007700578506
0.002725983649998202 -0.005832819448582104 0.003231689373318531
0.002682156758373726 -0.005218657675266471 0.0031974661746656703
0.0027140555334432444 -0.006049089330638629 0.003070238949824851
0.0027140555334432444 -0.006049089330638629 0.003070238949824851
0.002579862435483891 -0.005809620726989898 0.0028616036742353914
0.0027231400129909787 -0.0058747720436919965 0.0032873150483304363
0.0027023467754695666 -0.005068452811439013 0.0032719044027128617
0.0027231400129909787 -0.0058747720436919965 0.0032873150483304363
0.0027253655089260614 -0.005980688949108462 0.0031222947034156645
0.0025304280138047828 -0.006045630624457088 0.002732946574995649
0.0025304280138047828 -0.006045630624457088 0.002732946574995649
0.0027085729481306784 -0.0060383364344222465 0.00309440788959479
0.0027060754325087784 -0.0061446995800163474 0.0030160060356708234
0.002508054817733666 -0.005925981834237429 0.0027541188470933454
0.0026589784116140196 -0.005088686305292818 0.0031959480302231804
0.0027063703346997875 -0.0062021293994272446 0.003026419894674414
0.0026912946513285053 -0.0050310253412436876 0.003270940955248698
0.0027068318089829542 -0.0061809587573161484 0.003003483726308386
0.0027388138387526555 -0.00570911412324947 0.0033547217649525485
0.0027355990036431865 -0.005611303078502838 0.0034403768084791896
0.0027096836586149695 -0.00616972050124373 0.003040261239346976
0.002706837325860677 -0.006116900283937533 0.0030612795404027678
0.0027080478416783202 -0.006198832563453439 0.0029955374162499737
0.0027341967136328784 -0.0057026769300154555 0.0033710597475619182
0.002719998903429262 -0.006070679756991009 0.0030929168280065763
0.002719024171442483 -0.006018506017447075 0.0031364595377365275
0.0026617458780935905 -0.0051351201724085605 0.003202460955142301
0.0026150598018973995 -0.0053446985206296845 0.0030809577417062195
0.002509067603638375 -0.0059769122701563435 0.0027413146754326993
0.0024171715921876384 -0.006044534897311158 0.002679412298175083
0.002708907095383671 -0.006100807426236081 0.0031499598390589433
0.0024683534848854937 -0.005659902696275595 0.0026191123231288174
0.0024190361087826208 -0.005859087811092798 0.0025764568276435856
0.002351693713939415 -0.006037302521383531 0.002557150764819264
0.0026344295595827037 -0.004923097643607842 0.0028485562584205965
0.002405477065250814 -0.005697974042523803 0.0027149695781682223
0.0024210898292067844 -0.00589429451858336 0.0025589201779653184
0.0026327410815405175 -0.005048948705242797 0.002797224720414506
0.0024241372772307954 -0.0058810212869326774 0.0025742570980351407
0.0024847301483307163 -0.005697152905428175 0.002600620250535802
0.002407517056172462 -0.006048823266672081 0.0025092863336948833
0.0026302990481548087 -0.005227546838535275 0.0027297227122680882
0.0024947598320310535 -0.005827550078055172 0.002540541953667131
0.0026647387215665026 -0.005184304234415094 0.0027214544171643897
0.0026969315211419374 -0.0050718246894882095 0.00275562595778039
0.002551368702421699 -0.005667121217317123 0.0025845225028745494
0.0027299385617158473 -0.005018283391186905 0.0027668658438394084
0.0027731678124842665 -0.004933574476516804 0.0027724765084836565
0.0027835283834643965 -0.004870304603193609 0.0028148511447393556
0.0017382281310182252 -0.007327914752096603 0.0037746303867517185
0.002375113862942047 -0.0059287356339062765 0.00258153135208003
0.0025151873256361503 -0.0059170162810196995 0.00252866511899828
0.0026306790857997695 -0.0048874080996058845 0.00287727210850293
0.0025415709783528956 -0.0058646621144975075 0.002521970137114302
0.0029456233412747776 -0.006127740196361637 0.0028069554896491267
0.0028172944962595514 -0.004887902722174233 0.0027836090661942465
0.002743633709128751 -0.005159810269047943 0.002709100121805334
0.0026367461466920076 -0.005573412660767226 0.0025941023102732962
0.00260146916170227 -0.00572669678870329 0.002547127601065327
0.002545466583635019 -0.005991021810316392 0.0024946721246067683
0.002536400848933184 -0.006048945766434248 0.0024694379259019602
0.002850721509150121 -0.004918249577598156 0.0028014852546196446
0.0025940445100476385 -0.005900850450072002 0.0025067616098351226
0.0029650571699718193 -0.005948068152666951 0.0028122797781861193
0.0030741326132682615 -0.005480208961220772 0.0030042184741142165
0.0029062735839978588 -0.006126100555225657 0.002697031199484856
0.002563202530521028 -0.006077500373226769 0.0024745831666801257
0.002871309995277861 -0.006206323981866877 0.002652050590806567
0.002690109400303162 -0.005624137216840207 0.0025992661078219847
0.002567705995421354 -0.006118288029452026 0.0024487872495162527
0.0030125530987410234 -0.005658634378625445 0.0028472622998273935
0.0029340906845456887 -0.004870879283180734 0.0027908978647349504
0.002828204498107454 -0.005103271080584446 0.002812060607680216
0.0026066882534117727 -0.0060310944039586025 0.002475367566385463
0.0026066882534117727 -0.0060310944039586025 0.002475367566385463
0.0026102944733806103 -0.006075699739568147 0.0024636587457199928
0.0026102944733806103 -0.006075699739568147 0.0024636587457199928
0.0030607978182775344 -0.005396231800823418 0.0029048755554225794
0.002603311736169946 -0.006126686472716552 0.0024550569302812246
0.0028646115026535134 -0.0060686276038616534 0.00261508450085672
0.002834979850869169 -0.006183287882783914 0.0025660003382212268
0.0028089775523250237 -0.0062053424791665285 0.0025667155261878574
0.0028386318985381825 -0.006096829882781413 0.0025929537966382444
0.002663975448995173 -0.005959205098803003 0.00251036212485086
0.002914102033486736 -0.005101227171425778 0.0027462502748573925
0.0030494065942318883 -0.005337749887754035 0.002858091429263221
0.003060159615831856 -0.005307445866497206 0.002852720999567091
0.0028802572424922366 -0.005935933403964552 0.002616013843985869
0.0028617102518891605 -0.006011100612172681 0.002580401896749839
0.0028271171716616928 -0.006111346418057114 0.0025469510609781925
0.0028903504956699724 -0.005876796110898399 0.0026339692748367422
0.002784427070307108 -0.005595190535578601 0.0026116429722262712
0.0023283357551947504 -0.005936781247763703 0.0026044514713472267
0.0026725470469900494 -0.006005955246010931 0.0025020341471608865
0.0028862356571901534 -0.005280373230983014 0.0027129478932499274
0.0030589268444279442 -0.005134704651209155 0.0028666180145512214
0.002805422676934085 -0.005983573900006815 0.002584899155162726
0.002387731338445205 -0.005711012744179467 0.002675472745946553
0.0027723559537738995 -0.0061116345495345545 0.002521631601435847
0.0027723559537738995 -0.0061116345495345545 0.002521631601435847
0.00280070449264511 -0.006023334915441263 0.0025415495361530782
0.002767404556017545 -0.005760601011516896 0.0025877709407846946
0.0016001607292723031 -0.0072311532306449725 0.003784365669795385
0.0026941396675551595 -0.006051075908153233 0.0024899727478554855
0.0027391640351044784 -0.005919670024588026 0.0025223317433723247
0.0027391640351044784 -0.005919670024588026 0.0025223317433723247
0.0028624729602343595 -0.005710806362799195 0.0026330369225015626
0.0028082316453801625 -0.005891925395752103 0.0025762762752817433
0.0027303905068465834 -0.005952771290925773 0.0025305363436150395
0.0026938380573423735 -0.006114817537213531 0.0024693807509873766
0.002800266966626604 -0.0058164513739124265 0.0026154491163207735
0.0027749310191428826 -0.0058123152202232235 0.0025816747909008265
0.0028111276300339617 -0.0058317309936840814 0.0025760897045078394
0.002982156230939788 -0.00520296864674516 0.0027940083807020217
0.002851544150848765 -0.005677045892265348 0.002622982162084303
0.0028356476438408163 -0.005665848699316889 0.0026426819293643078
0.002999005402423624 -0.0050504895127682055 0.0028279326648891654
0.0027959058120948137 -0.005843711520577406 0.002553016617267415
0.0027959058120948137 -0.005843711520577406 0.002553016617267415
0.002991698799413905 -0.00515327527661793 0.002774591478788903
0.0028694311222624397 -0.005557201002119354 0.0026555844017552904
0.0028694311222624397 -0.005557201002119354 0.0026555844017552904
0.002648245639462967 -0.004998041622016516 0.0027996491374065765
0.0028898246369161067 -0.00562215571736078 0.002613918433519822
0.002344193706750431 -0.006084979880199669 0.0025278120090885753
0.0023986952552344913 -0.00607346001259621 0.0025014699210301294
0.00275376482814904 -0.005838789587963436 0.002550197994285322
0.0027200568933371454 -0.00492480696667097 0.002799090929687881
0.0026932095094327102 -0.005019215241987747 0.0027861016918563465
0.0028962986929239975 -0.00572283879849655 0.002639871832465969
0.002788851167398374 -0.004784752123439182 0.002832866759710843
0.002788851167398374 -0.004784752123439182 0.002832866759710843
0.002597342976008044 -0.005551104476084731 0.0026118129923670057
0.0027745047776469916 -0.0048970918186503785 0.0027887086673476134
0.002768935677661043 -0.004898775657499935 0.0028144850246722866
0.002768935677661043 -0.004898775657499935 0.0028144850246722866
0.0031442671751572074 -0.005050750247932408 0.003001218797235943
0.0024808043882964936 -0.006547342380680014 0.0028930127637152047
0.0026459593951811394 -0.004833490533003631 0.002887733613268673
0.002773313382826002 -0.005012858356939677 0.002773027193187275
0.0031036229577527472 -0.005282948547119166 0.0029935954752914923
0.002524088870533935 -0.005974193452507602 0.002503699742698881
0.0030256955553129546 -0.005666119402476068 0.002872656487986168
0.0014571178855085584 -0.00727813496133368 0.0037680246779799842
0.003024296023741508 -0.00567167389527441 0.0029016542003667102
0.003024296023741508 -0.00567167389527441 0.0029016542003667102
0.0030129509408549993 -0.005836746211685003 0.0027795471395871342
0.002528628633982006 -0.0061086896652827564 0.002468136945828019
0.002860393598867143 -0.004873481650825266 0.0028041870201008785
0.0026146976941050382 -0.004910074223076552 0.0028702947627864037
0.0029718169751690423 -0.005032252689807565 0.0027989088727230233
0.002553384243544348 -0.005112718859068595 0.002826311204372954
0.002917637725189229 -0.005571702804823863 0.0027008428604570816
0.00290355075407441 -0.006104381109164711 0.003064377518011378
0.0030278705843552307 -0.005537951926134239 0.003176369132718742
0.003036225644899481 -0.0055155113363863926 0.0031733398653144996
0.002797028371327851 -0.006320125508618124 0.0029925021304336697
0.002983558646333681 -0.005585194141219979 0.0031228087761125765
0.0027846078734361196 -0.0062838087802529865 0.0029862254281879594
0.0027846078734361196 -0.0062838087802529865 0.0029862254281879594
0.002808679515544399 -0.006200097433055011 0.002991809009977931
0.002808679515544399 -0.006200097433055011 0.002991809009977931
0.002752232640745073 -0.006381112711091653 0.0029755984170905274
0.0028712962030835536 -0.005881225160641258 0.003028315192939419
0.0029598325613845937 -0.005534093058242407 0.003115852494838265
0.0030137793501985354 -0.005308542659403605 0.003179485165563536
0.0030243857983880905 -0.005249638454421247 0.0031953326475899014
0.002753755988606325 -0.006226959361455261 0.0029590232087390706
0.002555931536449339 -0.006654871468227428 0.0031521580640643727
0.00298351187825662 -0.005275606084404248 0.0031887750861146584
0.0029223586679170653 -0.005520177173028792 0.0031016811405710026
0.0027979505675926773 -0.005978382643453096 0.002995488265884805
0.0027477335642702087 -0.0061555786121188505 0.002969318204104448
0.00276119650128441 -0.00609615757600072 0.0029753255824104103
0.00280882088553605 -0.005918324407957963 0.003001700771735194
0.0027546104150436676 -0.006059136818807981 0.002971181404171792
0.002763460866130723 -0.006004239622422676 0.002990756289401523
0.0027270596292295556 -0.006126798189490442 0.0029720641046074654
0.002784141822652114 -0.005916880490597564 0.002986718937976995
0.0028043424346608542 -0.005832412829617205 0.003011552410745381
0.0026822110494658636 -0.006272824676706578 0.0029583631895496692
0.0026822110494658636 -0.006272824676706578 0.0029583631895496692
0.002924304871917423 -0.005347335776256635 0.0031323745405498465
0.002899077318542599 -0.005438985534347193 0.003106084110528261
0.00272566937604337 -0.00606730969700379 0.0029612435012553915
0.002641138584428159 -0.006382546096230945 0.002932255819561618
0.002663244462696881 -0.006278963833159968 0.002945074034183741
0.002663244462696881 -0.006278963833159968 0.002945074034183741
0.0026813739886549894 -0.006212004610551339 0.002945617697406622
0.0026812381982328536 -0.006193549902266538 0.002953063476195261
0.002644406268718542 -0.006316147839779873 0.0029369632208623166
0.0026986955427938534 -0.006106314147888685 0.0029577869265947896
0.0028895397654118667 -0.005351350934786687 0.0031348380772203165
0.0027182291768242466 -0.006018125729034944 0.0029683698026704377
0.0027182291768242466 -0.006018125729034944 0.0029683698026704377
0.0027449423376013538 -0.005810285009221175 0.003016736771201946
0.0027449423376013538 -0.005810285009221175 0.003016736771201946
0.0026488054144764702 -0.006198293915573943 0.0029375921449227337
0.002628868233379001 -0.006267012269874688 0.0029402186802531998
0.0027255789744788646 -0.005874428241902989 0.0030000055856712307
0.0026468105616452822 -0.006197721414126601 0.0029355403679441317
0.00290662127267799 -0.005129257800218203 0.0032081975049055
0.00290662127267799 -0.005129257800218203 0.0032081975049055
0.0026245438789292944 -0.006216242450327663 0.0029387190925812324
0.0026245438789292944 -0.006216242450327663 0.0029387190925812324
0.0025673489029723767 -0.0063880307503726575 0.0029265463526526956
0.0025720924147454435 -0.0063401767260857994 0.00293098944535703
0.0025720924147454435 -0.0063401767260857994 0.00293098944535703
0.0025344798470333333 -0.006383463151768802 0.002930926252030385
0.0025400878159305123 -0.006326961672418377 0.0029263071207732546
0.002560897353317924 -0.00616471080012053 0.002950878291082631
0.0025116024835684894 -0.006354363377150385 0.002924388250394342
0.0025231383375789863 -0.006243966014721371 0.002942078369580175
0.002499596629191072 -0.006290766566130313 0.002946117727142057
0.002732323106728011 -0.005249978557394509 0.0032021891235308607
0.002732323106728011 -0.005249978557394509 0.0032021891235308607
0.002592848350650433 -0.005858524588030717 0.0030214110712363067
0.0026982766989294546 -0.0053628434687687 0.0031873467163187506
0.0026679664711851867 -0.005462879445224284 0.003133410208958747
0.0027056457429643107 -0.005238310674469415 0.0032362182283947405
0.002694237654826534 -0.005260439874084875 0.003234017495717619
0.0025760821830996114 -0.0058091560554253225 0.0030443402181215954
0.0027024648241144797 -0.0051790247705096005 0.003269797958491369
0.00266258607349408 -0.0053672770950123965 0.0031931840744839784
0.0025661616458096796 -0.0058201370243821165 0.0030241359072971092
0.002630968345729471 -0.005421504554980494 0.0031929012091170923
0.0024277631197306246 -0.006327806130860743 0.0029492387753302356
0.002623471096979348 -0.005306104387525434 0.0032475549105810803
0.0026054139173495618 -0.005388468613490331 0.003209941339800293
0.002450171047054679 -0.005930105198801001 0.003065587218835721
0.0024153382334134318 -0.006099103087170441 0.0030079182929289676
0.0025753913195483953 -0.005285338797084429 0.0032943947070520063
0.002532153041161884 -0.0054633851172210274 0.0032370863843345986
0.0024138595848000946 -0.0060346467716778495 0.003038399543882647
0.0024138595848000946 -0.0060346467716778495 0.003038399543882647
0.0025298950708783864 -0.005444243683043302 0.003241887071022249
0.002362266559328294 -0.006258517908167933 0.002987025375457788
0.0023824888626971723 -0.0061428722396542025 0.003005060048734137
0.0025122633177511906 -0.005442425809141796 0.0032682010731577417
0.0023428208191907146 -0.006299113978275902 0.0029828646465860013
0.0024323058923847265 -0.005824772330121662 0.003109099836505365
0.0023487268248685174 -0.006187763199069493 0.003031160898775788
0.002339060314721011 -0.006159804164303883 0.003030138270259687
0.0023264463499582224 -0.0062002491471923925 0.0030243776468482425
0.002407025677904365 -0.005544194461353142 0.003319389172343035
0.0032832547533167725 -0.0027613294983723224 0.0018197067103854804
0.003380111817059879 -0.004907195494338585 0.0011867929443059298
0.003339812906047442 -0.0049731053033628516 0.0012076387175492945
0.003352919252147005 -0.00491979018137524 0.0011865642446475962
0.0033702205568369543 -0.004735492940992517 0.0012089427068292663
0.0033702205568369543 -0.004735492940992517 0.0012089427068292663
0.002369076831418324 -0.004202223139591259 0.0014894503607904034
0.002336669437837824 -0.004331245920055525 0.0012900869505158817
0.002348834905518454 -0.004310648657076862 0.0013011703578613037
0.002347281277521518 -0.004323408286219074 0.0012826712637875497
0.00335880438145797 -0.004106242977293038 0.0010226512875521237
0.002330088868474805 -0.004397974468214363 0.0011586784338953988
0.003422661488799698 -0.0037589478762341906 0.0011767221347898397
0.002340593317118278 -0.004368458952975266 0.001139352811231878
0.00239947833841219 -0.004168940725319644 0.0014504254723812162
0.00239947833841219 -0.004168940725319644 0.0014504254723812162
0.0035225549668113695 -0.0031622608131060257 0.001598480415229216
0.0034324529436892707 -0.0035240290667202987 0.0013281067641108138
0.003327908612373561 -0.003914688958202532 0.0010007081571762287
0.002386777984359603 -0.004233999132785546 0.0012999421002664378
0.002408126044242926 -0.0041720277318646 0.0014181000796650532
0.002408126044242926 -0.0041720277318646 0.0014181000796650532
0.0024731506608327743 -0.003941368829637924 0.0017242235999625597
0.002359649239691297 -0.004382465584558244 0.0011365447204708928
0.003476225356146232 -0.0032307712814234834 0.0017583530116941296
0.0032134639932168345 -0.0043233523964862335 0.0008010277771998062
0.0032481261597994237 -0.004142643838043451 0.0008528819139865623
0.0032481261597994237 -0.004142643838043451 0.0008528819139865623
0.003277275837084517 -0.003996115001495564 0.0009584709413292646
0.003277275837084517 -0.003996115001495564 0.0009584709413292646
0.0034682209934881435 -0.003164022201702665 0.0015081335179663688
0.003557329351702187 -0.0028111303535774614 0.001847386892058913
0.0035115511780421764 -0.0029812025284998624 0.0016205604644795079
0.0032544807252511787 -0.004092287157407724 0.0009298097584898227
0.003336487482616345 -0.0037001620960474997 0.0011119976238097616
0.003243111192565671 -0.004110951068203451 0.0008659784801665254
0.003282245540844225 -0.003922807294539033 0.0009755411640727726
0.0033418367224866755 -0.003639975530453516 0.0011646481971259775
0.0034718968640382332 -0.003085251469272767 0.0015160331853313056
0.0032971367222707493 -0.0038331915716498547 0.0010032353887076818
0.00329044851110034 -0.003857030564516886 0.0009868412342524053
0.003209375986824123 -0.004192225616780376 0.0008309834201667895
0.003209375986824123 -0.004192225616780376 0.0008309834201667895
0.0034812024575374325 -0.003000940913923928 0.0016089795350703428
0.0034542436076262766 -0.0031100682660244 0.001509460076291571
0.0023809360496935368 -0.004308149950310908 0.0011491482783961588
0.0024130260974213817 -0.00415572316398053 0.0012997098898677353
0.003433693238108259 -0.0031852895145574973 0.0015100408530554967
0.003185034770008926 -0.004253781339772433 0.0008143460215573645
0.003185034770008926 -0.004253781339772433 0.0008143460215573645
0.0033062366866911832 -0.0036396680899040456 0.0011485439295183257
0.0032870891087178125 -0.0037211968223528754 0.001086161082364474
0.003328420177398781 -0.0035255470857792045 0.0012224304697932209
0.002432969861157043 -0.004106007883071889 0.0013939612319554212
0.002443564147138891 -0.004070029063467282 0.001435165788599515
0.003250784793327551 -0.0038534355663788714 0.0009688516990665172
0.0032315799150560123 -0.003936869314320514 0.0009251620397754
0.0032964303111550413 -0.0036361790408950285 0.0010980695136966474
0.003456489729161028 -0.0029652260267649306 0.0016414102499975804
0.00343227188979309 -0.003048382300833826 0.0015466859610287354
0.003203325476565054 -0.004023783397112043 0.000845285674896388
0.003203325476565054 -0.004023783397112043 0.000845285674896388
0.003207397810009689 -0.004004425550867277 0.0009038628794900758
0.00341012476032503 -0.003126295534928557 0.001546379523547942
0.0025036391840343617 -0.0038689861400768738 0.0017143132814347738
0.003178798315893876 -0.004125535937532767 0.0008386955136891459
0.0034684320140610466 -0.0028381048764366938 0.001753731874299645
0.0031995412745978585 -0.003991327730851468 0.0009206326831648517
0.003236055732875931 -0.003819779226912045 0.0010267508292346197
0.003150227158468186 -0.004211862128041944 0.000783537770215015
0.003388390142850346 -0.003134953271446062 0.001497114808550607
0.003269551079820115 -0.003627091238682302 0.0011606178671821877
0.0031885110298923124 -0.0039928938345150725 0.0009120469168249143
0.0031507220474766523 -0.004159789165554142 0.0007934746700627387
0.0031704786135204866 -0.004063789161303655 0.0008557501888681618
0.0031704786135204866 -0.004063789161303655 0.0008557501888681618
0.0032664732889686274 -0.0036175141897224167 0.0011584472265653732
0.002447844680025775 -0.004070809513589704 0.0014097700958377256
0.003204542198870135 -0.0038700771026465883 0.0009332768653715323
0.003479576232445006 -0.0026938702460282573 0.0018269679245375696
0.003187868940555511 -0.003944169272000249 0.0009097478834174563
0.003379058971099886 -0.0031081814938431485 0.0015148445489491776
0.0031272447235594367 -0.004228138265198203 0.0007798575112394638
0.0030652802814274374 -0.004715136912112413 0.002297179437414668
0.003146470164738852 -0.004114790438947876 0.0008237512950063304
0.003137500599246415 -0.004150773020060021 0.0007756235583542629
0.003203746890792937 -0.0038397656210664745 0.000974814942350696
0.0031191544731458886 -0.004238635817744522 0.0007713971284841389
0.0032203588365346857 -0.003743824797867925 0.0010551090853336375
0.0032203588365346857 -0.003743824797867925 0.0010551090853336375
0.003166471855690604 -0.003975232741629077 0.000859069844654367
0.003166471855690604 -0.003975232741629077 0.000859069844654367
0.003173128470197691 -0.003938353605195159 0.0008953829368955514
0.002411828997647292 -0.004237287724788663 0.001224801724145416
0.0031521268451586526 -0.0040212559775052135 0.000862752109767272
0.0031521268451586526 -0.0040212559775052135 0.000862752109767272
0.0033695951435169062 -0.0030410689271105377 0.0015075136215240436
0.0033482579920054443 -0.003146020880459823 0.0015038438947696
0.0032368400071976834 -0.0036202602156090186 0.0011142194209290983
0.003125280589706479 -0.004136000639579918 0.0008004876247172947
0.0031672364447895723 -0.00393001189800267 0.0009061794665993795
0.0032302902195046864 -0.0036351199257558054 0.0010877434232022859
0.003416856855750054 -0.002839393819686512 0.0017203577732817818
0.003351049155982507 -0.003106145765963377 0.001495592651833409
0.0033892172983580357 -0.002942280830780811 0.001620513821786032
0.0033892172983580357 -0.002942280830780811 0.001620513821786032
0.0030939995168665553 -0.004212057099516016 0.0007755448174631261
0.003092891878280087 -0.004211386955602157 0.0007515980574051207
0.0033209436796319118 -0.0031628931225232276 0.0014285821473386728
0.0023881963861605337 -0.004338080830019931 0.0011053417616041824
0.003153305701621181 -0.0038737587408415705 0.0009437484008240444
0.003116921893038275 -0.004034295682229554 0.0008462541377039363
0.0024698923176194446 -0.004012139399759818 0.0014846331234695843
0.003243778860153733 -0.0034409230714688337 0.0012064846870365193
0.003243778860153733 -0.0034409230714688337 0.0012064846870365193
0.0032246454505254238 -0.0035026623246828684 0.0011320976154918503
0.0033990839833983764 -0.002745306353943915 0.0017345401613044905
0.003050938154717932 -0.00446329872022554 0.0019060719265353676
0.0030917383493016502 -0.004096518665313025 0.0008748255458967957
0.003053360690956234 -0.004394052501033575 0.0016935206708312848
0.003053360690956234 -0.004394052501033575 0.0016935206708312848
0.0031392187305063625 -0.0038408760807835964 0.0009347909975393149
0.003310149156065437 -0.003072153649256958 0.001485507297821504
0.0030101310640370605 -0.004614688435418165 0.0018803783223765383
0.0030382745380556366 -0.004484795422348421 0.0018910123549547085
0.0030413177230377707 -0.0044651178166169965 0.0019058958879825715
0.0024726578406534545 -0.0039918003015818725 0.001442760523086674
0.0024726578406534545 -0.0039918003015818725 0.001442760523086674
0.003101048205842726 -0.003985141430170263 0.0008936355912603891
0.003101048205842726 -0.003985141430170263 0.0008936355912603891
0.0031815059744035867 -0.003584712840919064 0.0011265646886700622
0.0031144760354532355 -0.0038492210479492855 0.000950344580443348
0.003035124400875828 -0.004197766662189267 0.0007572588754832137
0.003095885787513468 -0.003879103466902855 0.0009289787160910098
0.0031054808917095377 -0.003824334287157439 0.0009601455644853516
0.0031054808917095377 -0.003824334287157439 0.0009601455644853516
0.00315535685168186 -0.003588351472544524 0.0010945301858702008
0.0032839836080941257 -0.0030257713774862836 0.0015293845309552016
0.0030981979861973105 -0.0037991957561276895 0.0009821032393570615
0.0030602614273025613 -0.003968974846921059 0.0008420848827483956
0.003193647243052386 -0.003538957236304284 0.0020583934220005677
0.0033263736665307326 -0.002772808490927197 0.0017521279674852796
0.003141678505669294 -0.003762944603377304 0.0020412048371531853
0.0030110477434241636 -0.004173549010896706 0.0007677008204097572
0.003088034518212192 -0.0037716535590891233 0.0009774118871551938
0.0030262576499227732 -0.004053482066422363 0.0008105363667224929
0.003212729370794589 -0.0029686888706047638 0.000568626043147014
0.0031787318625940315 -0.003343324990740666 0.0012998202274221943
0.003187958589818509 -0.003288975093702195 0.0013124829663993976
0.0030622270657585343 -0.0038362432200239505 0.0009442358922010186
0.0031207345570791775 -0.003768824842728469 0.0020524843444249415
0.002985899934009153 -0.004198192464842612 0.0007777415378655403
0.0031153791734132006 -0.003550414537499021 0.0011205322336471772
0.0030082059244789174 -0.004060749800520852 0.0008086485914725645
0.0030633314443718027 -0.0037898111709701848 0.0009759474068869177
0.0031408968644028186 -0.003421547796905806 0.001189704351140636
0.003052351603867271 -0.0038268259097508617 0.0009231574070246126
0.00259522236344149 -0.003597914980077271 0.001896235333555334
0.0030132173809723013 -0.004024135348834051 0.0008305034518048921
0.0030132173809723013 -0.004024135348834051 0.0008305034518048921
0.003150496858558688 -0.0033849399278571973 0.001273635621146022
0.002596728659135234 -0.0036073552355463437 0.001871919444224229
0.002977815827391251 -0.004206790518773842 0.0007762655223074799
0.003165687581368852 -0.00329247768413835 0.0013119026911698102
0.002978343817666055 -0.004188007807031694 0.0007680473806376267
0.0029860737156574262 -0.004128619621412731 0.0007950479832824585
0.003279986880951012 -0.002789362760220024 0.0017665154830524149
0.003279986880951012 -0.002789362760220024 0.0017665154830524149
0.003155189464596402 -0.0033049115980736347 0.0012912851160504404
0.0026014490376369396 -0.003593372332806754 0.0018758534795750362
0.0031131630185551717 -0.003479218227415575 0.0011670209560811877
0.002980376160189042 -0.004122108451863795 0.0008059814318606837
0.002980376160189042 -0.004122108451863795 0.0008059814318606837
0.0031049016195486274 -0.0035086555346437696 0.0011617563501304707
0.0031174700700702016 -0.0034521670951861445 0.0012172049835209031
0.0031313759872888397 -0.003376228527165478 0.0012625015588324164
0.002607141201611186 -0.0035855649477600916 0.0018941890734544553
0.0029722617107436635 -0.004151617353118803 0.0008043429191769652
0.003231332407859987 -0.0029081927956321634 0.0015694892227950733
0.0026193676684057293 -0.003540116658311197 0.0019459609586097056
0.003208865174100411 -0.0030153952589416617 0.0015628408836045708
0.003094301942072641 -0.0035121151185104026 0.0011754953817979892
0.003028875032251563 -0.0037730987929771617 0.000982419707524624
0.003178004387036109 -0.0030961012870000556 0.0014803655677837074
0.0030818684042881097 -0.003504622195493949 0.0011871981840513978
0.0030756216687191215 -0.0035215504840196755 0.0011428911359896478
0.003171094623071689 -0.003105097057661677 0.0015147883771032711
0.0030821335905695654 -0.003466993704066593 0.001182562502161098
0.002993816152007259 -0.0038917677104830734 0.0009292525538398039
0.002522254759458221 -0.006885818501931544 0.0029487387455948005
0.0030931114249367437 -0.0033994627323121296 0.0012289138041863732
0.003186391169627266 -0.002987335165006853 0.001587957723274182
0.0029593426877195118 -0.004034581368727095 0.0008596466091435853
0.0029593426877195118 -0.004034581368727095 0.0008596466091435853
0.00320356295307431 -0.002926026479022378 0.0016731724196516631
0.0029388911204661695 -0.004137562166742684 0.0008141504231653687
0.0030955883776507672 -0.003342205566097244 0.0012574255297929568
0.002948580262350698 -0.004074226028195022 0.0008292611512485498
0.0030033226100090074 -0.0037795407507873915 0.0009556307523706183
0.003137426873698663 -0.0031799624675816433 0.0014463810994759497
0.003057150284417567 -0.003513106902664689 0.0011531249441657343
0.0032007324186516793 -0.0028827143497045294 0.001671657785949542
0.00316958249704126 -0.003005690444109056 0.0015516426248956437
0.0031898343282443144 -0.002923520938851063 0.0016533342288942458
0.0031852573258716135 -0.0028966998854993964 0.0016791426844165803
0.0030550262864942283 -0.003465271184381184 0.0012221621489221497
0.0030649766023855057 -0.003402663900610876 0.0012454759726450305
0.0029415098820143896 -0.004002337788799892 0.0008782344747952451
0.003221517004705753 -0.0027197969382708816 0.0017896582835658838
0.003158701082650649 -0.0029905319448801375 0.0015969366925354647
0.0031347219736278134 -0.0030808511323707852 0.0015177900601188986
0.0031347219736278134 -0.0030808511323707852 0.0015177900601188986
0.003021851670759484 -0.0035766935576144066 0.0011146005870263209
0.003133146278119986 -0.0030722969626941704 0.0015472938206469377
0.0029639392499314124 -0.0038481759130797465 0.0009699370193749246
0.0031629787944068796 -0.0029373760757179326 0.0016692905438720547
0.0026531446895727453 -0.0034426889738745185 0.0020609758223092503
0.0031369963064691027 -0.003015071142375438 0.0016159949973965913
0.0026613711692509753 -0.0034368581356556908 0.0020968736441181975
0.003035027855515676 -0.003449061218411704 0.0012371690593972716
0.0026667807186255047 -0.0034139099304655407 0.0021155618166375473
0.00302979208778942 -0.003459293521984775 0.0012103194185883134
0.002907663586416875 -0.004045025570558161 0.0008383399258431842
0.00301146652459677 -0.003498839629955197 0.0011708461584805513
0.0030143806898703376 -0.0034886894526300473 0.0012109779331746992
0.003180474318269394 -0.0027699383352918286 0.0018337220874734854
0.0026808012991322706 -0.0033601218772697184 0.0021616447977917514
0.0026808012991322706 -0.0033601218772697184 0.0021616447977917514
0.0029935460757660034 -0.0035557990101566274 0.001146097445015363
0.0026906128153953816 -0.0033326633737738812 0.002213541564997276
0.0031430239969157726 -0.002891972172057991 0.0017234733045922374
0.003020818008487937 -0.003415305575145864 0.0012758037540911442
0.003143101233203894 -0.0028730472753308923 0.0017404903646958696
0.003150312920840061 -0.002841169752778966 0.0017681690417662868
0.0026983249716095305 -0.0033122485439108303 0.0022387707483587
0.003101089958576402 -0.003038678489069897 0.0016134301507897543
0.002870747649900873 -0.004106442211808987 0.0008212060082386931
0.0031634043462930553 -0.002777500846197742 0.001859279274292256
0.0029801294052945243 -0.0035492027051537392 0.0011641015246970662
0.0030065060992223234 -0.0034245152502028345 0.0012646325782364933
0.0031247458287181062 -0.002919274322223816 0.001720518264270086
0.0032123508377526434 -0.0021857305749565788 0.0011698134992776813
0.00287828796791231 -0.004053287533790836 0.000869364338485406
0.0030818434529547717 -0.003091118167196794 0.0015793634308504908
0.0029525981793196115 -0.003714516761115466 0.0012753985143456761
0.0029247284176662446 -0.0037944167608001777 0.0010368858351460313
0.0029459932228493853 -0.003685954443232491 0.0011006945444240984
0.002990393932448841 -0.003447761116022855 0.001249429066300699
0.0029952293503894287 -0.003429755782505306 0.001278017025126727
0.002679491542207407 -0.003388693536229747 0.002040630078801321
0.003118359541219444 -0.0029033794452024675 0.0017626822561036361
0.003118359541219444 -0.0029033794452024675 0.0017626822561036361
0.002852299085411718 -0.0040937396635436695 0.0008593331501820536
0.0027097776336116367 -0.0033109140864197974 0.002150853784965646
0.0031216191382686196 -0.002847321572974402 0.001801705639909808
0.0031216191382686196 -0.002847321572974402 0.001801705639909808
0.0028555326026752943 -0.0040434517558041025 0.000854416107527883
0.0028555326026752943 -0.0040434517558041025 0.000854416107527883
0.002979534460185537 -0.0034386103712506525 0.001279559243217463
0.0029300539600390836 -0.0036572536391803116 0.001089746551350058
0.00313406433672652 -0.0027636848290092716 0.0018424512926342197
0.0029459937243837236 -0.0035871642153818264 0.0011838970850357154
0.003125950639582649 -0.002793110099413343 0.001831466186019134
0.0026249705592677314 -0.0036038507643564198 0.0016868472549238598
0.0028645130765395923 -0.003968748843009794 0.0009014364563606512
0.0028569471802768944 -0.004015991308862704 0.0009038112214532154
0.002967921181811542 -0.0034754016764835497 0.0012714228516447774
0.002887443351877143 -0.0038464654302184605 0.0009959270303277782
0.0030849164792300437 -0.0029492109068859386 0.0017132104074245207
0.0027681722797061287 -0.0031198086897950357 0.0022834474272278877
0.003085962052942129 -0.002952594508300296 0.0017786009560060612
0.0029150751354869147 -0.0036829555813475173 0.0011057715765322347
0.002938381686961888 -0.003575689987403167 0.0011976125445893266
0.0030953715894329716 -0.0028887500647006145 0.0018069130709459417
0.0028489210008750833 -0.004015796400080423 0.0009294085310190621
0.003097092980666119 -0.0028638384779590144 0.0018277959577303517
0.0026583193954932954 -0.003583486213310798 0.0016474381912114193
0.0026583193954932954 -0.003583486213310798 0.0016474381912114193
0.00295396323040529 -0.0034335255653602705 0.0012920650019467312
0.0030448180565694027 -0.002333659883452797 3.634438977608805e-05
0.0028660109088413754 -0.0038513350778776475 0.0010196496045364962
0.0026329764265288352 -0.0037623381229785324 0.001448009581472899
0.002699827568487529 -0.0035159643945580116 0.0017837833103252724
0.002814826320396451 -0.004077524995689766 0.0008544712763051126
0.002814826320396451 -0.004077524995689766 0.0008544712763051126
0.0029240925975086737 -0.003535380544169623 0.0012575900330559686
0.0030207233438815546 -0.00310594903911912 0.0016408816328048533
0.0030669645591195394 -0.002889653954962087 0.0018341132842574768
0.0030426272291954656 -0.002996346357849381 0.0017464240174540797
0.003053796022762009 -0.0029312148517536504 0.0017672793198498752
0.0028544392578174716 -0.0038184397540776275 0.001024698049187341
0.0028980219649109144 -0.003598120483772451 0.0012066807869628537
0.0028445426061004084 -0.003859192302899193 0.001030945160907083
0.0029209018360474505 -0.003474273474989205 0.001315134076912448
0.0028479184337325204 -0.003811117854270586 0.0010367484147372958
0.002789226377775327 -0.004111865239918863 0.0008481459252285724
0.0028227854195804944 -0.003911409425163403 0.0010006138687206
0.003039649118293745 -0.0029385224578320464 0.0018136877967897336
0.0027778278814817735 -0.0041317272535573565 0.0008490953297312596
0.0030262661760065267 -0.0029669845315391237 0.001774860512909896
0.0029881580923680276 -0.0031051913461173056 0.0016424343831166967
0.00303474499014879 -0.0029162174704309594 0.0018324391626357284
0.0027809508104237215 -0.0040415994641086195 0.0008812436808259493
0.00284782953677103 -0.003719740993551938 0.0011227951565822667
0.00303595080408201 -0.002906783233373948 0.0018596639511298475
0.0028245333921335797 -0.0038093242420927016 0.0010326458638487692
0.00308526730249979 -0.00269835621991853 0.0021076476047767953
0.00308526730249979 -0.00269835621991853 0.0021076476047767953
0.0026547720431174334 -0.0037146608895459784 0.001418544940623259
0.0028190631571040977 -0.003823249719150539 0.001077784957378009
0.002838809190926825 -0.0037155734312747895 0.0011483533464697144
0.002838809190926825 -0.0037155734312747895 0.0011483533464697144
0.0029978955069326326 -0.0030197312740647374 0.0017660189640573485
0.0025906072444590663 -0.004018350275623607 0.0011504357170429617
0.002778071251019507 -0.003986890656559194 0.0009272113090823096
0.0030056572523544955 -0.0029578680164855206 0.0017963166534431553
0.002758554669156621 -0.004091325904156291 0.0008938352019270925
0.003017916883107169 -0.0029392121929310007 0.0019056812312857145
0.0027538504024455382 -0.003343108829440794 0.0018311983666824013
0.0027832847631594944 -0.003943066586065373 0.0010404402090026315
0.0031831340802497823 0.0016735799209290818 -0.0029771697582036
0.0026078111261037713 -0.003986040242396559 0.001202108799933537
0.0029798407722827457 -0.0030204635141988755 0.0018001192867972884
0.0029798407722827457 -0.0030204635141988755 0.0018001192867972884
0.0029798407722827457 -0.0030204635141988755 0.0018001192867972884
0.0029811233209697486 -0.003005711508551271 0.001807000337920832
0.0027494543912772256 -0.004050886688912673 0.0009397627074363768
0.002742714584761748 -0.004068702442450288 0.0009125083284162889
0.0028193858944508907 -0.0036435015676199935 0.0012280280945446691
0.002780606444408583 -0.0038049701717334417 0.0010784234105908567
0.0027521294500549368 -0.003962463175837784 0.0009817973034106067
0.0027521294500549368 -0.003962463175837784 0.0009817973034106067
0.002959326513237097 -0.0030042808818508404 0.0018116962039317458
0.0027933699917878146 -0.0037321668202460155 0.001182451161537962
0.0027933699917878146 -0.0037321668202460155 0.001182451161537962
0.002677755167635898 -0.003691294718176522 0.0014621287761689631
0.002677755167635898 -0.003691294718176522 0.0014621287761689631
0.003007612985507284 -0.002807944858226792 0.0021006020503902397
0.003007612985507284 -0.002807944858226792 0.0021006020503902397
0.0029976449905305762 -0.002832884530891345 0.002096629396895372
0.002717588905549422 -0.004027443594714056 0.0009812872429884024
0.0029966508240881823 -0.0028187639569758503 0.0021238135611080767
0.0025787850770331066 -0.004140236285143511 0.0010184083070488307
0.002980176674905923 -0.0028504031253334277 0.0020734514889782112
0.0027292554719468773 -0.003912183418031217 0.0010681223968134178
0.002977992367478386 -0.002850664048573007 0.0020952401467778637
0.0027400113146774986 -0.0038482106443326843 0.0011310453964497808
0.00278733264680513 -0.0036150838797018693 0.001307729423939562
0.0027176941023769117 -0.003936375679147894 0.0010459129517038054
0.0029649628815161906 -0.0028850723133967554 0.002075429540409061
0.002931070820910292 -0.003001783993146864 0.0019313281927510679
0.0029092518202831637 -0.0030737089072404938 0.0018427211181083062
0.0029118412420725847 -0.003074375070225541 0.00188375415000865
0.0027200082445063157 -0.0038864857389058877 0.001091887601440904
0.0029482167753389064 -0.0029235564224055085 0.002042966225749824
0.002950780242726312 -0.0029058950160605517 0.002066512761405746
0.0026872892727180537 -0.0036999020504930127 0.0014158772794770397
0.002624865111673072 -0.003987379715230976 0.0011521168601454485
0.0027091455749616044 -0.003895516554279408 0.0010858456172655885
0.0028917877677003875 -0.003103140446823796 0.0018625497797132929
0.0028118566101948995 -0.0034208606948621287 0.001551047805170241
0.0027053109061016024 -0.0038922807174195163 0.0011112147287074402
0.0027311661297009975 -0.003761177447135773 0.0012177591789648912
0.002720019717104308 -0.0035631671765063914 0.001513888122965752
0.0027557695235916196 -0.0036475493258820444 0.0013460968008310403
0.0027707923577819874 -0.0035645476497729767 0.0014168041149344966
0.002872078471267952 -0.002977373063058622 0.002189218654185432
0.0029302557022267252 -0.002906237062479375 0.0020899083352257943
0.002940615019371009 -0.0028848330815173144 0.002166375771206357
0.0026496525059741135 -0.0041185525107123875 0.0009559687865147342
0.002917944413437191 -0.002956315266173677 0.0020611985035555226
0.002917944413437191 -0.002956315266173677 0.0020611985035555226
0.002718135139135787 -0.0037669163164952874 0.0012149806787298742
0.0026026613715165597 -0.004129570091675887 0.0010065545429595484
0.0029155482077516583 -0.002954212834226892 0.0020748567881945503
0.0027196378613973697 -0.00376648499696422 0.0012521579146362093
0.0027789006634317197 -0.003483021236920462 0.0014753612581546464
0.002907060867525642 -0.002943969747665544 0.0020958811076624037
0.002930740685932007 -0.002857927895780373 0.002235579986897476
0.0027238261119659794 -0.003669393152458926 0.0013454337724356084
0.0027814695850050565 -0.003425123611355375 0.0015947299414462816
0.0028909762851407742 -0.0029987484565633907 0.0020884483687665643
0.0028577298246120464 -0.0031184733546189107 0.0019545517402930275
0.002718534172393817 -0.003671753373055675 0.0013597465593863144
0.0027464922667825432 -0.003551055498383561 0.0014974794240146605
0.0027363085493485096 -0.0035747924917045094 0.00143774417663349
0.002759762865377949 -0.0034443445387257444 0.0015897025612376518
0.002766440607019043 -0.003426879483074291 0.0016227391296457377
0.002805194854960844 -0.0033041700795542355 0.0017504463228484545
0.002649640155691029 -0.003970471237311619 0.0010970433744401772
0.0027409246087078173 -0.0035598876434672624 0.0014811544812980903
0.0027433608117568417 -0.003516582284862983 0.0014785454996694698
0.0027308919158014495 -0.0035794946268946537 0.0014517931565221711
0.00278735440085706 -0.0034973468129967985 0.0014877536701234247
0.002886400035069581 -0.003088604853243233 0.0018838328908997867
0.0030017746242733795 -0.0029201637933730586 0.001838654677692148
0.002420293894211663 -0.004203011645608992 0.0012321411776543033
0.0033863435065987135 -0.0026739457913646267 0.0018632805152444156
0.002983856056196382 -0.003451857397732151 0.0013040225836440727
0.002679925055951205 -0.00392245408898118 0.0011269117504322701
0.002736086996554499 -0.003807998561452592 0.0011268219757856874
0.0027368737785479435 -0.0038045397298874664 0.001124358940649556
0.0035445044917500794 -0.002811138879661215 0.0017956837171080305
0.0035445044917500794 -0.002811138879661215 0.0017956837171080305
0.003386624240444661 -0.0028445177452552936 0.0016750637056419607
0.003415745455656047 -0.002926165905568467 0.001624613363468528
0.0029471354673052067 -0.0028474790547566757 0.0022410241421413585
0.0033983346910967313 -0.003544739049541528 0.0012452628205511889
0.0028621309138155363 -0.003848003071808358 0.00101711685612732
0.0035337059559088974 -0.0030309682763013097 0.0016735681302447007
0.003545343433314723 -0.0029416779865059934 0.0017081534366899223
0.0029043328968752237 -0.003490039833836326 0.0012858068564715434
0.0029043328968752237 -0.003490039833836326 0.0012858068564715434
0.0024548607692699465 -0.004073406333010616 0.0013876408962222653
0.0038258912100229358 -0.004726398769685516 0.0034290596861320495
0.003645205314663072 -0.005303699843831525 0.0032815784985672372
0.003814474282342444 -0.004574925500047577 0.0034407940850487806
0.0033775904785569026 -0.0056795913044165695 0.0022307125961428123
0.003474230127164291 -0.005441221813270552 0.0027211580103703656
0.0033682092787561822 -0.005613042524972169 0.002306064118220322
0.003417343720209105 -0.005492113254894652 0.0025402034179886766
0.0033835987345479574 -0.005554879650433834 0.0024017388147605312
0.003420130621144291 -0.0054618118666931 0.0025779659444679836
0.003495758112491533 -0.005319518362249844 0.0029135531025464532
0.0033606458901651766 -0.005553858024986411 0.0023605011568500994
0.003386251725814777 -0.005506456071213873 0.002473342370726799
0.003337457575410493 -0.005589924425024869 0.002270801740418192
0.0033665112088697726 -0.005532614597704447 0.002400107323557551
0.0034852507173338217 -0.005305027781376158 0.0029159368952571094
0.0033983820860917146 -0.005453506207281187 0.002564248980311357
0.0034980008486695 -0.005265599095132726 0.0029843246130452313
0.003487936182949056 -0.005281242578066925 0.002940007534296712
0.0034729345385844878 -0.005309247440532712 0.0028904133112390147
0.0034677398966739847 -0.005318636037964925 0.0028780820864595276
0.0033955159427310534 -0.005439076374754245 0.0025700055914480943
0.003316369310314487 -0.005587536808114882 0.002250067809332302
0.003316369310314487 -0.005587536808114882 0.002250067809332302
0.003489507490031422 -0.005256989631295296 0.0029586651132214167
0.0033272811929161593 -0.005560703279096547 0.002305352942528399
0.0033272811929161593 -0.005560703279096547 0.002305352942528399
0.003326817022885923 -0.00554478508072846 0.002320235472487585
0.0033754674837022406 -0.00544823834135727 0.002524323837764651
0.003314617074719525 -0.0055555855600152035 0.002276346704064103
0.0033008771653669144 -0.005646182346762184 0.002316746799629322
0.003270897950286024 -0.00563500320904991 0.002127139235306343
0.0033044564905568524 -0.005563793482922911 0.002258740341112791
0.0033044564905568524 -0.005563793482922911 0.002258740341112791
0.0033759240053338156 -0.0054359444808859975 0.002565526388271391
0.0034753000252917905 -0.005233346612971015 0.002954468273877261
0.003320868198713975 -0.005537281813566276 0.0023426249684247013
0.00337476696561501 -0.00543382568638142 0.0025657149651826484
0.0034931506354659277 -0.005203435167717607 0.0030475535486280494
0.0034931506354659277 -0.005203435167717607 0.0030475535486280494
0.003359955778915468 -0.005450137213054437 0.002514277603431145
0.0033462227656600113 -0.00546877084371448 0.0024620162207615666
0.0033462227656600113 -0.00546877084371448 0.0024620162207615666
0.003446933870026942 -0.005273133708191062 0.002879732635967369
0.0034553530015829295 -0.005252448049785248 0.0029213394231509004
0.0033374481716416473 -0.00547152821681549 0.002461402342731303
0.0034433046421703285 -0.005253851217480648 0.0028885380743475476
0.0032827380475645837 -0.005567364093953718 0.002242904895910549
0.0034601645966424407 -0.005219348413434102 0.002973028555140306
0.003305399625880309 -0.005505210698759708 0.002348134323132582
0.0033065244420178693 -0.0054916508402346005 0.002363548479490526
0.00343697063962645 -0.005239993855055152 0.002902865405794069
0.003264218014432199 -0.00557796364604612 0.0022335593050478585
0.0034263981703883247 -0.005247930855382407 0.002874983105782241
0.0034481589930321927 -0.005194703925073623 0.002982268322257583
0.003297317400016176 -0.005485519457563456 0.002389628265089962
0.0034662784256117396 -0.005152342955628646 0.0030705509041833675
0.003487082571505013 -0.00511506224691911 0.003156086081003119
0.0032291937400572485 -0.005608047744495539 0.0021162283557733482
0.0034467263601944084 -0.005180433799887581 0.0030003656873262385
0.003470093597324334 -0.005117473843439654 0.0030883012074898147
0.003323737225897082 -0.005393393116467787 0.0025317304968748905
0.0034464164119732458 -0.005159791649585628 0.0030314633239818737
0.0034548268920618947 -0.005144396770953818 0.0030705463903743214
0.0034548268920618947 -0.005144396770953818 0.0030705463903743214
0.003247144280948322 -0.005532158953757964 0.002248773850739099
0.0032755993331746607 -0.00547346332436861 0.0023593586616271088
0.0032755993331746607 -0.00547346332436861 0.0023593586616271088
0.0034701254447548255 -0.0050975123692726665 0.0031520432127008675
0.003450706787471522 -0.0051291314135649135 0.003073340939708169
0.003254623537154053 -0.00551002204305205 0.0022940583892264894
0.0033084745329093504 -0.005402320615767586 0.0025163860537899914
0.003419424460795752 -0.005185178220691636 0.002972192497398109
0.0032323027514213044 -0.005528405721536168 0.002228385476812401
0.003293248326544741 -0.005344713629351631 0.002453987659071648
0.0033004418335611393 -0.005384030598821173 0.002535925330081692
0.003190852944485708 -0.005586486532518374 0.0021084836625189928
0.0032163574701989414 -0.0055372904023418225 0.0022107334742362903
0.0032163574701989414 -0.0055372904023418225 0.0022107334742362903
0.0033862068384914856 -0.005185516725024195 0.002892018221122057
0.003283109057591452 -0.005367327499213411 0.0025259483074868924
0.003274296346963366 -0.0053798163938505485 0.0024959309757962797
0.0033303315247626163 -0.005268936179237192 0.0027201449110066953
0.0034125600856889622 -0.005092312492597505 0.003066989508846029
0.0032775955652252792 -0.005356755531509624 0.002540136713921663
0.0033057203570897482 -0.005295043674608827 0.0026517040305786975
0.0033145186486056044 -0.005276724004444654 0.0027051751140726187
0.0033601428512237104 -0.0051659845642509205 0.0028899679487464705
0.0033599564058333915 -0.005165486540652839 0.0028897843871785976
0.0032266405541237805 -0.005428843256187874 0.0023662532541777904
0.0032166254149192585 -0.005438693954821177 0.0023219732889703166
0.0032166254149192585 -0.005438693954821177 0.0023219732889703166
0.0032796493483412347 -0.005326502980214278 0.002588196241903701
0.003399590031545873 -0.005084887119987262 0.003066549663231208
0.0033397122230289984 -0.005204668095851 0.0028293489978609503
0.0033041622152837668 -0.005264600477573078 0.002696495560811391
0.0031647974833016864 -0.0055482902415281 0.0021449141137953745
0.003172600103772133 -0.005536725611984934 0.0021765910226119204
0.003178413764439869 -0.005512954263561802 0.002199774447406804
0.003178413764439869 -0.005512954263561802 0.002199774447406804
0.0033406677713273313 -0.005176348677317316 0.0028499038811880136
0.0032578559259653674 -0.005343868732066718 0.0025375859102763024
0.003253962138745221 -0.00534607328894317 0.0025219676294426095
0.0033565541222649264 -0.0051224192541298435 0.002924655066662398
0.003261000546267453 -0.005323820774572244 0.0025590350293288235
0.0035087696686011286 -0.004568012021594463 0.00333443720863391
0.003304759291913692 -0.005214864696448353 0.0027496757543890105
0.0032724281315526372 -0.005280166473451987 0.0026278876694486894
0.003311290397452582 -0.005202607949518125 0.0027858579461678594
0.0032895322078639903 -0.005247017561352089 0.0027027491924775326
0.003323383393421305 -0.00516229045038927 0.002849886327486168
0.0033355237843850118 -0.0051372537935220185 0.00290381681643411
0.003178171774121567 -0.005463870727844232 0.0022851466255665587
0.0032771584780493194 -0.005243628568443593 0.002686848046276953
0.0031953039363558735 -0.005418705930680147 0.002370775087773262
0.003291992233794091 -0.005213503281486628 0.0027537597485070148
0.0031016514262682975 -0.005603556441802921 0.0020040281027811887
0.003145370676085383 -0.005517031737733406 0.002183197232917993
0.003338212259206277 -0.005236430359542771 0.0030387782023081774
0.003363917524038475 -0.00506837526169193 0.0030553468907132345
0.0033129191302167004 -0.005159067089196047 0.0028494740662599613
0.003338975845236568 -0.005091874935233103 0.002965707156867603
0.003329701597633522 -0.005096646689658604 0.002957792945006851
0.003344000216239167 -0.005064508651363748 0.0030222511412532115
0.0032143765349456456 -0.005340707623823256 0.0025117935038527985
0.0032143765349456456 -0.005340707623823256 0.0025117935038527985
0.0031197999478394744 -0.005536446633509171 0.0021497403787342855
0.0032954968303676 -0.005149623354332502 0.0028431948563425588
0.0032954968303676 -0.005149623354332502 0.0028431948563425588
0.003231203262767836 -0.0052836809753286805 0.002590331775116824
0.003306355550329396 -0.005120907472904272 0.002885038367733839
0.003310712880661856 -0.005117616028424605 0.0029094645946194033
0.003159575758536907 -0.005432242906701062 0.002323363542156502
0.003204337447476463 -0.005329488112596737 0.0025118928076518117
0.003705546164757922 -0.003412052498043088 0.00358245897889058
0.003705546164757922 -0.003412052498043088 0.00358245897889058
0.003341521884305713 -0.0050146789579341485 0.0030931385061841715
0.003341521884305713 -0.0050146789579341485 0.0030931385061841715
0.0031954740818801925 -0.0053165588081186465 0.002517774300838823
0.003288912812956004 -0.005116741415230139 0.002886559019848021
0.003156741838757491 -0.005402285821822855 0.0023683622060709755
0.003134970107741762 -0.005439666179136263 0.0022913124887234716
0.003161770222034798 -0.005360868865386428 0.002431233547670478
0.0033248733265572573 -0.004996473794328623 0.0030699992164110717
0.003205457373654223 -0.0052609154540213116 0.002609783282899296
0.003302317195836191 -0.005062486370873427 0.002995636218514648
0.0031776504291767473 -0.005317553789554341 0.0025037022503705732
0.0033012074257287843 -0.005043232843771058 0.0030014133925592617
0.0031985086153949885 -0.005257816536035817 0.002614086949057541
0.0031514146663980526 -0.0053561014053487 0.0024390143513972023
0.0031616383185037854 -0.005319895578764152 0.002495338162208231
0.003166352365134468 -0.005298688826180687 0.0025118451618896588
0.0031616971234049687 -0.005306007089863775 0.002502936407435759
0.003080513509272785 -0.005496773386583951 0.0021848869021042334
0.003080513509272785 -0.005496773386583951 0.0021848869021042334
0.0032863128589454755 -0.005033620279910831 0.002999763344585759
0.0032863128589454755 -0.005033620279910831 0.002999763344585759
0.0030632152137888666 -0.005518517470519274 0.0021461027501775026
0.003290455281813909 -0.004988944290651359 0.0030582176732665265
0.003165671156119268 -0.005267555956737775 0.0025727409597300042
0.003101422726609964 -0.005407144498418389 0.0023308690035314166
0.003263520756318168 -0.0050220942998576235 0.002984325616113908
0.003085739371695857 -0.00542292308216501 0.0022920522518726865
0.003270258619388084 -0.005003101288498184 0.003016713199088039
0.003139985827277023 -0.0053019477963119396 0.002508714083014711
0.003275077486695503 -0.004988939808188209 0.00304168760300553
0.0030908141468994703 -0.00539639661754539 0.0023533482741151155
0.0031271864201925918 -0.005293915849265236 0.0024966973202654326
0.0032438081999125326 -0.005012190908772887 0.0029815255499023377
0.003251849174577328 -0.004991093083178555 0.0030275914788890344
0.003097972922662931 -0.0053342936265523945 0.002432561109064357
0.003097972922662931 -0.0053342936265523945 0.002432561109064357
0.0030338898741017312 -0.005473399253356872 0.002207601893827004
0.003055247839288239 -0.005407503534312927 0.0022858397460222978
0.0030366500683333946 -0.005430761123498109 0.0022551699181573605
0.0030366500683333946 -0.005430761123498109 0.0022551699181573605
0.0032134989752369415 -0.005017249258726916 0.002964202553852251
0.0030151864047850588 -0.005460670374538786 0.0021949130750642015
0.003205737355198663 -0.005017229166007482 0.0029506696527978357
0.0031820917665108975 -0.005080763974844963 0.0028683257389736463
0.0032127110647912353 -0.004993642821063446 0.0029810531045555175
0.003034103653113496 -0.005422972796756308 0.0022876367435569664
0.0030856847044529656 -0.005296904492388064 0.0024974962644665846
0.0032594851602638247 -0.00488496211663726 0.003175317415211011
0.0030467464561007456 -0.005386471252987452 0.0023569507952682068
0.00304002301214306 -0.005379172298376394 0.00233140213453319
0.0030655171310187707 -0.005322989544098054 0.0024379581200804253
0.003032822985180262 -0.005393176704400745 0.002338210463177658
0.003032822985180262 -0.005393176704400745 0.002338210463177658
0.003194210215347297 -0.0050000291712539 0.002962784214743112
0.0030207811457140608 -0.00540141446860159 0.002320106578162603
0.0030118420484326848 -0.005409878299405492 0.0022977276144465946
0.003018469573948142 -0.005389434819393356 0.0023294586889716935
0.0030270253736113567 -0.005361018886845417 0.002367290928724045
0.003061587107942671 -0.0052594314766056275 0.0025381877514824435
0.0031692882217681743 -0.004991086657269843 0.0029554246998606867
0.0030052125167798743 -0.005385428249638851 0.002328815220415461
0.0031730455916482623 -0.004956769765733381 0.002969028818791162
0.003132114245835039 -0.005065584630595102 0.0028348076976006473
0.002998727928550876 -0.005387265244537011 0.002319355279723604
0.003161563088353018 -0.004985471196703484 0.0029610940440225335
0.0030209825117509487 -0.005314247612503481 0.0024399537252131204
0.00316503596287962 -0.0049677497472944455 0.003002266000934628
0.00320399352030387 -0.004869764121579189 0.0031586253493586947
0.0029962902208988365 -0.005362818203976401 0.0023553970418876864
0.0030375598516233443 -0.005253289248254415 0.002526868121463611
0.0030121685472870165 -0.00531646890808848 0.002437094477949613
0.0031930003891393693 -0.0048737935738378865 0.0031387525527319243
0.0031902429533465673 -0.004858074876425866 0.0031443958171081714
0.0030485542366236913 -0.005211215626639474 0.002603145977464239
0.0031355329546530883 -0.0049798862983858735 0.002954252112577389
0.00315014816680988 -0.0049501178217648215 0.003011821734685129
0.0031713284634569917 -0.004893907436079023 0.003102821128122301
0.003133044090498527 -0.004980202782226384 0.002963437212451775
0.0030373128459616574 -0.005196971267780071 0.002613060809801071
0.003088412675103384 -0.005059122391990061 0.0028149143380660005
0.003122147630077762 -0.004970063858077954 0.0029555706463531757
0.0030923752979114824 -0.005040539980524332 0.002838378120556078
0.0029267967452780153 -0.005475510775613542 0.002204139802288679
0.0030095457734640885 -0.005242402411023769 0.0025322415603657718
0.0031284052740186115 -0.004945831709308421 0.0030050214305900763
0.0031501171970644806 -0.004889270280931604 0.0031020597989965325
0.003028393308519481 -0.005198684477734322 0.002640263530784299
0.0030279172270487064 -0.005172412823904532 0.0026388913328342974
0.0030936997247157463 -0.005020477697955316 0.0029027605851173325
0.002940300682724385 -0.00539919749875026 0.002331564631658848
0.002995005540690895 -0.005234789715338114 0.0025438275051183215
0.002906346055709765 -0.0054678396198315615 0.0021997684289947425
0.0031412975903392405 -0.004867838558851448 0.0031193491922459436
0.0031412975903392405 -0.004867838558851448 0.0031193491922459436
0.003097197299808517 -0.004971682497463511 0.002961970726046145
0.003129809695549858 -0.004880666819833288 0.0031014052966848544
0.002914485707255651 -0.005398028108748371 0.0023101621552998027
0.002912653351550121 -0.005395383330106343 0.002318835188614631
0.0029773067700377236 -0.005232879527772436 0.0025860782623924237
0.0029773067700377236 -0.005232879527772436 0.0025860782623924237
0.002961277857964424 -0.005238595514627759 0.0025480368828209384
0.002981860325680102 -0.005174342383234032 0.0026735869768339782
0.0029867145511583816 -0.005096412285047171 0.002805228706921841
0.0029617266058137525 -0.005139907975932892 0.002706528755252097
0.0029617266058137525 -0.005139907975932892 0.002706528755252097
0.003286839720768018 -0.0025293079273480757 0.0033935149444973716
0.0029522177655238965 -0.005119728741825328 0.0027119984887472403
0.002946595941740618 -0.005118694170522793 0.0027101473255040187
0.003200041304333294 -0.00325691087499278 0.003334917176995807
0.003113054561754482 -0.004374196192348181 0.0032863952343537175
0.003034676405328007 -0.004812363250103389 0.0031619204299623157
0.002910491487784229 -0.005171242399488069 0.0026962116923758277
0.0029237329973880047 -0.00507705472091547 0.0028123304331543024
0.0029893746892895243 -0.004883674192129067 0.0030813318863227037
0.0028228434721801698 -0.005333626021656124 0.0024748645274439967
0.0029524087247232616 -0.004963497817537801 0.002986612111162905
0.002912206735221731 -0.005056870095313768 0.0028304032230403735
0.002964974667573144 -0.004914116448787932 0.003037491265195713
0.0027795714029176053 -0.005467661825908581 0.0023127550878295927
0.0029445435378440935 -0.004963161993279364 0.002958271408765733
0.0029379137554241134 -0.004988960778592735 0.002935230921257308
0.0029206957054343473 -0.005029089951577503 0.0028713048529440434
0.0029068464615959544 -0.005081889449246342 0.002820291789242869
0.0027724795192965355 -0.005478676084207089 0.002294165717574918
0.002816491163632938 -0.00532358010078158 0.002477558769910154
0.002816491163632938 -0.00532358010078158 0.002477558769910154
0.0030800138556881036 -0.0036417710233851695 0.003313229829132522
0.002902889481049163 -0.0050627741888919055 0.002830199098564624
0.002953891510994891 -0.004919485640321164 0.0030302932443702683
0.0027502481947514084 -0.005523697254475 0.0022321886117008726
0.0027383949948882567 -0.005544554939158904 0.002202110092820969
0.002792411120824489 -0.0053647147560772525 0.002459349061149686
0.002792411120824489 -0.0053647147560772525 0.002459349061149686
0.0027710637505508813 -0.005422325190541784 0.0023781712146623943
0.0027759762167042135 -0.005394843616466378 0.0023978258438519385
0.002759303083773174 -0.005453371796078482 0.0023572762910538613
0.002775999600742744 -0.0053686689154933895 0.0024385649766299504
0.002775999600742744 -0.0053686689154933895 0.0024385649766299504
0.0028311466239203903 -0.00520736892095535 0.002660669458412842
0.0027466040462482254 -0.005446632052254797 0.002322706030638793
0.0027835095132349125 -0.005336674033906266 0.0024879630997613135
0.002936882600824259 -0.004876661143436822 0.00309176329902814
0.002936882600824259 -0.004876661143436822 0.00309176329902814
0.0027805025641087313 -0.005342545935249054 0.0025033040321058436
0.00291234779175442 -0.004888973764426942 0.0030490059920722026
0.0028135075358534946 -0.005230019841666383 0.0026645212421321438
0.0027538818110334836 -0.005413048936801384 0.0024492637071377808
0.0028048461632120356 -0.0052462366096953286 0.0026565242771055472
0.0027152288103362574 -0.005501832676914865 0.0023006776394253617
0.0027321817367363605 -0.005421692755740997 0.002383223170053608
0.002876846432840018 -0.007022598952851172 0.0032117187774957623
0.002737120721517838 -0.0054028557529067125 0.002466514482243131
0.002703749316247044 -0.005488588095413267 0.0023635449687501565
0.0027385371171814153 -0.005352087688729871 0.0025549856410801725
0.002718496369243056 -0.005416892633279478 0.002476646478948512
0.002700218827963313 -0.005429824758888222 0.00249101694234814
0.002700218827963313 -0.005429824758888222 0.00249101694234814
0.002683763235551576 -0.005423517212280697 0.0025105100774807034
0.0027185406296484243 -0.0053160343912760045 0.002679748326181845
0.002716006188560856 -0.005305022577957396 0.002713902814630338
0.0027079556220518377 -0.005319039773107378 0.0026955802606437184
0.0027452542292680775 -0.005152038963127753 0.0030053283696052082
0.002715180036121843 -0.005243312288351407 0.0029155798028081326
0.0025275248195948683 -0.0020605275427057466 0.0032927612097116725
0.0025005576316753358 -0.0018979464100460299 0.003301644385914311
0.0025005576316753358 -0.0018979464100460299 0.003301644385914311
0.002432373724904002 -0.001845372571483597 0.0032979255087946992
0.0024881915502593262 -0.0039790437129915875 0.0033718932976324234
0.0013683043354478356 8.990901405155791e-05 0.0034722337681232394
0.0013037383406646042 -0.0006879704941183057 0.0036091586609323413
0.0044442158437312945 -0.007747506153426704 0.004342844718568114
0.004622104305934865 -0.008492364640752972 0.004729258369573854
0.00457160280725891 -0.008324442919690265 0.004628417869347603
0.004510305781947804 -0.008124643926842798 0.0045207354376762075
0.0045197727441204 -0.00815654251383694 0.004539019875053105
0.004504842066864722 -0.008125074744839528 0.004528140090649093
0.004619479776741753 -0.008508290111368966 0.004744845555278564
0.004540187699367036 -0.008254415686149747 0.004594842151525683
0.0046239918304176245 -0.008525176772544602 0.004755069332767881
0.004502725090422122 -0.008126341620578454 0.0045299225436879476
0.004641258654621804 -0.008579860064534558 0.004790615077471236
0.004635815753213769 -0.008563395946039068 0.00478029049157989
0.004613878139715597 -0.008500949654791402 0.004741209932859134
0.004542417019501449 -0.00828328400267097 0.004612319620152012
0.004578667169183158 -0.008405789532482446 0.004680581954355522
0.004571836522260628 -0.00838341257490379 0.004669259315130659
0.004592807177554267 -0.008456207274923877 0.004709695019633908
0.0044872306885700266 -0.008106622293459249 0.004523928205274785
0.004529803430889413 -0.008257342389781777 0.004598171336464318
0.004591315865198884 -0.008452070870467504 0.00470922809116481
0.004529792397133968 -0.008262783535819627 0.004600009961349079
0.004566777043854338 -0.008384822387929175 0.004668234178942866
0.004465776303406952 -0.008043813142117716 0.004495404944378416
0.004465776303406952 -0.008043813142117716 0.004495404944378416
0.0045830337779008785 -0.008436095747952004 0.004698598572395686
0.004580102058925465 -0.008426898862020665 0.004694058182029692
0.004457419738259686 -0.008031802899314835 0.004484285928094965
0.004513248033144325 -0.008217260517754304 0.004578360228561177
0.004524933281695888 -0.008258651394405132 0.0045990735967391914
0.004511341450356705 -0.00822587587462021 0.004580792168568324
0.004463744086267549 -0.00807283618198235 0.004502801572801887
0.00450608612279125 -0.008221663236944394 0.004580719446089249
0.004500349322260881 -0.008207465552124362 0.004575813437190525
0.00445149762079126 -0.008067905848668209 0.0045033572728488905
0.004427848521363125 -0.00800088380888369 0.004467154518162165
0.004487396445668884 -0.008188731489213045 0.00456106331229669
0.004487396445668884 -0.008188731489213045 0.00456106331229669
0.004492984541267902 -0.008209368373404444 0.004572664303079393
0.004447388048421995 -0.008062614410630385 0.004502303047669467
0.004490402893260727 -0.008206594637745642 0.004569405834482478
0.004492772141475568 -0.00821485039449088 0.004573349900520055
0.0044823136459158554 -0.008180785179154632 0.0045569462169123475
0.004478872368052576 -0.008168168581336566 0.004552187659109128
0.004427121547339541 -0.00801194113644351 0.004475993559343021
0.004478901206277037 -0.00818217417850497 0.004556512389709588
0.004478901206277037 -0.00818217417850497 0.004556512389709588
0.004478901206277037 -0.00818217417850497 0.004556512389709588
0.004443784774967396 -0.008072044008494766 0.004503734928205745
0.004469257453250138 -0.008158761552517414 0.004543412312789256
0.004543972277484984 -0.008388744887990197 0.004666428153790105
0.004472248604044658 -0.008179112060601559 0.0045543924040609566
0.004425074033402815 -0.008045831817829979 0.004485909896282868
0.004468199717330345 -0.008176841865418562 0.004550899217393648
0.004462664533604034 -0.008158812458252767 0.004542962436487666
0.004462664533604034 -0.008158812458252767 0.004542962436487666
0.004441988780501404 -0.00809741913834868 0.004512129108428393
0.004635250774781504 -0.008633176424685068 0.004820578744987634
0.004461184255004097 -0.008162189288953556 0.004543661575355466
0.004434640800908763 -0.008082147919277194 0.004505006819288056
0.004434640800908763 -0.008082147919277194 0.004505006819288056
0.0046312971795914966 -0.008627845114667337 0.004816092018795855
0.004462110839694384 -0.008170807655025493 0.004547704443657717
0.004339697842968353 -0.007774625368942579 0.0043747658746074855
0.004452759731953971 -0.008149798632354963 0.004536219808841535
0.004452759731953971 -0.008149798632354963 0.004536219808841535
0.00444311673122858 -0.008121215438105149 0.004521924074058336
0.004422809605864711 -0.008056704831520422 0.004494287525872349
0.004521512315973316 -0.008349835854013193 0.004641993400820787
0.0043249424519639645 -0.007747677176636115 0.004359143079964746
0.004447828897105493 -0.008139821609760163 0.004531221517624535
0.004356623122288049 -0.007857256160408362 0.0044046753764153315
0.004350474562065813 -0.007836847223573789 0.0043965440001860305
0.004423714624578445 -0.008073621333989194 0.004498277733069062
0.0044420920965751245 -0.008130148015440125 0.00452551606299032
0.004412815781869573 -0.008050646296711936 0.004486308616081936
0.004453602811176907 -0.008189980560482955 0.004545718869211791
0.00451605311469928 -0.008350553298884346 0.004639909525644524
0.00451605311469928 -0.008350553298884346 0.004639909525644524
0.004345236537435034 -0.007844418887481379 0.004398177999060703
0.00430994933368315 -0.007728229430361182 0.004352744003340454
0.004629067859457083 -0.008636718260183206 0.004820043106314169
0.004293615864882827 -0.007680997935571926 0.004334621561554877
0.0042980398992823 -0.007709840172307548 0.004344288635928514
0.004328657818343207 -0.00781795467581152 0.0043842007385824205
0.0043168509477145706 -0.007785353439209209 0.004372398632529998
0.004294757858571478 -0.007728399199734747 0.00434981905507861
0.004308664653475209 -0.007784787457708268 0.004368742948737031
0.004284037812854264 -0.007705579387335241 0.004339381623961112
0.004278667633925304 -0.007696734829276663 0.00433598021807774
0.0044912855936964004 -0.008343745722541386 0.004624355942740491
0.0044395184731173655 -0.00820690609056982 0.004552992120188002
0.004199370541207202 -0.007491441778518638 0.0042549157183509375
0.004391324533932622 -0.008115999982519601 0.004498418664218167
0.004391324533932622 -0.008115999982519601 0.004498418664218167
0.004546509790470376 -0.008498819387688834 0.004714461601986544
0.004208494203125128 -0.007590232507903642 0.0042874758291374954
0.004273514117830553 -0.007820740448294445 0.00436437007084008
0.004298566510337673 -0.007895888848964881 0.004394026799341346
0.004422705286722313 -0.008229584219518716 0.00455243290940063
0.004422705286722313 -0.008229584219518716 0.00455243290940063
0.004422705286722313 -0.008229584219518716 0.00455243290940063
0.004292576685733557 -0.007884800426276074 0.004389199531333758
0.004427689284210667 -0.0082441432598296 0.004558982947860796
0.004402556395442226 -0.008179824740896497 0.004526823563010661
0.004235829830708045 -0.007725930396953724 0.004324570813412324
0.004389153642548638 -0.008149995484582805 0.004510094885151638
0.004344386938265698 -0.0080345859133589 0.004454980273630614
0.004352633667392843 -0.008059403587795624 0.004465091707428118
0.004416634715089706 -0.008223788990237917 0.004547328794438217
0.00429335255935514 -0.007900005944349224 0.004393520249659511
0.004304254662037212 -0.007931304445507409 0.0044066539293805196
0.0042765935386686405 -0.007852642044494616 0.004375134502346247
0.004255629654088571 -0.007793258874219038 0.004350914907608124
0.004262634584193711 -0.007815792561278458 0.004358834134812261
0.004262634584193711 -0.007815792561278458 0.004358834134812261
0.004229123815068621 -0.007716629191879987 0.004321848986557552
0.004235592354198788 -0.0077400247657000345 0.004329380026183728
0.004204095496209746 -0.007644883450928768 0.004296127798010109
0.004183231918497366 -0.007591399829076386 0.004275453549510494
0.00453000203848744 -0.008500223182302157 0.004706093000015155
0.003987441689617136 -0.007384474033279535 0.004091739013664311
0.004529617612417018 -0.008514207213494008 0.004711870675594107
0.004515067098189886 -0.008493683676063098 0.004694715693547401
0.004524060361179815 -0.00851240344524577 0.0047075504588026925
0.004585309239194429 -0.008642376069055269 0.004796374196279665
0.003994781143126024 -0.0071920182554484945 0.0041285706924114535
0.003994781143126024 -0.0071920182554484945 0.0041285706924114535
0.00415477937394272 -0.007643275030305357 0.004283353718409769
0.004257204722678475 -0.008016348620209815 0.00439004060441934
0.00446122187007948 -0.008430013390262444 0.004640777681584382
0.004217178270195402 -0.007784018354800253 0.004369671288797504
0.004449450859156043 -0.008421505612512136 0.004630107538533844
0.004247398472525918 -0.007850394919891188 0.004410333185287394
0.004587787821895053 -0.008677974474864162 0.004812538146473593
0.004585089567154188 -0.00867099186303708 0.004809384498553415
0.0044194964700249055 -0.008370347605387149 0.004596886907023546
0.004435332165994317 -0.008401963828548744 0.004616839949144469
0.00441563967096222 -0.008380328138722318 0.004597748041482666
0.00441563967096222 -0.008380328138722318 0.004597748041482666
0.004466690851273116 -0.008477143324348162 0.00466127940227157
0.004466690851273116 -0.008477143324348162 0.00466127940227157
0.003968177003375738 -0.007381140334531853 0.004147821084924206
0.004425452942595515 -0.008417564555680589 0.0046161784253520525
0.004456618035619673 -0.008479594322660171 0.004655018247590351
0.004354243091084931 -0.008284358038456762 0.004533593273511068
0.004459949477462831 -0.008488413302467489 0.004660590294090538
0.004403034357666769 -0.00838485022308496 0.004592510016851887
0.004403034357666769 -0.00838485022308496 0.004592510016851887
0.004455703989287846 -0.008486898417998198 0.0046567645901568365
0.004449080225279928 -0.008473511714203442 0.00464899732785725
0.004531953759365521 -0.00861571099288286 0.004752107270964991
0.004383256852564304 -0.008363385556467946 0.004573821844332537
0.004422683469978591 -0.008442452444924697 0.004622785137192463
0.004389319901181835 -0.008388369238770699 0.004585856160783662
0.004836916729203853 -0.008298026604549728 0.004674173850113137
0.004849761023611575 -0.008319538164627386 0.0046808001217927475
0.004925792375484855 -0.008317483127675584 0.0046659772744198375
0.004939172559333212 -0.00835363723353148 0.00468108750096868
0.00492945533152573 -0.008336294677642193 0.004674356910146672
0.004918939410284265 -0.008324384992474173 0.004670315044913098
0.00490576560781618 -0.00829452012722245 0.004658603716575936
0.004901316496699784 -0.008325550558276733 0.004673118120330698
0.004890638579866999 -0.008337203207096296 0.004677253270951224
0.004870874616191672 -0.008343309889201272 0.004687675656038569
0.004915760936414333 -0.008247353831897192 0.0046382584746023445
0.005216868862560163 -0.00799168015223878 0.004305240676939758
-0.025270614407576227 0.04053605696683021 -0.02440666283168415
-0.026078820944890696 0.04335537808472225 -0.023390090844254308
-0.025264927008178194 0.042922176796816786 -0.02217089898409038
-0.033563478675446456 0.05276723968875808 -0.03036490882771463
-0.03828928026795379 0.05900480219469588 -0.03466585666984566
-0.013082806381374917 0.029488631700986034 -0.009327408034378199
-0.025816141332058465 0.04474699544430817 -0.02161998959308789
-0.03613407487193933 0.05786371126785285 -0.03114447574816621
-0.03312356083968046 0.05335033153519028 -0.028237265752804063
-0.014727153915586884 0.03330121148411938 -0.00919656173775112
-0.04310683857074936 0.06861685223299299 -0.035488517426794285
-0.018912880261870935 0.0393746679422414 -0.012615346789019748
-0.02450786293042422 0.04616594843147701 -0.017772185047227794
-0.017383437253804056 0.03644439539185993 -0.011337416731739493
-0.01433044727535312 0.03536634532522281 -0.007436962114097521
-0.02366256893185 0.04583113213167674 -0.016307404861417362
-0.014194653844011564 0.035663999936681234 -0.006973294119734188
-0.02353678813204127 0.047748457784826684 -0.015167408282500834
-0.01691062478384775 0.039812635812499504 -0.00868696373020681
-0.014318773562091342 0.0361557042020983 -0.0064611495715863965
-0.038151514803593446 0.06487635296498177 -0.028017196497366604
-0.019656346740640835 0.04317916700411363 -0.011043055194747332
-0.01511303142638482 0.03939399105723323 -0.006258093865512201
-0.01771274670656814 0.04159943815713633 -0.008789901145502125
-0.018187892314266912 0.04213057505837974 -0.00911426296201739
-0.027569804293747825 0.054810141515706665 -0.016638561966684298
-0.019419913422808407 0.044708614024455216 -0.009441678119585144
-0.019473758149384474 0.04443295470294388 -0.009494995232037161
-0.03328657554877577 0.060156252814833944 -0.02199583340791078
-0.03328657554877577 0.060156252814833944 -0.02199583340791078
-0.02029649112727783 0.04657071472852968 -0.009664314227766794
-0.02991864006101398 0.056116116871658746 -0.01853411701727077
-0.00880819611349328 0.01140175271227937 -0.0077794278156278415
-0.03644411136314543 0.06529025119926894 -0.02338761928303442
-0.03644411136314543 0.06529025119926894 -0.02338761928303442
-0.02032039425384839 0.027678351530897656 -0.016564586654831497
-0.17294437310311742 0.2388839003287363 -0.1359937800644009
-0.17294437310311742 0.2388839003287363 -0.1359937800644009
-0.31572022167643116 0.42884209332613793 -0.25008249039318914
-0.020066298902753084 0.027433181484889418 -0.01617980951037212
-0.020066298902753084 0.027433181484889418 -0.01617980951037212
-0.11086852916079293 0.15843090737784607 -0.08421334475174877
-0.2421651474519553 0.3287524662377669 -0.19024214147605298
-0.1630526073335796 0.22617985097114357 -0.12569744861154578
-0.04377082991211101 0.07560437307817759 -0.02798290960385276
-0.09720077154118041 0.14044490700597537 -0.07263003606368208
-0.27248154206244884 0.36718784316098985 -0.2133879110728056
-0.15463299330155875 0.21695394626298115 -0.11769775925042293
-0.24509810421411615 0.3328069179770988 -0.19063335430914335
-0.03163053123072245 0.06105008731282078 -0.01755635275388157
-0.03163053123072245 0.06105008731282078 -0.01755635275388157
-0.19687000051023795 0.2734957078484017 -0.1502979085262879
-0.14065374674729597 0.20017026412999153 -0.1055454698860707
-0.07109952829660783 0.10932801544401803 -0.05023374734548604
-0.11904663635361358 0.16998014382909576 -0.0889734352439073
-0.31871395637586286 0.4290425786687276 -0.24801063197967574
-0.07301846287191552 0.11229798142808184 -0.051262446433219616
-0.07301846287191552 0.11229798142808184 -0.051262446433219616
-0.19561475234341413 0.27086904813741947 -0.14867595450028775
-0.5049551780841387 0.6748963162871429 -0.39231612016251705
-0.08467259623312086 0.1293038553098292 -0.059032124122179556
-0.0841560479627143 0.12697038053628112 -0.05913029244745054
-0.09746847853422126 0.14508742982465164 -0.06912637334711141
-0.3016676307405134 0.40686384752200205 -0.2305231808138733
-0.19330310434427542 0.26477944227359934 -0.14588849886812352
-0.11298714662374873 0.1654588559029845 -0.08099950468640728
-0.18719191244252836 0.2612857460474024 -0.13913686767754846
-0.1521162217702684 0.21973673160738572 -0.10987693709576515
-0.13673141118953608 0.19488393171173288 -0.09984711697808803
-0.14885518932981606 0.21047983608938176 -0.10928924317024333
-0.08104688011994482 0.12338887969038292 -0.055898381096826
-0.06996406257890486 0.1048684122292615 -0.04884394754634266
-0.06996406257890486 0.1048684122292615 -0.04884394754634266
-0.0392907721208951 0.07093480752797206 -0.022387299014307735
-0.29712451603999274 0.3981820875096851 -0.224954592894484
-0.2185544354620853 0.30101695930839123 -0.16202569120202606
-0.2185544354620853 0.30101695930839123 -0.16202569120202606
-0.10515918262011141 0.15564979113971983 -0.07355264258359716
-0.10515918262011141 0.15564979113971983 -0.07355264258359716
-0.03069227884558507 0.06218644375550883 -0.01456028892898214
-0.04055191030698969 0.0746191911219227 -0.022170752536063553
-0.321651615523981 0.43961232256925775 -0.2380749077284414
-0.1564930838560047 0.2217664932346669 -0.11245321066096928
0.0032526822231134945 -0.005614860963099807 0.001754534329241166
-0.1531609699568324 0.21629891834331627 -0.11036901851500473
-0.09127063754788876 0.13785845028756333 -0.061929126890685554
-0.0356049842307968 0.06806250833484079 -0.01820597313030925
-0.036713355057399304 0.06964811115199002 -0.01899056743096946
-0.033113819036690396 0.0648602797925031 -0.016069203133507556
-0.033113819036690396 0.0648602797925031 -0.016069203133507556
-0.03278271007871995 0.06498104123665262 -0.015512427796882545
-0.03278271007871995 0.06498104123665262 -0.015512427796882545
-0.2458892445409618 0.33579676879461356 -0.17972179670172284
-0.032113021307273504 0.06411287325997034 -0.014943702903109608
-0.032113021307273504 0.06411287325997034 -0.014943702903109608
-0.09776113385139401 0.14673310441872314 -0.06577911311091791
-0.09776113385139401 0.14673310441872314 -0.06577911311091791
-0.11478925980866979 0.168034479479686 -0.07900169681489748
-0.49443130250806583 0.6662102230181416 -0.3636073637818669
-0.0645015311168617 0.10485067797505389 -0.03986113452588992
-0.032847901518169124 0.06644686962923041 -0.014712302983897871
-0.028950088983422113 0.05920662763703785 -0.012691942116256617
-0.028950088983422113 0.05920662763703785 -0.012691942116256617
-0.16391386617321538 0.23273783373523074 -0.11516755462341154
-0.03209269111133006 0.06553861902821914 -0.014079387713215305
-0.029269622528861113 0.060923644487685294 -0.012344501194088864
-0.03337160768665405 0.06596734662982563 -0.015535661876645613
-0.4247124764752235 0.5650405557748784 -0.31331478424993736
-0.4435112032118667 0.5923979138376118 -0.32596516542104115
-0.10510156635531019 0.15668309631881774 -0.0700409633421607
-0.02896348797480816 0.06068476970069329 -0.011807040947906265
-0.11825324112838223 0.17325623032425105 -0.080040811767772
-0.11825324112838223 0.17325623032425105 -0.080040811767772
-0.4420120247919193 0.5876646494141483 -0.32363926582214103
-0.2766427845053984 0.37363072178826523 -0.19864814587226562
-0.4128669576104653 0.5477586935650938 -0.30043031092329303
-0.26167788254646523 0.3580457628960187 -0.18508131301064823
-0.26167788254646523 0.3580457628960187 -0.18508131301064823
-0.26388259540009684 0.3626808710310353 -0.18576890455184
-0.26388259540009684 0.3626808710310353 -0.18576890455184
-0.11943521713449576 0.17609098265066855 -0.07843339822531223
-0.139859605238969 0.20011171701745814 -0.09436673490587073
-0.07587437593514093 0.11984698802039818 -0.04619034942297356
-0.15507400648831993 0.21980829453907058 -0.10529526443530442
-0.2653693357684507 0.36625378560905925 -0.1843320447826511
-0.2653693357684507 0.36625378560905925 -0.1843320447826511
-0.19762169215215844 0.2760341296140143 -0.13531954137343602
-0.19762169215215844 0.2760341296140143 -0.13531954137343602
-0.13326170836609058 0.19288288192225933 -0.08821680850409645
-0.03148378228329178 0.06300367189250335 -0.013032960389686168
-0.13311978618513315 0.19211469180674115 -0.08794488059806319
-0.13311978618513315 0.19211469180674115 -0.08794488059806319
-0.2515637565126319 0.34337065951466644 -0.17475625367088665
-0.13766038117713741 0.19697495274924975 -0.09129159917717117
-0.1393273047780604 0.1976548567721018 -0.09294360514073127
-0.11834197659581563 0.17267579861594998 -0.07675337855974361
-0.0038747633171420663 0.005409902912504016 -0.0024253832463349495
-0.2155391949702209 0.29628648742812425 -0.14618741333384014
-0.15400166990086642 0.2182145387797155 -0.10098228578746263
-0.23545046128688787 0.3287808410444991 -0.15655460155803158
-0.14235947706919092 0.20591439709238799 -0.09105725023604934
-0.1436196523093557 0.2044734287538985 -0.09307093066630243
-0.13234312214543253 0.1901624312777121 -0.08432120272043862
-0.1553622964506108 0.2199541647983403 -0.10034822601541972
-0.1346509504590496 0.19332997771747723 -0.08490363254154407
-0.1346509504590496 0.19332997771747723 -0.08490363254154407
-0.14486185255883038 0.1987440288642284 -0.09514813342972633
-0.16390457374499257 0.22948301229602577 -0.10518581760583036
-0.14720792587496034 0.20870393910740018 -0.09310992195191094
-0.12053703591650075 0.1797504179204873 -0.07213349299496766
-0.1480556713733809 0.21116071910726242 -0.09279107450544694
-0.1470090775404514 0.21062386070228595 -0.09150302198061373
-0.252306492757405 0.3418112648759073 -0.1652436318121187
-0.20186409488789345 0.28199829572137586 -0.12711969567624956
-0.20186409488789345 0.28199829572137586 -0.12711969567624956
-0.2181109186159066 0.2960569211184539 -0.14107394575908397
-0.40156518221408194 0.5305384277966202 -0.2660981108034512
-0.5645122604069178 0.7334917687062007 -0.37857064478181823
-0.1834651030558195 0.2463417721133441 -0.11833066348735005
-0.10353364162052267 0.15484619671218175 -0.059053573742766416
-0.2556415115434656 0.34686974823807043 -0.16225877226434027
-0.2556415115434656 0.34686974823807043 -0.16225877226434027
-0.0807962333189607 0.10567386032771449 -0.05264871944289501
-0.0807962333189607 0.10567386032771449 -0.05264871944289501
-0.09101950124939032 0.13715734540515634 -0.050928749558062765
-0.09036500294998687 0.13526714674130452 -0.050612959464925965
-0.30463806214844324 0.39723634621380594 -0.1988472830905535
-0.22489530601719454 0.3045522547987567 -0.13978499448471624
-0.04383416366837056 0.07766560698826522 -0.017958788922397793
-0.09530651245532448 0.14184774268564376 -0.05224374851983225
-0.03005107120615056 0.05432423498724209 -0.011531581738595973
-0.03005107120615056 0.05432423498724209 -0.011531581738595973
-0.21609434934786403 0.28974426487908855 -0.1336575047231069
-0.23834838286630192 0.3125890657254743 -0.15069823724751397
-0.23755132042198782 0.3155938101067036 -0.1482637975932237
-0.10948637274496754 0.16084204374063457 -0.06059960349447454
-0.19010309057757632 0.2568889830791164 -0.1156296643505853
-0.2529783240835453 0.3335458826836468 -0.15622846782069855
-0.2529783240835453 0.3335458826836468 -0.15622846782069855
-0.07523858286042433 0.11504602047351857 -0.038423179405705866
-0.07523858286042433 0.11504602047351857 -0.038423179405705866
-0.512635602722228 0.6443870436069052 -0.33092687271725685
-0.09433767650622839 0.13931731337124872 -0.050561827036052234
-0.2023447653978646 0.26509397251247796 -0.12470121685074614
-0.21672698877466046 0.2748731057064239 -0.1373262484702473
-0.16538959685977153 0.21952900812122356 -0.09968898520731187
-0.16538959685977153 0.21952900812122356 -0.09968898520731187
0.003279494624997823 -0.005337549336710447 0.002280016430818547
-0.08777843388788302 0.14543895323633438 -0.0383120955681511
-0.09462343873545347 0.135525473036079 -0.05115665478600418
-0.16947285673150408 0.22484941277629922 -0.10039633318916391
-0.18151834736768926 0.23875067675934497 -0.108390983133254
-0.2684236879141648 0.33978304396211384 -0.16682165945462
-0.17717522048769452 0.2257285021647356 -0.10897131854696207
-0.17717522048769452 0.2257285021647356 -0.10897131854696207
-0.5105530716579924 0.6302484936976517 -0.3250125230126649
-0.016728593898775748 0.028527728018986866 -0.006059111119800563
-0.1787624763620233 0.23160386860826843 -0.10765981026418821
-0.16625770866460793 0.22148654880376784 -0.09703174393850826
-0.16625770866460793 0.22148654880376784 -0.09703174393850826
-0.22171530547673698 0.2758473502018259 -0.13890725322058162
-0.5439754483651374 0.6599902342754231 -0.3496151495557492
-0.18007739507829862 0.23589287792700697 -0.10657339861706043
-0.18007739507829862 0.23589287792700697 -0.10657339861706043
-0.3999288481955297 0.48459541083331636 -0.2555069413559824
-0.2544606990970173 0.3131401275829157 -0.15901849130867568
-0.043366781812231005 0.07128351432281006 -0.017677203471143325
-0.16417927012057407 0.21163184040342947 -0.09717030383326071
-0.09195206623512966 0.1299676380129061 -0.048420207202197724
-0.0944324303857232 0.1317806565604824 -0.05057472248696248
-0.035685157504004174 0.06676182516922803 -0.01028694854604546
-0.035685157504004174 0.06676182516922803 -0.01028694854604546
-0.40495529755642734 0.4864014159247038 -0.2563986132379018
-0.18731014615361208 0.23685088073439256 -0.11197522035050281
-0.5143206297066316 0.6105190797198322 -0.32807915271898436
-0.18055700634774696 0.22651283767367716 -0.10851916728561259
-0.18055700634774696 0.22651283767367716 -0.10851916728561259
-0.10316529072871622 0.14030576131911562 -0.05607077650418769
-0.19786916925612355 0.2509249614136443 -0.11729471020694512
-0.14893110156728395 0.1918987993292743 -0.08606326820208565
-0.03699737595940129 0.06106566697551041 -0.014071821566185437
-0.3869767118682163 0.45936802497096146 -0.24392673014398997
-0.1254795645396141 0.15750787555681198 -0.07409429966912391
-0.20702209871190405 0.25636459482393115 -0.12424812671711508
-0.1698423069865804 0.2215624449921369 -0.09609281548508265
-0.10911404970120057 0.1464743768964779 -0.05932821394650202
-0.10911404970120057 0.1464743768964779 -0.05932821394650202
-0.09720431036747251 0.13149158019234883 -0.05215736424537751
-0.17191841841128383 0.21671794426467977 -0.10079096448030517
-0.184384876909791 0.22148582659432048 -0.11318120580846665
-0.04499711346782063 0.07233781172317816 -0.017798152489135417
-0.14280934935850648 0.18054582730762186 -0.08288893299351524
-0.03848461384981886 0.06755558952373249 -0.012226796100197869
-0.0913247872073426 0.12364697327322435 -0.0484412435584897
-0.33436478076970944 0.3899839831397217 -0.21026892920610135
-0.2386546638683817 0.28427421842651807 -0.14675970814903416
-0.05391312612666643 0.08306153870243684 -0.023020744908320383
-0.08471353748423727 0.11733380346269644 -0.04328954703031945
-0.1495007161829733 0.18785662515054766 -0.08666124959995777
-0.2819901195483115 0.33042035278461973 -0.17582865445473547
-0.15214210896668187 0.18789686024131552 -0.08951745154696213
-0.08155981734311453 0.11192940584889177 -0.041906082612939384
-0.27005321711481295 0.3194388853026939 -0.16633198540020497
-0.07700270782841377 0.10996583872973668 -0.03716343548507217
-0.08824684288634772 0.11838350279624962 -0.04653817752965059
-0.07443067924985029 0.10323975770449965 -0.03737801394257227
-0.03621923540260826 0.06360881118845384 -0.010962345781332154
-0.24806246906268814 0.420465266191599 -0.08907321249133604
-0.04222173478252628 0.07493982804290629 -0.012499383022351856
-0.05273121431694823 0.0814145320331624 -0.02194630789505745
-0.17134289772722489 0.20406748284808182 -0.10380486487241725
-0.0535440369763138 0.08161717597954474 -0.02273773309340736
-0.05382707085873771 0.08396044070337938 -0.021891921511395858
-0.18875602551634366 0.2289201383018452 -0.11208382460228827
-0.18875602551634366 0.2289201383018452 -0.11208382460228827
-0.053095079485631566 0.08197792762305497 -0.0219437741435796
-0.054262539081852974 0.08303691136028156 -0.022796874022597467
-0.054262539081852974 0.08303691136028156 -0.022796874022597467
-0.05336428305713836 0.08389902882670477 -0.02126082279808716
-0.08656067641592706 0.11511908399594406 -0.0455640213042922
-0.07918957408414595 0.10916576707939188 -0.03964776978148887
-0.07345226198875242 0.10172711409063352 -0.03641189630959057
-0.07341810148189186 0.10072056275928593 -0.03687041906317574
-0.05407102117323484 0.08189722472958619 -0.02295848443554511
-0.04461388907367309 0.07198650497432964 -0.016521730545610885
-0.09369686808812727 0.12253365531190737 -0.050200325097171684
-0.14177559480464133 0.1768302683391931 -0.08080051191000888
-0.04514750556068581 0.07323725939348094 -0.016471868001682117
-0.11911911408393176 0.14540553901256945 -0.06913161337787956
-0.04447540541214009 0.0744330697227863 -0.015000682219300992
-0.04494813563046488 0.07432899934142041 -0.015624371264293418
-0.043310638052247476 0.07142079028965607 -0.015103874915574576
-0.043310638052247476 0.07142079028965607 -0.015103874915574576
-0.04014400641111567 0.06669279799515838 -0.013659184189225125
-0.04014400641111567 0.06669279799515838 -0.013659184189225125
-0.10962808628764018 0.13561616649356972 -0.06257703302274442
-0.10601136569435858 0.13578315736690025 -0.05814125870747635
-0.10601136569435858 0.13578315736690025 -0.05814125870747635
-0.14946481434888964 0.17908153962853177 -0.08861595761655847
-0.19630266486658252 0.2310377366470253 -0.1186616601016287
-0.19630266486658252 0.2310377366470253 -0.1186616601016287
-0.11531915290475384 0.14362317424375923 -0.06534239707036858
-0.04089440208830561 0.0698354282089893 -0.01290521156913336
-0.03925584125729069 0.06764473424318607 -0.01201466161952904
-0.04749481064515101 0.07526239085574954 -0.01808453762400886
-0.12937804311196258 0.16552868553199568 -0.070980156605717
-0.054500695671672324 0.08267925719284559 -0.022714177028599007
-0.04408080220692179 0.07380700240196093 -0.014644538673292443
-0.22491756611727234 0.291744849244696 -0.1220305585353203
-0.032789542982547 0.05763869888997562 -0.00916870601905923
-0.17970512018182816 0.20501596853986095 -0.11122882491119636
-0.06907609001426583 0.09614526961561029 -0.03333912982910585
-0.12505798681153657 0.15261100661987118 -0.07196962367135962
-0.041088740626043195 0.06902636906329947 -0.013359534474168341
-0.04914245125382924 0.07600856963222177 -0.0193865237758329
-0.04914245125382924 0.07600856963222177 -0.0193865237758329
-0.042542239298444515 0.0699657870142394 -0.014451424882409355
-0.044868873143616136 0.07185606592358537 -0.01628625716450225
-0.0500719067266702 0.0777361267285261 -0.01950018048454392
-0.0500719067266702 0.0777361267285261 -0.01950018048454392
-0.04175320140354563 0.0682325966842456 -0.014326534807585715
-0.0501065687678692 0.07639268073907969 -0.020204445033283162
-0.039168530147378484 0.06724186173979538 -0.011703636604141854
-0.09950924181875069 0.12378452207475049 -0.055332529994812384
-0.09950924181875069 0.12378452207475049 -0.055332529994812384
-0.08166970552280643 0.1036558546653266 -0.04414488375248681
-0.07449927309825151 0.10122403101414569 -0.03678546917692896
-0.11897005807854422 0.14525809594161435 -0.06770561082404945
-0.041417024942619486 0.06349147622690463 -0.016252634302452516
-0.03703145220849298 0.06321548789886727 -0.011118560186332407
-0.041747247187879546 0.06735473505186974 -0.01464649164800637
-0.1787099316124525 0.20993183960981698 -0.10625262527873677
-0.04002507055195812 0.06710447342925754 -0.012707463600962988
-0.03839922863176631 0.06566886548977743 -0.011431167041023066
-0.03839922863176631 0.06566886548977743 -0.011431167041023066
-0.04920063726163894 0.07688745038237337 -0.018628776608309958
-0.04920063726163894 0.07688745038237337 -0.018628776608309958
-0.08131340750422164 0.10693093809180498 -0.0417655526913055
-0.034428320476396136 0.060156902803336576 -0.009387268665343982
-0.034428320476396136 0.060156902803336576 -0.009387268665343982
-0.0317524161117901 0.05644722181735448 -0.00797612206015313
-0.12228063408708607 0.1476319021005233 -0.06970832570752665
-0.04762038681894965 0.07309904455435334 -0.018470892595497
-0.04762038681894965 0.07309904455435334 -0.018470892595497
-0.048829778698140244 0.07369558153333072 -0.019520634057934617
-0.149620939982312 0.17099131730090653 -0.090189371143146
-0.12858803424658447 0.14899036202192556 -0.07624471039686279
-0.04776886906905401 0.07163031929943665 -0.01925894447388649
-0.04776886906905401 0.07163031929943665 -0.01925894447388649
-0.11658218488451041 0.14225370464055928 -0.06530651128538376
-0.04870075999264248 0.07369374391151465 -0.019162937761614228
-0.055418395179619995 0.07719368323715665 -0.025375426559835518
-0.04151337169517322 0.06624569417539106 -0.014332678603231737
-0.04151337169517322 0.06624569417539106 -0.014332678603231737
-0.09173602931577335 0.11459015384578984 -0.04943173776645746
-0.03818144236063748 0.06167607037587728 -0.012682207334747288
-0.032991741566436784 0.05677808201429305 -0.008986592380821381
-0.032991741566436784 0.05677808201429305 -0.008986592380821381
-0.08542733720381912 0.11212658507712235 -0.04308357289592981
-0.037078580387208515 0.06209877154087294 -0.011093494503165319
-0.03839167351849189 0.06351179438602395 -0.011912850650357886
-0.08288925246928198 0.09763348650105652 -0.047287349463054705
-0.08288925246928198 0.09763348650105652 -0.047287349463054705
-0.03233842287579737 0.05585270301255502 -0.008538575267023741
-0.16953175692421174 0.19076597368832895 -0.10244644507376206
-0.07223390267559032 0.09948637903467702 -0.033619754340567846
-0.06321989421928595 0.08394114968658521 -0.03084148079907196
-0.06038723630026582 0.08220665937958614 -0.028336128201599465
-0.03700276043205889 0.060962804288831524 -0.01141411236584405
-0.048400786286403055 0.07121339581001994 -0.019553602919207016
-0.06729748875913136 0.087174457308808 -0.03366032245013644
-0.11576380923694952 0.13167843985003144 -0.068200107632663
-0.08600948616569504 0.10311355561584663 -0.047612167174283626
-0.12018380327579258 0.13612590192152277 -0.07101300911102289
-0.0815175921640917 0.09862919666614417 -0.044335306310109776
-0.04982822924685319 0.07181610366749762 -0.020599018146441158
-0.08951590932726454 0.10626995595647404 -0.049753506148908604
-0.0369326539560929 0.059065965310338614 -0.01187619149942317
-0.11295419782384988 0.12895100784749297 -0.0656810852152617
-0.04642548727600292 0.06990408625378584 -0.01747745939630592
-0.10693258396722483 0.12343108079575751 -0.06132139967754866
-0.0636391087175607 0.08149511455838995 -0.031713203651145175
-0.07566511173549105 0.0931144855715286 -0.039826881736711096
-0.1002073936669729 0.11198288144619474 -0.05893738629178358
-0.09724168069409915 0.10996772449884926 -0.05646229025788113
-0.062381890523855454 0.07925945904221329 -0.031200735864116255
-0.043618580136056205 0.06188778206309879 -0.018017218675895976
-0.07934049178499783 0.09809957640474024 -0.041280107574432304
-0.044501011749324026 0.06408358365460481 -0.017840010545022513
-0.049971997074176114 0.06251873633451802 -0.02495916910802027
-0.049971997074176114 0.06251873633451802 -0.02495916910802027
-0.05890672298225819 0.07551941717351875 -0.028622297676707372
-0.05891709070010265 0.07413054420983282 -0.029305435592973713
-0.05891709070010265 0.07413054420983282 -0.029305435592973713
-0.04315070878240232 0.06108220958412987 -0.017522647640200326
-0.04315070878240232 0.06108220958412987 -0.017522647640200326
-0.04784375817647147 0.0654760275427805 -0.020679474285015417
-0.035063375292566534 0.05412340860130231 -0.011510452598451383
-0.05374389239177434 0.0684453034155946 -0.02593797957203948
-0.0481704817181865 0.06912089825541065 -0.019025372910989262
-0.048668011806479006 0.06440456563121326 -0.02198231204214615
-0.06704862340811742 0.08082678996034409 -0.034729411101214136
-0.03599019470092459 0.05328305772516786 -0.012641968231704711
-0.048768122072708475 0.0645623202481669 -0.02165616426185166
-0.04135276033862777 0.057867169848650805 -0.016485502714207238
-0.034416781174337066 0.053561946927818814 -0.010580704229556773
-0.05628635853029219 0.06672287400636659 -0.029194345737006883
-0.05930586005789609 0.06741796850126161 -0.032274928128622024
-0.03336428528531267 0.05091019846308991 -0.010664027639943955
-0.03602212839532243 0.05247360136428197 -0.01293177583690374
-0.04780134843281208 0.06089039877945807 -0.022208546157671843
-0.0627578928235293 0.07082348295393483 -0.03443052672755783
-0.04240789630440976 0.05732989416710475 -0.01777263341892637
-0.04547529235519835 0.05817532057074433 -0.020849141345575934
-0.03450175312809474 0.04983573938231609 -0.01240802553339703
-0.03641590908422567 0.050815268043507965 -0.013919317010686702
-0.051494502859273546 0.06507036249619333 -0.023942109629213452
-0.056664290734100384 0.06337455051737559 -0.03078466498307491
-0.03838697915708399 0.05233658619529195 -0.015304758476428941
-0.032895306543839486 0.04970151675652256 -0.010307022959476287
-0.03693513755413691 0.04792834009679276 -0.015902260407473504
-0.044901553121109584 0.055500734238379736 -0.02111965091250006
-0.04082136263952836 0.05004644800086071 -0.019259931493464562
-0.02871993688164444 0.044398284637195466 -0.008204397420436318
-0.029128611134262315 0.04472659302742 -0.008471756850180633
-0.030790894539485955 0.04678637048178877 -0.009185727091437569
-0.033313333408800785 0.045256638589942944 -0.012881048647775482
-0.03711648835864598 0.049057293892645286 -0.015196046896295046
-0.03048948644503856 0.044646604318849176 -0.009812821053053738
-0.033191520748677886 0.043229027541905045 -0.013357924548941913
-0.02904178952186444 0.039176108491511416 -0.010559409583080494
-0.023461985288530024 0.035932152292214636 -0.00571911597642145
0.0029148929531384728 -0.005508156335313014 0.0024266620621755
0.0038086020675406943 -0.005519796947308454 0.0023552059573047368
0.003813774516556721 -0.005474215813951662 0.002379918058763218
0.0037691301866523627 -0.005520451010777586 0.002400926830666579
0.003925498186543768 -0.005574542931090717 0.0027836266198960923
0.003915566803573767 -0.005594426071863218 0.0027809730017113498
0.003917030280773366 -0.005581923071572811 0.0027877898564395713
0.003922186053772639 -0.0054017780183051745 0.0029101195984654197
0.003933725606598882 -0.005343900516805417 0.002967965064459308
0.003914168024303828 -0.005442835061161971 0.002914197072637024
0.003914168024303828 -0.005442835061161971 0.002914197072637024
0.0036159153331467974 -0.005657634883380705 0.0025174427866411072
0.003916875808197123 -0.005488866948505445 0.0029048514817743335
0.003935659523007948 -0.005078835763388996 0.0030867720292918786
0.0035503284338717534 -0.006053886255818741 0.0023331088558869377
0.0035503284338717534 -0.006053886255818741 0.0023331088558869377
0.003957293958998526 -0.005071934149357577 0.0031228488988596526
0.003910689131365165 -0.005455726499797508 0.002941730806283629
0.003950525753101134 -0.005086549455552057 0.0031203698146246906
0.003925224599562143 -0.005310903945760823 0.0030132641474425134
0.003925224599562143 -0.005310903945760823 0.0030132641474425134
0.003936660084013157 -0.00508850180334806 0.0031078284469573925
0.003913626116451132 -0.0052813772400368 0.0030209581857286857
0.003571394506073283 -0.005839926691692288 0.0024600261325065944
0.003911586627063822 -0.0053139554060595414 0.003036174236022941
0.003911586627063822 -0.0053139554060595414 0.003036174236022941
0.00394189685480809 -0.005007867463354169 0.0031834673482108345
0.003906266100034368 -0.005353121977919342 0.003022956298533073
0.003893711943241439 -0.005275736859482998 0.003038890044465652
0.003566243873800979 -0.005734208456565643 0.002522770585918469
0.003897960440622455 -0.005426514005336524 0.002990754283264169
0.00391048651149243 -0.005278465080900585 0.0030639998626545246
0.003904260965749242 -0.005322944468699386 0.003045237964587422
0.00398313526502003 -0.004602655200400457 0.003395371624618316
0.0038999001246764133 -0.005328278787923147 0.0030434520008081993
0.003889121148674431 -0.0054301377790072075 0.0029948417881225423
0.003889121148674431 -0.0054301377790072075 0.0029948417881225423
0.003886849198121249 -0.005466118667440961 0.0029796804050711777
0.003983936466125704 -0.004580131426480695 0.0034183810169977572
0.0038974531386391123 -0.005293554305699006 0.003066715671097235
0.003925849009813514 -0.005111572884451131 0.0031680582071962754
0.003906918596208692 -0.005203745272668251 0.0031146332648614916
0.003906918596208692 -0.005203745272668251 0.0031146332648614916
0.0034585578060056296 -0.006491600600468757 0.0021742749370369553
0.0034585578060056296 -0.006491600600468757 0.0021742749370369553
0.004174878613323301 -0.003752026075445648 0.003963083920561922
0.003927739794269473 -0.004944827982367701 0.0032671262850704416
0.003927739794269473 -0.004944827982367701 0.0032671262850704416
0.003909333985582671 -0.005111789829398408 0.0031929092336665074
0.0038097884470182993 -0.005631688819374259 0.002897118323809762
0.0038870445457460756 -0.005334485714204021 0.0030935698257152392
0.0035563655280872694 -0.005547672037764167 0.0026703119576038954
0.003968431782819671 -0.004497251529178183 0.003501366393240825
0.003968431782819671 -0.004497251529178183 0.003501366393240825
0.0038784221673994314 -0.005371034151433523 0.003077407380124327
0.003991906348298025 -0.004328417423116143 0.003590623456386219
0.003963853025076785 -0.004612456176605987 0.0034567809936212348
0.003914335536772871 -0.0049831439206435915 0.003266506890162455
0.003985507773208071 -0.004366980711858579 0.0035737919639878134
0.003984045800611487 -0.004303751901659346 0.003607387743183272
0.0039080184610129146 -0.004991707180630091 0.0032697914385449688
0.003985071438333618 -0.004369564679462069 0.003586255593832652
0.003942228118238637 -0.0047491774249233745 0.003399331238220384
0.003984430978983417 -0.004339510077500931 0.003604593695383763
0.003975908155202955 -0.004376034817232941 0.003582368702709659
0.003928136758698356 -0.004794145877271312 0.0033753418477436106
0.003976351260790976 -0.004312252720620708 0.0036128815503266606
0.003944160028510349 -0.004596492236738938 0.003472647533952461
0.003966082846745537 -0.004421278888168398 0.0035648415821838224
0.003972257737520542 -0.004405392976073349 0.0035811429527864854
0.003972257737520542 -0.004405392976073349 0.0035811429527864854
0.003983610218038542 -0.004332357853029766 0.003629768211502296
0.003969702169298966 -0.004378355291233368 0.0036052507053671336
0.003889188103508614 -0.005139800334125502 0.0032297228571774657
0.0038828023175442906 -0.005121797069437099 0.0032365617794165792
0.003974919631021869 -0.004349545372116679 0.0036457997566308725
0.0034887096742825317 -0.005906776329047967 0.002538087946149092
0.0037704073438452274 -0.00563043003087654 0.0029399513624508056
0.003473159852886037 -0.006012884945965304 0.002485416308390661
0.003432850033501739 -0.006433748739912054 0.0022797270455052606
0.003962050761431562 -0.004368584994823698 0.0036389237208507134
0.003931720973848095 -0.004618506961141648 0.003516041789518231
0.003895951544829791 -0.004943931583775409 0.003357023306031699
0.0034877709273845366 -0.005715786473396426 0.002651352956541782
0.0034819018471724016 -0.0057884577332774625 0.0026231887942317444
0.003433832539270764 -0.006293671954552958 0.0023969431434162653
0.003419690399378716 -0.006487069488488024 0.002304475758970449
0.0038177788920984957 -0.005584768087799465 0.003083194083321371
0.003821076354990225 -0.005488857231277638 0.0031341238923223626
0.003821076354990225 -0.005488857231277638 0.0031341238923223626
0.00381345591686822 -0.005575869740183088 0.0030934875740837335
0.003453785079857348 -0.005921554038330417 0.002589985716423293
0.0038126545903789605 -0.005539193223621904 0.0031135815473537607
0.003831357182010541 -0.005444724654473877 0.0031708657964229225
0.003839346247871307 -0.005275764005029067 0.003250348958380589
0.003835903340021427 -0.005295164481692601 0.0032435531680945822
0.003835903340021427 -0.005295164481692601 0.0032435531680945822
0.003835903340021427 -0.005295164481692601 0.0032435531680945822
0.00383132671379948 -0.005264027286516021 0.0032557921105557945
0.00383132671379948 -0.005264027286516021 0.0032557921105557945
0.003817816381790295 -0.005459076498411189 0.00316302280243823
0.00390126078733663 -0.004642333486178483 0.0035874271780472725
0.0038831516362110214 -0.004752778752973293 0.0035278679692188984
0.003910320503626404 -0.004534501722657814 0.003647992464758579
0.003821954165466098 -0.005358156755759463 0.00322897356487582
0.0038703532321952673 -0.004834674992545097 0.0034931979034704785
0.003799464613428461 -0.005607014959909084 0.0031062285524177348
0.003799464613428461 -0.005607014959909084 0.0031062285524177348
0.0038080685603881673 -0.005520553699933384 0.0031505120283655775
0.0038119691183218832 -0.005466031337774278 0.0031791697004646506
0.0038119691183218832 -0.005466031337774278 0.0031791697004646506
0.003822309251777721 -0.005268672685634128 0.0032715814145988995
0.003822309251777721 -0.005268672685634128 0.0032715814145988995
0.0037926140305159783 -0.0055848611224192475 0.003113207904271615
0.0038085348619393417 -0.005441933992031152 0.0031881301129554106
0.0038760165579450525 -0.004768333730769705 0.0035331556457491842
0.0038889754529491108 -0.004670543374314534 0.00358932498398397
0.003920636312666826 -0.004430134605366006 0.0037193111492206067
0.003805571170149852 -0.005517267709639648 0.003159377149332032
0.0038910738726211885 -0.004652735402395639 0.003600786548220584
0.003864785950271295 -0.004824778834525898 0.003506679648022372
0.003891915447241109 -0.004667732066680956 0.0035993215664179693
0.0038184510734956046 -0.00533880116641922 0.0032509673502198987
0.0038923858864505756 -0.004599752405850719 0.0036295174443330704
0.0037940474156552702 -0.005602738752755869 0.0031188095412977707
0.003903175896208004 -0.004551398273463686 0.0036626588334178925
0.0038103318594740108 -0.005434513540726605 0.003209910244671309
0.0037908892539260464 -0.00559482435281974 0.003125298392568646
0.003900564406907691 -0.004540354550022793 0.0036704195757710787
0.0039011045593902024 -0.004493881390826223 0.0036914343660865013
0.0039073275974616985 -0.004472631098793001 0.003706805892025677
0.0038058241942236005 -0.005454254747281325 0.0032022543229948595
0.0038033195317373775 -0.005440964463463135 0.0032062064135818507
0.003914093044920229 -0.004405788373207425 0.003750216196690277
0.0038008118600451244 -0.0054735699004155305 0.003197351323302165
0.0037192856979597786 -0.005708922098289636 0.003020747039772198
0.0038373522727252114 -0.0050718207399052945 0.0034041489770755416
0.0037893545588503874 -0.005614134365226977 0.003131260131249809
0.0038171732893848166 -0.005284301122538175 0.0032982555183894
0.00379271220586273 -0.005529025053752363 0.0031747642228356996
0.00379271220586273 -0.005529025053752363 0.0031747642228356996
0.003803913473777688 -0.005528187804866111 0.003191086156346239
0.003797176237625695 -0.005419281754792481 0.003233055051322132
0.003781039997203967 -0.0056650372167572766 0.003115648871896854
0.003787939855865202 -0.005540105577275338 0.003175590249891128
0.0038023468058879526 -0.005509676047050311 0.003204025742278267
0.0037971470232504804 -0.005464023068899536 0.003218843574307793
0.0033699336791953604 -0.0065933941413216495 0.0023242788423241748
0.0033699336791953604 -0.0065933941413216495 0.0023242788423241748
0.0038299768341275397 -0.005098368801847363 0.0034179306391618285
0.0037844866665613847 -0.0055428174361351334 0.0031944584732379816
0.0038893500990999337 -0.004490488291605331 0.0037418591300086733
0.0038893500990999337 -0.004490488291605331 0.0037418591300086733
0.003821148701318546 -0.005116453879324726 0.003415624584273632
0.0037784004219807007 -0.005590235376314708 0.003173372465046499
0.0037784004219807007 -0.005590235376314708 0.003173372465046499
0.003802509804547949 -0.0053000897369715645 0.0033215738559213264
0.0037675551180624584 -0.005613415729211769 0.003171249470191837
0.0037911144428440105 -0.005346325121872865 0.003310208586277695
0.0037911144428440105 -0.005346325121872865 0.003310208586277695
0.003792908681939818 -0.005433447153339474 0.0032748243356313217
0.003785862124484586 -0.0053647044119315215 0.0033031394597772324
0.0037616065446576794 -0.005627852896678411 0.0031827752308237725
0.0037616065446576794 -0.005627852896678411 0.0031827752308237725
0.0037938993376418428 -0.0053423766047180354 0.003340738987596543
0.003785807582625279 -0.005423960944786641 0.003298232447809831
0.00378182728073175 -0.005381637214266294 0.003317696493950764
0.00378182728073175 -0.005381637214266294 0.003317696493950764
0.0037721929314736965 -0.0054707139131252224 0.003276327434043658
0.0037918955825761475 -0.005287033795073016 0.0033763534425042653
0.0037677903376671915 -0.005454327093609646 0.0032868616612884765
0.0037816739366077685 -0.005329404607129384 0.0033633336110780853
0.0033684584159388077 -0.006313275051089227 0.002537821129881036
0.0037557374644455444 -0.005631869497119686 0.0032147189559083747
0.0033974364430965657 -0.005844666316574232 0.0027771327532818326
0.003373365553289794 -0.006243203557143341 0.0025768941655867146
0.003373365553289794 -0.006243203557143341 0.0025768941655867146
0.003771075638351213 -0.00539146352579239 0.003339284538015036
0.003771075638351213 -0.00539146352579239 0.003339284538015036
0.003380001730272589 -0.0061235432316338965 0.0026418980311933094
0.0037552651444823087 -0.005549663944081116 0.003271063831161618
0.0037554474522143353 -0.0055507147212119625 0.003271044271322419
0.00375075697769756 -0.005534482813115175 0.0032914507004853004
0.00375075697769756 -0.005534482813115175 0.0032914507004853004
0.00339154504460637 -0.005669360380062929 0.0028931291196817254
0.0037562551732664103 -0.0054589071678801705 0.0033354237266776427
0.0037483205238813665 -0.0054950622768047425 0.0033159431299035406
0.0037462056789597043 -0.005513269227126349 0.0033074401167294473
0.0037462056789597043 -0.005513269227126349 0.0033074401167294473
0.003743689230416528 -0.005586309365513317 0.0032753514482210333
0.00374298933924722 -0.005629558489579897 0.003260020045028934
0.003779779516027856 -0.005175519108175622 0.0034980898694077266
0.0037610156118233996 -0.00535311815372001 0.003403535099045278
0.0037906085200800983 -0.00506386417973884 0.003560196371141092
0.003737388454522572 -0.005665976715956779 0.003242358011766054
0.0033696025411483984 -0.005911169268318457 0.00278904971069776
0.0037303949343236308 -0.005590516298236033 0.0032760871990955404
0.0037424025440712327 -0.005658710987995644 0.003257523407092126
0.003765674113526099 -0.005087199099249831 0.003536959282171994
0.00380100582845052 -0.005116247153139596 0.003560618161519729
0.00376620310686958 -0.005178201878043787 0.003502329840704989
0.0037488964106854924 -0.005441882960912215 0.0033716074230595067
0.0037579180103655438 -0.005412521886903465 0.0033941724560150803
0.003788509598873682 -0.00506155301546957 0.0035803294640895183
0.0037741445269681927 -0.00517676861828808 0.0035180052964532654
0.0037473722478309408 -0.005541958433196952 0.003332998306616895
0.0037739678614974737 -0.005211824457980457 0.003508993727459983
0.0037467025741055246 -0.005468348614493297 0.00337006219576274
0.003349068346112796 -0.006311390034278159 0.002612120432916476
0.0037297583618645523 -0.005621810285585172 0.0032859032291676976
0.003738184138750524 -0.005493333487940103 0.003356615558614538
0.003733551466066255 -0.00561251165087492 0.0032990945853376276
0.0037278318430869783 -0.005705888442459932 0.003251690061201606
0.0037476973674658415 -0.005415632277486952 0.0034066436088749956
0.0037466622005912793 -0.005436997138770613 0.00339621520537559
0.0037348959542440564 -0.005565706084122593 0.0033306160185092542
0.003775025346650097 -0.0050847511101438534 0.0035866949379131344
0.0037388835283854935 -0.005484355772514667 0.0033766473416265977
0.0037621923367649897 -0.005176804791452241 0.0035399464206918065
0.003720628681534565 -0.005701755235284967 0.003262763437860259
0.003724773235923937 -0.0056510808953376245 0.00329144117133287
0.0037210373066368175 -0.005671228470090073 0.003280592482057843
0.0037276294739814137 -0.005605791717657603 0.003317776739444916
0.003746312004239456 -0.0051894731726907515 0.0035265694968166497
0.003737422182706833 -0.005500812493378664 0.0033784443391612663
0.0038426647752052502 -0.004325781389979143 0.0040192753263076
0.003719339612901162 -0.005566031015682116 0.0033428048075366213
0.003719339612901162 -0.005566031015682116 0.0033428048075366213
0.00385485933187751 -0.004623065916114638 0.0039026786233045817
0.003715162960314129 -0.00571972370602864 0.0032737981963748513
0.003715162960314129 -0.00571972370602864 0.0032737981963748513
0.0037231037534948192 -0.005522134034633842 0.003379798983409422
0.003717816202348118 -0.005653856072907649 0.003314784084047381
0.003717816202348118 -0.005653856072907649 0.003314784084047381
0.0037287346048961896 -0.005457920273685684 0.003423891374774315
0.003736271537550842 -0.005367133906958769 0.003476275131822475
0.0037475578155361676 -0.0052301188006605385 0.003550075909725495
0.0037475578155361676 -0.0052301188006605385 0.003550075909725495
0.0037488394865380784 -0.0053122805321362855 0.0035187099521987886
0.0037488394865380784 -0.0053122805321362855 0.0035187099521987886
0.0037160679790278635 -0.005564225241296524 0.003374040366135331
0.003704026139561662 -0.005729349591894733 0.003286487015137654
0.0037104472836968464 -0.0055828405032614225 0.003362089304384389
0.0037222923963187906 -0.005519789361601585 0.003402393606890964
0.0037070777252439656 -0.005652268089808529 0.0033287508123045558
0.003703295529414124 -0.005697155350408075 0.0033046636226317845
0.0037043310724394402 -0.005687781736314223 0.003311481480428683
0.003734507139748173 -0.005315136205967632 0.003513478949048748
0.003723196035813094 -0.00548823670791739 0.003423105972000301
0.003723196035813094 -0.00548823670791739 0.003423105972000301
0.0037126038813521845 -0.005677012414848256 0.003325947736886955
0.003729899167630072 -0.005645615048733604 0.003356761003572689
0.0037187125695945142 -0.005532378813873582 0.003405106406127644
0.0037187125695945142 -0.005532378813873582 0.003405106406127644
0.0037202045088678202 -0.005494921282963846 0.0034293846803833653
0.0037209367490019583 -0.005534253925381464 0.0034161321370241443
0.0037168738193261693 -0.0055466440177539275 0.0034076536990326352
0.0037138142090944507 -0.005562688289316342 0.003400362392820239
0.003740473392238382 -0.005268893298051254 0.003565589871416791
0.0038403602249200692 -0.0043987184317136625 0.004065081460506979
0.0036985340877884578 -0.00571899792314911 0.003325941216940555
0.0037971630723493107 -0.00463495202916875 0.0039231081230470324
0.0037247914165437056 -0.005362930610360007 0.0035207567138340057
0.0036875375712671723 -0.0057567047793168485 0.0033082059596642615
0.003714164781597028 -0.005511535109459363 0.003451749099603559
0.0037339096869674934 -0.005236198117798172 0.0036002499064784416
0.0036928928295495646 -0.005713270651771172 0.0033408899494324165
0.0036928928295495646 -0.005713270651771172 0.0033408899494324165
0.0036858525412735627 -0.005748585941446009 0.0033179061353042364
0.0037210237652096794 -0.005393251495708966 0.0035191367579208103
0.0037210237652096794 -0.005393251495708966 0.0035191367579208103
0.0037929263610252486 -0.004658750045113035 0.003928381255081503
0.0037929263610252486 -0.004658750045113035 0.003928381255081503
0.0037929263610252486 -0.004658750045113035 0.003928381255081503
0.003758902396888338 -0.005005915711130192 0.0037388263518640615
0.0036887608135186536 -0.005731521611730978 0.0033373300586980936
0.0037866865215534142 -0.004746088216329213 0.0038942021914504265
0.0037866865215534142 -0.004746088216329213 0.0038942021914504265
0.003733278255235384 -0.005265575460327025 0.003602268080656367
0.0036916008770937155 -0.005723130503406152 0.0033485348373534208
0.003719883526891212 -0.005382762406554609 0.003536783243619198
0.0037251130254382374 -0.005296811583151866 0.0035826154576041767
0.0036825588398893723 -0.005771861836634544 0.0033199147803297316
0.003705034348965533 -0.00555534651621114 0.003444458294925501
0.0037588237813807857 -0.004958840820438118 0.003779066457975315
0.003751669143275617 -0.0050098397784860225 0.003750474486874579
0.003751669143275617 -0.0050098397784860225 0.003750474486874579
0.0037585000409653155 -0.004978893229049845 0.0037728283738736653
0.003770451102716257 -0.00488520225754769 0.0038280457999340716
0.003770451102716257 -0.00488520225754769 0.0038280457999340716
0.0037952646394946903 -0.00464054377656467 0.003966356933654652
0.0037322496083072214 -0.005296799044793405 0.003600339681125024
0.003771105479644351 -0.004867775992442726 0.003838551941255937
0.0037758502452532637 -0.0048533330573311915 0.003850512532159309
0.0037272918159880516 -0.0052734806445696855 0.0036097253947347907
0.003779903395009453 -0.004743099880787991 0.00390774211398558
0.003779903395009453 -0.004743099880787991 0.00390774211398558
0.0037870368432888217 -0.004668224553810129 0.003949900588941407
0.0037870368432888217 -0.004668224553810129 0.003949900588941407
0.0037621120912708374 -0.004959285038805452 0.003791231674888775
0.003778326947200118 -0.004765002998127447 0.0038977455315515807
0.003781412637217436 -0.004727899758127219 0.003918537139086393
0.003781412637217436 -0.004727899758127219 0.003918537139086393
0.0036886722927079174 -0.005711948669946809 0.003369054111742454
0.0037451992249260186 -0.005035065200339908 0.0037423501321260165
0.0037570449644658854 -0.004977584647596087 0.0037809211319589056
0.0037226012160876914 -0.005260693462384754 0.0036164324134428916
0.0036832530887973727 -0.00576984153093568 0.0033397103406683807
0.003772418747309584 -0.004728547484827531 0.003915379980425846
0.0037728743912560665 -0.00481252315335614 0.003876117364740233
0.0037500643587761594 -0.005015404207933445 0.003761215847801178
0.003715174370220329 -0.0052943186440308045 0.003601129597708084
0.0037600170569555445 -0.00491500709540828 0.003821420531323138
0.003721024141360433 -0.005287152407944059 0.0036099721496293084
0.003724258787076271 -0.005318223400587965 0.003598784924675827
0.003764227813877592 -0.004883588006587594 0.003840982376660069
0.003764227813877592 -0.004883588006587594 0.003840982376660069
0.003711489472052147 -0.005386704152995869 0.003555479440687963
0.0037504366226388747 -0.00500867236327559 0.0037706597393942043
0.003789640182656135 -0.0046775707324083725 0.003962245355148033
0.0038270800971722334 -0.004517984128063486 0.004071852675610402
0.0037102184586549286 -0.005398919335267797 0.0035505333090421623
0.003776821341116089 -0.0047642666712720974 0.003911947479413489
0.003791496737393495 -0.004673460239253408 0.0039697919423387
0.0037831950902562895 -0.004692555346155737 0.0039554575894114406
0.003749669024333876 -0.00493894142681846 0.0038091705551064796
0.0037830638136432003 -0.0047475856078293315 0.003929477107611018
0.0037663855399851912 -0.0047850703313039806 0.00389816982960191
0.0037728797827502047 -0.004783053183704154 0.00390644414311767
0.003704499713360744 -0.005653339868689798 0.0034318818198545114
0.003704499713360744 -0.005653339868689798 0.0034318818198545114
0.003726991898453658 -0.0052715674791438735 0.0036354997459221105
0.0037546432419026297 -0.00488072180053514 0.0038468834296862798
0.0037559641579665245 -0.004974145548272591 0.0038047846373167283
0.003679365821523626 -0.005743767387597552 0.003368307327112501
0.0037815924372777703 -0.004715750440072688 0.0039506589088611445
0.003695501811178185 -0.00557457427698687 0.003464432903022977
0.003763607165133759 -0.004845863298931996 0.0038732826926593093
0.0036998089880767994 -0.005497292474624248 0.003505695136115993
0.0036998089880767994 -0.005497292474624248 0.003505695136115993
0.0037870678130342214 -0.004696235479747703 0.003966853452649717
0.0037418483486272446 -0.0050285302706016876 0.0037697384208144704
0.0037418483486272446 -0.0050285302706016876 0.0037697384208144704
0.0037549924351857763 -0.004933741017263065 0.0038272463541985813
0.0037549924351857763 -0.004933741017263065 0.0038272463541985813
0.0036850271411360577 -0.005658233715380816 0.0034193309230347827
0.0037051302674077614 -0.005389518889086839 0.0035679746671961237
0.0037138570902803883 -0.0053845697482350074 0.0035791423323104053
0.0037761066546837968 -0.004747569609667582 0.003941252130809163
0.0037761066546837968 -0.004747569609667582 0.003941252130809163
0.0036821211257954895 -0.005584899050953593 0.0034575814424254022
0.0037555475083148565 -0.004924030669879789 0.0038421243703487215
0.003785379773834581 -0.004682962810364033 0.003984655915527363
0.0037640105241254582 -0.0048124057237926765 0.0039045854568593714
0.0037640105241254582 -0.0048124057237926765 0.0039045854568593714
0.003695264585436098 -0.005524864011421614 0.003502375480329788
0.003695264585436098 -0.005524864011421614 0.003502375480329788
0.003751516049918805 -0.004992651287676329 0.0038083334942956054
0.0037096395626447717 -0.0053771593903090215 0.0035877185694979125
0.0037083929990465525 -0.005356987741908327 0.0035987864292788426
0.0037775569666070115 -0.0047220918915524745 0.00396424346795242
0.0037462804075761337 -0.004954600551354841 0.0038266836326708398
0.0037816428414787846 -0.0047031721982441375 0.003978702702929954
0.00371312811011945 -0.005347186381715569 0.003611089066601038
0.003757864471574914 -0.004872734505717507 0.003882148816694441
0.003757864471574914 -0.004872734505717507 0.003882148816694441
0.0036829610704288097 -0.005562261420902529 0.003486445746671917
0.0037532642732390595 -0.0049269029256902 0.0038546466797111582
0.0036905215751973698 -0.005509722815127372 0.003518947679475214
0.0036905215751973698 -0.005509722815127372 0.003518947679475214
0.0037654583283769807 -0.0048103174053356346 0.0039217665186916766
0.0037654583283769807 -0.0048103174053356346 0.0039217665186916766
0.0036837837121274537 -0.005579246069349539 0.0034801916134714365
0.003668194394901806 -0.005773905212912977 0.0033729791194751692
0.0036829920401742094 -0.005616733504244205 0.0034632929154716787
0.0036823450608776077 -0.005628097269284821 0.0034573281675844844
0.003749810833168073 -0.0049125344684279254 0.0038635313605168125
0.003741478216285468 -0.005040988132801634 0.003799276787211863
0.003711142786440693 -0.005244494655554304 0.0036761460948475087
0.004224454781144814 -0.0036433493519482736 0.004883304641628986
0.0037454986409260734 -0.004923364224781676 0.003863451616556999
0.00366828529800065 -0.005792534455147559 0.0033750680099948163
0.0036766470038748847 -0.005639711926878246 0.003459698920402341
0.0036987785857784524 -0.005375344212154584 0.0036089038814884084
0.003702719015692075 -0.005390351122629706 0.0036051017496686135
0.0036640681465157873 -0.005770915942872226 0.0033870551822181264
0.003751575607121496 -0.0049048331735667946 0.0038882610156771393
0.003728179907917863 -0.005121706949985659 0.0037658515296914775
0.003668898172962237 -0.0057474485242581955 0.0034110972338004374
0.0036959533174663753 -0.005349826019630628 0.0036295831453314075
0.003696175747945478 -0.005371206052328027 0.003620992865182424
0.0037048761148817514 -0.005285792999119689 0.0036706186849034435
0.003728335759713537 -0.005108904063506755 0.0037773431859883986
0.0037241013052939976 -0.00514336931516971 0.0037606726861126355
0.0037241013052939976 -0.00514336931516971 0.0037606726861126355
0.00373155097097376 -0.005033220149546437 0.0038220695167570933
0.00373155097097376 -0.005033220149546437 0.0038220695167570933
0.003676702548802868 -0.005606319269089861 0.0034986034405703
0.003666126568824374 -0.0057272858407838 0.003434320279808059
0.003681758767235959 -0.005647733216320258 0.0034908000677983456
0.003610080482653262 -0.005862983855217467 0.0033239385903271216
0.003733595726471623 -0.005135800691814046 0.003789418628255276
0.0036555851947152325 -0.005804929750938784 0.0033992770725118316
0.003672474238178975 -0.005613634398183334 0.0035095017817448337
0.003732105291801332 -0.005053783621649046 0.003837430510475161
0.003686927329360863 -0.005459942397446525 0.0035991525493459116
0.003660297862126484 -0.0057868760193575735 0.0034147970526151885
0.0037017182039196968 -0.005255277267680241 0.003715136377387343
0.003708298710590924 -0.005149773313099698 0.0037736323334182018
0.003708298710590924 -0.005149773313099698 0.0037736323334182018
0.0038012355311775304 -0.004540717958669845 0.004152568107437642
0.00372882350185768 -0.005017095601143973 0.00385963142950102
0.0036577287524777705 -0.005744779358508961 0.0034397574135712028
0.0037000282839662873 -0.005591602433537741 0.0035548791040848375
0.003741031976107832 -0.00491996455859554 0.003922700375629872
0.0036876296028182784 -0.005416064600086696 0.0036338085721328546
0.003709822748061891 -0.005180410321811363 0.003769680744365549
0.003709822748061891 -0.005180410321811363 0.003769680744365549
0.0036452005500868566 -0.005678649924463298 0.003468370950648492
0.003654808318024972 -0.005796459839031028 0.0034190791527968804
0.0036550737550735974 -0.005734957623483704 0.003450397966095773
0.003725889400594159 -0.0050164346102317915 0.0038670120088256602
0.0037005263075643685 -0.0052712132078255505 0.0037235175177171924
0.0036490884442785267 -0.005825704682456842 0.0034078096762118933
0.0037380113601709277 -0.004948860067681676 0.00392149368401156
0.0036511543896021897 -0.005843389535532121 0.003407617588560267
0.0037241119628986896 -0.005054228294531875 0.0038637705923962535
0.0037208212707205302 -0.004982240625954146 0.003898070024268558
0.0037208212707205302 -0.004982240625954146 0.003898070024268558
0.0037420900881783782 -0.004877112336266051 0.00396831893598667
0.003679044463396264 -0.005461031103111717 0.003626009211635608
0.003721943328419229 -0.005030663076721845 0.0038762161670049073
0.003676539800910041 -0.005486569168933834 0.003612572103639837
0.0036944379314627464 -0.005276839984260421 0.003733632963789405
0.003706832600336048 -0.005130653977778761 0.003820301106679716
0.003643329450853682 -0.005834019620254016 0.003418736604843719
0.003643329450853682 -0.005834019620254016 0.003418736604843719
0.003643329450853682 -0.005834019620254016 0.003418736604843719
0.003683323930522679 -0.005359273735422985 0.003693788568271189
0.0036487929151695947 -0.005753338104686414 0.0034690394959216468
0.004045025354686353 -0.004081622970077454 0.004632319806500749
0.004201147728135502 -0.0038303517588419624 0.004886148341328001
0.0036421309091683694 -0.005750881276037721 0.0034705912431648132
0.003723926019042709 -0.004989401345163168 0.003921996221418687
0.003663815122442039 -0.005610472286871194 0.003560867424085939
0.0036633970935709406 -0.005553674902261083 0.003591831151073208
0.0036972455206893936 -0.005104121400709392 0.003846007750731345
0.0036972455206893936 -0.005104121400709392 0.003846007750731345
0.0036517795521550686 -0.005690688942798845 0.0035143380773705137
0.0037354683303078133 -0.004880362059357939 0.0039906813490695105
0.00368904204889894 -0.005306478218682957 0.003740143381036833
0.003678863785650837 -0.005443403926485359 0.0036647462193345245
0.0036650096518526442 -0.0054383187444442226 0.0036567823555742657
0.003712502069881479 -0.0050581346828022745 0.00388838389159006
0.003657815517918323 -0.0055750679748512826 0.0035834214232860666
0.003657815517918323 -0.0055750679748512826 0.0035834214232860666
0.0036941829012516443 -0.005179243941015503 0.0038150114240120764
0.0036643844892997653 -0.005644150819232497 0.003557661616594562
0.0037193270745427007 -0.004987576543818611 0.003933535523477761
0.003712737791020551 -0.005066967924992342 0.0038886838091244536
0.00366975993433928 -0.005459804099352697 0.0036597564542012783
0.003656909621519496 -0.005583085063943209 0.003591993648198866
0.0036503026589119157 -0.005617723533028307 0.003569079045809392
0.0036478095317154773 -0.005683848954799262 0.0035340734535885487
0.0036749336371911527 -0.005409377203909587 0.003697307333189759
0.003652662252590742 -0.0056767836524981305 0.00354633546662933
0.0036498761039570633 -0.005660015478809954 0.0035528268255718976
0.003709723695030047 -0.005074253306830365 0.003901706148222326
0.003709723695030047 -0.005074253306830365 0.003901706148222326
0.0036402830058983476 -0.00581995120590972 0.003467604104645001
0.004178286037618734 -0.003838941788223777 0.004905459419495707
0.0037099092627352736 -0.005082838885094925 0.003905193818011912
0.003632715354265465 -0.005866621107623496 0.0034435570377193054
0.0036371094219882164 -0.005812801708531521 0.0034757801174304243
0.003709449731897668 -0.004957689281924086 0.0039712077737761465
0.0036606422908334155 -0.0055330857892154205 0.0036406600327304295
0.0036606422908334155 -0.0055330857892154205 0.0036406600327304295
0.0037081511341118347 -0.0050897407812394106 0.0039090245372889985
0.0036533022104066047 -0.005485153901722518 0.0036635124448619358
0.0036474712468041923 -0.005753112978460242 0.0035227503128293473
0.0037277463314822727 -0.004939969885671246 0.004003224722874162
0.0036679180494813197 -0.005284114489072479 0.0037839218119058563
0.0036461586060568822 -0.005575021520233183 0.0036198804620197404
0.003643302994917329 -0.0057471411464005175 0.0035344004539772187
0.003690153699760116 -0.005213300442192621 0.003846219398222171
0.0036644252389647644 -0.005421575647472969 0.0037191677103998095
0.0036412088382871276 -0.0056445921694503335 0.0035884738802116193
0.003628704333393706 -0.005791093296226021 0.003507601468136444
0.0036656870993603064 -0.005386537392828334 0.003747992894967925
0.003667444726449407 -0.005332978290058015 0.00377696402602853
0.003655527016731972 -0.005528006562894553 0.0036676516077571693
0.003931311471060749 -0.004338588821612989 0.004496456661886148
0.003639325075311907 -0.005688352231624211 0.003576906993763931
0.003713010374933499 -0.0049857556920569705 0.003996848716829439
0.003713010374933499 -0.0049857556920569705 0.003996848716829439
0.0036578773320255368 -0.00547926651550703 0.003700663600982671
0.0036776085705852793 -0.005231725434567869 0.0038450723891901347
0.003628432000247927 -0.005816288500636015 0.0035062257594460737
0.0037019954270252754 -0.005063948970387934 0.0039531344823557375
0.0037019954270252754 -0.005063948970387934 0.0039531344823557375
0.0036414578500861684 -0.005624917855038005 0.003621155362308082
0.0036940309363470937 -0.005078840151814458 0.003948116129765199
0.0036502578969722092 -0.005520319984931666 0.003687544967291816
0.004089765226882186 -0.004053081842020279 0.004789309583588248
0.0036522535021049044 -0.005506074654349481 0.003696897579635245
0.0037050566672435937 -0.005029479424337206 0.003991411081531956
0.0036917499581758197 -0.005118609066414737 0.003935762335940482
0.0036225669323105 -0.005810482362983356 0.003522753322035378
0.0036380563188192112 -0.005692377546224616 0.0035987738909203813
0.003656399184946538 -0.005412496057885035 0.0037598757480488375
0.003656399184946538 -0.005412496057885035 0.0037598757480488375
0.0036598627810878782 -0.005410186680331846 0.0037669719574035766
0.0037034686841444743 -0.00501481070473568 0.004006900969575006
0.0032489262324528374 -0.005875869024673773 0.003186861732613469
0.0036430459585688724 -0.005499498724179093 0.0037156429270691783
0.003963982671703274 -0.004308289157435725 0.004589590083933427
0.003693309604584817 -0.005076468051123067 0.003986008553638165
0.004170646415808285 -0.003933606457298139 0.004955678052804776
0.0036354903437601127 -0.005542273083302537 0.0037047892224507666
0.0036354903437601127 -0.005542273083302537 0.0037047892224507666
0.0036234811040259107 -0.005715571127089853 0.003615950940477979
0.0036170247271034503 -0.005743304471403162 0.0035983054578482684
0.00367152408137478 -0.005163934699371984 0.003948682362033311
0.0036167753391536557 -0.005733529880605719 0.003608562838138262
0.003628490178231187 -0.0055398037162953835 0.0037276306008268267
0.0035870957908399896 -0.005850401487118 0.003538691581777003
0.0035058140013610544 -0.005968389446375881 0.003411053098778654
0.0037647371219982884 -0.004671447519261413 0.004305596766320058
0.003635357311776839 -0.005397240323686249 0.003831401064658307
0.0035812640749360697 -0.005951901755766484 0.0034942817191758705
0.004139050755554567 -0.004062666602070618 0.004934948635527931
0.003983268422386888 -0.0043645207799661665 0.00467890231585605
0.003940812788335529 -0.004448994772817549 0.0046495745938808074
0.003500318940381819 -0.005696879130371172 0.0036854274893148775
0.003192137499310065 -0.006159594648333995 0.003334253647066037
0.003192137499310065 -0.006159594648333995 0.003334253647066037
0.0047396230798191245 -0.006672943255044822 0.0022487593062432837
0.00470507764535381 -0.006719881853780423 0.002226777557723328
0.004671342941146601 -0.006749425737055538 0.002228083051606315
0.004688981402295574 -0.0067110855684019205 0.0022599179437394735
0.004661613676514995 -0.006734610036546951 0.002259113984194937
0.004660386421988807 -0.006723331156193117 0.002288157837734617
0.004600139108048078 -0.006757148237415417 0.002294554406687217
0.004607015896129745 -0.006738823426524275 0.002322073595838007
0.004743387345796366 -0.006473888664539201 0.002557930650715555
0.004578626294134574 -0.006742052931513144 0.002365577687423897
0.004654286259830231 -0.00652603344047509 0.0026116986425378393
0.004514614964983773 -0.0067975964802771275 0.0023912692854453728
0.0045889789659488735 -0.006564610834870794 0.002655783009353317
0.004529008749730138 -0.0066642243313380254 0.0025869163262719746
0.004427650415299437 -0.0068418896107609855 0.0025208156050671882
0.00452536334739111 -0.006649870293187982 0.0027062298407863803
0.004501309008217507 -0.006701863229602905 0.0026642865240617485
0.004546222160527275 -0.006572748605662911 0.0027636575286763393
0.004560460218861551 -0.006511550257232895 0.0028136860804711347
0.004392633538555978 -0.006878042212013866 0.0025611494980997316
0.004538567241919501 -0.0065799071306592025 0.0028277310480851084
0.0025904381646952163 -0.0033968761943451546 0.0030745837417988494
0.0019783864247061855 -0.003501476446739602 0.0026628441113043643
0.002763492838944799 -0.0031975422492130172 0.00332148207513739
0.0016042986069857944 -0.003578715117149117 0.0024004353270148976
0.0023151243376512824 -0.0032685137465292523 0.003032727692049108
0.00450298463444227 -0.006627509635475327 0.002824109970161494
0.0015366396656102857 -0.0035086921466504764 0.0024297770919516175
0.0027926658375766297 -0.003068186888790567 0.0034449427770964444
0.00232871140441425 -0.003265741139322712 0.0030557395921002417
0.001808383038352893 -0.003381913544275401 0.0026770601021277496
0.001518303335102307 -0.0034931183769893208 0.0024469947657906298
0.004528275004992985 -0.006513148772553122 0.00291088343526288
0.004518827602659589 -0.00655898123730527 0.002890066249476807
0.004356851069644875 -0.0069059643840056004 0.002603966989176283
0.0021324030278706088 -0.0030489035203950608 0.0031822225399828
0.004361282125525087 -0.006845489122708047 0.002686621854290312
0.004331509542591638 -0.0069094357539291875 0.0026404285355816487
0.002153147647907087 -0.002953822765895162 0.0032918198297584005
0.0023191979249317634 -0.002801470551451732 0.003507162124055961
0.0022814396614943334 -0.002828071305845234 0.0034754576308508004
0.0021303681149841373 -0.0028774156394187978 0.0033600525734359407
0.0021586897904223444 -0.0028484156701337323 0.003391979747887374
0.00217241515527914 -0.002831318740686702 0.0034091437575521724
0.002091762540627791 -0.0028745135109693527 0.0033396356120519513
0.0023602433698069842 -0.002806810262169632 0.0035401680988694016
0.0018224685518835404 -0.0029621825910156273 0.003134801966747948
0.001912796908048813 -0.0029376968069273718 0.0032035999396249227
0.001998668206913015 -0.002925312670275178 0.003264717415642863
0.001998668206913015 -0.002925312670275178 0.003264717415642863
0.0021665660424028546 -0.0028509348771157705 0.0034152389043673637
0.002859294235597259 -0.0034987003287926923 0.0035349411079940683
0.0013169241799568115 -0.0038703210364104523 0.0023931299778410246
0.001107838338456046 -0.003150532181834187 0.0026391260509046922
0.001107838338456046 -0.003150532181834187 0.0026391260509046922
0.0009015327525604822 -0.0032212448874317815 0.0024918720583951984
0.0005821287283643858 -0.0033087894615785357 0.002253497802672966
0.0006600349409783789 -0.0033169604590205745 0.0023034205307223485
0.00065881094642539 -0.003284097170726423 0.002330808819410803
0.002467792267960767 -0.0033919700600628456 0.003379503078149736
0.0026071168771957713 -0.0035921341699087037 0.003374042873807023
0.0026071168771957713 -0.0035921341699087037 0.003374042873807023
0.000570352200563225 -0.0032904649014545624 0.002293526261293393
0.004487403968683961 -0.006487245150890067 0.0030275312947684206
0.0005569686313580836 -0.0032795081315295993 0.002307282345128419
0.0013571740346417685 -0.0029664028770901053 0.0029561524261857786
0.0023358129425713353 -0.0032765380451772945 0.003394345986896184
0.0005222568128759877 -0.003221753944785309 0.002328852835490845
0.0009756553901252032 -0.0031443131560373984 0.002642238071474779
0.0006002694761533168 -0.00320861725585827 0.0023944480100824735
0.0007041564213349021 -0.0031187436816273355 0.002525926741510339
0.0009640918263425069 -0.003036262848928749 0.002727326381198971
0.00037472308958922263 -0.003258393786647994 0.0022593662559671776
0.0006308847621589475 -0.003174899603818568 0.002458013475206392
0.0024086184255797 -0.003421974853394997 0.0033980252428030587
0.0006712868638615203 -0.003137514481928945 0.0025075003699156603
0.00038004060741264617 -0.003229858238160334 0.0022962415682017652
0.0009393641146277415 -0.0030326862821776724 0.0027435695738183734
0.00034674925956062726 -0.0031794087736719935 0.0023235832141967434
0.0008362540461364162 -0.0030377835010429316 0.002690204815604204
0.0006739773448201391 -0.0030858732464688616 0.0025707824681383542
0.0011675680062677013 -0.0028960698329867176 0.0029669008085931154
0.0003079800282804652 -0.003233745003899742 0.002274938897176072
0.0005513888110756503 -0.003075773097193972 0.0025259111939458473
0.00043413810729529226 -0.003103712822887553 0.002448452726112506
0.0004126922482159712 -0.0031805103938464005 0.002393827110571471
0.00046864981357634634 -0.0030945945524637653 0.0024809486405037422
0.0008308106431940416 -0.002974600079701328 0.0027613173694531284
0.0008308106431940416 -0.002974600079701328 0.0027613173694531284
0.0007087576227394336 -0.003045537598066133 0.0026566692205293595
0.00023752047214020355 -0.003174475807302577 0.0023317301379905367
0.0006123908088121625 -0.0030108739268805288 0.0026461219533917414
0.0003614857176437395 -0.0031060810680337172 0.0024524770376442343
0.0007159350179652092 -0.0029845241904234215 0.002730139988837679
0.0007159350179652092 -0.0029845241904234215 0.002730139988837679
0.004478357793821326 -0.0064896658063745985 0.0030837563033147743
0.0015617064145378439 -0.00241333839303529 0.0035527626291765755
0.0007288881453243753 -0.0029168751073322527 0.002797387217540164
0.0005056648031241924 -0.0029837759011904527 0.0026323678756940694
0.0043625873686409045 -0.0067453144093160885 0.002875806123631638
0.0015653528512914459 -0.0026747019797634256 0.003426446692228721
0.00019389601231308492 -0.003127889536439738 0.002380085571232261
0.0001613345223070964 -0.003148431630641171 0.002350176069424415
0.004332436628816264 -0.006817989368012872 0.0028209969465227305
0.004332436628816264 -0.006817989368012872 0.0028209969465227305
0.00038693745686785096 -0.0030413588139581622 0.002546389844053466
0.00038693745686785096 -0.0030413588139581622 0.002546389844053466
0.004311548475921301 -0.006860975249243558 0.002786328385377326
0.004311548475921301 -0.006860975249243558 0.002786328385377326
0.00017579087346218395 -0.003138418748341172 0.002381851975172284
0.00011346382200348494 -0.003135719615915215 0.0023523356762857836
0.0008077564261831014 -0.0018053436113288316 0.003495948317782542
0.0006662087033011224 -0.0028257192351814845 0.0028542361348035507
0.0005331928945094897 -0.0029185711710813084 0.0027261999350748104
0.0004570277583514283 -0.0029364614024681834 0.002676528475728992
0.0001027933028021925 -0.003130779126530722 0.002368737353756137
0.004422996678172953 -0.006632578266883294 0.0030001354830648894
0.00039478446312725055 -0.0030015791163696065 0.002630013171975043
0.00046506823148188527 -0.0029185605134766164 0.0027176372393144417
0.00046506823148188527 -0.0029185605134766164 0.0027176372393144417
0.0006348320881697237 -0.0028977986218513573 0.002828370504366633
0.000627057929772984 -0.0029079429061480305 0.0028204181758961586
0.0004083112203860197 -0.0029862794352244143 0.002654015602344617
0.0004935792047869613 -0.002921604952294597 0.0027691107115383135
0.0004935792047869613 -0.002921604952294597 0.0027691107115383135
0.0004935792047869613 -0.002921604952294597 0.0027691107115383135
5.929811345080954e-05 -0.0030852730352493207 0.0024354404177014026
2.040048938000413e-05 -0.0030964047152748186 0.002410899339452333
0.00037216100142124726 -0.0029506304998309233 0.0026957206902584845
0.00040336207953418825 -0.002945796084959012 0.002731806587444351
2.9267822612125777e-06 -0.003066714885507214 0.0024519228422002462
2.9267822612125777e-06 -0.003066714885507214 0.0024519228422002462
0.00011985073642006997 -0.0030362901825501947 0.0025483498402481316
0.0007881960854491857 -0.002754919638759753 0.0031175542008486283
0.0001125583017554122 -0.0029488307438573927 0.002632236473697395
0.0001125583017554122 -0.0029488307438573927 0.002632236473697395
0.0005201888614149708 -0.0028786321109567103 0.0029053464961663845
2.8077099347915127e-05 -0.0030301180502140513 0.002542132319054358
0.00034267817995183833 -0.002865046674180342 0.002819138761798771
0.00034267817995183833 -0.002865046674180342 0.002819138761798771
0.00027962841751143187 -0.0028927317458135745 0.0027674711957859184
0.00027962841751143187 -0.0028927317458135745 0.0027674711957859184
0.00020505439904210527 -0.0029800757062249483 0.0026797834335855366
0.00020505439904210527 -0.0029800757062249483 0.0026797834335855366
0.0006570568300766587 -0.002694240127602865 0.0031202685046883235
4.778601962959682e-05 -0.002958937663845851 0.0026307594550706577
0.000874152425729651 -0.002636521800563774 0.003283387532926029
0.0001832177193295465 -0.002943702053712396 0.0027184136144703633
0.0002580351073366063 -0.002868060895554431 0.002818280135011343
0.00024772180596787535 -0.002786510283670086 0.0028605594797427372
-0.00011756985175759836 -0.002993035855064853 0.0025377168107386383
0.0006919465678653199 -0.0026725619327412566 0.0031873296641512436
0.0006989341950357843 -0.002728817534882256 0.0031667130921005505
0.00017862278710424582 -0.0028623306149704623 0.0028096717996261753
0.00017862278710424582 -0.0028623306149704623 0.0028096717996261753
0.00022541782163546515 -0.002862685325131332 0.0028383485300301093
0.00022541782163546515 -0.002862685325131332 0.0028383485300301093
-0.000303524616110056 -0.0026974925777877175 0.002644033062872094
0.0003322152959666645 -0.0028711072151261802 0.00290039835838323
1.772981902775416e-05 -0.0028963658636299884 0.0027117993796148755
-0.00020799448684290545 -0.003020157327485251 0.002515153783920418
-0.00012299494869661958 -0.002991475080203594 0.002597947574046198
0.00010434429774385128 -0.0028526881157794094 0.0028162760037948945
-0.00017551249002956137 -0.0029274005577261484 0.002618405159711602
-0.00017551249002956137 -0.0029274005577261484 0.002618405159711602
0.00016247024681651802 -0.0028644156185989866 0.0028471629960283803
6.43736409559306e-05 -0.0028940791178138224 0.002791877862832283
-0.00034511033885137256 -0.003020604069197226 0.002494845153953534
3.3601876236703407e-05 -0.0028342401782081774 0.002814583325402623
0.0005495042957989218 -0.0026751321708422316 0.0032035863981977842
0.0005495042957989218 -0.0026751321708422316 0.0032035863981977842
0.0001267618796039206 -0.0028738225220345526 0.0028557763467569326
-0.00035798347148355584 -0.0030324883014975694 0.002495429441457829
-7.214551057336479e-05 -0.002993460529265936 0.002676764698402402
0.00013515417907280074 -0.002845760798113144 0.0028810953047649396
-0.00027507345077484017 -0.0030018973399073535 0.0025715317604399998
-0.00033172839963283105 -0.003030797002324729 0.0025238348417846615
-7.657042265793069e-05 -0.0029172118876405226 0.002733039860382601
-7.657042265793069e-05 -0.0029172118876405226 0.002733039860382601
-0.0002018983369590372 -0.0029671218265642746 0.002644485948379715
0.00043401021603898735 -0.0027358381379354734 0.003139327311083789
0.00043401021603898735 -0.0027358381379354734 0.003139327311083789
0.00042256457551761935 -0.0026887367913070452 0.0031640955843881763
-0.00022605724604220733 -0.0029775784413702175 0.0026370476926061526
0.00011151724185237317 -0.0028144324556618207 0.0029218424620923666
0.0011137968171640096 -0.0015579585389148248 0.004226375405287062
0.0001133060894540422 -0.0027798402531194455 0.0029611010655032715
-0.00029115364473424646 -0.003047711749423317 0.0025821998973531842
-0.0002736078420543026 -0.0029697833439148477 0.0026477594630067826
-3.983365928434011e-05 -0.0029438537678497774 0.0028056886139102
0.00044767000528103055 -0.0026752883987886593 0.0032334547741898773
-0.0003521483702228512 -0.002974440591781701 0.002631209832906587
0.0008118774084585661 -0.0024449232703007305 0.0035818155103343476
0.0008118774084585661 -0.0024449232703007305 0.0035818155103343476
0.001122191185462036 -0.0022579658134221255 0.003869979085971935
0.001122191185462036 -0.0022579658134221255 0.003869979085971935
0.0010934333318788575 -0.002294636499646625 0.0038330576325782094
0.0010934333318788575 -0.002294636499646625 0.0038330576325782094
1.6950139259776633e-06 -0.002901234758987668 0.0028760975150822782
1.611951765057358e-05 -0.0028300916115440978 0.0029290801041305485
0.0009975413455865147 -0.0023368355988838668 0.003766868139795517
5.039801046424806e-05 -0.0028495065073198627 0.002944063442491763
0.00016737224344053514 -0.0027697916364978316 0.003055540984502215
0.0009719547563171524 -0.0023457764515354275 0.003748553610358313
0.0009719547563171524 -0.0023457764515354275 0.003748553610358313
0.00047716536510890073 -0.0025953507213367713 0.00332870416961108
0.0010123956015473706 -0.002316118970732653 0.003788375938365637
0.00050122258810495 -0.002586188441274785 0.003347360243932769
0.000867673040919414 -0.002405767732196377 0.003658591891467396
0.0012338356757153996 -0.0021792755772535493 0.0039964439786183085
-0.00035632038361725334 -0.0030250721132348986 0.0026234977393842303
-0.00044332029147244983 -0.003038529658754962 0.00256913292169919
0.0009440577237341323 -0.002378506833229889 0.0037204782196261815
0.00046881318838709667 -0.002633465324921671 0.0033088704926627086
0.0008277446383995079 -0.0024262228101900886 0.003631628903897948
0.0008277446383995079 -0.0024262228101900886 0.003631628903897948
-0.0003118183640814306 -0.0029980513238329442 0.0026717483519492183
-9.098757338989037e-06 -0.002779009085337048 0.0029693487976990935
0.000798471395591779 -0.002449970711882898 0.0036063305087978177
0.000798471395591779 -0.002449970711882898 0.0036063305087978177
-0.00026127599035689225 -0.002937541080515283 0.0027410433453555973
0.0011391117002055163 -0.0022301449513667574 0.003930756020174067
-0.00013787710250505174 -0.002868515661815821 0.002855373614683157
0.0010420283817839764 -0.0023055536483588507 0.0038365292532689652
0.0009576118773061393 -0.002337892080967813 0.003774391656406616
0.0009576118773061393 -0.002337892080967813 0.003774391656406616
0.0009122274707936049 -0.002360953131384115 0.0037392411207619602
0.000903374135884104 -0.0023772773217991773 0.003730642314529223
-0.0002507071572427207 -0.002992598015587385 0.0027403090990841053
0.0009974160246936945 -0.002385432520909555 0.00378556834913899
0.0010027719098940093 -0.002309508246617534 0.0038347633508632804
0.000193775894839026 -0.0027491072319278634 0.003132858019652113
0.001132808792790622 -0.001938135108887592 0.004135049011461221
-0.00046788444030108813 -0.0030394892193280026 0.0026038019843789327
0.000770804003043977 -0.002421351407160717 0.003648645462467242
0.00034921267084751247 -0.002668478816308345 0.0032713712717110884
0.00012811677461924516 -0.002864384398086418 0.0030340010877344344
0.00012811677461924516 -0.002864384398086418 0.0030340010877344344
-0.00039743090257288784 -0.002996246803283199 0.002673007704673068
-0.00039743090257288784 -0.002996246803283199 0.002673007704673068
-0.00044700656886006247 -0.00301715526831887 0.002634547543928976
-2.5397369502790603e-05 -0.002841489230152559 0.0029747814176531912
0.0008698123983318678 -0.002361587823089424 0.0037536908265870636
-0.0001860810723765637 -0.002902213252481985 0.0028588306908780975
-0.0004854318729676319 -0.0030706575723253595 0.002597199786347568
0.000392184885267476 -0.0026532172517728745 0.0033274061987431697
0.0007755572320448512 -0.0024326098499902584 0.003668739435737269
0.0007755572320448512 -0.0024326098499902584 0.003668739435737269
0.00041599811180786895 -0.0026528703153942514 0.00334386705726546
0.00034905481291448514 -0.002654374416875265 0.0033076031153894438
0.0007269799952419473 -0.002431556878646681 0.003648940364658251
0.0010804241580573695 -0.0022485051204287607 0.0039652540596443984
-0.00039890616582944054 -0.00302245774011214 0.002700184345870696
-0.0003185848146086382 -0.0029853110978004505 0.002766158680422193
0.0003383646084904085 -0.002669172062147668 0.003311222187175704
0.000977391827388504 -0.0023418025442047134 0.003855010292106535
0.00021387977341223762 -0.0027478717020850904 0.003198743081091366
0.00034495025588860464 -0.0026486574269512656 0.0033300186911121594
-0.0005009834497343112 -0.0030819815907696534 0.0026184292333598473
-0.00019311559300767318 -0.0028827599893293285 0.002905036547945222
-0.00015664890587533832 -0.002877893977794095 0.0029293730001842037
0.0007558468071601542 -0.0024369380913310877 0.003686658756115774
-0.00012004981367765245 -0.002875809601083494 0.0029560491101120576
0.0008932196328252849 -0.0023690809968730468 0.0038079603527477984
-0.000457237117062949 -0.0030961580857638855 0.0026454569188589555
0.0007059981808092778 -0.0024627342592621303 0.0036547566583812635
0.0007913925518635089 -0.0024084847944749336 0.003741842077841166
0.0001871214118528775 -0.002720423856193945 0.003227522124500344
0.0003575167002728253 -0.002617175238841623 0.0033813748043008338
0.0007660943448387558 -0.0024461798645857187 0.0037062722594895653
0.00017971400044112991 -0.0027613012870657846 0.003203487094398771
0.0008103163201383461 -0.0023708634499119007 0.003793116942467011
-1.856734949818438e-05 -0.0028312936639697792 0.003098668423799929
-1.856734949818438e-05 -0.0028312936639697792 0.003098668423799929
-0.0003908813656470602 -0.0030505859173333935 0.0027700686421247545
-0.0005573870045051536 -0.0030941914442392357 0.002657048380489228
0.0002952720258292168 -0.0027379726680799195 0.0033350350375653433
-0.0001593017717585733 -0.002900593672719543 0.0030007709270717066
0.00043469982575435707 -0.0026471653622943746 0.003470189012625376
0.000729091078656071 -0.002417839914490054 0.0037736253119374633
0.0006066973910020702 -0.002521173541912744 0.003648494500631368
-0.00016073992147408065 -0.0029405615710686025 0.002989616803384563
-0.0003802882081174738 -0.0030431699798378923 0.002815113948732704
-0.00044532693036059104 -0.0030723096264362163 0.002766119560743794
0.0005305410316949317 -0.0025030977428206424 0.003640532643008463
0.0005305410316949317 -0.0025030977428206424 0.003640532643008463
-0.0004674511146326667 -0.003082200259741218 0.0027631148685221354
-5.22546587104101e-05 -0.0028443562511983123 0.0031283537397584875
-5.22546587104101e-05 -0.0028443562511983123 0.0031283537397584875
0.00025047196951276976 -0.002766540440148825 0.00334016372771034
-0.0005402929588805692 -0.0031120519597165573 0.0027124082423017545
0.00023047215931478666 -0.0027656724095925516 0.0033308010846801422
-9.02875121981419e-05 -0.002940260525081947 0.0030583736504457846
-9.02875121981419e-05 -0.002940260525081947 0.0030583736504457846
0.0004115217924536119 -0.0026957043571039715 0.0034791810217794585
-0.0003082099498998624 -0.0030775411311205953 0.0028711483742304466
-0.0005490427269491801 -0.0031304825943531127 0.002714398330556727
-0.00039266005717837556 -0.0030954808890233925 0.0028191994474537235
-0.000552569014882827 -0.0031511044325143595 0.0027017145271373087
0.0006868168746516462 -0.0024476987613297166 0.003790331420751256
0.0002333956029736158 -0.002760986198117653 0.003357614615016732
0.0002333956029736158 -0.002760986198117653 0.003357614615016732
0.00015461571754204164 -0.002789789816709215 0.003306165717975444
0.000669186688819258 -0.0024192399475958396 0.0038180291561265346
-0.0001980668653804431 -0.002960480885005264 0.0030316152888864244
0.00035317441597051914 -0.002692975759535631 0.0034858138134054688
-0.00034840842866102435 -0.00305412687514644 0.002895615726931764
-0.00034840842866102435 -0.00305412687514644 0.002895615726931764
-0.000403385619773313 -0.00307329075298581 0.0028592825733170417
0.0008392249474820213 -0.0023719999267228296 0.0039473417607466315
-0.0002751262372639621 -0.0029840146315355553 0.002987740563424419
-0.0004174075168077176 -0.003071501027699049 0.0028613699592336733
0.0003926642267114502 -0.0026391171153816715 0.00355583653313694
0.0008721089240676335 -0.002400851692610883 0.003956084507334505
0.0006384578052859684 -0.002500551452984328 0.0037777173306048828
-0.00038570452820557206 -0.0030665328285423565 0.0028985893240244384
-0.00038570452820557206 -0.0030665328285423565 0.0028985893240244384
0.0007255360151897554 -0.0024499576719900986 0.0038676775448927845
-0.00012755652888841329 -0.002953690736980565 0.003108822488016202
0.0007468602521920022 -0.002509389240329337 0.0038433305604326953
-9.440611218549903e-05 -0.0029499095442194 0.003133002461541587
0.0003773294381625663 -0.002637363751334448 0.0035735843287716946
-0.0003162719890068728 -0.003037828137599054 0.0029651815488809063
-0.0003162719890068728 -0.003037828137599054 0.0029651815488809063
-0.00018840518250094423 -0.0029703089519015438 0.0030806452858133646
7.509932893445263e-05 -0.0028330472787841724 0.0033102657611922786
0.0006126964939914483 -0.0025669300242126165 0.0037644713071920614
0.00032357160241063595 -0.002725660877756047 0.0035160884322117066
0.0006876288587455979 -0.002546318467505308 0.0038191375470145103
0.00016477542401962205 -0.0028085750361230553 0.003386608315122567
-0.0002241169350703262 -0.003025830182387467 0.0030607689784462253
-0.00016825729428953355 -0.003003757280001498 0.003108559684022854
-0.00024241554079228455 -0.003107576643430977 0.003019779078498988
-0.0004942541127481489 -0.003225189329620112 0.002821443312083952
-0.0004942541127481489 -0.003225189329620112 0.002821443312083952
-0.00010785826621142366 -0.0030948287689998217 0.0031059075704411264
0.0004479242831906251 -0.0025601555491359938 0.0037305605644320557
0.000484268595944378 -0.0025306462717302317 0.003774316927790187
-8.367528348000789e-05 -0.0030115185238890224 0.003179724397442977
-8.367528348000789e-05 -0.0030115185238890224 0.003179724397442977
9.851960332066949e-05 -0.0028605930492549 0.00337241890561912
7.746506640892456e-05 -0.0029587933473399623 0.003299315260446546
7.746506640892456e-05 -0.0029587933473399623 0.003299315260446546
-6.364362585153317e-05 -0.0029877925643235197 0.003208444259800018
0.0002896349052486156 -0.002790747371144902 0.0035165478376657277
-0.00049078675509927 -0.0031847975093714774 0.0028745442632360963
0.0002607485334912092 -0.002749825178333356 0.0035369793435455323
0.00016574413759433954 -0.002886464572720295 0.0034017275692895016
-0.00019208857606611078 -0.0029863149187788597 0.0031569171234019314
-0.0003137613081085886 -0.003118940157704424 0.003012466206310038
-0.0003137613081085886 -0.003118940157704424 0.003012466206310038
-0.0004583555386376941 -0.0032225740788122607 0.0028748627375410124
-0.00040428838158252425 -0.0031332573330805913 0.0029632396079224254
0.00013316697464027446 -0.0029048320140302054 0.003388778454205043
0.000641218250284801 -0.002663219852618935 0.0038092041579071557
-0.0004761640199274015 -0.0032216095028958355 0.0028878890889135925
-0.0004761640199274015 -0.0032216095028958355 0.0028878890889135925
0.00022458615231872928 -0.002916742326116148 0.0034576155467604167
0.00043562064279975256 -0.0028022533211704685 0.003642378289373962
-0.0005170581268159945 -0.0032449911591379914 0.0028805621737631663
-0.00011735043048452618 -0.0031736150489942113 0.003131580611692079
0.00033068649391948215 -0.0028386517996327743 0.0035782410751042095
-0.0004602262617201152 -0.0032079547289971767 0.0029428988797578805
-0.0002559776562219145 -0.003145941261883594 0.0030893092915101005
0.00015629974446697447 -0.002912077806001387 0.0034465677483530247
0.0002811767793978138 -0.0028950917156431544 0.003526251524046072
-2.7499926833160542e-05 -0.003037242847026082 0.0032805583777228285
-0.00023878443218190148 -0.0031466263577899175 0.0031211176023233206
5.0134203402222994e-05 -0.0031090493990158373 0.003303706193579682
-0.0003189949443139063 -0.0031460482140812686 0.003102114466239424
0.00014786606841517212 -0.0030140171679631836 0.0034234655721209705
0.00014786606841517212 -0.0030140171679631836 0.0034234655721209705
-0.0004453645454359749 -0.0033296413786175465 0.0029312176434810253
-0.00016590785668106126 -0.0031686126201189192 0.003176536143653446
-0.0003722844723773083 -0.0032592466457905295 0.0030214361479532293
-0.00014060344316886973 -0.0031468299807313285 0.0032132579863804675
0.00012011191042681817 -0.003046156366056197 0.0034100695899409524
-0.00019665956002675044 -0.0031747353513227254 0.0031726953936895906
0.00032725762903107935 -0.0029332846839684366 0.0035913240998570344
-0.00012587312888140352 -0.0031904829026321545 0.003198244555958946
0.00030358721439356016 -0.0029478125037667533 0.003575783055311463
-0.00026740060231446756 -0.0032801759245012466 0.0030759609550922353
-0.0004890424186701385 -0.0033729368319186416 0.0029098603052124406
-0.00047229267636890053 -0.0032950985772075086 0.0029743877131975073
0.0003849908767167392 -0.0029357429545283525 0.0036354029497947895
4.831877448061608e-05 -0.003102801409611003 0.0033655694511588985
-0.000451823304646543 -0.0034188375053408188 0.0029532776313577792
0.00028771791562347244 -0.0030541357773809473 0.003559437549687016
-0.0003921387122335561 -0.0034361538560609213 0.002985471622077268
-0.000404250264972802 -0.0034610714612145826 0.0029765051911744464
0.00017714789999844692 -0.003299991671597018 0.003376377516152511
0.000331482554298188 -0.003199926794225181 0.0035441894011950994
-0.00019088840439419826 -0.0034746456134683353 0.003115263191990586
-0.00022962679131254557 -0.0033927182239122293 0.0031552169219945837
-0.00015442748490675557 -0.00347443371521034 0.003181077537088117
-0.0002372918659906722 -0.003642171874705176 0.0030629927817029156
0.0039024667266534347 -0.0042165781181181874 0.0024631040487416663
0.003938672239779021 -0.004326018991871984 0.0024874801221933854
0.001665634078038532 -0.00419853748912157 0.0021227026625484082
0.001644401684512014 -0.004243325759381063 0.0020872256280494213
0.0017904001484969892 -0.0038355040211008663 0.0024383001664992484
0.0020301690771767646 -0.0034098858697009815 0.0028315938655598554
0.001524535338100103 -0.004218488556451035 0.002135991316379998
0.001695988115590911 -0.003812379150439997 0.002481675865294496
0.005118258685537003 -0.0065774894843807 0.0024392570940170123
0.0015415651716564175 -0.004063520589665415 0.0022689641186021087
0.0014998087078187548 -0.0042222154581200615 0.0021608303060261075
0.0015121530508557823 -0.004105059481637878 0.002252176761225487
0.00172589272352072 -0.0035841636608184607 0.0026884785344112564
0.0016014560514119884 -0.0037767546648455057 0.0025128682919400985
0.0016014560514119884 -0.0037767546648455057 0.0025128682919400985
0.0015472822712910537 -0.0038877206418307378 0.002432946788970626
0.0014212717844282639 -0.004127008505042251 0.0022604435517261695
0.0014935745733000202 -0.003830641833764964 0.0024922953533768506
0.0014794021532722882 -0.0037961335128406945 0.0025149993113441752
0.005099650256977466 -0.006809527982188869 0.002320471193626657
0.0013868341798457158 -0.004180331573214536 0.002243964637967695
0.0013925245884497774 -0.004085045753862004 0.002312516859018829
0.0015116938961689307 -0.0037669566900095327 0.0025769051993421604
0.0014207615672765788 -0.0039978778946952185 0.0023905836880047104
0.0015134227947442066 -0.00378121976236894 0.002570074301652462
0.0013637607478004339 -0.004144464595767404 0.0022853111288295706
0.0015033829863194122 -0.003860406705607959 0.0025330124186439705
0.0014387223582756944 -0.0038885367008911894 0.002501858610142429
0.0018752442971995697 -0.002858014410453756 0.0033725543198905015
0.0013889458588318665 -0.0039080699587708285 0.002506307721258825
0.001378651490384412 -0.0038754675937162563 0.002532165828680666
0.001378651490384412 -0.0038754675937162563 0.002532165828680666
0.0015424511477382388 -0.0035559232652889786 0.002808719887451796
0.0013474094118393026 -0.004028438952300504 0.0024280222233013784
0.001304831340717569 -0.004110680365044273 0.002357580722397301
0.0013682616109913788 -0.003960070857043374 0.0024956089907509946
0.0013237326966766567 -0.004057154112773122 0.0024210308346233754
0.0015234304422795482 -0.0035608489594104874 0.002827584098523942
0.0012752254239139667 -0.004094565565215513 0.0024054040277059286
0.0012540089227567983 -0.00415111682184903 0.0023647737278793607
0.0013251795918971909 -0.003961089974819106 0.00252464782894729
0.0012599452085702853 -0.004195621505786025 0.002345822751366663
0.0012550928324998787 -0.004157401611335948 0.0023723223212073824
0.001265473496199443 -0.004229037704342422 0.0023358141321085405
0.0015150226579379682 -0.003543141161139224 0.0028909038118220196
0.001335358105912463 -0.0039066787652077585 0.002580518252716359
0.0013549898212519196 -0.00394083864515039 0.002581289612528896
0.0012259183919568247 -0.004235644259453352 0.002340493949020624
0.001254670289819734 -0.0041200252662972475 0.0024413770796656437
0.001254670289819734 -0.0041200252662972475 0.0024413770796656437
0.0013820151558088163 -0.0038344661584792353 0.002690405429339584
0.0012553878600744723 -0.0040424001636799566 0.0025054671497075813
0.0012214824461168128 -0.004185645642989383 0.002397329826391211
0.001240955300454565 -0.004173623676821343 0.0024137666112652558
0.0013121912317507485 -0.00388583506079354 0.002635800878240764
0.0012565816058376735 -0.004136965340879928 0.0024524349087598047
0.0013425273198593428 -0.0038751753245805246 0.0026701138515402073
0.001233313453085488 -0.004177869353071705 0.002433542110230367
0.0013689297801137798 -0.00386322445090496 0.0027028424778644845
0.0013689297801137798 -0.00386322445090496 0.0027028424778644845
0.0012101580515217654 -0.004220919023201063 0.0024058814883961338
0.0012185946113960138 -0.004244809987563916 0.0023938958207758393
0.0013051211962192973 -0.00395155286053092 0.002628681598306457
0.001261469152003564 -0.004006117790417002 0.0025747170050235
0.0012784721691457195 -0.004188634599571172 0.0024733684505123983
0.0012147344269765434 -0.004221335202664289 0.0024261128820748964
0.0012168008111427524 -0.004083024194327293 0.0025253264049072137
0.0012186210673323671 -0.0042381785124655435 0.0024233383941145875
0.0012620138809869138 -0.004039450326776566 0.0025772412273489223
0.001217415441474524 -0.00425549646182635 0.002422095090489568
0.0012335030957572146 -0.004069691029323167 0.0025551932762962913
0.0012636421435625901 -0.003919528639184997 0.0026699107301331347
0.0012297841559458103 -0.004235426562204569 0.002447493792457388
0.0012302443763931312 -0.004127574925385738 0.0025261293613830734
0.0012302443763931312 -0.004127574925385738 0.0025261293613830734
0.0012252880259851844 -0.004275981318421407 0.0024340591921333094
0.0012333365236650567 -0.004131795399535593 0.0025473984296080906
0.001315073204788967 -0.00407535542083342 0.0026242003889923996
0.0011900050225833855 -0.0042860856680463815 0.0024345612280060984
0.0012726830836605678 -0.003923335034046668 0.0027149866303357298
0.0015789679726314707 -0.0033116601187482427 0.003245174127076455
0.0012253096546535301 -0.004150180206471973 0.0025489085495011654
0.0012087168926002273 -0.004234353278720284 0.0024865186808665754
0.0012087168926002273 -0.004234353278720284 0.0024865186808665754
0.001336790644712559 -0.003771717316641899 0.002848908335526189
0.0013015253203961905 -0.0038783504757854636 0.0027655483131322984
0.0013015253203961905 -0.0038783504757854636 0.0027655483131322984
0.0012195207572437553 -0.004225344593549448 0.0025015757447755423
0.001204939837497355 -0.004286038555164463 0.002454699837832248
0.0012139072087770611 -0.004093040211216908 0.0025937296702598276
0.0012749244092732078 -0.004039263191776532 0.0026614774302320863
0.0013932335072371776 -0.003653961066248383 0.0029689706408079016
0.0012680700648531867 -0.004013058900277575 0.00268155635747196
0.0012680700648531867 -0.004013058900277575 0.00268155635747196
0.0016004061676391824 -0.003256008614717907 0.003315207379029033
0.001582257379627888 -0.0032863753904588356 0.0032910409469307862
0.001582257379627888 -0.0032863753904588356 0.0032910409469307862
0.001262284082611754 -0.003990246924352106 0.002702282264008435
0.0016218168096041752 -0.0031478166241586457 0.003401732584632886
0.0016218168096041752 -0.0031478166241586457 0.003401732584632886
0.001782826715505385 -0.0029479914261419955 0.003596216567328621
0.001782826715505385 -0.0029479914261419955 0.003596216567328621
0.001696479889600947 -0.003074794603699655 0.0034801695459605445
0.0016557246842146829 -0.0031481591721118076 0.0034169290750879423
0.0016810709993535572 -0.0030091848846122114 0.00351754087565586
0.0016810709993535572 -0.0030091848846122114 0.00351754087565586
0.0017352927739597394 -0.003023925354970031 0.003530642958713546
0.001219712656820005 -0.004135211976832704 0.0025905012937232205
0.0016314834529717404 -0.0031007111398719256 0.0034393411400702885
0.0016014797645824285 -0.003179431593484393 0.0033770244954491125
0.0016943018591891144 -0.003048221308311183 0.0034999224758804253
0.001216742758543077 -0.004279987104528509 0.002496404424211777
0.0015443877128755296 -0.0033429618798796277 0.003256963694770415
0.001744307100412324 -0.002980705633354042 0.003578958269208194
0.001458323448674609 -0.0036460291753022 0.003030019908155813
0.0016349952355919424 -0.0031590246627871727 0.003424660728449498
0.00156819590839959 -0.0032849910303011268 0.003318507474976039
0.0012787721807178015 -0.003987521837524134 0.0027382111809463663
0.0016517594440242551 -0.0031282547788217146 0.003455974526405006
0.001391779183039255 -0.003658268368530582 0.003004302230348738
0.0015690072342297225 -0.0033081592836822723 0.0033060939985650457
0.0015690072342297225 -0.0033081592836822723 0.0033060939985650457
0.0017085286917743314 -0.0031285983298435533 0.003479951378523319
0.0014098308457913189 -0.003649647494786953 0.0030198518009780634
0.001203285839940937 -0.0042193658027007775 0.002554231333435143
0.001203285839940937 -0.0042193658027007775 0.002554231333435143
0.0012044721567267497 -0.004052850321231292 0.002667496343827833
0.0015568133201483343 -0.00321633461549118 0.003365786113993109
0.0016449196049176788 -0.0031537827512652704 0.003442342823085916
0.0016449196049176788 -0.0031537827512652704 0.003442342823085916
0.0013546652658431497 -0.0037613699109381536 0.0029302110640637546
0.0016920429642016805 -0.003048351456472011 0.0035343111808649745
0.0013415011179110804 -0.0037887834017271147 0.0029121984582982977
0.0016648107075478028 -0.003125166706516289 0.0034801494845870065
0.0017811467890154926 -0.0029148224526685585 0.003667563337713602
0.0015449354510649101 -0.003325523154780943 0.003307615653747905
0.0015614171075892982 -0.0033071906954911393 0.0033262431406123026
0.001596683105842434 -0.0032096749917780625 0.0034041018328477275
0.0012475246166408654 -0.004150136510292736 0.002639381331882964
0.0012475246166408654 -0.004150136510292736 0.002639381331882964
0.0013844591953318787 -0.003599259719022242 0.0030644527481621456
0.0012288693573124763 -0.004196771900174846 0.002608893059448546
0.0012288693573124763 -0.004196771900174846 0.002608893059448546
0.0012169810500456332 -0.004215818105520058 0.002591414086219201
0.0015867126972317225 -0.003284197602977698 0.003370016556137941
0.001220696416424876 -0.004268044694244906 0.0025665460075814613
0.0015826084223189074 -0.0032544770542318633 0.003388746356007382
0.0016781349546444743 -0.0030334693026635787 0.003575223342989752
0.0016781349546444743 -0.0030334693026635787 0.003575223342989752
0.0012520996442221088 -0.004052890757437329 0.002731746904858075
0.001638494472017209 -0.003258387266701594 0.0034175590022170366
0.0012380262145344283 -0.004363410790437487 0.002523173317992245
0.0012349587051368792 -0.004219391569027415 0.0026258424124164874
0.0016490128695844702 -0.003154140345248586 0.0035029758169329134
0.0012159725898745935 -0.004325095259658246 0.0025495660610188745
0.001225082083447458 -0.004264999503125418 0.002595647537570063
0.0012259442836670472 -0.004343510315384413 0.002542739677138222
0.0012148378684338488 -0.004368610823842128 0.002521004683512784
0.0015812104423693204 -0.0032879835603150777 0.00339330831234993
0.0013252004055722365 -0.0039660616220243755 0.0028467111135894365
0.0013252004055722365 -0.0039660616220243755 0.0028467111135894365
0.0016469510854285215 -0.003221361619549056 0.0034718791833459545
0.0012143145800434679 -0.004249270351857031 0.0026178093369175225
0.0012843372057372506 -0.004034736781680222 0.002791391374523986
0.0012843372057372506 -0.004034736781680222 0.002791391374523986
0.001410416167710187 -0.003591494086709256 0.0031480369564053233
0.001410416167710187 -0.003591494086709256 0.0031480369564053233
0.0012589170631764615 -0.004233204326242686 0.002654913850344782
0.0012589170631764615 -0.004233204326242686 0.002654913850344782
0.001379196282059554 -0.003794490737115099 0.0030080466857196108
0.0012700152030930753 -0.004094527636681168 0.002768698450312107
0.0012578133741729084 -0.004142280476415243 0.0027329360427745418
0.001507118414072193 -0.003396342436425459 0.0033332154709854443
0.0012271467122434829 -0.0043836156027963116 0.0025582140176167796
0.001258795190332218 -0.004229330098861739 0.00268066613402121
0.001247143858040293 -0.004249667661090773 0.002662301451150161
0.0015094641528649191 -0.003447286163004342 0.0033078478641466076
0.001594221387233941 -0.0033623445520741474 0.003403546132800724
0.0012386928477079178 -0.004355023161507134 0.002592731115391972
0.0015151456905803694 -0.0034834076691282385 0.0032954674890019525
0.0015151456905803694 -0.0034834076691282385 0.0032954674890019525
0.0012383547195261135 -0.004372046240022827 0.0025975824570478056
0.0017181072806013652 -0.0031288682807012243 0.003629851466202479
0.0012610341650026464 -0.004426233420514367 0.0025774849730374094
0.001288889726965056 -0.00410631695360796 0.0028110816126515606
0.0014925426350527618 -0.003509027296972146 0.0032965146927006373
0.0012701875428301256 -0.004236215695140225 0.0027213636394491304
0.002222851454491096 -0.004035445324316868 0.003238836739175792
0.0022210115757704896 -0.004060636077609608 0.0032284319077902934
0.0015746492761160198 -0.0033780741735309765 0.0034345685393055918
0.0012782681387076586 -0.004328229347739224 0.0026827429877167345
0.001339048928455018 -0.0038944669056008227 0.003005222545859795
0.0015889378170160513 -0.0033733806898081703 0.003458072946077084
0.0014226590284084184 -0.003826901014518045 0.003090145349252298
0.0015394526149851747 -0.003508025482131091 0.0033534062403827924
0.0015394526149851747 -0.003508025482131091 0.0033534062403827924
0.0016459380879390135 -0.003223494394323318 0.0035844721377251212
0.0012281048935970929 -0.0042035337428553195 0.002761328403208574
0.0013192010518156892 -0.004222876668453517 0.0027860124187441024
0.0016679583135464973 -0.0033318044962192843 0.0035257474820359286
0.001508510438301511 -0.003549864479713325 0.0033196013213682
0.001508510438301511 -0.003549864479713325 0.0033196013213682
0.0015957304100206507 -0.0033625533157425275 0.003480227723943805
0.0012693073187202484 -0.004452365365685003 0.002609576650751854
0.0014066824639816945 -0.00386761795440158 0.003071867431821801
0.001579477782286506 -0.003453832690724139 0.0034220226578292475
0.0012831058135527693 -0.004372144666136748 0.002681325150141934
0.0016591841583706792 -0.003311820609736547 0.0035491907016181297
0.001503541972704701 -0.003706065531361818 0.003225393111233621
0.0012775507565282972 -0.0043238256568263545 0.0027144459763188797
0.0014169737918772222 -0.0037168868870153995 0.0031907270577599084
0.0012722809471588188 -0.004418274446713909 0.0026550788551421324
0.0013043015323807882 -0.004127308234501267 0.002874255379457149
0.0015160022171927547 -0.003600535496995676 0.003316516885186728
0.0012851722604107709 -0.004458258754639604 0.0026514557710811642
0.0016484195779715052 -0.003304124941463775 0.0035804523400024386
0.0012745834599607497 -0.004428381617469537 0.0026706871052890563
0.0012745834599607497 -0.004428381617469537 0.0026706871052890563
0.0014004230333247644 -0.003936787877682308 0.0030620288327044133
0.0015880248677905904 -0.0034614856031945584 0.003468608176390579
0.0013130260670029957 -0.004442586010311345 0.0026913874335742706
0.0013130260670029957 -0.004442586010311345 0.0026913874335742706
0.0016459231594559707 -0.0035353000479083014 0.0034500413751811345
0.0016811803573487615 -0.003488986987876333 0.003502050486078472
0.0015801835821572386 -0.003474102953314132 0.0034822052738403162
0.001344613984820363 -0.004258649482828605 0.0028571936827973946
0.0013246111967622454 -0.004517098465440627 0.0026705968291081354
0.0013157543511123752 -0.004506754930955056 0.0026914832266329144
0.0017068180443470906 -0.003457649367039749 0.0035649228307466515
0.0017068180443470906 -0.003457649367039749 0.0035649228307466515
0.0015802148496886514 -0.003666105845637551 0.003379354122451216
0.0015236930425245711 -0.0038004856397543924 0.003267584687455786
0.0013255860227867127 -0.004350923212327987 0.0028130225505413648
0.0014339070017086446 -0.003966207129674318 0.003125991011490046
0.001396333867133895 -0.00423218360982625 0.0029277074046462088
0.0013602185988433335 -0.004513635778330275 0.002727544047101858
0.001485846117219872 -0.003843089665278141 0.003246314114627753
0.0015296180438154432 -0.00378310214612473 0.003304441944454189
0.0014473591870804653 -0.004043830727688594 0.0030961121032768457
0.0014329719222804995 -0.004175107842312403 0.0030046688519501452
0.0013537602471294153 -0.004572085248397138 0.0026944663528780193
0.0013603769896565953 -0.0045487775998158 0.0027126364404257497
0.0013848615512549007 -0.004315397497652275 0.002891094394870631
0.0015930437219154666 -0.0036268273062366923 0.0034489455226516196
0.0015930437219154666 -0.0036268273062366923 0.0034489455226516196
0.0015919907975907334 -0.003949472621478611 0.003228597414121982
0.001396228670306405 -0.0043013601470910665 0.0029135039521812852
0.001396228670306405 -0.0043013601470910665 0.0029135039521812852
0.0013984232278419846 -0.004258642147888905 0.002945447677265887
0.0014642371340969698 -0.004069434682584426 0.003105693415278608
0.0014642371340969698 -0.004069434682584426 0.003105693415278608
0.0013957960969394913 -0.00435871266752205 0.0028811830732741683
0.0013762980405012321 -0.004540762203402265 0.002745980449383306
0.0017400448137756784 -0.003484073330578947 0.0036261656903492047
0.0014465033500777953 -0.004097133044877627 0.0030958432808714364
0.0013793411000997816 -0.004464508389703987 0.0028185073300666615
0.001437029836612904 -0.004320973713156651 0.00294584489246194
0.0014320426418431426 -0.004168446463229101 0.0030570872148676584
0.0013908510937459522 -0.004601269782318754 0.002736400641984559
0.0016332109174722676 -0.003691684598432875 0.003471579265811561
0.0014119301118025926 -0.004633678782376431 0.0027321024927040366
0.0014081201121628635 -0.004620869728592459 0.0027416702632786605
0.0016356832936854524 -0.0037207629324583235 0.0034592510502381045
0.0016356832936854524 -0.0037207629324583235 0.0034592510502381045
0.0015976586214766168 -0.00395734326254371 0.003296571867615221
0.0015976586214766168 -0.00395734326254371 0.003296571867615221
0.0017032659979232798 -0.0037032828307767165 0.003513387168264811
0.001604601204594309 -0.004117142823070586 0.0031954053700689765
0.0016576080396932538 -0.0038026669379758993 0.0034370997831117524
0.001701315946214169 -0.0037812396983588933 0.0034675594680888787
0.0017724988618043648 -0.0035501183814721656 0.0036531326901933603
0.0027906363161842966 -0.0055319109450276 0.0026286279341322426
0.0016985290491972201 -0.003733960683191069 0.0035063526476337018
0.0018125458125444038 -0.003673712930407794 0.003590848645304183
0.001619262510891394 -0.004116047346691826 0.0032257386683928134
0.0015760336676196246 -0.004144548540077302 0.0031925757133314378
0.002706453464016386 -0.0055058293413661865 0.002640467655260048
0.0016334802727579116 -0.004372590310742358 0.0030687689526788524
0.0015792185830712153 -0.004146600128980527 0.0032131155506283475
0.001505497188650203 -0.00436361325358074 0.0030425427190525884
0.0016822650429027717 -0.004064760821392612 0.003318400648161949
0.0018036639097687964 -0.0037154790174355763 0.0036191447111452333
0.001867245999972387 -0.0037427770299431093 0.003629214016058308
0.0016928551598804312 -0.004218930909737548 0.0032482886553182335
0.0016928551598804312 -0.004218930909737548 0.0032482886553182335
0.0016928551598804312 -0.004218930909737548 0.0032482886553182335
0.0015487902596631902 -0.004768854256802987 0.0028012535457552805
0.0018545897887780576 -0.003929308370709408 0.0035119251956682277
0.0015957187023284375 -0.004307522812966572 0.003161651607556906
0.0016315282932761876 -0.004645857344805178 0.002937123711850621
0.00188269642353218 -0.003801709446232005 0.0036330587782968707
0.0018443877026488782 -0.003966734931873745 0.00351179479674023
0.0019443580878167617 -0.0037881151699129217 0.003676453535396979
0.0016322660502880485 -0.004735579477216204 0.002899008606731383
0.0018108222153438147 -0.004109820421729206 0.003425865413930457
0.001659109202496503 -0.004589089911198841 0.0030382245083985277
0.00167549528538352 -0.004555261420070342 0.0030742296585559033
0.0017485571327626919 -0.00476123463759252 0.0029812381707264054
0.0020406365063168805 -0.004175740214421397 0.0035255358345451025
0.0021533685110913824 -0.00395791845973812 0.003718573893743084
0.0018876116089420036 -0.004716331431604981 0.0030947584620973673
0.0021748401678432375 -0.004023910724142217 0.003690365596411263
0.002092347016207463 -0.004046020865452816 0.0036481233652209144
0.0019803487404971665 -0.004300477415309497 0.0034301861322562095
0.0019273885794375938 -0.004774136408619076 0.0030843626583299615
0.0020361400002055006 -0.004448793218705283 0.0033780626715297054
0.0021905615453293786 -0.0044420231947459145 0.003450690862149428
0.002186056074291699 -0.004440116956763152 0.003451560021157963
0.0044005658056529146 -0.005303955751727719 0.0021299302738998216
0.004277806248699014 -0.005540698453555179 0.0019720071414084657
0.00428816669429556 -0.00543317494557728 0.0020566520947774667
0.004176653041812739 -0.005576147276747628 0.001998350734069927
0.004137511546669862 -0.0056641546417051875 0.0019522501992138772
0.004240675404718986 -0.005277102913637354 0.002217033748595908
0.004224293287087832 -0.005279441819024718 0.0022219833909820777
0.004115733671858486 -0.005665024114172685 0.0019676046729855453
0.004116366357426442 -0.005642529797558832 0.0019858535014244125
0.004405738380052526 -0.004800347576624002 0.0025761007382632856
0.0041047894402919845 -0.0056670502502082325 0.0019739350394054702
0.004197016088255345 -0.005256540256528044 0.0022608141856022847
0.004209341796157109 -0.0051877678932482265 0.002313828371313877
0.004209341796157109 -0.0051877678932482265 0.002313828371313877
0.004118068063436805 -0.005499534019658161 0.002102905597606744
0.004102654157846031 -0.005604946506913729 0.002034658309433388
0.0040922069468089335 -0.005590791452512465 0.0020469790019917683
0.004085629574727322 -0.005635287579019811 0.002017348353276101
0.004088542486165044 -0.005576834378791306 0.002058334742482969
0.0041052124845064675 -0.005490898726802302 0.0021178954559143586
0.004119087431979707 -0.005431985619585437 0.0021619010818387
0.004077253449740857 -0.00559222734532345 0.002060170859696037
0.004068196993424283 -0.005549361142724277 0.002098065289706356
0.004054523161220763 -0.005586596870072833 0.002082069855050148
0.004062797725503693 -0.005535969235510758 0.002121002962675399
0.004040785383389091 -0.00565034088142124 0.00204386096300962
0.00405002790894523 -0.005592018080120732 0.0020843392979316374
0.00405101843926367 -0.0054808420856312726 0.0021634909456915885
0.00404872667810412 -0.005480274286068354 0.002164290892961417
0.004057375387003533 -0.005428534687186142 0.002200691252177492
0.004052399664831763 -0.005521612564305438 0.002141510701774648
0.00407616461869208 -0.0053691622372070485 0.0022475124918778953
0.0040222381420188455 -0.0056761347924477595 0.0020451453924503924
0.004013765973206567 -0.0056057971091517415 0.0020879754218854052
0.004090029786245719 -0.005243317335040688 0.0023378478538509584
0.004029772441618221 -0.0056277709585058665 0.0020814640015692997
0.004031008472995333 -0.005537228588234608 0.0021438358149677055
0.004031008472995333 -0.005537228588234608 0.0021438358149677055
0.004066225963474172 -0.005281955947971579 0.0023214792776469428
0.004019222666808911 -0.005476642487848256 0.0021889016844835315
0.004019222666808911 -0.005476642487848256 0.0021889016844835315
0.004012117931370418 -0.005575254796392356 0.0021248968752791302
0.004010787862304847 -0.005614326014036057 0.0021045130151614785
0.00401357739629531 -0.005571874266875821 0.0021328973510460958
0.00401357739629531 -0.005571874266875821 0.0021328973510460958
0.0041061027079572175 -0.005052825534333124 0.002483172945294771
0.0039877566531816835 -0.005681509735952936 0.002067532882250155
0.003988493407124868 -0.005658231270400916 0.002085436655064168
0.004044512034290949 -0.005273159850668454 0.002345672792599466
0.00403068573564854 -0.00535379089934325 0.0022921801431289913
0.004020210689455659 -0.005434667699843887 0.0022384833691827676
0.004086706870486314 -0.005059271002883723 0.0024921684651892225
0.004037465978370056 -0.00525916785761898 0.0023573444997238907
0.004006527829634047 -0.00551355384786342 0.0021876844606441115
0.00409080014298958 -0.005027879310376275 0.0025154923195988724
0.004096269374950385 -0.00500754224968158 0.002530107531755664
0.003993725413343585 -0.005604780122896948 0.002126559461611094
0.003993725413343585 -0.005604780122896948 0.002126559461611094
0.003998120609518598 -0.005633980517842017 0.0021094240394035875
0.004079290682223643 -0.005065703556925107 0.002496518774040944
0.004035979430590887 -0.005237726167543847 0.002381122242709838
0.004035979430590887 -0.005237726167543847 0.002381122242709838
0.004113546731375673 -0.004918729075771611 0.002600102165564182
0.004222470962069072 -0.005751230155861905 0.0021046785214931672
0.004001511733948033 -0.0054512908047246655 0.002238329398140863
0.004099983487493781 -0.004928059808679525 0.002593991471184499
0.004078111073459608 -0.0050116908163456595 0.002537427425425352
0.004125300690131603 -0.004855703433998294 0.002647616024185986
0.004110841705921239 -0.004877777464836525 0.0026319897188028774
0.004109312778490471 -0.004832686283509555 0.002665735958299871
0.004124849559994166 -0.0047992451963116125 0.002689599463657694
0.0039773889353372305 -0.005607034080905738 0.002143496777754913
0.0040895849252875136 -0.0049346868483335915 0.002599704448833791
0.0039714339673696366 -0.005688419813376317 0.00208977041328272
0.004104608135628635 -0.00485595216368427 0.002654149512012983
0.003979007888181749 -0.005482129336202699 0.0022272901258172245
0.003979007888181749 -0.005482129336202699 0.0022272901258172245
0.004127261438627776 -0.004781639186001633 0.0027064600450477294
0.004127261438627776 -0.004781639186001633 0.0027064600450477294
0.003987413352927014 -0.0054364186816030025 0.0022612169176760605
0.004004756911884977 -0.005262500177147231 0.002378563916049401
0.004051912925756297 -0.005007047266635425 0.0025530527277397835
0.004051912925756297 -0.005007047266635425 0.0025530527277397835
0.003944041917173644 -0.005680734113098522 0.0020933779497791963
0.004057643707874604 -0.0050418753157004574 0.0025313287678697914
0.004079065493305679 -0.004921245273547618 0.0026151045622302576
0.004056907706232927 -0.005025503103372488 0.002544132939530438
0.004114442471704146 -0.004807148546819347 0.002695118347518005
0.003959622081397615 -0.005665137210166005 0.0021117210666736917
0.003977477205380798 -0.005548349109121075 0.002193608584249891
0.004069119565839863 -0.004964482298098284 0.002590143699739905
0.004069119565839863 -0.004964482298098284 0.002590143699739905
0.004056286305187587 -0.005000767367108307 0.002564764557611284
0.00407970294344985 -0.004883052007436323 0.0026445541570497442
0.004069135113404355 -0.004891183806835222 0.0026413573771764598
0.003966469278953313 -0.005526347612686543 0.002210936595643363
0.003957457709960031 -0.005673570008532715 0.0021145512249455692
0.004106100952587033 -0.004759297022367708 0.002737966432189202
0.004043308602645837 -0.004979402725245919 0.0025864910251529685
0.004037723014718511 -0.004991080388090613 0.002579289493587155
0.0039606231439371625 -0.005524889025446744 0.002218948105165774
0.004079904309486738 -0.004815673361064215 0.0027025510864138445
0.003958183430147769 -0.00569906751276521 0.002104633884937045
0.00402934538512903 -0.005003804690407861 0.002574932664789034
0.0040960812995734655 -0.0046822019866908406 0.0027968520804010372
0.004001919982899531 -0.005205615839021191 0.0024414472944730265
0.004001919982899531 -0.005205615839021191 0.0024414472944730265
0.0040801543243544555 -0.004805785125720269 0.0027147494045936427
0.004063354930153711 -0.004858005476611783 0.0026788119615719576
0.004070084016372704 -0.004833620673327986 0.002698679241321005
0.004070084016372704 -0.004833620673327986 0.002698679241321005
0.0041184687893732275 -0.00469611024113786 0.002805086271169721
0.003942387856925434 -0.0055428576215740015 0.0022214422354308897
0.003932907854860038 -0.0057114976651929565 0.0021085699264252063
0.003950179443640434 -0.005492326720447456 0.0022623127702055754
0.004067737337203094 -0.004760156283909533 0.0027615902041332454
0.004077398393164669 -0.004737680718018935 0.0027803240162773946
0.004019363347190846 -0.004920839688997292 0.0026515535702771624
0.004000094397907571 -0.0050599093620588825 0.0025604774420862077
0.003926662498510481 -0.005699226436458707 0.002128473316646622
0.003937060057648071 -0.005572020087984725 0.002215161019376133
0.0039830605364036 -0.005079085339414168 0.002549384505588355
0.004065279568177515 -0.004670714421033368 0.0028311319524341426
0.003973929853004936 -0.005092951039848042 0.0025451094268874016
0.003955198046998141 -0.005216560791543304 0.0024643338109395473
0.00392227958992676 -0.005648461256104312 0.002172117837847279
0.003921123553276631 -0.0055534395572727656 0.0022368985206732634
0.003936895052850721 -0.005366129772521398 0.0023661529473101004
0.00390233231545073 -0.005534319375612632 0.0022548238594638295
0.00391529045815328 -0.005663895285760417 0.0021750397769030923
0.00391529045815328 -0.005663895285760417 0.0021750397769030923
0.003910063467277947 -0.005692093991248015 0.0021559343278141517
0.003912067598494396 -0.005497742225542254 0.002291050186264462
0.0039212333892967525 -0.005307616513555863 0.0024222204740741806
0.003954205510542347 -0.004997973256617006 0.0026428659924665194
0.0039009212485894987 -0.005702695424094186 0.002162656392552406
0.0038905771028589532 -0.005570959907085033 0.0022581776195850496
0.003897896996528641 -0.005582462722520984 0.002251163160327478
0.003896488938873441 -0.00567675757271253 0.002189981989448554
0.003951862843647444 -0.0049148586098982025 0.002710925205262956
0.003913891428116172 -0.005183724178606779 0.002526827998716535
0.003963636863776912 -0.004848865796940923 0.0027577469464976976
0.0038893511021686105 -0.00562819130697328 0.002224343611578827
0.0038925992893115865 -0.005719458833206147 0.0021658080343352304
0.0038843668539130876 -0.005706494860166911 0.0021744675262229205
0.003891370279415213 -0.00567314934660634 0.0021997568937049583
0.003946433232899377 -0.004909551232472185 0.0027217753991409985
0.003946433232899377 -0.004909551232472185 0.0027217753991409985
0.0039272001433213 -0.005008532654616435 0.002655766458720148
0.003921812410690493 -0.005065246345683817 0.0026174803303914986
0.003921812410690493 -0.005065246345683817 0.0026174803303914986
0.0038904589915222483 -0.005535221259736751 0.0022973298977162033
0.0038786172642570884 -0.005547880550665378 0.0022908937075508656
0.003883332690107202 -0.005522507050798065 0.0023137085046069875
0.0038740583171205717 -0.005568405655391096 0.002287839864964039
0.0038767886700590976 -0.005729817711507884 0.0021778794643274005
0.0038847798674408016 -0.005608916339277943 0.0022631934645038947
0.0039051552014746998 -0.004917245678255007 0.0027394414446785856
0.003869073065796372 -0.005689777404138711 0.0022143761181364578
0.003872583304631188 -0.005385635383320631 0.0024252693013176226
0.004139077587641675 -0.005227709178931452 0.002595454948384098
0.0038669392879534335 -0.005180424051313878 0.00256890622817821
0.0038628603091788137 -0.005566104114311946 0.0023068465117883053
0.0038650121422579365 -0.005537374973569644 0.002329629712181105
0.0038620015570078018 -0.0053413159222840045 0.002468918336327325
0.003852154933340999 -0.005558750931300543 0.002321418090457652
0.0038497196079770673 -0.005497008418113308 0.0023684900973272804
0.0038758161949768413 -0.004947230864729114 0.002745939323567553
0.003868820543256962 -0.005744563447976257 0.002201927534321773
0.0038622999699391798 -0.005092773026503788 0.00264778303512069
0.00387307154830967 -0.004891411801210892 0.002784861898971696
0.003876283123445939 -0.004976948670709035 0.002727563606941058
0.0038516370991365486 -0.0052607688179191064 0.00253539520828595
0.003853987790580867 -0.005666465398477807 0.0022577989611595193
0.003850301011658916 -0.005580707226952822 0.0023174002988723234
0.0038490885523957113 -0.005243994939277831 0.002553234283170303
0.003869657604067836 -0.004962087095481428 0.0027479519808677557
0.003844878798542341 -0.00564530234207358 0.002279107650597274
0.0038448717770616027 -0.00562808799089956 0.002291259827617934
0.003850944605598733 -0.005726573536639615 0.0022261812333949104
0.003836105458359823 -0.005187335727377963 0.002596314076705864
0.0038639813638088358 -0.0048661543125052414 0.002821458859648444
0.003839395022085721 -0.005404530814905346 0.0024591614873071053
0.00384443895292752 -0.005208070786916115 0.0025945732510171014
0.0038453680452894996 -0.004994918630382776 0.002746452393195788
0.003828444395956404 -0.005446535757661814 0.002434833561151877
0.003818894053700041 -0.005260250419488526 0.002562414367701304
0.003838229080132408 -0.005497862468399897 0.0024140590057845726
0.003837311021525874 -0.00490013364008603 0.0028277425833748925
0.0038300160791895238 -0.005615489385625886 0.0023395034187021838
0.003959197031045777 -0.005190381890220232 0.002666327768819243
0.0038100387126531864 -0.005115184088417457 0.0026914150179628855
0.003805596873784698 -0.0053625751478976295 0.0025198305916264707
0.0038166103170899058 -0.00555179678154717 0.002392155496621415
0.0038208588144709216 -0.005518351650728624 0.0024167477313730068
0.0038248027551249135 -0.005761354316093249 0.0022532214572524795
0.0038244780116407666 -0.005756951722286743 0.002256941838975107
0.0038244780116407666 -0.005756951722286743 0.002256941838975107
0.0037983129652037935 -0.005089654266566028 0.00272473695940955
0.0038055872192486826 -0.004982323159698717 0.002800435041714929
0.0038196541289899633 -0.005753177049471979 0.0022659348511978664
0.0038021049409532348 -0.005122125981925434 0.0027051550526990807
0.0037873943118885527 -0.0052450569382395 0.0026191584642879548
0.0037873943118885527 -0.0052450569382395 0.0026191584642879548
0.0038156952676894024 -0.0056759762449050165 0.0023256640801669753
0.003811474229313417 -0.005693283818774196 0.002315414724426397
0.003781384802061652 -0.004962488526700513 0.0028263593516694454
0.0037878823047998653 -0.005272824700346785 0.002615494254411234
0.0037911889206932708 -0.004902435855101948 0.0028745984289446492
0.003808743249456968 -0.00562654132169157 0.0023743088987219856
0.0038095391844520893 -0.0055341988192960274 0.002444225293173705
0.0037824548255727362 -0.00511122870651137 0.0027383606381792243
0.0037824548255727362 -0.00511122870651137 0.0027383606381792243
0.003794411404201401 -0.005513888057808205 0.0024624395157432193
0.003807271998475123 -0.005654940327455587 0.0023667618099969794
0.0029214770959336534 -0.005468898797662577 0.002311914014744011
0.003772512032696536 -0.005377395801057809 0.0025619048088134384
0.0038157126960076636 -0.005679537076016225 0.002357019003938236
0.003813978390265301 -0.005775955861439318 0.0022887496482539888
0.0037696106565485985 -0.004899475047134904 0.0029061970984043967
0.0037650046905678518 -0.00497409796520223 0.0028535660849273808
0.0037650046905678518 -0.00497409796520223 0.0028535660849273808
0.0038002116488255835 -0.005645999662879403 0.002388632217893799
0.0037590028291396124 -0.0048745525676943905 0.0029319589112332552
0.003812729193611805 -0.0057932768513520505 0.0022945860033505394
0.0037781169296958917 -0.005547120412683663 0.0024664437659014096
0.0037573032546501877 -0.004994269268798067 0.0028562076662880004
0.0037508419877679273 -0.00511791560115414 0.002770880626218706
0.003784248312367036 -0.005542686535672798 0.0024749091640001186
0.003797630126201993 -0.005779966756927492 0.002309433425906034
0.003753207223708061 -0.004982745420265796 0.0028700520201665933
0.003750562382374241 -0.004965514487112711 0.002884347754949792
0.0037454499920952437 -0.004843552448121688 0.002969709902422778
0.0037379338731156372 -0.0048007969122088835 0.0030047094762315598
0.0037827736760284066 -0.005651240947483383 0.0024099449196062616
0.0037582633167575668 -0.0053640406312345824 0.0026152926376071767
0.0037582633167575668 -0.0053640406312345824 0.0026152926376071767
0.0038059621161666743 -0.005791219306728557 0.0023176019156763805
0.0038059621161666743 -0.005791219306728557 0.0023176019156763805
0.003739673946502892 -0.004987413325737342 0.00288510908407556
0.003790529026887454 -0.005724998530741503 0.0023686395545601388
0.003747415881318386 -0.005316439505637888 0.002672014165148597
0.0037848285875966233 -0.005667577049338983 0.0024267036895255917
0.0038025151960420873 -0.005804504199052608 0.002329928125112483
0.0037851208567323555 -0.005731839772576933 0.0023858762867040124
0.003756755077618261 -0.005414162343032745 0.0026121986722732744
0.003756755077618261 -0.005414162343032745 0.0026121986722732744
0.003721829605507985 -0.004844534656104699 0.0030157236718382757
0.0037465558753115276 -0.005317049872927782 0.0026849958799650547
0.003791461379222634 -0.005700768842624819 0.0024137505621664255
0.0037335820596609004 -0.005143353077995502 0.002808977174567421
0.0037900673645289104 -0.005658927023911932 0.0024474170577036053
0.0037679683823573415 -0.0055883763765974485 0.0024982440521652146
0.003772960404395111 -0.0057061766993209565 0.0024181435014369148
0.00371446683065236 -0.00512308174964504 0.0028329525220827183
0.0037770273463456077 -0.005630498427621946 0.0024772749014745905
0.003800715189301388 -0.005807153303428305 0.0023518125759707793
0.0037096405657134485 -0.004835949203223723 0.0030408294777524406
0.003774724927581365 -0.005696639961183524 0.002435393273473588
0.003803397771094176 -0.0058265692022727465 0.0023515823717094307
0.003803397771094176 -0.0058265692022727465 0.0023515823717094307
0.003748942175693876 -0.005456799219055662 0.002633625222280565
0.0036835951352161963 -0.004842070257422085 0.003072045476511951
0.0037036844692935928 -0.005034785688983911 0.0029375821142359647
0.0037909787778054598 -0.005735322176255965 0.002439106633715477
0.003810763931306586 -0.005836201420009861 0.002371330286285927
0.003723613563149854 -0.005580390382634506 0.0025476547136550386
0.003701998686998475 -0.0049760915485246235 0.0029855649074642197
0.0037118888187691384 -0.005190643659799007 0.002840846672569932
0.003702076174053766 -0.005151440538624293 0.002869847895690844
0.003702076174053766 -0.005151440538624293 0.002869847895690844
0.0036953424486421424 -0.005025087080638743 0.00296751769582941
0.0036823345286565003 -0.004976386497734476 0.003003749037973427
0.00377958391763586 -0.005726237007098515 0.0024666152906451595
0.003794757839045686 -0.0057852742440641465 0.002434794441473478
0.003771055576977675 -0.005634311028971056 0.002545432415001364
0.0038034041656569914 -0.005844149234671289 0.0023944058811980434
0.003812958394804477 -0.005869738519687721 0.0023834548789179724
0.0037970449610126057 -0.005727159955664849 0.002490387516753384
0.003700531072140584 -0.00518109905384164 0.002896654906081034
0.003730243721720588 -0.0052874661803645525 0.0028236851705768264
0.0036678879574210126 -0.0048956736205977725 0.003107101222166639
0.0037819317252577324 -0.005768307713545114 0.002478931970928832
0.0036829472782345025 -0.005032152759090629 0.0030201537246498105
0.003704814802308876 -0.005223365609447404 0.0028835493122829786
0.0036803792970380505 -0.005148628122129639 0.0029362996909325463
0.0037126893929568905 -0.005294319960558443 0.002836948246157155
0.0037075341214919556 -0.005235569319121339 0.0028844470587488054
0.0037075341214919556 -0.005235569319121339 0.0028844470587488054
0.00565345977029205 -0.006560126867117876 0.002151466659927233
0.003704987079354134 -0.005316035143577512 0.0028395171050386997
0.0037872947573223703 -0.005720704205660312 0.0025538958069627193
0.0037872947573223703 -0.005720704205660312 0.0025538958069627193
0.003824852030873666 -0.005810770494460796 0.002503397317492795
0.003727800246423656 -0.005323348642684385 0.00287602579567188
0.0037038366849653126 -0.005148906693108752 0.0030081449864499473
0.003813425824807913 -0.005689198445436762 0.002612537709486067
0.0037185764030216247 -0.005177936503686954 0.0030201401832226724
0.0042320788553907715 -0.005477581297438043 0.003539681109026766
0.0042320788553907715 -0.005477581297438043 0.003539681109026766
0.004232448736965379 -0.0051748519734677945 0.003760567363901561
0.004241395106494663 -0.005283630320360497 0.003690890702863621
0.004218313743937654 -0.0052744302371477494 0.0037109039291051576
0.004156958289876118 -0.005406269822532131 0.0036373569275773934
0.004168334091740857 -0.005346676885519496 0.0036769846602613984
0.004168334091740857 -0.005346676885519496 0.0036769846602613984
0.004239246784155909 -0.005736208073973046 0.003367230031353509
0.00418853639642799 -0.005264107782777343 0.003735197750925371
0.004178552853886791 -0.005311777493194819 0.0037101420984450508
0.004178552853886791 -0.005311777493194819 0.0037101420984450508
0.004251430307072723 -0.005253570859785455 0.0037382310306043206
0.004192519582143965 -0.005455466328859437 0.003617331664511734
0.0041397283284458145 -0.005263393974030142 0.003771864424875163
0.004791134919419888 -0.005849206330789472 0.003231618155442471
0.004167241749951712 -0.005448676682369076 0.003636675342411439
0.0041426266953877204 -0.005442059062156804 0.0036555079568202625
0.0041426266953877204 -0.005442059062156804 0.0036555079568202625
0.004323792182958728 -0.005885590013988794 0.003258198472311681
0.004104596349571681 -0.005486806582751298 0.0036417257931996372
0.004140907184908342 -0.0052171389979437455 0.003825014526392476
0.004131546548015498 -0.005340914820196828 0.0037425061093052745
0.0043094500562492226 -0.005894060678198057 0.003266542499100485
0.004096093837931926 -0.005526727775715089 0.003623364621068957
0.004096093837931926 -0.005526727775715089 0.003623364621068957
0.004091318478728368 -0.005587747076386278 0.003583842210596027
0.004145123333324528 -0.005728315553472431 0.003465284006795328
0.004252865949116538 -0.005872397278599433 0.0033299730514873603
0.004109591130048312 -0.005207331619338927 0.0038826633909256913
0.004102015955400352 -0.005253756364798889 0.0038531917285953127
0.004102015955400352 -0.005253756364798889 0.0038531917285953127
0.004100709709215857 -0.005220053131871417 0.0038775502483451864
0.004136920237684829 -0.005779267367292523 0.0034524051065182525
0.004063349664043157 -0.005283905035794383 0.0038513641374659986
0.004306350574037597 -0.005933231638483318 0.003273475208260889
0.004112910785834517 -0.005195373065918805 0.003903773974299758
0.004115278529446343 -0.005168358263583015 0.003923755603877972
0.004042988122203567 -0.005317507523011618 0.003840336901966483
0.004021991136357159 -0.005417296180346554 0.0037757307530902795
0.004068742161250179 -0.005275012643898276 0.003866100219398357
0.00427049162113988 -0.0059195110382027375 0.0033059771410641867
0.004067092865578184 -0.005271290318730087 0.0038748028432391535
0.004067092865578184 -0.005271290318730087 0.0038748028432391535
0.00433772430534655 -0.005964957321514279 0.003247235433207487
0.004070867914543703 -0.005262124151776977 0.003880972718670774
0.004056733924584654 -0.005308649172758733 0.0038531716672217746
0.004204444814876477 -0.005871539278729928 0.0033723150880110605
0.004204444814876477 -0.005871539278729928 0.0033723150880110605
0.004086791379022343 -0.005232399998253085 0.0039000711462789765
0.0040497819063522195 -0.005660909275692866 0.0035965275186184606
0.004015936363056213 -0.005386553379235373 0.00381595230243101
0.0040391977764407255 -0.005264134426789072 0.0038984652333272575
0.0040391977764407255 -0.005264134426789072 0.0038984652333272575
0.004724181589839735 -0.006225003252151719 0.0030428511626707355
0.004724181589839735 -0.006225003252151719 0.0030428511626707355
0.004143537983280685 -0.005841946872007568 0.00343074283537189
0.0040995993121905275 -0.005795574129389324 0.0034907448990211163
0.0039908516215842625 -0.0053849775583439605 0.003842139416378875
0.004015453134721116 -0.005334870892575951 0.0038728197764649193
0.0039847298934491335 -0.0054345794924921115 0.003808977464386176
0.0040068312579088095 -0.005618095671507437 0.003667037729726906
0.004027504252572579 -0.005692701035872917 0.0036050701530052913
0.004027504252572579 -0.005692701035872917 0.0036050701530052913
0.004177965306409295 -0.005886895507871781 0.0033979279451413994
0.0046947881668661555 -0.006210911140309932 0.003085936974618358
0.00406287947560086 -0.005781318391969617 0.003530691607544376
0.004135636560545564 -0.005859514867581989 0.003442556476714096
0.004135636560545564 -0.005859514867581989 0.003442556476714096
0.003988988421516918 -0.005506381530672821 0.003782352510960844
0.00410381997441576 -0.005844684371810417 0.0034754892275141226
0.004221172740433992 -0.005959164725288757 0.003351970849106146
0.00465350637393394 -0.006200236734217516 0.0031396006472982443
0.00396681308074232 -0.005325484175897508 0.003952741780968731
0.00400014329750557 -0.005779368551845306 0.003594715475053638
0.003978989331411227 -0.005765271800810887 0.0036224508255043
0.004081522760796918 -0.005877124741273669 0.0034983130521883373
0.004027098009758433 -0.005823115636818175 0.0035633294561533933
0.004207802085738066 -0.005979304588950753 0.0033663583646732814
0.0039033579531728615 -0.005464674499313392 0.003887815653184595
0.00396747059226003 -0.0057525211679408704 0.0036449586835452905
0.003910683614487442 -0.0054432754083111315 0.003905900479894789
0.003966511658604912 -0.005273879740519508 0.004011693130178903
0.00410271258659646 -0.005913722705019093 0.0034651831983932993
0.003914567747171573 -0.005665133762117428 0.003748516496817268
0.003927374175736743 -0.005321123272132887 0.004009818896356112
0.003997000432573668 -0.00583504801641501 0.0035858568740335835
0.004091195101281109 -0.005927597276341579 0.003476347352767212
0.004091195101281109 -0.005927597276341579 0.003476347352767212
0.0038999640703045657 -0.005674142635363641 0.0037568454775759185
0.003923026876091052 -0.005368664276300759 0.003985057142998124
0.004155922872234387 -0.005974712415164314 0.003414833163087557
0.003939753046278383 -0.005767755900389233 0.003669617622363896
0.003981289618654531 -0.005823783429789822 0.0036080708329522416
0.0040017963546851035 -0.005851466495285701 0.0035816795945286277
0.003930085971904746 -0.00530534995449682 0.004037979046391442
0.003925761993605793 -0.00578273221726971 0.0036773788662514207
0.0038520098645336022 -0.005566217837223189 0.003881026382844988
0.004069341745551797 -0.004979256496640365 0.004233646650125921
0.003859694373667344 -0.0056468476947539314 0.0038192724597515535
0.003915505114850138 -0.005313526468816582 0.004054352637938842
0.003915505114850138 -0.005313526468816582 0.004054352637938842
0.003892073430557721 -0.005754309137857447 0.0037277890856777774
0.003892073430557721 -0.005754309137857447 0.0037277890856777774
0.0040045053924142445 -0.005899928880725099 0.003569238032194681
0.004083753836301517 -0.005964720848073699 0.003484748052936261
0.003933477347101349 -0.005827357488869206 0.003657532650944588
0.0038248487709004663 -0.005577254915334097 0.003909725180759814
0.003941809086298861 -0.005854646097607894 0.003643906464503221
0.003914091038782876 -0.005274717929782643 0.004111695064991264
0.003884702380385511 -0.0057861866604093735 0.003726278464250364
0.0039047136004896938 -0.005805655220359352 0.0037068284610709073
0.0038274879699729783 -0.005660083687479983 0.0038526014226789563
0.0038274879699729783 -0.005660083687479983 0.0038526014226789563
0.00402146001149274 -0.00595788694117797 0.0035431948586019516
0.003994678328586641 -0.005939110498615052 0.003573659057388124
0.003817424683471965 -0.005431350363653996 0.004051637832564808
0.003793461874315129 -0.005530691025441111 0.003990860898362676
0.003824619318940625 -0.005757590551650345 0.0038020517767065106
0.0038629976042039646 -0.0053246341378856265 0.004127201002133144
0.0037932921049415634 -0.005677457025039292 0.003881721509438081
0.0038028689031342796 -0.005697601966736465 0.0038637389957329312
0.0038307044350690475 -0.005364606612735524 0.004116456130466176
0.0038282304915610546 -0.005788739344808502 0.003786546341098969
0.0038282304915610546 -0.005788739344808502 0.003786546341098969
0.003905132130895131 -0.005235951958475682 0.004186222566150699
0.003808979221363209 -0.0057610682534449545 0.003822370938894502
0.003808979221363209 -0.0057610682534449545 0.003822370938894502
0.003779098683163409 -0.005689327277069951 0.003894429888040083
0.003764404103197557 -0.005590706317058514 0.0039865120941139694
0.003862745332431724 -0.005862412231455218 0.0037293869740800813
0.0038167504959375027 -0.005808293792513942 0.0037932864610734076
0.003854609442393377 -0.00531912083359483 0.0041648140713795925
0.003782206189924449 -0.005446817870727193 0.004100415557719507
0.003782206189924449 -0.005446817870727193 0.004100415557719507
0.003989992242495327 -0.005991806836939652 0.0035728194889055576
0.0037965488181682934 -0.005414709705071371 0.004125733011124499
0.003783940746433981 -0.005754988466118879 0.0038606425227273363
0.0037448001289761964 -0.005456097760591546 0.004134559012412555
0.0037448001289761964 -0.005456097760591546 0.004134559012412555
0.0037254829070128446 -0.0055941979991228075 0.0040380673164350095
0.0038011976653349773 -0.0058680391959654655 0.0037904929148082373
0.0038310232855247174 -0.00532289212105281 0.0042164375023706615
0.00380901457953407 -0.00535158885013849 0.004202447201999579
0.0037138045545584354 -0.005670134310238951 0.003991878010001054
0.00376370396126108 -0.005813709736451286 0.00385574353530935
0.0037093816486112236 -0.00562170803527192 0.004033303241754066
0.0037499485043439775 -0.005804436491916917 0.0038828925921183632
0.003849623564151254 -0.005264375790189452 0.004272713667419537
0.0037165653757080222 -0.005461360046945948 0.00418112045732564
0.0037165653757080222 -0.005461360046945948 0.00418112045732564
0.0037787155109288324 -0.00537788022053696 0.004224596462988578
0.0037607367587312213 -0.005373623949373698 0.0042403576811087295
0.003697437232190266 -0.005641146189702631 0.004058582578549335
0.003665633184418923 -0.005649997330399402 0.004077113269286411
0.0037807141252675586 -0.005322940205657509 0.004285739517257779
0.003763715621934449 -0.005908183258250906 0.00382367944198352
0.0037518700077781666 -0.00589295604881762 0.003843399270637063
0.004485310062820929 -0.006374652447278069 0.003293439785671596
0.0037184107713063514 -0.005883986984859521 0.003888129112146127
0.0037829378031406643 -0.0059805733454434485 0.00378100388512475
0.0036422697087965354 -0.00561061704221963 0.004160087110239695
0.003679383625992641 -0.005457961650268606 0.00426583713010504
0.0034967116546525123 -0.0029801909337392072 0.00605291983243706
0.0034967116546525123 -0.0029801909337392072 0.00605291983243706
0.003661685733024562 -0.005869373026538575 0.003948271605410119
0.0036115924833001064 -0.005613613208357534 0.004190571871933744
0.0036115924833001064 -0.005613613208357534 0.004190571871933744
0.003624809919255636 -0.005830354031157865 0.004011791430909239
0.0036593221270710286 -0.00588804176460231 0.00395069602240219
0.003622231155070907 -0.005611540868471055 0.0041978797287793084
0.0035942802702382958 -0.005846904538943153 0.004033739576628518
0.003585720458300373 -0.005682224610460605 0.004176352370369989
0.0036087685942074598 -0.00584310980475485 0.004034698008749297
0.0037069450694114455 -0.005380538227147164 0.00436907045066004
0.0036611676480529424 -0.005488812093187178 0.004305911729884605
0.003583622289395465 -0.005897928636399773 0.004029839645612726
0.0036200533675897696 -0.005946650189708566 0.003975306813924304
0.0036200533675897696 -0.005946650189708566 0.003975306813924304
0.003558640362462897 -0.005847425131586465 0.004104200637371795
0.003630197275735689 -0.0059784255246390335 0.003957274146785309
0.0035763851488916213 -0.005918986934819057 0.00403398833766039
0.003572070825128684 -0.0057370765433718655 0.00420202591315528
0.0036045036715768594 -0.005481786224023406 0.0043997357647159304
0.0035458484783935425 -0.0059055525852621474 0.004075620201560844
0.004378304702506442 -0.006429706247760556 0.0034131570353284546
0.0035188700686431874 -0.005868723163419528 0.004138981542209013
0.0035188700686431874 -0.005868723163419528 0.004138981542209013
0.003540673772472993 -0.005570320764262469 0.004382207139587079
0.003510581085248028 -0.005897787579867084 0.004129153475312733
0.003524801715264044 -0.005931715750945351 0.004096512115963346
0.003524801715264044 -0.005931715750945351 0.004096512115963346
0.003490084379904225 -0.00585893321313297 0.004183413973855375
0.003490084379904225 -0.00585893321313297 0.004183413973855375
0.0035252756652138797 -0.00556444039952772 0.004418588942032631
0.0034717951779511124 -0.005718813734663314 0.0043220029575994565
0.003532631669355936 -0.005550416245588792 0.004429797231428327
0.0034967813679255572 -0.005971065758989438 0.004114802070217966
0.0035250603815990995 -0.005587251372384512 0.004431253185612849
0.003455183733743702 -0.0058718444623748756 0.004236321332752878
0.0034377560424004635 -0.005856033216204463 0.004264228207947291
0.0034679395073406883 -0.005961356931882125 0.004159586578969921
0.0034436975943245044 -0.005930349571407411 0.004202955757818768
0.0034436975943245044 -0.005930349571407411 0.004202955757818768
0.0034252438891083804 -0.0059129199993104035 0.0042282195470495455
0.0034371944493249837 -0.00595264264736796 0.004208346750422775
0.0034593502302603814 -0.006012690726792739 0.004144348461164774
0.0035026104507742003 -0.00557448186928501 0.004498433710248321
0.003482127036090366 -0.0060733514304119355 0.004087274354983423
0.0034339251977397924 -0.005975010828095692 0.0042048776374037115
0.0034643530352864273 -0.006070205430890419 0.00411194232142012
0.0034643530352864273 -0.006070205430890419 0.00411194232142012
0.003451329066201955 -0.005641893726634092 0.004493177630381357
0.003451329066201955 -0.005641893726634092 0.004493177630381357
0.003385558229208284 -0.005873865144224493 0.004334670711920044
0.003385558229208284 -0.005873865144224493 0.004334670711920044
0.003406867921714716 -0.005995941109875086 0.00422443697506895
0.004353700180163559 -0.006381874667135344 0.00358693918513596
0.0034003997587353017 -0.005657728294151242 0.004520102501341083
0.0033618993498605496 -0.005902197571305081 0.004335717414084391
0.0033618993498605496 -0.005902197571305081 0.004335717414084391
0.0033943743251931553 -0.006025591193046368 0.0042169004185650515
0.0033673966677443077 -0.0060196925223082644 0.004241441496814121
0.0033440168922559206 -0.005937455059147411 0.004341637023881125
0.003444344197470352 -0.005608252872039966 0.004583477884950728
0.003829208608904618 -0.0052691305237933415 0.004667680485033216
0.0033246441253645853 -0.006010234211603007 0.004309578447433017
0.004306931601568692 -0.0064608087743759915 0.003599332600173415
0.0033036885161010997 -0.005892144190107252 0.004440243188629578
0.0033280352497940197 -0.006034369297805101 0.00430952929706785
0.0033088128178206354 -0.006048697632320299 0.004322375096078588
0.0034961447954664784 -0.005550845621674298 0.004721315570255811
0.0036111916319800995 -0.005481645543641471 0.0047251793907992345
0.0034777957855435058 -0.00558025948217217 0.0047257165340757155
0.0034777957855435058 -0.00558025948217217 0.0047257165340757155
0.003662519659245821 -0.005450949949449896 0.004737316521789742
0.0034617807910480984 -0.005603726775402617 0.004735913730245095
0.003446902524130789 -0.005647602880084053 0.0047506678674136375
0.003168951817610658 -0.005948980192861423 0.00467736160236833
0.0031410201164664927 -0.005931841259913548 0.004705273994440465
0.005121138244941217 -0.00579623728316834 0.0025016434519112333
0.004551100835804554 -0.006208421147703109 0.0029965289496370904
0.004650248406871364 -0.006238788048827621 0.0029754394307052387
0.0028204147921462226 -0.005291995160824347 0.0029848677747337732
0.002828651239819429 -0.00508312795694925 0.0031472976947904473
0.0027962496138838216 -0.005386826840833412 0.0029377275591941153
0.002828094787470918 -0.005121470257123806 0.0031248028766422565
0.0028191091728796505 -0.005221220672465434 0.003061988709957337
0.002781552526246278 -0.005302180069402434 0.003029547462808992
0.002781552526246278 -0.005302180069402434 0.003029547462808992
0.0027875677410262784 -0.005167068411302209 0.0031434589509639456
0.002768686227019456 -0.005428084121274836 0.0029610363675736115
0.002781327901554444 -0.005111903615001443 0.003205612095390787
0.002759880224413146 -0.005287614321069773 0.0030850928923267457
0.002754626589526083 -0.00532576340514044 0.0030594995950356065
0.0027743434716653876 -0.005176970203746241 0.0031640745199459615
0.0028328023141552007 -0.004656969931261682 0.0035520825486136365
0.0027339845646077135 -0.005401017441480914 0.003058750302733961
0.002725096999979613 -0.0055033177827828106 0.0029872084354913226
0.002724549073714856 -0.005515115437717978 0.002986351814841249
0.0027425120902725983 -0.005248694378720906 0.0031832491807736087
0.0027463293935061314 -0.005113960908857768 0.0032857231783401937
0.0027440091075810816 -0.005121097052884206 0.003282319264785129
0.002738172000183023 -0.0051352841741372345 0.003276081180683479
0.002756586585720748 -0.0049029152592377145 0.0034503743939818658
0.002717314942417043 -0.005306792680713166 0.003169363199544924
0.002726530698577867 -0.005165076599022948 0.003273993794766847
0.0027639300515043433 -0.004793975285067972 0.0035434852469839145
0.0027336801332642742 -0.005114388090730544 0.003315029835873222
0.002705713888942548 -0.005390593614482347 0.0031288066252661085
0.0027080877763500195 -0.005524738188994455 0.00302542083827222
0.0027110261406554175 -0.005296862676962596 0.003202080290579417
0.0027110261406554175 -0.005296862676962596 0.003202080290579417
0.0027049691731417407 -0.005456599859156128 0.003089864991557104
0.002704245208324187 -0.005014047024667701 0.003446418792654505
0.0027042945467647323 -0.005337531720316809 0.003198290195583745
0.0026568147297861507 -0.005097358837073308 0.0034129243233954137
0.0026984780649663424 -0.00513146085249164 0.003370793432828201
0.002685519984955584 -0.005456163712357053 0.003133355040181518
0.002694693298773017 -0.005403290896637111 0.00317233629510326
0.0026846496974947875 -0.005543567731505455 0.003079543916406127
0.0026982081141086714 -0.005054424425804105 0.003454528602907253
0.0027067123184268183 -0.005141466086392978 0.003386117313005224
0.0027032096026070786 -0.005149467627920412 0.0033818041176945477
0.00268422000795032 -0.005280487580812181 0.0032902866392857566
0.002694754736729477 -0.005157580353341502 0.003382417995724811
0.002694754736729477 -0.005157580353341502 0.003382417995724811
0.002698821114453843 -0.00529981834420267 0.003272227390826824
0.0026857535118819252 -0.005478967099506975 0.0031397240247455034
0.002673425359000261 -0.005451585832299259 0.0031683395679601464
0.0026814501591826416 -0.005465637507935009 0.003154906973773421
0.0026814501591826416 -0.005465637507935009 0.003154906973773421
0.002713938174408047 -0.0047358362569201356 0.003709420892066359
0.0027080881525007733 -0.004789193100295526 0.0036728760909608103
0.0026885775263581564 -0.005288520907078314 0.003293451822495719
0.00268540325283831 -0.005340037636638878 0.0032637930878570984
0.00268540325283831 -0.005340037636638878 0.0032637930878570984
0.0026762781490091607 -0.005551514981940753 0.0031043442879081754
0.0027749562212433894 -0.004364227758528927 0.00398150076300417
0.002692483789244972 -0.0049403109133484445 0.0035797441735165463
0.002679681561029887 -0.005486849526629028 0.003157900130705295
0.002678200906279196 -0.0051773329071106294 0.003402430218897671
0.002681283712474068 -0.005374265035641822 0.003246077891954343
0.002704212608592188 -0.004925408290669824 0.0035886689770692763
0.00270635572751218 -0.004898485190753231 0.0036098512798537416
0.002686477476699479 -0.004768438304597509 0.003727757990548793
0.0026764708008869182 -0.005501837629566458 0.003160546225874961
0.0026764708008869182 -0.005501837629566458 0.003160546225874961
0.0026763173940711447 -0.005569030755252182 0.0031108175916145587
0.0026763173940711447 -0.005569030755252182 0.0031108175916145587
0.002676295201176668 -0.005140526211042721 0.0034512656205012925
0.0026697296778438024 -0.0054307449490156945 0.0032267868751601754
0.0026697296778438024 -0.0054307449490156945 0.0032267868751601754
0.0026762543261280845 -0.005451020038873694 0.003215955739586994
0.0026674394212872674 -0.00547934262334289 0.0031999056376878945
0.0026687545070144775 -0.004796352009279046 0.0037414754562397584
0.0026941285084161287 -0.004832983975485322 0.0037046487928360005
0.0026657148327727124 -0.005578762464863688 0.0031319412148814252
0.002667598219597179 -0.005125724334074337 0.0034961213471293075
0.0026685232996844516 -0.005072596582180982 0.0035401480374958635
0.00266203971452413 -0.00516374104442555 0.0034744706112727294
0.002667373845672515 -0.0055089388542645815 0.003204510725983549
0.0026617102691555605 -0.004817559874641824 0.003759524674011922
0.0026663707769956136 -0.005204262260533505 0.003449897434825999
0.0026618907588256105 -0.005585142859333873 0.003150311414630197
0.002698834781264566 -0.005297161027202181 0.0033644174267834772
0.0026631997634489666 -0.0054907359162176825 0.003232349392507932
0.002657685706856663 -0.004781414314460867 0.0038055013298863745
0.002657685706856663 -0.004781414314460867 0.0038055013298863745
0.0026652554900104836 -0.005429774981605131 0.0032879344432384227
0.0026659794548280374 -0.005435630896540881 0.003284691020671662
0.002652716065788747 -0.005421905719759462 0.003303801986638326
0.002652716065788747 -0.005421905719759462 0.003303801986638326
0.002663470780067107 -0.0055798140569878335 0.003171050361059472
0.0026508706701904175 -0.005375346594442692 0.0033520987403624514
0.0026534617219664386 -0.005410135147678571 0.0033233312322432577
0.002653647226979873 -0.005178156896682808 0.00350982677599615
0.0026470692906721306 -0.005394956399000737 0.003341754093097567
0.0026470692906721306 -0.005394956399000737 0.003341754093097567
0.0026545385788828845 -0.005219339323124217 0.003480076260573593
0.002668806039667753 -0.005459718525056199 0.00328061605417175
0.0026443459592143436 -0.00480080488190298 0.003826729773829977
0.002646646371841232 -0.005434942289894188 0.003317939738104913
0.002645805862981781 -0.004967851637129892 0.003695029364224516
0.0026473285212333174 -0.005126710852118069 0.00357028724203072
0.002656072709732413 -0.00560941423749244 0.003184474930696782
0.002639103107315557 -0.004952827110261132 0.0037223770286315557
0.002639103107315557 -0.004952827110261132 0.0037223770286315557
0.002647918262923543 -0.005433273246307616 0.0033352301344230007
0.002647792189729215 -0.0047456084262471 0.0038951651373802516
0.0026497424060042806 -0.005550042226355893 0.0032499843429165355
0.002647605995106065 -0.005371583206150542 0.003397515182380854
0.00264827943033902 -0.004898030941699128 0.0037855693522076666
0.00264827943033902 -0.004898030941699128 0.0037855693522076666
0.0026219347719170895 -0.004761234927542059 0.003912474592003201
0.002646113240839459 -0.005512867059278704 0.0032955010918026286
0.0026473526575733555 -0.005625462897480316 0.0032108350739914124
0.0026468638496687426 -0.005556631259110874 0.0032668609734054013
0.0026468638496687426 -0.005556631259110874 0.0032668609734054013
0.0026383682968179343 -0.004933789728785687 0.0037797701106521615
0.0026383682968179343 -0.004933789728785687 0.0037797701106521615
0.0026306528806305856 -0.005431704321513358 0.003382310667376383
0.0026354255440870747 -0.0054195470037657284 0.003395552678514497
0.0026354255440870747 -0.0054195470037657284 0.003395552678514497
0.002641673784259078 -0.005513756405044362 0.003315323734995554
0.002641673784259078 -0.005513756405044362 0.003315323734995554
0.00261711452539024 -0.0047581671634591045 0.00395563914484196
0.00262028591508764 -0.004653944437119689 0.004039479637132086
0.0026477413466856545 -0.005506013216393021 0.0033320027609550704
0.002639720621469774 -0.005519876691268267 0.003328135429671277
0.0026150405555171613 -0.004847087677472213 0.003898048458292005
0.0026474469460289842 -0.005639716691454462 0.0032331237615265
0.0026252225175810106 -0.004776813489207089 0.003957322795616139
0.0026086517603468072 -0.004961418534535325 0.0038263521184731236
0.002644972312911276 -0.005505692861334336 0.0033756282238508657
0.002644972312911276 -0.005505692861334336 0.0033756282238508657
0.002642079964381431 -0.005566133391378953 0.003328300434468627
0.002613787848123296 -0.004873420494981871 0.003916039999615247
0.002607980456634791 -0.004838012280397888 0.0039498855429112535
0.0026402822145452543 -0.005473340824606443 0.0034176904042137104
0.002627195616360268 -0.00543603644974531 0.0034655071895759383
0.0026129038938517766 -0.005006037583974435 0.00383521021795884
0.002609158686179396 -0.004719456155221928 0.004076120732830617
0.0026037896983944894 -0.004853201749372206 0.003970324070271796
0.0025978710916664326 -0.004827096879219373 0.004007153241347246
0.002612897123138208 -0.004966023278026121 0.0038848982279378274
0.002583507524363958 -0.004750502210246325 0.0040823212018568835
0.0025989673830384935 -0.004675907511322012 0.004134830844023995
0.002646136938336951 -0.005592917958107496 0.0033492615606098355
0.002605626944059819 -0.004871829690752098 0.0039719029003692395
0.0025933318924444924 -0.004856585225402979 0.004008719533086228
0.0026288094284778176 -0.00543334728531433 0.003513721691668558
0.002578719501418354 -0.004813286598329899 0.0040618505762986794
0.002639760493449681 -0.005536772442753787 0.003423317619491127
0.0025957615128553244 -0.0048051498462794075 0.004061321959105952
0.0026004339321359154 -0.004881717706674771 0.003999622703255409
0.0026429468037936507 -0.005602526227579951 0.003373613560413309
0.0026085856831977164 -0.005093266410909239 0.0038200503395104906
0.0026435994880433518 -0.005590692838323168 0.0033870792558663722
0.002600957972827804 -0.005025988839379277 0.0038960538562279865
0.002600957972827804 -0.005025988839379277 0.0038960538562279865
0.0025940462027260304 -0.00479568782892193 0.004094129326321367
0.0026474392349385306 -0.005580128644401627 0.003406199249451128
0.0025937526797544523 -0.004939040652252734 0.003984001914750024
0.002645809060263189 -0.005605903434431493 0.00340809555078481
0.0025781393515723512 -0.00481165208224794 0.004119639368912323
0.0025757582546087642 -0.004795293920717921 0.00415887139100329
0.002609396789606576 -0.005176479922584509 0.0038483870296329554
0.002623329977754867 -0.005475387022015529 0.0035966413669132886
0.0026013613945112955 -0.0051150871355606555 0.00391716544267073
0.002620509975553343 -0.0052209747325642165 0.00384362044728032
0.002620509975553343 -0.0052209747325642165 0.00384362044728032
0.0025917084884827194 -0.0049653051278723045 0.0040892905230239945
0.0025856672566089115 -0.004816490595595773 0.004284065897170369
0.0025856672566089115 -0.004816490595595773 0.004284065897170369
0.0026110081567442254 -0.005179006151047286 0.003976291325830683
0.0004352502596908067 -0.002889568568740966 0.007466676923859549
0.001474274811000826 -0.003714396016723484 0.006257507725915223
0.0026606843806662593 -0.005221588673286272 0.0040643532326475485
0.0025664285247695277 -0.004481183168294574 0.0047913182286137435
0.0027244982306712955 -0.005740216963323867 0.0035801283488197996
0.0024876120273312464 -0.004474974486643516 0.0048886540068829015
0.002715170193510451 -0.0055882576383428206 0.003732809945940007
0.0027053040726962413 -0.005578086898109794 0.0037506093996116222
0.0027278738702280303 -0.0057551501482512365 0.00359812039167738
0.002614305180793408 -0.0047077283751870815 0.004650320876976422
0.002751655500105101 -0.005764466462046919 0.0036026723173331584
0.0026655330265750237 -0.005166168000435209 0.004216249928528081
0.0026655330265750237 -0.005166168000435209 0.004216249928528081
0.0027318561782589137 -0.005601726531077291 0.0037742196301285276
0.0027647362052616105 -0.005725058213327779 0.0036516040135297625
0.002762987166948056 -0.0057194393987505315 0.0036641428735253684
0.002759119710280678 -0.005739054469419131 0.0036637892918167606
0.0027699727879811663 -0.005688084286903893 0.0037042846789062853
0.0027836562747207017 -0.005750888109443082 0.0036432183593908666
0.0027813523513534437 -0.0057081415854754215 0.0036899668766121945
0.0027813523513534437 -0.0057081415854754215 0.0036899668766121945
0.0027813523513534437 -0.0057081415854754215 0.0036899668766121945
0.0027736916651007783 -0.005748730132568314 0.003661907033444555
0.002709333587646731 -0.00525954814603111 0.004156634547853801
0.0027132597238317077 -0.005252514879235846 0.004163202641550151
0.0027132597238317077 -0.005252514879235846 0.004163202641550151
0.0027148946003914725 -0.005224330122672037 0.004191611552617352
0.0027203980620708764 -0.0052341989078874196 0.004184332283229079
0.0027176686495092354 -0.005221869501169909 0.004211809845029777
0.002818691394775721 -0.005744618365986318 0.0036596345813570347
0.002684934882457989 -0.004928654048505849 0.0045150866564222375
0.002732486418846969 -0.0052493365307495 0.00418573357017071
0.0027005371768846443 -0.005026508052803158 0.00442099129151381
0.002674012279559833 -0.004775919978355481 0.004679426419239731
0.002737968189166235 -0.005264661727454161 0.004181387775128035
0.0028148542809358196 -0.00582463691585028 0.003610202353890657
0.002754967507492645 -0.005265545932492849 0.004192665777796776
0.0027581334430041146 -0.005284083456635287 0.004175453119301147
0.00283839479817968 -0.005830037312223133 0.0036173136092755498
0.0027653542836419587 -0.005295873776630756 0.00416977424598687
0.0027677953139589903 -0.005284440486392472 0.004181179136843239
0.002727551697107368 -0.004969319393044316 0.004517321994968712
0.002727551697107368 -0.004969319393044316 0.004517321994968712
0.002791214459892946 -0.005298989433324796 0.0041787652520722755
0.0028656602109552137 -0.0057597014469890915 0.0037037921721859266
0.0028656602109552137 -0.0057597014469890915 0.0037037921721859266
0.00280313486535745 -0.005307086203684744 0.00417609959706341
0.002806653003358097 -0.005330874102741045 0.0041604712855429484
0.0027470064648630397 -0.004844560829927987 0.004672999256692486
0.0027470064648630397 -0.004844560829927987 0.004672999256692486
0.0028999652850888263 -0.005773322179244528 0.0036855167624271217
0.0027775458311081872 -0.005007215280638806 0.004509931384957302
0.0027592457834750062 -0.004837350560693621 0.004687060774939628
0.0027612575630901162 -0.004871594690568638 0.004654513202511532
0.0027612575630901162 -0.004871594690568638 0.004654513202511532
0.002902563107578416 -0.005756014856142517 0.0037166013591899577
0.0028267341248107013 -0.0051056565346275975 0.004419958130776601
0.0028762982558080915 -0.0053840903440992415 0.004120891700155434
0.0028310498277930693 -0.005047947862124522 0.004485099416791932
0.002960832746239049 -0.005802073011346968 0.003670436627938586
0.0028492439889890456 -0.005076790757123964 0.004454724992652342
0.002818225343991716 -0.004925589031107043 0.004627791452958878
0.0028492585334848604 -0.004912760049169592 0.004632099131391831
0.0029237187036593587 -0.005272228564093743 0.0042472171662557194
0.0029296292858380004 -0.005141002292513496 0.004387835357933172
0.0029160619042978165 -0.005088245237188047 0.004452093441978491
0.003335149514384943 -0.00527807432295914 0.002466357501995196
0.0033342280704216245 -0.005444989276529201 0.0024125333383270054
0.0033239160228887396 -0.004979234946336759 0.0027900517763059843
0.0033454115338675673 -0.005491133570256281 0.0023771295278414324
0.0033416437571499565 -0.005403339232008979 0.002458433259447675
0.003324900284027949 -0.0052241023947364835 0.0026158187471282115
0.0033350792995775597 -0.005359988359163485 0.0025192337657637147
0.0033336624650714365 -0.005269986015991154 0.002593218105234608
0.003350014490642283 -0.00550332104275601 0.002402093901072154
0.0033361953388641973 -0.005282871937748968 0.0025962925107293105
0.003317024314160504 -0.005101452799186289 0.0027601427760324767
0.003310613827630012 -0.004888612675376206 0.0029434089401800846
0.003344031687518905 -0.005394989124116321 0.0025173299414149555
0.003343483510486978 -0.005467040048712487 0.002461670663602374
0.003343483510486978 -0.005467040048712487 0.002461670663602374
0.003336285740428703 -0.0052134452288869525 0.0026751036166734535
0.003308124336557527 -0.005086890624285788 0.0028034001127238495
0.003319154957413827 -0.004901418430004609 0.0029445449154566756
0.003319154957413827 -0.004901418430004609 0.0029445449154566756
0.003366578163703956 -0.0055622885664485975 0.0023759383837876117
0.0033287284956333434 -0.0052058218442507095 0.002697409356376048
0.003321487342854792 -0.005020663923924361 0.00285152684630724
0.003336237843899381 -0.005270844141244243 0.002641271113270246
0.0033048573418768593 -0.004932455130238122 0.0029418331192886727
0.003361862863237427 -0.00552381492696916 0.002420351255594775
0.0033535315001906687 -0.005459065715422913 0.002480942120557342
0.0033552564021641852 -0.0054474547566452335 0.0024932251980403384
0.0033233388822487674 -0.004970867801949542 0.0029044522604409267
0.003370587429205531 -0.005517246331738471 0.0024264077842659055
0.0033420943857530544 -0.00523713162993151 0.0026876906239655506
0.0033371977806231756 -0.005283545749132676 0.0026567840718928646
0.003343067236986064 -0.005292137847343636 0.0026456906338606736
0.003360958471441616 -0.005366627419968726 0.002570750369940693
0.0033510495321332607 -0.0054211517882651866 0.0025392575242263586
0.0033584499220642703 -0.005433316691719685 0.002523882487546814
0.0033584499220642703 -0.005433316691719685 0.002523882487546814
0.003331399542136347 -0.0053104459195262325 0.0026496632873555417
0.0033587080868649876 -0.005444760827638038 0.0025151743468282946
0.003375501462653671 -0.005546499387789077 0.002416330956337754
0.003370825281865541 -0.005480530820882472 0.0024848836789232265
0.0033198924636585188 -0.004978507956640226 0.0029392652634758053
0.0033631155706312925 -0.005498293411780211 0.0024854860216637054
0.003366636090920047 -0.005458981833804807 0.0025155515006508094
0.0033194148775847294 -0.004938217509019752 0.0029805816622773735
0.003373508239809083 -0.005532561058913817 0.0024551923445526066
0.0033261203916898152 -0.005101819828284346 0.0028570878590519814
0.0033261203916898152 -0.005101819828284346 0.0028570878590519814
0.003334504039691357 -0.004990726586960732 0.0029413957813455437
0.0033715039832090494 -0.005476771883707576 0.002514095546466287
0.003366748183844691 -0.005455274868125733 0.0025399636845748973
0.003365224146373724 -0.0054317468892403345 0.002560980481027674
0.003365224146373724 -0.0054317468892403345 0.002560980481027674
0.0033271160627352243 -0.0049899644114957675 0.0029625996501065626
0.0033276134594153826 -0.005037552622583247 0.0029250407465686665
0.003379255447176974 -0.005513428903121354 0.0024896933932289683
0.003383944918625073 -0.0055282039793485265 0.0024771445025465934
0.003371943076522363 -0.005464137293345119 0.0025419161577544857
0.0033289874127355686 -0.004986574917052933 0.0029731940614719948
0.0033934576458060518 -0.005592700166821025 0.0024169804433060477
0.0033283065798711217 -0.004955191531207965 0.0030036341866099218
0.0033267878085107084 -0.004970323135657984 0.002993630582695184
0.0033354856677752895 -0.005117959579446443 0.00286677399173048
0.0033871528576373882 -0.005545381154289709 0.002473207959524094
0.003399015147810424 -0.005593236808563167 0.0024254373153210036
0.003398582072909172 -0.005600292519020076 0.002420743956981782
0.0033972882396995537 -0.005587038032215293 0.0024332747924279727
0.0033335254208134548 -0.005054656792932289 0.0029361768150196256
0.003386594900685862 -0.00548610506159539 0.002531415031776005
0.0033300573108630683 -0.004972157732595089 0.0030060255023356547
0.003344022910667982 -0.005141828601681989 0.0028600780067778242
0.0034049924340560796 -0.0055915872621240025 0.0024293598153820265
0.003381387845800482 -0.005476163836013997 0.0025505009210257464
0.003332273841871851 -0.005029210225781042 0.0029697856341078838
0.0033452265930802635 -0.005079422746640361 0.002922585234447612
0.0033960129632604583 -0.005552827622688063 0.0024841970784138874
0.0033843453937943257 -0.005505742074391296 0.002534883141726392
0.0033843453937943257 -0.005505742074391296 0.002534883141726392
0.003323219517076216 -0.004944229385461812 0.0030557666749545177
0.003335262735761848 -0.0049653826619464395 0.0030315495878880873
0.0033489221488531376 -0.005152128612390751 0.002878650826399331
0.0034011644732178546 -0.005484670736079214 0.0025625904062541007
0.0033328503555939003 -0.004938841809560486 0.003083677060889299
0.003348053491378941 -0.00505628656011098 0.002980810361935707
0.003355125376318265 -0.005145796960789084 0.002900537784929319
0.0034086196557753397 -0.005562320790029843 0.002499945758175578
0.0033649717492178982 -0.0052058359812498746 0.002847419781609667
0.0033649717492178982 -0.0052058359812498746 0.002847419781609667
0.003349512705536663 -0.005047289347538136 0.002997596716243652
0.003349512705536663 -0.005047289347538136 0.002997596716243652
0.003349512705536663 -0.005047289347538136 0.002997596716243652
0.003351260803473333 -0.005052177551967846 0.002994570959579779
0.0033606927836258215 -0.005157039605286964 0.002900751438557499
0.003399182534895882 -0.0054711430384435595 0.0026000695658321827
0.003399182534895882 -0.0054711430384435595 0.0026000695658321827
0.0034109361175010586 -0.005519604170047112 0.002548437107223022
0.003414169634764635 -0.005558403869538335 0.002522580504404196
0.003410020817333386 -0.005497417168599145 0.0025895890027615785
0.003358020483286972 -0.0050390113665525265 0.003036419486314444
0.003425075749721415 -0.005565743949965145 0.0025330866457260615
0.0033713150301470382 -0.005098286487524065 0.0030012729629444956
0.003391090027577811 -0.005258843929128133 0.0028534221445722452
0.0033846618619618883 -0.005214365669781594 0.002903851422303463
0.0034438011611653946 -0.00558388996386463 0.002529191730053653
0.003424096754692759 -0.005467265801856582 0.002657599065192847
0.003383899529767443 -0.00510612603346018 0.0030206943786666605
0.003363198825331475 -0.0049894911511556474 0.0031473338052628156
0.003363198825331475 -0.0049894911511556474 0.0031473338052628156
0.00339547180770927 -0.005103268855025819 0.003041242240512986
0.0033762905015516384 -0.004999165058934645 0.003164541448415059
0.0033762905015516384 -0.004999165058934645 0.003164541448415059
0.003432173839829923 -0.005249686350950569 0.002917902909863836
0.0034782655978350496 -0.0052396529057426935 0.0030100006635022146
0.0034782655978350496 -0.0052396529057426935 0.0030100006635022146
0.003451012472650808 -0.004879746394611594 0.003382835272294402
0.0035462375436565957 -0.005598016305425018 0.002648482675522829
0.0035750765204190186 -0.005640318407277019 0.002608427635582464
0.00364370886158072 -0.004905264007236471 0.0031966361353355345
0.003509664029710171 -0.005220677510776892 0.0030764619878963476
0.003509664029710171 -0.005220677510776892 0.0030764619878963476
0.0035893000342574807 -0.0055049421271214675 0.0027298811971190385
0.0036592946680659984 -0.005776991905998972 0.002395914496488103
0.0034603738618451596 -0.004873487371451314 0.003476730525001788
0.003640020076521415 -0.0057943873737609656 0.002427317567555855
0.0035424191119708013 -0.005258717103632297 0.003062870908858672
0.0035550605357386206 -0.005274418388399004 0.0030365920141268705
0.0035550605357386206 -0.005274418388399004 0.0030365920141268705
0.0035487302947022803 -0.005249246129184994 0.0030706797985083495
0.003604847598749452 -0.0055826649035511725 0.002698691278145128
0.003554447660777034 -0.005261520304433482 0.0030591871391427517
0.0035098104777369988 -0.004929588971204513 0.0034167043877043166
0.0035267284848087867 -0.005046500245948376 0.003293532067989871
0.003513816859416127 -0.004925918210035496 0.003422142023001799
0.0035577946501846847 -0.005275911518816364 0.0030501790808898387
0.003614809324546929 -0.005627193128256179 0.0026548035127903226
0.0035197536467639528 -0.004937724281343782 0.0034093644326610903
0.003564310333542667 -0.005283546877584937 0.003038545490375136
0.0036181529285977954 -0.005594822785524933 0.002684173865184334
0.003540577854030764 -0.005112682435137265 0.0032287077516764415
0.0035673661822668468 -0.005270160299173765 0.003058016557996808
0.003542906477964191 -0.005095834047300833 0.0032515857420592083
0.0035770872969654523 -0.005278817784924101 0.0030506786090909355
0.0035778728251230504 -0.005274657808353822 0.003061572436456423
0.003585000254990358 -0.005279948117939384 0.0030552089687701607
0.003580795516480372 -0.005268933546181915 0.0030727842365924885
0.0036492693727911227 -0.005616877758058302 0.0026623566199273905
0.003581289402420161 -0.0052674115775400935 0.003083370623408506
0.003657755208414124 -0.005649646695205032 0.0026301360478879635
0.0036396848008161606 -0.005553122086036526 0.002748593443286634
0.003595224910164768 -0.005283461616747401 0.0030610362962486194
0.003597834267944142 -0.00529770951769307 0.00304631024500303
0.003655908684363533 -0.005692621542680272 0.002603127922228055
0.0036110396670755492 -0.005293515812938529 0.0030509338900692067
0.003616994760426728 -0.005304662162843427 0.0030361752390916184
0.0036542980068355988 -0.005547045997526196 0.002760570584823175
0.0031648684504105773 -0.004986566767119933 0.003912695768646457
0.0036001478458474153 -0.005282102458690199 0.0030845562505846034
0.0036158980302121208 -0.005286641469836763 0.003063384981555584
0.003618419744865851 -0.005300609201162615 0.003049441825412316
0.0036624086947734387 -0.005561422730105054 0.0027465351463616325
0.003613384340107806 -0.005296611157491863 0.003062326744101453
0.0035761736267843794 -0.004955310520229763 0.0034285175275121844
0.003585522352236685 -0.00497357613439602 0.0034078377621348465
0.003669475689752963 -0.005559092100034274 0.0027519582371633
0.003584355407214695 -0.004988546667958656 0.003400656291942571
0.0036073799710078743 -0.005146557192808487 0.003226538615662642
0.0036360767627853464 -0.005316933328885885 0.003036686804116838
0.0036360767627853464 -0.005316933328885885 0.003036686804116838
0.0036367478157301935 -0.0053074203509377365 0.003047471296996543
0.0036090234990349772 -0.005086988423481786 0.003293385118428705
0.0036088741671857034 -0.00507797403335785 0.0033075905770309825
0.0036705334256727554 -0.005505094530868564 0.002824816130510033
0.003687609039910402 -0.005568468535258779 0.0027455085055708237
0.003687609039910402 -0.005568468535258779 0.0027455085055708237
0.003601591763207815 -0.004991467071065558 0.0034063868232937088
0.003601591763207815 -0.004991467071065558 0.0034063868232937088
0.003695894261798023 -0.00561766272198977 0.002690402921667892
0.003695894261798023 -0.00561766272198977 0.002690402921667892
0.0036485711116084145 -0.0053272492006181 0.003032123343171275
0.003657634714789311 -0.005312185428687357 0.0030489658693251265
0.00372227960719316 -0.00563272693276306 0.0026605566131866908
0.003626812169718316 -0.00499645809003465 0.003400201400297596
0.0037207640958059466 -0.00562597972861609 0.0026788706410895563
0.0037207640958059466 -0.00562597972861609 0.0026788706410895563
0.0036445462985423478 -0.005149930450077114 0.0032401296947003177
0.003673657984601303 -0.005351764387156947 0.003010557366617895
0.0036491078787341414 -0.005109087531036939 0.0032840294968792456
0.0036426733185554038 -0.0050213926219722345 0.003382589018934223
0.0036386001074256765 -0.004988281763790265 0.0034224043254608085
0.0036540222883330352 -0.005097876201089316 0.0032998198039910272
0.003670267110939038 -0.005183992593515539 0.0031966637197241494
0.0036913448438139363 -0.005339436108891699 0.003022323863732287
0.003800336405492273 -0.005546963996661859 0.002679224222798164
0.00369679338748328 -0.005346131843077185 0.0030152226390341634
0.0037021806185797484 -0.005351888830364675 0.0030048203153203576
0.003642152725912092 -0.004981273291598859 0.003443241071086081
0.003659597093272084 -0.005016973195419495 0.003390075923538615
0.0037041287033338756 -0.0053501253729388906 0.0030114646422361524
0.003672013955039862 -0.0051082135134145005 0.0032871304836938862
0.0036614061276308758 -0.005024333682024701 0.0033869413339232984
0.0036824794720803126 -0.005124923540465312 0.0032667661834154343
0.00368657851222847 -0.005169763750874731 0.003222964180432504
0.003713172245141234 -0.005363279803643152 0.0030010648261940384
0.0037133025186856464 -0.005086011371898691 0.0032762863082279052
0.0037133025186856464 -0.005086011371898691 0.0032762863082279052
0.0037707517725521587 -0.005639311765167955 0.002669031038903492
0.0037690353966623956 -0.005582204871179228 0.002729231710150745
0.003712178329466009 -0.005230505264214211 0.003149965857471005
0.0037369675418290273 -0.005361439862230754 0.002996332348176418
0.0037052622963223585 -0.005148810429861665 0.0032486658091407483
0.0037052622963223585 -0.005148810429861665 0.0032486658091407483
0.0037894020792289553 -0.0056497393536740605 0.0026477955734791514
0.003708343974064969 -0.005045614661690257 0.0033568206861589647
0.003708343974064969 -0.005045614661690257 0.0033568206861589647
0.003735576661724919 -0.005189599716073522 0.003193893745572886
0.003724142305726166 -0.005072462923279784 0.0033247741465349803
0.003808893835142088 -0.005647674348727282 0.0026444974836694994
0.0037151198283610224 -0.005009525441839398 0.0034073813658868565
0.003806990010793329 -0.005590310606465476 0.0027156521664028536
0.003726120858691354 -0.0050322530973042155 0.003384426139215968
0.0037609662106910624 -0.005255545400475935 0.003121918051127488
0.0038213518227256187 -0.005594241068384122 0.0027054278873791977
0.0038145858737327495 -0.005586010576431185 0.002724592517520076
0.0039531939157816925 -0.005582278220576227 0.0025337712400980467
0.0037697364162839653 -0.005236206675227822 0.0031341534828483314
0.0037738705638358143 -0.005270393199182183 0.003099051094500167
0.0037724493409042295 -0.005230075606015639 0.003141475382655373
0.0037827060942763 -0.0052199641095263425 0.0031494914059868304
0.003795149537364016 -0.005215967977955256 0.003149065603333486
0.003794761976703978 -0.005170400793522253 0.003196771549606916
0.003794761976703978 -0.005170400793522253 0.003196771549606916
0.0038835869680167966 -0.005657668486181382 0.002603577296995307
0.003908371541187184 -0.005664150692122272 0.0025795522975805034
0.0014551402102284626 -0.006821683043031977 0.004596972167861083
0.0014510334276439552 -0.006218360053688186 0.0051660466310679215
0.0014433597641902826 -0.006247991830856114 0.005268351611562448
0.0014471231211365357 -0.006283735556239573 0.005312626059892199
0.0014519065989271978 -0.006205100739615396 0.005406531343286354
0.0014391531762724234 -0.006922133098775743 0.0048517781931139755
0.0014393479910170155 -0.006900733130088391 0.004883686810794886
0.0014755851634977168 -0.006373840839334871 0.005249046551806804
0.0014579597422415438 -0.006429163086072014 0.0052391843805755095
0.0014371365066975133 -0.007055820085895808 0.004777680506882593
0.0014316313209938208 -0.006126755684455258 0.005580501568470778
0.0014316313209938208 -0.006126755684455258 0.005580501568470778
0.001450013432183131 -0.006336127964755071 0.0053792187862830056
0.0014858554582969255 -0.006962286439446445 0.004808321245755899
0.0037941149974073766 -0.005750197684734413 0.0014577017325634587
0.0014520177828208532 -0.007123034965633463 0.004758437135850577
0.0014755247599558296 -0.006923904768826321 0.0049079038978613165
0.0014637165727995542 -0.00699444908426978 0.004884665805823541
0.001476751262180511 -0.007142020297248345 0.004746505132404497
0.0014890686007280024 -0.005429252821667011 0.006141846885987753
0.0014647899816674231 -0.0069346875063358415 0.004979435734417185
0.0014759097189064867 -0.00620044424405005 0.005569134794224132
0.0014632239093497147 -0.0059385144250538036 0.005813890572868811
0.0014671427419408877 -0.007048768262330022 0.004920105225247145
0.001468828304814732 -0.006551069407732625 0.005388028738472231
0.0014721337295640837 -0.0064547262913028465 0.0054644264611797486
0.0014862196349184331 -0.0059949576010373835 0.005839722600505052
0.0015016254375950521 -0.0069796488059421 0.005053438129124263
0.0015016254375950521 -0.0069796488059421 0.005053438129124263
0.0014945767956377255 -0.006017141217128566 0.005908094770728682
0.0014945767956377255 -0.006017141217128566 0.005908094770728682
0.0014738265646858355 -0.006260546865334136 0.005744222437914624
0.0014768825387936003 -0.006241656825243559 0.005764709112571658
0.0015547732822078417 -0.0065374790809964575 0.0055449066734022555
0.0015665593861802773 -0.006530580225403899 0.00570377870886196
0.001889898276393429 -0.005457421435094302 0.006077075732314199
0.0016098876743075928 -0.006505282707988861 0.005792270430606878
0.0016098876743075928 -0.006505282707988861 0.005792270430606878
0.002069546638263571 -0.005638967461844609 0.005600410475569917
0.002069546638263571 -0.005638967461844609 0.005600410475569917
0.0021000615547097194 -0.005626087997341403 0.005632495633337962
0.0021000615547097194 -0.005626087997341403 0.005632495633337962
0.00211530437439929 -0.005627668143966484 0.0056353032225646095
0.0017200910291488407 -0.0071077762849204385 0.005174277812630574
0.001670425517686817 -0.005737356399532721 0.00654756810442083
0.0017130596587802945 -0.007243204097729265 0.005109334131144593
0.001693576295730857 -0.006444516180624252 0.005908041608088807
0.001693576295730857 -0.006444516180624252 0.005908041608088807
0.001741870022616885 -0.006593023632829119 0.005714916783450273
0.0017634512709888267 -0.0073308249050954635 0.005001904472779777
0.0017788945432762801 -0.007273518086981072 0.005028950213515069
0.001724187604725913 -0.005852637201815229 0.006471293759160571
0.0017753357907898113 -0.0071079147083978516 0.005231310291461833
0.001809460957111571 -0.0073113086993833315 0.004973614926885126
0.0024320906714617387 -0.005849586243050849 0.004921410217595793
0.0016938421089302358 -0.006505796279151435 0.006021317150702604
0.0017453815162671068 -0.006487272484511512 0.00592802975761342
0.0017531589792069925 -0.005857951961199791 0.006511248993767584
0.0017601790107486073 -0.006073774349242834 0.00629708279749369
0.0018054927429792457 -0.006527095940971097 0.005808064749993368
0.0018248176015865478 -0.007063510362674442 0.005259405242033165
0.0018355965658338191 -0.007229914440828999 0.0050892908128427495
0.0017783677559002412 -0.006204115726174678 0.006194663467169996
0.0018189752398326466 -0.006523861420638845 0.005823034546927444
0.001884706275374677 -0.0072245302189385616 0.005039244707346108
0.0018224899337029538 -0.006493068967628156 0.005887309181605932
0.0018255693780504633 -0.006535523222460085 0.005843461037463864
0.0018255693780504633 -0.006535523222460085 0.005843461037463864
0.0018423214438662535 -0.0065048014857911176 0.005869779553408403
0.001873365878699643 -0.00716390524964098 0.005165916232139924
0.0018602779091317 -0.006514882325993977 0.005852013201003125
0.0018602779091317 -0.006514882325993977 0.005852013201003125
0.0018533498548368747 -0.006152516118064686 0.006215182240024691
0.0018533498548368747 -0.006152516118064686 0.006215182240024691
0.0018784603626354629 -0.006535367997582334 0.005811664763474766
0.0018684801427592554 -0.0065011544534654886 0.005870869889060194
0.001907476239962826 -0.007180425289215207 0.005123702086872529
0.0018867746656782399 -0.006516643087672693 0.005816888745144069
0.0018542091947434398 -0.006098539613341191 0.006294867018786415
0.0018628740154334757 -0.006146664090020059 0.006237526597871346
0.0018628740154334757 -0.006146664090020059 0.006237526597871346
0.001914222111909209 -0.006510224075058447 0.005790170004797446
0.0019119956285783975 -0.006547702231567852 0.005806901190328162
0.0004728331114933636 -0.006539374755412217 0.009294833783907663
0.0012925799225896877 -0.006195095756481227 0.007649366825052277
0.0019242528770429634 -0.006543191682494996 0.005817172613579632
0.0019128541770010849 -0.006532527934007272 0.005863540466238076
0.0019128541770010849 -0.006532527934007272 0.005863540466238076
0.0019052507597006915 -0.005895951337270431 0.006503371895447877
0.0019958127368299937 -0.00719518569556298 0.005046822891200098
0.001969499737763178 -0.007074457101912636 0.005235624489841186
0.0019563132872259955 -0.006552752431588881 0.0057816358964943694
0.0019563132872259955 -0.006552752431588881 0.0057816358964943694
0.0019268382552117807 -0.005916058851967597 0.00648020602435484
0.0019390533434460204 -0.006541881674802963 0.005857742729285586
0.0019614518513282803 -0.0065419670610240835 0.005806633370991429
0.001945733420356378 -0.006231780861817957 0.006157735493829871
0.0020262156700621347 -0.007331861576573041 0.0048866629155592525
0.0020217450556609773 -0.007301929756487135 0.004938256756024353
0.001998214365355561 -0.006244259036158611 0.006094480979995792
0.001998280693271821 -0.00656835102719979 0.005784666166967289
0.0019994212920680945 -0.006550356727437687 0.005804209957068035
0.0020086884398256614 -0.007090153872870297 0.005251176066607866
0.0020365768052683954 -0.007098848221394509 0.00517122647771544
0.0020540444939751252 -0.007059029153360385 0.005207129314867771
0.0020540444939751252 -0.007059029153360385 0.005207129314867771
0.0020348859135922047 -0.006577148942564892 0.005758498111324285
0.0020348859135922047 -0.006577148942564892 0.005758498111324285
0.002017869981940834 -0.005918175326875859 0.006477021281305678
0.0020427938876196225 -0.006570088718298938 0.005768686279875573
0.0020427938876196225 -0.006570088718298938 0.005768686279875573
0.0016526605445009702 -0.007404232730844308 0.005939231025528379
0.0020545116418654963 -0.006543043729865153 0.0057947199243158715
0.002052644993749575 -0.006584494163718672 0.005761779148966429
0.0020479581867026493 -0.006209108751281125 0.006150414095557168
0.0020650554609545372 -0.0059172689289426934 0.006410751543028833
0.0020484180623451123 -0.005886754702106261 0.006487174342453273
0.002098936801263951 -0.0070652017872308666 0.005187105054870789
0.002098936801263951 -0.0070652017872308666 0.005187105054870789
0.002059245781215613 -0.006127289818525708 0.006232405932275765
0.0021193299397668642 -0.007318570164302591 0.00489544277568817
0.0021191097661922846 -0.007318842998982707 0.004897174072224502
0.0021147676699653554 -0.007035168907975762 0.005206439203618064
0.0020920624581621844 -0.0059626503889409896 0.006370644845051608
0.002145746380290986 -0.0069286726050148024 0.005269810073418663
0.0020991099873401975 -0.006161915373101591 0.006166916581429549
0.0020991099873401975 -0.006161915373101591 0.006166916581429549
0.002116451477469015 -0.0059372481762328 0.006382277432497634
0.002108187131948232 -0.005968057556027411 0.006401611581244908
0.0021410258764056954 -0.006575141802142413 0.005713402149748152
0.002176225123572973 -0.007163404216836867 0.005033961544624869
0.002176225123572973 -0.007163404216836867 0.005033961544624869
0.0021513989543983903 -0.006134866372393098 0.006155646101775885
0.002156159643722549 -0.006584063847256282 0.005692218342360672
0.0021732532818504835 -0.006569712442161515 0.005677319763302655
0.0021513006536680542 -0.006605456418312142 0.005701780596057572
0.002159286647630997 -0.0059228495015266345 0.006377745568215393
0.002176296748945683 -0.005915160102433093 0.006377434616925554
0.0022228697604944492 -0.007034688939613865 0.005120029852446393
0.003970698216495129 -0.0057912364842796485 0.0017879575806241976
0.002256808181680758 -0.0060250025171166115 0.006096345684666152
0.002226565692418077 -0.006549906976519681 0.005652701448765464
0.0022098027221486628 -0.006164569242053502 0.006106204846691415
0.002238459892713397 -0.005949584792506426 0.006277619252887096
0.002238459892713397 -0.005949584792506426 0.006277619252887096
0.002240868385990222 -0.006339745782705485 0.005879078000043279
0.002253943010042878 -0.006372266648430059 0.005825387746043455
0.002253943010042878 -0.006372266648430059 0.005825387746043455
0.003990353347219012 -0.005829696645023741 0.0017320495417797444
0.0022834395923606978 -0.006568735453270213 0.005573959554560027
0.0022484544376641462 -0.005875110579370451 0.006397183033036388
0.002287293632984522 -0.0065815905306662115 0.005575659755967376
0.0023008815774325825 -0.006163136358448549 0.005997284628272724
0.0022956190403110115 -0.0065628144642540485 0.00559727287674857
0.0022956190403110115 -0.0065628144642540485 0.00559727287674857
0.002282440755379777 -0.006377740895734249 0.00582968188304927
0.0023183019338361213 -0.0062511540048600465 0.0058631442541107
0.0023165041839999447 -0.007139814549227839 0.004954036029380688
0.00232765943613935 -0.005917621758349794 0.006238561764745909
0.002329928001335747 -0.0059462899626699746 0.006206237876632761
0.0023302889806758468 -0.006327466968264366 0.0058077196943685135
0.0023302889806758468 -0.006327466968264366 0.0058077196943685135
0.0023320114376694633 -0.006354210785327911 0.005784324120548465
0.00234836427823361 -0.007112882907554544 0.004957159585240559
0.00234836427823361 -0.007112882907554544 0.004957159585240559
0.0023605758870733767 -0.006330165348388816 0.005786091527557166
0.0023646345537072892 -0.006488671389165036 0.005614989075720002
0.002382685025315299 -0.006111296640774023 0.005978352710064887
0.002392396485477889 -0.006281091968741599 0.005782499538625182
0.0023983469396364372 -0.006330401445678641 0.005723362621709783
0.0023850567812018324 -0.006318706667974648 0.005776655660513554
0.002417073291457302 -0.00709911328229238 0.004858883931621144
0.002387469537520534 -0.006332353166556722 0.005771051515815706
0.0024047907782004368 -0.006225290756711236 0.005860968598150501
0.002434407572030004 -0.006304341470685574 0.0057071550380284105
0.002436694944764093 -0.006279490193448172 0.005736815778804384
0.0024724270094741824 -0.0063291716834807605 0.00562168756834435
0.0024746540727040725 -0.006201043953735253 0.005756112814010613
0.0024549287271728067 -0.00707993611379304 0.0048625120310254975
0.0024549287271728067 -0.00707993611379304 0.0048625120310254975
0.0024779234496728484 -0.006123563543774604 0.005836332228377126
0.0024818581119415784 -0.006301504416316542 0.005648752367384503
0.0025021642342367705 -0.006211629588249762 0.005695126238455008
0.0024728115609281894 -0.0069059643840056004 0.005029117725984112
0.0024780622493010144 -0.006921420418480805 0.005000044783452801
0.00254387916476203 -0.00628254190451406 0.005582315116638616
0.0025497449223091727 -0.006322778123734191 0.005535461778740552
0.0025691378759576306 -0.006327238017838863 0.005482158709250012
0.0025828253122800807 -0.006409847494095263 0.005400776738286971
0.002127971846606812 -0.00630503559420999 0.0036912999548837965
0.002321156291139829 -0.005495601112759615 0.004263726172074501
0.0021651469509922088 -0.006361152271339238 0.004106962586973643
0.003457658931087541 -0.005556627560295127 0.0009617153669647023
0.0022983040670837 -0.006751232138359053 0.003543850363982307
0.0020897994725353024 -0.005908702973209125 0.004813207193281086
0.002212212720028503 -0.006325903685731415 0.0042497368747720955
0.002212212720028503 -0.006325903685731415 0.0042497368747720955
0.0023525325301204736 -0.00685848513125315 0.0034204979934403575
0.002211653665970611 -0.005654076873400152 0.004783028869067831
0.002328508847233308 -0.006762715770106558 0.0036208755061472265
0.002384101232903499 -0.006845800575532224 0.0035390587049127487
0.0021950812787498077 -0.006100205710413524 0.004730504180870566
0.0021618113714907575 -0.005953823760735011 0.004969824330355116
0.002399074227118983 -0.006860697399220056 0.0035078417030845617
0.002225795304328321 -0.006185574753983664 0.004616191465244852
0.002377548874847018 -0.006830763823763964 0.003633016649412441
0.002296686744225781 -0.0064063831456524145 0.004261918140784386
0.002400361916532955 -0.006849775235164446 0.0036097173701853755
0.0022729802504617893 -0.00614963869018141 0.004676252709946016
0.0023167843536197616 -0.006414495212809685 0.004339248215827084
0.0023023781558985192 -0.006452337357865221 0.00438602983431475
0.002453208088241167 -0.006877482750459324 0.0035937856303901506
0.00242504449015726 -0.006796693467700747 0.003757128844477143
0.00242504449015726 -0.006796693467700747 0.003757128844477143
0.00242504449015726 -0.006796693467700747 0.003757128844477143
0.0023033957690712357 -0.006240122757085824 0.004691305761580274
0.002302247756970522 -0.006242315841364284 0.004698061930653544
0.002355042584100835 -0.006450260754936866 0.004348738750113586
0.002353863351487553 -0.006462327796503574 0.004344487745060879
0.002254396146317668 -0.005994821559848079 0.005082184071266903
0.002254396146317668 -0.005994821559848079 0.005082184071266903
0.0023192208701277475 -0.0062324945451815725 0.004722837726973008
0.0023084544324842265 -0.006127637131055085 0.004888160497093866
0.0023107345956622 -0.006151147932389392 0.00486370568275101
0.0023107345956622 -0.006151147932389392 0.00486370568275101
0.002390061905824193 -0.006468431093251766 0.004348630418696481
0.0023865947362506916 -0.006458426360884766 0.004375965043210721
0.0024166266751289114 -0.006479205680828286 0.004319955694429901
0.0024099463631243327 -0.006469429522736036 0.004371582636161339
0.002498482157199242 -0.006821648186395454 0.0037986563892351993
0.002498482157199242 -0.006821648186395454 0.0037986563892351993
0.0024299583982218156 -0.006480988259250725 0.004350535747648256
0.0023801008069446396 -0.006227716929073491 0.004799091509325391
0.00237701724844826 -0.006173211681773685 0.0049025214313410635
0.002350165413426571 -0.005991387178081954 0.0051678682037851744
0.0023611233744955883 -0.006047372829365282 0.005091894779127986
0.0023611233744955883 -0.006047372829365282 0.005091894779127986
0.0025547074165127655 -0.0069013299559511476 0.0036964913368210998
0.0025547074165127655 -0.0069013299559511476 0.0036964913368210998
0.0023878363471973186 -0.006036190870522354 0.005141779390567646
0.00241259766171276 -0.0061598921835802805 0.004946075676360798
0.002395986593656104 -0.006036209427292877 0.005127775548769425
0.0025685382289642204 -0.006831079790397189 0.0038298402897970485
0.002437062193283424 -0.0061873005336422725 0.004902868493103271
0.0025020898817710953 -0.006510014182937805 0.004379603674836181
0.002454871426874639 -0.006240165512888176 0.00481057413800422
0.0024312716658870487 -0.006024957002875397 0.005187191318777003
0.002468078894835192 -0.0061836458529179825 0.004909064448320491
0.0024819211798846386 -0.0062099260014856295 0.004888371141516015
0.0024819211798846386 -0.0062099260014856295 0.004888371141516015
0.0024979707802493993 -0.006321677005094122 0.00476303620573417
0.002522537812900484 -0.006337546178480626 0.004654194226672277
0.0024782742729425942 -0.0060545900338791715 0.005126533749747421
0.0026411503704851123 -0.0069141474182717625 0.0037130499945393883
0.0025673782427311762 -0.006513664349853049 0.004368988700562872
0.0026382819702199284 -0.006831294447094046 0.003822408553969886
0.0024734401088378527 -0.006001700604834269 0.00528076558950778
0.002575342106491435 -0.006342979676119816 0.004569103910810731
0.0025572510106020106 -0.006316190595582225 0.004679924944372151
0.0026619505041036782 -0.006898019327783034 0.0037344098404796648
0.0026619505041036782 -0.006898019327783034 0.0037344098404796648
0.0025464856387189586 -0.006212993385499594 0.004851421100664999
0.0025656334047677062 -0.00628200476123758 0.004718629352339069
0.0025541523433836853 -0.006254451843902529 0.004791409507863342
0.0025745091206470605 -0.006228192759777097 0.004807244953065584
0.0025398938475251166 -0.006030673742032228 0.005164330380561743
0.0027006974797975716 -0.006910540634076794 0.0037033533296397824
0.002615261544085041 -0.006454918755105227 0.004481074102191526
0.002609231032507718 -0.00633355973279145 0.004642503962777329
0.0026088414030185337 -0.006327158775413388 0.004688265460420587
0.002622992131686128 -0.006336911737542485 0.004628043223196781
0.002601041666370533 -0.006191192063957896 0.0048684201055324465
0.0027107168820439706 -0.006833149121077636 0.00382000520142003
0.0026246484488388613 -0.006328158960267843 0.004655944079979131
0.002611102445199854 -0.006320368878155858 0.0047203681718904775
0.002605360754709686 -0.006073528472033409 0.005017906427382385
0.0027284608534793946 -0.00677588568568352 0.003914433585129189
0.0027396131591045612 -0.0067788024840123645 0.003866861548524125
0.0026496709373610514 -0.006088772482867033 0.004980297370410644
0.0026911794865060387 -0.006323898049911951 0.004613101010651319
0.002698181846247695 -0.006276068976958431 0.004657220986404827
0.002698181846247695 -0.006276068976958431 0.004657220986404827
0.002698181846247695 -0.006276068976958431 0.004657220986404827
0.0027030366986438977 -0.006075881545765834 0.004943451648702025
0.0027412979383310016 -0.006306262096434671 0.004576798952165581
0.0027296365126605153 -0.006184109646797465 0.004772226320951941
0.0027772543769657553 -0.006332905230479771 0.004503802133807097
0.0027831298517407054 -0.006072558253855676 0.004847862212999352
0.002809712927048777 -0.006329396872398725 0.004472544006163157
0.0028727954146047672 -0.006326073455104981 0.00437390022633932
0.002928874476658632 -0.00683362056335578 0.0036096321093478387
0.002930999352267063 -0.006773934591723362 0.003685529300785583
0.002962104888088529 -0.006832038724052306 0.0035637652894935073
0.002962104888088529 -0.006832038724052306 0.0035637652894935073
0.002929165742725687 -0.006295739404479636 0.00429311357663602
0.0031714451955742657 -0.006420237655601361 0.0034913878660430098
0.0026567051445331993 -0.0054063554595204216 0.0009398494728769287
0.0027240025266695293 -0.005413142974489844 0.0009461667994040537
0.002352629702398549 -0.005297878660148712 0.0031904607430261914
0.0024720439626231905 -0.005865781915291683 0.0024047018796320976
0.0024234720546226327 -0.005581657697215979 0.0028662684451173214
0.0024234720546226327 -0.005581657697215979 0.0028662684451173214
0.0023926033683925 -0.005302725738762669 0.003236476518579043
0.00286851807899929 -0.005425663653865681 0.0010231468034785128
0.0024506830509224446 -0.005607665951480393 0.0028880380446121125
0.002453078943149016 -0.005620427053879725 0.002871918730974307
0.0025068970257133526 -0.005870615076327748 0.002519423345743649
0.002424627965889177 -0.005408458957227676 0.003145241905537138
0.0025274510313553237 -0.005932213398392679 0.0024265657675825174
0.0024417151781084 -0.005470336069692992 0.0030882751277042154
0.002478950341230826 -0.005632885668381179 0.0028971408928549925
0.002466198454524963 -0.005412889135422796 0.0031804746928132993
0.002466198454524963 -0.005412889135422796 0.0031804746928132993
0.002475478469772901 -0.005437863413956702 0.003129563942117169
0.002473578469623473 -0.005457978827819698 0.0031369324846176865
0.002473578469623473 -0.005457978827819698 0.0031369324846176865
0.0025106216704778566 -0.005645410736182478 0.0029274576405456604
0.0025087303844875592 -0.005636982827775567 0.00294464070851532
0.002561008882016437 -0.005888440860552132 0.0025715874307515674
0.002561008882016437 -0.005888440860552132 0.0025715874307515674
0.0025249636718037774 -0.005648932071464532 0.0029343091011432352
0.0024775878605086325 -0.005302742226704045 0.003331914490911503
0.0025097787166385058 -0.005480276731048254 0.003156500348366679
0.0025082607602713923 -0.005416740354915966 0.003229786552038449
0.002497703462447005 -0.005313578691079573 0.0033543802200680637
0.002547923412283712 -0.005653243824863985 0.002949898794519637
0.0025620920081121136 -0.00565230018800619 0.002967325608177783
0.0025644983071762078 -0.00563826644222304 0.002963235595647718
0.002615938678133742 -0.005950868218878521 0.0025599418034127426
0.002553417407502478 -0.00546495661237877 0.0032065755428549504
0.0025557196381913437 -0.005478385633133334 0.003194443427207828
0.002555408624209712 -0.005417398305276221 0.003250974371700637
0.0025437769144487786 -0.00528310496314097 0.0033919917847114968
0.002549138191143232 -0.005326438219592826 0.003355881813877385
0.002589965405889434 -0.005657924644844745 0.0029839178686967478
0.002581242219140761 -0.005495334547258729 0.0031848415522981897
0.002646589259618441 -0.005965100384184322 0.0025682923501479465
0.002646589259618441 -0.005965100384184322 0.0025682923501479465
0.002571191470998209 -0.005306336159081591 0.003369330958697279
0.0026089678523636157 -0.0056659731425246175 0.0029967711907225624
0.0025728907947204648 -0.005313001863898562 0.0033844622496883364
0.002594185441196743 -0.005426802199505756 0.0032754362075242314
0.002657918669556873 -0.0059197980412279165 0.0026670971224944263
0.0026069281122091366 -0.00533203220822032 0.003364759974736639
0.002614574755500325 -0.00542233703929053 0.0032908719298587285
0.002642799290006354 -0.005672164960083545 0.003008280902255667
0.002623873766361332 -0.005438803790841297 0.00327681241774894
0.002623873766361332 -0.005438803790841297 0.00327681241774894
0.0026344902452376563 -0.005469648466114976 0.0032427757898699835
0.002644407209095427 -0.005542451378759857 0.0031640820429610383
0.0026435446954168763 -0.005521981944345707 0.003184453866254567
0.0026435446954168763 -0.005521981944345707 0.003184453866254567
0.0026486397827611965 -0.005559913487897071 0.003135165077608986
0.0026283065776117284 -0.005316638364003084 0.003396191633261683
0.002640180465766341 -0.005363034114509104 0.0033038350879046638
0.002640180465766341 -0.005363034114509104 0.0033038350879046638
0.0026669556287260395 -0.005682138409246184 0.003017300997332703
0.00270444262477816 -0.005983502807514339 0.002613246377506298
0.002653114346745269 -0.005438413346358813 0.0032576838980804303
0.002702785618015711 -0.005930889598506338 0.0026949969762081003
0.0026593765044951646 -0.005460510322393028 0.0032574893027571116
0.0026677240420243382 -0.005524648790498626 0.0031878813519235394
0.002718897722097401 -0.005978726570625688 0.002641263088720831
0.002718897722097401 -0.005978726570625688 0.002641263088720831
0.002673380158218008 -0.005547347670430774 0.0031677021178159754
0.0026672924717261013 -0.005435041342926032 0.003261454433236903
0.002671768101470643 -0.005467906511973953 0.0032316056170840096
0.002675194145228392 -0.00550026682401843 0.0032129395120755514
0.0027294496911194426 -0.005997875653202075 0.0025933269381860514
0.002685463687726093 -0.0055381821303955876 0.0031839939592662077
0.002685463687726093 -0.0055381821303955876 0.0031839939592662077
0.0026837572171395144 -0.005453308853519007 0.0032577907248945203
0.0027283200477138743 -0.005915925318449984 0.0027401054761426943
0.0027283200477138743 -0.005915925318449984 0.0027401054761426943
0.0027040114933224693 -0.005626418006936104 0.0030839604277905237
0.00270245259921498 -0.005535972934326504 0.00318097622715175
0.002690139743130638 -0.00530928950672535 0.0033982052936305626
0.0027114452352869855 -0.0055420717799574415 0.003179791101509991
0.00270323355087174 -0.005422920072958979 0.0032974997061413543
0.002716785259463847 -0.005544432125937775 0.00317450844032309
0.002752899179880874 -0.005941983914223621 0.002724892936588808
0.0027141157175638586 -0.005498298364431804 0.0032231958892968682
0.0027629493011055027 -0.005986482046868321 0.0026636024312241017
0.0027629493011055027 -0.005986482046868321 0.0026636024312241017
0.0027325185797364222 -0.005485987326409439 0.0032369599976813093
0.0027677459755184454 -0.005896556062299018 0.0027899665154684475
0.0027324867949977227 -0.0054468272118042465 0.0032676268163402155
0.0027324867949977227 -0.0054468272118042465 0.0032676268163402155
0.002773020674847724 -0.005909220682029991 0.002771462406051309
0.0027421578189542753 -0.005545273449790527 0.0031799285219187264
0.0027421578189542753 -0.005545273449790527 0.0031799285219187264
0.002747049471432562 -0.00552710455338685 0.0031991874405152333
0.0027501462578971183 -0.005540747039694217 0.0031924247514955643
0.0027575495316505736 -0.005534809186585922 0.0031978669006020926
0.0027527439550031237 -0.00542026846091159 0.003285130364752145
0.0027436711988205503 -0.005260928055071565 0.0034341908839487386
0.0027671064565451286 -0.005540666041898557 0.003193302436587853
0.0027671064565451286 -0.005540666041898557 0.003193302436587853
0.0027721004847202513 -0.005433071504119974 0.0032249031121849544
0.002775826257937017 -0.00532712387972528 0.0033517170727308905
0.0027794310359946315 -0.005289612245798783 0.003402705059715142
0.002796268170654344 -0.00555120365450016 0.003170872316369322
0.002837345588343641 -0.005947863401273279 0.00275046266176604
0.0028332928147382056 -0.005876488043431006 0.0028302211660755157
0.0028154221431905303 -0.005523833734506852 0.0031763445575361576
0.00281771578510385 -0.00544670715702198 0.0032512993659519532
0.002823081074073011 -0.005542028397237166 0.003159499523710614
0.002824453898940935 -0.005539199806260096 0.0031514935310659256
0.002821256241382558 -0.005470689964860562 0.0032263630786441844
0.0028226797212186658 -0.005376152810891751 0.0032846448795125246
0.0028226797212186658 -0.005376152810891751 0.0032846448795125246
0.002865878629159609 -0.005999457367121964 0.0026873425591346658
0.002865878629159609 -0.005999457367121964 0.0026873425591346658
0.0028487478461447333 -0.005424037052622501 0.0032616911574446517
0.002843420172250956 -0.00526028126385034 0.003381320137057943
0.002887874169873872 -0.006012153583516258 0.0026739510907636934
0.0028743776300589946 -0.005463206006770408 0.003183486406515696
0.002902732124650474 -0.005995888448769548 0.0026966996852871403
0.002871677996098699 -0.005286483862670905 0.0033277537620397158
0.0029055026003360755 -0.00595055312993039 0.0027505464180005612
0.0028908903973853145 -0.005320227907955168 0.003275066075182455
0.0028908903973853145 -0.005320227907955168 0.003275066075182455
0.002919654018613385 -0.00554760715175913 0.0031052074285046493
0.002948008763972034 -0.005999068928776834 0.002683395985425397
0.002948008763972034 -0.005999068928776834 0.002683395985425397
0.002949032520940396 -0.0060237648557529 0.002664523248269497
0.0029715486542979713 -0.005945494153058437 0.002735609220798484
0.002977382376339245 -0.005980622871959371 0.0026892819924214544
0.0030051740240193982 -0.0060564161204054705 0.0026136094883673364
0.0036257514245924926 -0.005135416453819001 0.002701251610942919
0.0021866990413135926 -0.006126415268023035 0.006970858070729834
0.002322456644295847 -0.0069037867219080475 0.006151071105540538
0.002393627689586993 -0.007358987562802486 0.0055843021956875575
0.002282500720079118 -0.006519193139016545 0.006600086774206033
0.0024238659471536935 -0.007483997002798676 0.005451604234282918
0.0023110068661161866 -0.006625617221032768 0.006496476801362857
0.0023668016208919424 -0.0069339141403859505 0.006172129529343406
0.0023551357441042023 -0.006527735146485453 0.006702329564442592
0.0023551357441042023 -0.006527735146485453 0.006702329564442592
0.002367089250835044 -0.006602236944010043 0.006605526415640869
0.002373779906985353 -0.006580473362927313 0.006645908957504242
0.002494844654026044 -0.007411625346993071 0.005745216478973434
0.0025166829637252026 -0.007558462313700144 0.005626945654348667
0.0023805012194221 -0.006334259749344343 0.007009830298033485
0.0024334959706780778 -0.006641709702583466 0.0066744171723704575
0.0024337204072945344 -0.006533487369196729 0.00683490515146865
0.0024867372260614037 -0.006923729482575032 0.0063957185527681116
0.0024176204027287593 -0.00634111045764041 0.00703142034823511
0.0024934103912016598 -0.006956789873864194 0.0063528333545558695
0.0025199952218799156 -0.006954123215786652 0.006386643790448185
0.0025846552230057106 -0.0074915634005957125 0.005690450935351971
0.0025914587870739633 -0.00751432177503876 0.005728343860759275
0.0025881937985306495 -0.007439869754797261 0.005711088070310541
0.0025889706752209095 -0.0074250413905466274 0.005833177577388271
0.002537192144735675 -0.00692935970705848 0.006417187231659832
0.00254190869903805 -0.006970354622349102 0.006383046786172817
0.002514819889041443 -0.006618372682897432 0.006823236453550256
0.002617384476247911 -0.007438000787085024 0.005804711491406486
0.002618853721092402 -0.007442897517598488 0.005812922611595601
0.002520029200831346 -0.0065339354901281345 0.0069251502372607915
0.00257176096323952 -0.0069613154689672045 0.006430544094161452
0.00257176096323952 -0.0069613154689672045 0.006430544094161452
0.0025028467597796094 -0.006300816060437019 0.007212292688985293
0.0025123695176473577 -0.006369615663300594 0.007106566241233855
0.0026318476608083595 -0.007436143605429741 0.005836896956042221
0.002647020453765924 -0.00753143638357122 0.005739311413672515
0.002554736442812603 -0.006574520150329903 0.006918865008931328
0.002554736442812603 -0.006574520150329903 0.006918865008931328
0.002606030616510479 -0.006967371997638335 0.006450591424738003
0.002548589763344136 -0.0063266854523814755 0.007245507302083529
0.0026205554897945574 -0.006980214787443042 0.006448252268583469
0.002619077405407351 -0.00695879525891649 0.006466042694636992
0.0026677284931415917 -0.007410648859636108 0.005910893332337237
0.002557256464787941 -0.006349228292442573 0.007206176979262225
0.002676029262593705 -0.007437756790629368 0.005901334087846367
0.0026851320481447926 -0.007527851917654313 0.005747426239268647
0.0025930445759603524 -0.0065503324030222725 0.006998642070011326
0.002612271772509952 -0.006729678825547719 0.006786726759848399
0.002669460103136885 -0.0069801563586926125 0.006499539170033437
0.0026074827464956708 -0.006313612834466173 0.0073080757169426075
0.00262127343620005 -0.006388874205746346 0.007230937729551536
0.0026477371463355702 -0.006564384517500569 0.007010807286924787
0.0026477371463355702 -0.006564384517500569 0.007010807286924787
0.002753146373617938 -0.0075351249178633554 0.005791704699873106
0.002753146373617938 -0.0075351249178633554 0.005791704699873106
0.002681527019320009 -0.00674766083771853 0.006799682394879257
0.002647395350683916 -0.006360672679128094 0.007301209711849217
0.0026844777339084915 -0.0067454532089442545 0.006935658384720011
0.0026844777339084915 -0.0067454532089442545 0.006935658384720011
0.002706000829275934 -0.006970839606054383 0.006532210119908792
0.002664605376124267 -0.006529953182097251 0.007056824065546315
0.002688605486897525 -0.006781112551175268 0.006751552150555498
0.002688605486897525 -0.006781112551175268 0.006751552150555498
0.0027129238839003226 -0.0069852870549749636 0.006497295305403209
0.002756943113943594 -0.007438631215748457 0.005938069472000527
0.0027166009455944664 -0.006970557242221835 0.006512761621332352
0.002662969747262995 -0.006354503806765151 0.007297004847955647
0.0027231353111065557 -0.006990354557930669 0.006491320025294907
0.002667958321252187 -0.006264834482393551 0.0074784810360493245
0.002782881341476003 -0.007522303694035202 0.005836549894280014
0.002782881341476003 -0.007522303694035202 0.005836549894280014
0.002785629436191751 -0.007530252762532477 0.005849847575729695
0.002785629436191751 -0.007530252762532477 0.005849847575729695
0.0027147507854199215 -0.006601184724967973 0.007002614221971856
0.00269269493520146 -0.006317552888229042 0.007347698935817566
0.0027358489558191117 -0.006755665200376619 0.006831406447923618
0.0027798066225223385 -0.007295082057397098 0.005400152829569938
0.0027401215895401657 -0.006631309761157768 0.00701437018686514
0.0027433638836546646 -0.006671751734840248 0.006920022550184471
0.0028056995238889097 -0.00740216666013706 0.006018565733321864
0.0028056995238889097 -0.00740216666013706 0.006018565733321864
0.002759488024560478 -0.006733870148014152 0.0068546575798541926
0.002759488024560478 -0.006733870148014152 0.0068546575798541926
0.002760128609294264 -0.00673604931471472 0.006858830345550102
0.002760128609294264 -0.00673604931471472 0.006858830345550102
0.0027616760308037613 -0.006591776442312977 0.007036691474132227
0.0028502463053644393 -0.007433696870159609 0.005962133089559391
0.0028664601582250424 -0.007527061499536915 0.005884374202657318
0.0028664601582250424 -0.007527061499536915 0.005884374202657318
0.0028092623611374714 -0.006740350974735611 0.006873642660701905
0.002868510054449875 -0.0075330412934542625 0.005838634270990614
0.0028007400388913475 -0.006532092978352251 0.007122066661498012
0.0028200317452952307 -0.006745507750803561 0.006866734526724085
0.0028172413336196756 -0.006663115689682881 0.006972741833705056
0.002824643353537285 -0.006754360458795139 0.0068372663751340755
0.003018771999154227 -0.008403930344689808 0.00783093830467026
0.0028916077168728836 -0.007445688305424796 0.005937102513795994
0.0028909429331072673 -0.0073693131517625085 0.006045143040985043
0.0028909429331072673 -0.0073693131517625085 0.006045143040985043
0.0030450399855141675 -0.008424024317959834 0.007913170877871313
0.002854642128457375 -0.0067191820879947 0.006914897872314182
0.002853347041411911 -0.006691894106173935 0.00694632200782415
0.002853347041411911 -0.006691894106173935 0.00694632200782415
0.0029090622403032296 -0.007527224247429742 0.005827269502881322
0.0028518330346277124 -0.006635448297135078 0.0070078783263882345
0.0028648687897691386 -0.006731713801125983 0.006859422156069474
0.0028555561747892013 -0.00657125980097922 0.007093909520668714
0.0028555561747892013 -0.00657125980097922 0.007093909520668714
0.0028771788247228263 -0.0067052971098346915 0.006915002191456581
0.002892681627275091 -0.006749147385497698 0.006856316655445787
0.0028920259965111517 -0.006602846182847675 0.007047539661872915
0.002874801175807816 -0.006321192397539594 0.007413495225678913
0.002895986613181897 -0.006522224036407388 0.007138970374841155
0.0029125728552888 -0.006716794032242166 0.006890300622219207
0.0029125728552888 -0.006716794032242166 0.006890300622219207
0.00289377133600896 -0.006257334412512775 0.007567447209278416
0.002898576160354902 -0.006335749431713125 0.007373801791996572
0.0029631804284773367 -0.007406325132104324 0.005990847936573048
0.0029382102876017225 -0.006682747248292856 0.006962674033394996
0.0029384285804225333 -0.006552295408422968 0.007074454000611534
0.002959985905508575 -0.006689634067061292 0.00690117288360814
0.0030034705626388503 -0.007401884296304512 0.005965994903965462
0.002951140971299243 -0.006358186573412395 0.007354594029902586
0.0030052043668468745 -0.007280288800550156 0.006122895909475055
0.0029596169016190598 -0.0062929283045126206 0.00746754056599036
0.0029845382682802597 -0.006587739592422787 0.007055989512407133
0.0030330741285002415 -0.007538313422420056 0.005820773630129708
0.0030005510058711445 -0.0067254956530142865 0.006837886271576401
0.0030100944520303533 -0.006889054150716059 0.006552275505721528
0.0030082940691389 -0.0066843346044740525 0.006906756966932451
0.0030082940691389 -0.0066843346044740525 0.006906756966932451
0.0030538174633549776 -0.00749272645872658 0.0058589173227062375
0.0030538174633549776 -0.00749272645872658 0.0058589173227062375
0.00302235307971435 -0.00671320956632526 0.006866939152734173
0.00302235307971435 -0.00671320956632526 0.006866939152734173
0.00300913564375882 -0.006362250631540445 0.007308637435401672
0.00300913564375882 -0.006362250631540445 0.007308637435401672
0.0030307248162753536 -0.006725893996662601 0.006904884237712676
0.0030241844323512027 -0.006554538771518858 0.007100815648509179
0.0030612627406092783 -0.007511619006488848 0.005771183920881057
0.0030278907711123533 -0.006594004508611543 0.007029778324811022
0.0030334021319575882 -0.00670139692805173 0.006869895196125002
0.003052088047572415 -0.00671783195755559 0.006841230502545191
0.0030556007940789236 -0.006583333864026666 0.007012109270067404
0.0030882669793780636 -0.0074926216380498435 0.005796314803512144
0.003053543124071845 -0.006346381458153942 0.007318068287101899
0.0030962317208234145 -0.007255845772264254 0.006094892238153322
0.0030843536323187175 -0.006508211292374659 0.007134091448796707
0.0031204149543219996 -0.007463023839833345 0.00584918555040294
0.0031170674633800104 -0.00723907195631477 0.006104122476118168
0.003093399681797768 -0.006230800989104209 0.0075208406262748705
0.0031186600856717606 -0.006872550912542169 0.006651094822563823
0.003099174473554274 -0.0063048625648632235 0.007337116561276257
0.0031161610654468455 -0.006334763289820147 0.007279180317567109
0.0031161610654468455 -0.006334763289820147 0.007279180317567109
0.003149957207610515 -0.00686652297132833 0.006587451118083106
0.003146376628584731 -0.00667276922262938 0.00680530459481329
0.003144482208004818 -0.0062562673982077205 0.0073462334524806135
0.0031697054983377652 -0.007336263794228793 0.005907824945254596
0.003149823548709318 -0.006226598005964408 0.00739400560128672
0.0031737419720772007 -0.006691880940897551 0.006700788850954872
0.003198683023961185 -0.00743151820499338 0.005771408608264683
0.003198683023961185 -0.00743151820499338 0.005771408608264683
0.0032040224839119157 -0.006677248175038913 0.006712202769429333
0.0032040224839119157 -0.006677248175038913 0.006712202769429333
0.0032186988832579983 -0.007363918397650964 0.005855189919502872
0.0032171845003230466 -0.006657377259165913 0.0067228714078768565
0.0032227640698383104 -0.006692078921577654 0.006703807084603668
0.0032425509787096215 -0.007305538296052287 0.005808924379849472
0.0032396666547291914 -0.006939871616025237 0.006284696905471312
0.003225869946612751 -0.006297147462134837 0.0070147974941215
0.0032412825983676795 -0.006942909911047571 0.006290887845345147
0.003254771489783896 -0.007386717897909763 0.005772689526965086
0.0032540999353047103 -0.0069722428991333685 0.006278544082207198
0.0032540999353047103 -0.0069722428991333685 0.006278544082207198
0.0032700923607548874 -0.007524153352675408 0.005596451363502187
0.0032700923607548874 -0.007524153352675408 0.005596451363502187
0.003254296536765383 -0.006289248547071407 0.007072335519565918
0.003290894500510807 -0.007458810199088851 0.005588522105611282
0.003287814954289135 -0.007478414674844551 0.005488881275522605
0.003293187766273373 -0.007279150066834704 0.005777470152279198
0.00328467823315288 -0.006264063624115352 0.007009250524338236
0.0032935572716972267 -0.006904410379857911 0.006212617393417854
0.003299198780703289 -0.0065024278491508155 0.0067281585828728036
0.0033090698541690913 -0.007366816513825702 0.005724527184443665
0.0033035863284796405 -0.006505091121871573 0.006630953203531643
0.00331888049274711 -0.007322376308397093 0.005584616156183428
0.0033275653121188917 -0.007360238389442582 0.0055426307105743665
0.0033456802308893924 -0.006728515516649682 0.005924462845398359
0.003363145161157261 -0.006817494729771574 0.005959525110999448
0.0033731626826498905 -0.006720556417465639 0.006027280393986783
0.0033929370531627402 -0.007361428279660557 0.005289975766099088
0.0034149525298669565 -0.0073063008790139015 0.005179208898246222
0.0037183874499596135 -0.006482526088915999 0.006299940540154182
0.0020632007242791543 -0.0062378200875544115 0.003110563313704964
0.0029753774928212885 -0.008857066117945674 0.005977934430426619
0.0017166905127052714 -0.004984096083585141 0.0008090292560354485
0.002282848502796938 -0.006531026089430782 0.0032270331285203543
0.002505056645458408 -0.007168124156496027 0.004007435103645456
0.002505056645458408 -0.007168124156496027 0.004007435103645456
0.002651098304088282 -0.007598587568447892 0.004497466752043787
0.0024333817462324956 -0.006881430327237269 0.0036471318318337977
0.0016455774142214012 -0.004781522105161264 0.00039886770333689856
0.002363029831899624 -0.006639357631919717 0.0033098103680129654
0.0022919609115381444 -0.0064315088875565325 0.0030453558251569584
0.002304428052123352 -0.006451693137007481 0.0030519449832955236
0.0023878119600901112 -0.0066757302813635925 0.003309532517989464
0.002422456384895478 -0.0067588412919584425 0.003440440503340173
0.0016670417908888748 -0.0048180227673267914 0.00047292125454649793
0.0023243122586563223 -0.006445741930547425 0.003010068872172244
0.0023243122586563223 -0.006445741930547425 0.003010068872172244
0.0021399908349147177 -0.005958799232139611 0.002356672945244705
0.0022139120437507584 -0.006075681809715547 0.002474150342546043
0.0021064753012134114 -0.005800431740224389 0.002100860340574542
0.0021316003221619182 -0.005838677745805962 0.0021497223234981013
0.0022723729237238218 -0.006176884543117744 0.002596936480819881
0.002228145995772639 -0.006060747245568747 0.0024422527586205785
0.00207735706386216 -0.005673286641631491 0.0018899109855474707
0.0022038968732003405 -0.00591512875653694 0.002214574725734484
0.0022038968732003405 -0.00591512875653694 0.002214574725734484
0.0021718802375612863 -0.005820315821373774 0.0020773032726975125
0.0021718802375612863 -0.005820315821373774 0.0020773032726975125
0.0026597890791803325 -0.006972906429063138 0.003440834709330195
0.002240738425904771 -0.005965651821189448 0.0022709256193997893
0.0020015340054688182 -0.005429642952690533 0.0015029155547091277
0.0020015340054688182 -0.005429642952690533 0.0015029155547091277
0.002191108750638524 -0.005829986281104196 0.0020795747217163558
0.0020468057861764742 -0.005501407751946613 0.0016051723879071636
0.0020468057861764742 -0.005501407751946613 0.0016051723879071636
0.002141614176184698 -0.005701025063979975 0.0018850912405549596
0.0021824629255615575 -0.005783061725330071 0.0020094426674991026
0.0020111474783600335 -0.0054110887525313425 0.0014620605674989337
0.01803101980270581 -0.005960633343215326 0.10391303620334613
0.0019729170830347443 -0.005327410882750458 0.0013371208407757882
0.0019729170830347443 -0.005327410882750458 0.0013371208407757882
0.002174748543788782 -0.005738622460278347 0.0019331372271098595
0.002037734315175643 -0.00544068435653511 0.0015076570603448406
0.0020188562021985533 -0.005386062439809822 0.001419237058010321
0.0020506282928287683 -0.005444305810609478 0.0015032310198080131
0.002591703535831127 -0.006568076813300242 0.0029104576326095355
0.0020261299390361555 -0.005379629572309476 0.0014043600449288578
0.0018913010444286534 -0.0051235038534826385 0.001002788521612122
0.0025837758452350295 -0.006502609529964919 0.002823099378469516
0.002194230739203588 -0.004614161785180421 0.003397644076705836
0.0025352132783115254 -0.006375368889080546 0.0026760906362515244
0.0021636463602515642 -0.005599571061874214 0.0017102749269415688
0.0018899474659409673 -0.005089683794400205 0.0009435207042343878
0.0018899474659409673 -0.005089683794400205 0.0009435207042343878
0.0021247667287251507 -0.005508207366431951 0.0015819327912663737
0.0023322428957666583 -0.004591465820416615 0.003952073737229914
0.0018884003813998537 -0.005079157842471971 0.0009302576286540591
0.002155781643560838 -0.005537296420753884 0.0016225264790862347
0.002120865606565304 -0.0054723092938558345 0.0015244790235908155
0.0018982278683970547 -0.005074855806300325 0.0009194936986822302
0.002144093730608102 -0.005493988178327158 0.001555979392320227
0.002066705477582144 -0.005346536643980107 0.0013447757593835611
0.0021681034959173755 -0.005514521432985876 0.0015807095490148924
0.0021203723475434377 -0.005420076686718925 0.0014493963239187151
0.002048193092848421 -0.005296301021195323 0.00126899091163763
0.0021541967637054376 -0.005474884296533025 0.0015231158532589065
0.0022904517947137464 -0.00571664691824583 0.0018416523484330676
0.0022056544375976483 -0.005560149898645859 0.001641683586212036
0.002117926615341983 -0.005418721164785677 0.0013694010954014904
0.0022708847773039503 -0.0056487839934511045 0.0017527553869426814
0.0021513601481789528 -0.005433686886753253 0.0014645381471308802
0.0021513601481789528 -0.005433686886753253 0.0014645381471308802
0.0021884082389931367 -0.005493415551496232 0.0015440283305692853
0.001705711393156351 -0.004745933032592951 0.00033350047610209604
0.0021653671872585807 -0.005443463295612673 0.0014803149128155238
0.0022097711568312365 -0.005514726748605679 0.0015759570096237337
0.0022681791249315932 -0.005614733322610671 0.0017068690072491502
0.0022681791249315932 -0.005614733322610671 0.0017068690072491502
0.0017135918846693163 -0.004752448896189836 0.0003481116759841802
0.0017135918846693163 -0.004752448896189836 0.0003481116759841802
0.0020631910070513467 -0.005262122020256039 0.0012188264440371143
0.002236132209156855 -0.005544208190855657 0.001615280310964299
0.0017212441192847312 -0.004759215781641353 0.0003627406803352794
0.002071900526989297 -0.005263672576355152 0.0012216275133173614
0.0017370885137403252 -0.004774540739333556 0.00039745814107868286
0.0017651682561644461 -0.004811019255623452 0.00046805536839484923
0.0017347731334480232 -0.004769484548328124 0.00038763885103332583
0.0020750537987587214 -0.005255369236539554 0.0012107527442567349
0.0024334903911085626 -0.005845072308621208 0.001981603499440381
0.0017163422597990096 -0.004744216619479937 0.000338523593268849
0.002346828580089274 -0.005681197405443665 0.00179239816565684
0.0017428529123731378 -0.0047745547509491365 0.00040164068669419243
0.002148349343507545 -0.00535657084148949 0.001358251485523393
0.0020979388106222266 -0.005277348728154987 0.0012442221367989037
0.002047970192180876 -0.004541648461597152 0.0018529213234837164
0.0021092769974115815 -0.005281097571951321 0.0012488497941397884
0.001775122070551602 -0.004808672505925575 0.00047023654123277134
0.002363867331553044 -0.005674605676941616 0.001781645269440457
0.0021557263807459198 -0.0053352627162778655 0.001331770472453196
0.00211148484560713 -0.005267786787917048 0.0012358068921340395
0.0023247716014185506 -0.005589473169503848 0.0016701296108202828
0.0021256397119330164 -0.005280086792183966 0.0012541454952194892
0.0022422437812216305 -0.0045102854505846834 0.002515620712389516
0.0022860766599122717 -0.005517695267663177 0.0015783573529675587
0.002193501194816519 -0.005374122725273287 0.001386227070922173
0.007595844085128344 -0.0017231687145766999 0.02437416180522703
0.002648190031843191 -0.006039246343095781 0.0021910527652611463
0.0019911174350452105 -0.0050476153762040255 0.0009116677568650455
0.002271791739463246 -0.00544196464831759 0.0014807136326145923
0.007935326158879222 -0.001226889202157119 0.024200378150816507
0.0059999909091698524 -0.0025465198335421963 0.01633072260069245
0.00765178973904818 -0.0012932186230202392 0.022686787640119378
0.007221323317890284 -0.0016108696593198656 0.020422524605277485
0.002984031843982009 -0.004267570712949174 0.00446722423143521
0.002030895110823464 -0.004548231773726085 0.001324228900605913
0.0021056873594218093 -0.004538872030191281 0.0015576911290173592
0.0029875709210412864 -0.004272998975823707 0.0044407622766698745
0.008296657074550365 -0.0004863409009354946 0.022859510047869736
0.004762390481880263 -0.0032832642475738413 0.010081516473553183
0.004827225330414801 -0.0032318485771824757 0.010063274666595056
0.0034806493905457057 -0.004041729048043317 0.005459449234404964
0.0021571435914027968 -0.004550019571240232 0.0014829188791007598
0.01102579880764861 0.0024492303597317016 0.030401061833779348
0.0027405779230963634 -0.004388938449422081 0.003054411529172024
0.0020844214884781997 -0.0045753567725598 0.0012101178017842563
0.0032563493168126616 -0.00417973148737858 0.004494233360163796
0.002701625631782667 -0.00441117074568999 0.002885677322481025
0.0027920743405162197 -0.0043805987170210505 0.0030953743462649847
0.0027920743405162197 -0.0043805987170210505 0.0030953743462649847
0.003474693670276604 -0.004082239669238372 0.004987412136535905
0.0027037776529371667 -0.00441897903976764 0.002803115742753948
0.002190640599679477 -0.004568624849537206 0.001422868166620704
0.0036220769332618334 -0.003990112951991948 0.005403739803158537
0.00941405652231366 0.0009976445392972301 0.023708405062994032
0.0031359759348575248 -0.004236043135981901 0.003979944000417619
0.002753704894795595 -0.004407154615437157 0.0028779205924025462
0.003014346961686077 -0.004305022821018876 0.0035882461836219625
0.0026340770436345654 -0.004462019995737867 0.002483495933408733
0.0032000633718441856 -0.004232097189190556 0.003965337314344581
0.008364789009825877 -2.4702616039872534e-05 0.01931873780252842
0.003638194867680208 -0.0039980516763434915 0.005154052938898211
0.0032255344201403274 -0.00421614802107707 0.003986904293966638
0.0032255344201403274 -0.00421614802107707 0.003986904293966638
0.002336271344956679 -0.004576662987398399 0.001608936403117236
0.007087129781088385 -0.019597202046922613 0.0184510492926737
0.008036802604646629 -0.010764554927348414 0.016182356706554612
0.061881828095179295 -0.07012016037415084 0.08397849869337504
0.06960706984175251 -0.07483006533426664 0.08788575612278375
0.06960706984175251 -0.07483006533426664 0.08788575612278375
0.060755157283635404 -0.06310434898000292 0.07536166531037654
0.0716328272188755 -0.06740362570971824 0.08404841659242976
0.11000868605908579 -0.10630993936447164 0.12573776435261963
0.0664609048139042 -0.060465780837688506 0.0759409896308583
0.0664609048139042 -0.060465780837688506 0.0759409896308583
